kmer	count
sequence	0
GA	0.0620412
AG	0.077598
GG	0.0740725
GC	0.0581791
CC	0.0727553
CT	0.0768025
TC	0.0612208
TG	0.0777753
GT	0.0530496
CG	0.0178916
CA	0.0774825
AC	0.0527907
AT	0.0502827
AA	0.0736772
TT	0.073279
TA	0.0411019
