kmer	count
sequence	0
AA	0.0490273
AC	0.101467
AG	0.0747176
AT	0.0513022
CA	0.0316128
CC	0.109507
CG	0.016434
CT	0.0587543
GA	0.0214151
GC	0.0782083
GG	0.0447913
GT	0.0391826
TA	0.0287496
TC	0.146258
TG	0.0742862
TT	0.0742862
