kmer	count
sequence	0
AA	0.0495348
AC	0.106142
AG	0.0868338
AT	0.0621739
CA	0.0363309
CC	0.089496
CG	0.00984241
CT	0.0590545
GA	0.0254128
GC	0.0627656
GG	0.0482977
GT	0.0460926
TA	0.0276717
TC	0.128919
TG	0.0873716
TT	0.0740601
