kmer	count
sequence	0
AA	0.0462795
AC	0.0935231
AG	0.0743534
AT	0.0513838
CA	0.0416289
CC	0.104015
CG	0.0205309
CT	0.0586434
GA	0.0251248
GC	0.0738997
GG	0.0502495
GT	0.034426
TA	0.0317037
TC	0.138612
TG	0.0824637
TT	0.0731624
