kmer	count
sequence	0
AA	0.0499357
AC	0.0938706
AG	0.0825832
AT	0.0531505
CA	0.0349336
CC	0.0975139
CG	0.0185741
CT	0.0526504
GA	0.023289
GC	0.0691527
GG	0.0537934
GT	0.0366481
TA	0.0315759
TC	0.144735
TG	0.0825118
TT	0.0750822
