kmer	count
sequence	0
AA	0.0506205
AC	0.097985
AG	0.0722447
AT	0.0512962
CA	0.0360609
CC	0.10892
CG	0.0170168
CT	0.0551665
GA	0.0224229
GC	0.0743335
GG	0.0495147
GT	0.0383954
TA	0.0318221
TC	0.150448
TG	0.072429
TT	0.0713233
