kmer	count
sequence	0
AA	0.0464738
AC	0.105063
AG	0.0813743
AT	0.0476944
CA	0.0290461
CC	0.111279
CG	0.0164557
CT	0.0504521
GA	0.0225136
GC	0.0813291
GG	0.0504973
GT	0.0339964
TA	0.0266501
TC	0.148825
TG	0.0764241
TT	0.0719259
