kmer	count
sequence	0
AA	0.0464304
AC	0.100187
AG	0.0800818
AT	0.0478787
CA	0.0311808
CC	0.105469
CG	0.0177628
CT	0.0555461
GA	0.0231726
GC	0.0768444
GG	0.0536292
GT	0.039189
TA	0.0243653
TC	0.151474
TG	0.0750128
TT	0.0717754
