kmer	count
sequence	0
AA	0.0524571
AC	0.110138
AG	0.080415
AT	0.0593025
CA	0.03574
CC	0.0914757
CG	0.00825047
CT	0.0602392
GA	0.024283
GC	0.0639141
GG	0.0418288
GT	0.0422611
TA	0.0295071
TC	0.139033
TG	0.0804511
TT	0.0807033
