kmer	count
sequence	0
AA	0.0545594
AC	0.111001
AG	0.0841682
AT	0.059792
CA	0.0324166
CC	0.0880288
CG	0.00855083
CT	0.0539213
GA	0.0235148
GC	0.0616744
GG	0.0422755
GT	0.0398188
TA	0.0290345
TC	0.138983
TG	0.085604
TT	0.0866569
