kmer	count
sequence	0
AA	0.0465621
AC	0.102929
AG	0.0747246
AT	0.0532377
CA	0.0331275
CC	0.113818
CG	0.018775
CT	0.0563668
GA	0.0250751
GC	0.079773
GG	0.0499416
GT	0.0408044
TA	0.0260764
TC	0.140896
TG	0.0711782
TT	0.066714
