kmer	count
sequence	0
AA	0.0504425
AC	0.113
AG	0.0810923
AT	0.0597744
CA	0.0338983
CC	0.0963956
CG	0.00890972
CT	0.0576288
GA	0.0222657
GC	0.0670125
GG	0.0421704
GT	0.0398094
TA	0.0283233
TC	0.14184
TG	0.0814283
TT	0.0760084
