kmer	count
sequence	0
AA	0.0521803
AC	0.108365
AG	0.0790321
AT	0.0647141
CA	0.0359039
CC	0.0855166
CG	0.0083123
CT	0.0617547
GA	0.0245887
GC	0.0628427
GG	0.0444773
GT	0.0409087
TA	0.0299852
TC	0.136957
TG	0.078858
TT	0.0856036
