kmer	count
sequence	0
AA	0.0541147
AC	0.103062
AG	0.0851209
AT	0.0555285
CA	0.038709
CC	0.087851
CG	0.0087266
CT	0.0554797
GA	0.0249122
GC	0.062305
GG	0.0439255
GT	0.0402691
TA	0.03125
TC	0.139284
TG	0.0904349
TT	0.0790269
