kmer	count
sequence	0
AA	0.0492989
AC	0.0969968
AG	0.0761842
AT	0.0540466
CA	0.0336756
CC	0.105388
CG	0.0179971
CT	0.0575246
GA	0.0221376
GC	0.0769018
GG	0.0501822
GT	0.0406316
TA	0.0293143
TC	0.136469
TG	0.0760738
TT	0.0771779
