kmer	count
sequence	0
AA	0.0480061
AC	0.0944492
AG	0.0699772
AT	0.0563569
CA	0.0410843
CC	0.0927522
CG	0.00897602
CT	0.0547939
GA	0.0267494
GC	0.0605546
GG	0.046711
GT	0.0420667
TA	0.0328674
TC	0.144643
TG	0.0974412
TT	0.0825704
