kmer	count
sequence	0
AA	0.0518253
AC	0.0957859
AG	0.0727198
AT	0.0559338
CA	0.0341589
CC	0.109285
CG	0.0154361
CT	0.0579293
GA	0.0247095
GC	0.0765348
GG	0.0489494
GT	0.0388543
TA	0.0295222
TC	0.143385
TG	0.0694917
TT	0.0754783
