kmer	count
sequence	0
AA	0.0220073
AC	0.066318
AG	0.0461857
AT	0.0327642
CA	0.0865982
CC	0.14137
CG	0.0399684
CT	0.0496891
GA	0.0411033
GC	0.0645416
GG	0.0800849
GT	0.0256094
TA	0.0497385
TC	0.109395
TG	0.103474
TT	0.0411527
