kmer	count
sequence	0
AA	0.0511858
AC	0.109126
AG	0.0712999
AT	0.0489343
CA	0.0340739
CC	0.113104
CG	0.0136596
CT	0.0518613
GA	0.0258931
GC	0.0758781
GG	0.0448814
GT	0.0370009
TA	0.0306965
TC	0.156635
TG	0.0665716
TT	0.0691984
