kmer	count
sequence	0
AA	0.0498736
AC	0.0931641
AG	0.0874236
AT	0.0509796
CA	0.0317042
CC	0.103328
CG	0.0200653
CT	0.0559301
GA	0.0223826
GC	0.0711502
GG	0.0504529
GT	0.037076
TA	0.0301243
TC	0.136455
TG	0.0846851
TT	0.0752054
