kmer	count
sequence	0
AA	0.0485522
AC	0.0926787
AG	0.0831708
AT	0.0496399
CA	0.0321994
CC	0.104512
CG	0.0200285
CT	0.0547221
GA	0.0232353
GC	0.071225
GG	0.0551534
GT	0.0363439
TA	0.028805
TC	0.142769
TG	0.0835646
TT	0.0734003
