kmer	count
sequence	0
AA	0.053498
AC	0.113114
AG	0.0826657
AT	0.0580008
CA	0.0338904
CC	0.0910116
CG	0.00821208
CT	0.0538804
GA	0.0217778
GC	0.0644538
GG	0.0408596
GT	0.0383358
TA	0.0293111
TC	0.149223
TG	0.0843674
TT	0.0773981
