kmer	count
sequence	0
AA	0.0542767
AC	0.105597
AG	0.0817318
AT	0.0648011
CA	0.0345653
CC	0.0872228
CG	0.00823654
CT	0.0580429
GA	0.0250264
GC	0.0622316
GG	0.0436466
GT	0.0447378
TA	0.0317494
TC	0.135621
TG	0.0803238
TT	0.0821894
