kmer	count
sequence	0
AA	0.0560308
AC	0.110672
AG	0.0800898
AT	0.0649594
CA	0.0349658
CC	0.0834581
CG	0.00748503
CT	0.0539991
GA	0.024861
GC	0.060201
GG	0.0427716
GT	0.0402053
TA	0.0315441
TC	0.139596
TG	0.0794482
TT	0.0897134
