kmer	count
sequence	0
AA	0.0504221
AC	0.0989256
AG	0.0748273
AT	0.0495779
CA	0.0358404
CC	0.103914
CG	0.0158097
CT	0.0557176
GA	0.0215656
GC	0.0732924
GG	0.0488104
GT	0.0356869
TA	0.0304682
TC	0.152801
TG	0.0768995
TT	0.0754413
