kmer	count
sequence	0
AA	0.0547533
AC	0.104342
AG	0.0751243
AT	0.0657995
CA	0.0381599
CC	0.087653
CG	0.00918133
CT	0.0569529
GA	0.0252008
GC	0.0586744
GG	0.042368
GT	0.0419855
TA	0.0317043
TC	0.139346
TG	0.0850708
TT	0.083684
