kmer	count
sequence	0
AA	0.0454372
AC	0.0993678
AG	0.0782297
AT	0.0498934
CA	0.0309644
CC	0.104471
CG	0.0198812
CT	0.0574726
GA	0.023309
GC	0.0805911
GG	0.0509217
GT	0.0364869
TA	0.026394
TC	0.144995
TG	0.0801722
TT	0.0714122
