kmer	count
sequence	0
AA	0.0487774
AC	0.107543
AG	0.0829657
AT	0.0607197
CA	0.0378119
CC	0.0892362
CG	0.00932695
CT	0.0580098
GA	0.0238845
GC	0.0623267
GG	0.0429796
GT	0.0391984
TA	0.0309743
TC	0.141007
TG	0.0872196
TT	0.0780187
