kmer	count
sequence	0
AA	0.0240226
AC	0.0962222
AG	0.0673292
AT	0.0568646
CA	0.0366592
CC	0.0950375
CG	0.0113861
CT	0.0481769
GA	0.026392
GC	0.0690404
GG	0.0642359
GT	0.0442938
TA	0.0296828
TC	0.118402
TG	0.147032
TT	0.0652231
