kmer	count
sequence	0
AA	0.0469507
AC	0.0961812
AG	0.0817897
AT	0.0513679
CA	0.0357652
CC	0.104089
CG	0.018595
CT	0.0520091
GA	0.0220861
GC	0.0698917
GG	0.0538615
GT	0.0358364
TA	0.0299943
TC	0.136506
TG	0.0844258
TT	0.0806498
