kmer	count
sequence	0
AA	0.049484
AC	0.0927479
AG	0.0822429
AT	0.0516955
CA	0.0337726
CC	0.104405
CG	0.0183376
CT	0.0562108
GA	0.0227608
GC	0.0702635
GG	0.0552433
GT	0.0340951
TA	0.0310081
TC	0.1426
TG	0.0847309
TT	0.0704018
