kmer	count
sequence	0
AA	0.054344
AC	0.109932
AG	0.0822567
AT	0.0601813
CA	0.034402
CC	0.0885978
CG	0.00888942
CT	0.056033
GA	0.0236162
GC	0.0620778
GG	0.04421
GT	0.041721
TA	0.0289202
TC	0.139505
TG	0.0861088
TT	0.0792047
