kmer	count
sequence	0
AA	0.0454578
AC	0.0992097
AG	0.0832621
AT	0.0484836
CA	0.0319308
CC	0.103837
CG	0.0182614
CT	0.0549267
GA	0.0244198
GC	0.0798448
GG	0.0540723
GT	0.0379823
TA	0.0268404
TC	0.138438
TG	0.0790973
TT	0.0739356
