kmer	count
sequence	0
AA	0.0526081
AC	0.109064
AG	0.0855338
AT	0.0612749
CA	0.0353151
CC	0.0868297
CG	0.00870727
CT	0.0552811
GA	0.0221934
GC	0.0614369
GG	0.0447513
GT	0.040175
TA	0.0298882
TC	0.136724
TG	0.0863033
TT	0.0839138
