kmer	count
sequence	0
AA	0.0543344
AC	0.110634
AG	0.0816616
AT	0.0595896
CA	0.0361925
CC	0.0861856
CG	0.00877393
CT	0.0583101
GA	0.0234429
GC	0.0616003
GG	0.0426358
GT	0.037929
TA	0.0317141
TC	0.141297
TG	0.0848604
TT	0.080839
