kmer	count
sequence	0
AA	0.0504631
AC	0.0948475
AG	0.0812428
AT	0.051621
CA	0.0322269
CC	0.0984176
CG	0.0182362
CT	0.0585681
GA	0.0213238
GC	0.0680239
GG	0.0538402
GT	0.0381127
TA	0.0325164
TC	0.146854
TG	0.07555
TT	0.0781552
