kmer	count
sequence	0
AA	0.0479346
AC	0.101566
AG	0.0764163
AT	0.0493684
CA	0.0297605
CC	0.120553
CG	0.0168565
CT	0.0543285
GA	0.0225141
GC	0.0846702
GG	0.0498334
GT	0.0377432
TA	0.0242192
TC	0.145586
TG	0.07196
TT	0.0666899
