kmer	count
sequence	0
AA	0.0422791
AC	0.0889972
AG	0.0633096
AT	0.0476641
CA	0.0526124
CC	0.104497
CG	0.0219764
CT	0.0523214
GA	0.032528
GC	0.0682579
GG	0.0534857
GT	0.0352205
TA	0.0406782
TC	0.143356
TG	0.0840489
TT	0.0687673
