kmer	count
sequence	0
AA	0.049023
AC	0.0960574
AG	0.0872385
AT	0.0527408
CA	0.031558
CC	0.101159
CG	0.0135743
CT	0.0538648
GA	0.0224797
GC	0.0750476
GG	0.0531731
GT	0.0384748
TA	0.0278402
TC	0.141881
TG	0.082829
TT	0.073059
