kmer	count
sequence	0
AA	0.0562641
AC	0.109995
AG	0.0841248
AT	0.0598824
CA	0.0355948
CC	0.0862506
CG	0.00832203
CT	0.056626
GA	0.0233831
GC	0.0584351
GG	0.0418815
GT	0.0390773
TA	0.0312528
TC	0.141429
TG	0.0854365
TT	0.0820443
