kmer	count
sequence	0
AA	0.0496658
AC	0.101164
AG	0.0802674
AT	0.0611042
CA	0.0361723
CC	0.0881406
CG	0.00955682
CT	0.0723942
GA	0.0241892
GC	0.0643476
GG	0.045333
GT	0.0461748
TA	0.0268631
TC	0.127284
TG	0.0846497
TT	0.0826937
