kmer	count
sequence	0
AA	0.046806
AC	0.101459
AG	0.0716483
AT	0.0542981
CA	0.0327681
CC	0.117823
CG	0.017153
CT	0.0591088
GA	0.0253549
GC	0.0780757
GG	0.0480284
GT	0.0392744
TA	0.0267744
TC	0.134503
TG	0.0722003
TT	0.074724
