kmer	count
sequence	0
AA	0.0523291
AC	0.0978115
AG	0.0817337
AT	0.0535518
CA	0.0312997
CC	0.0964054
CG	0.0158944
CT	0.0511065
GA	0.0242083
GC	0.0736643
GG	0.0523291
GT	0.0375352
TA	0.0295268
TC	0.14201
TG	0.0839345
TT	0.0766597
