kmer	count
sequence	0
AA	0.0483651
AC	0.0999369
AG	0.0766481
AT	0.0541478
CA	0.031227
CC	0.106245
CG	0.0168752
CT	0.0544633
GA	0.0229734
GC	0.0752287
GG	0.050573
GT	0.0382189
TA	0.0296499
TC	0.140784
TG	0.0753338
TT	0.0793292
