kmer	count
sequence	0
AA	0.048943
AC	0.0961158
AG	0.0850255
AT	0.0509216
CA	0.0295741
CC	0.0977299
CG	0.0177028
CT	0.0528481
GA	0.0241591
GC	0.0759658
GG	0.0536291
GT	0.0375404
TA	0.0295741
TC	0.146985
TG	0.0783089
TT	0.0749766
