kmer	count
sequence	0
AA	0.048742
AC	0.102624
AG	0.0768329
AT	0.0532961
CA	0.0299396
CC	0.102264
CG	0.0172243
CT	0.0501398
GA	0.0248444
GC	0.0722788
GG	0.0475246
GT	0.0362972
TA	0.0295338
TC	0.157634
TG	0.0759311
TT	0.074894
