kmer	count
sequence	0
AA	0.0418245
AC	0.0916128
AG	0.079305
AT	0.0472822
CA	0.0324683
CC	0.111718
CG	0.0210515
CT	0.059423
GA	0.0230007
GC	0.0804745
GG	0.0639898
GT	0.0407106
TA	0.0255625
TC	0.131321
TG	0.0791936
TT	0.0710626
