kmer	count
sequence	0
AA	0.0514209
AC	0.109462
AG	0.0809428
AT	0.0631561
CA	0.0354062
CC	0.0898362
CG	0.00906051
CT	0.0578068
GA	0.0245069
GC	0.0649616
GG	0.0469074
GT	0.0405216
TA	0.0281846
TC	0.136342
TG	0.0829823
TT	0.0785022
