kmer	count
sequence	0
AA	0.0454046
AC	0.0963536
AG	0.0778222
AT	0.0534466
CA	0.0324675
CC	0.102847
CG	0.0178821
CT	0.0584915
GA	0.0238262
GC	0.074026
GG	0.0491009
GT	0.0395604
TA	0.0279221
TC	0.145405
TG	0.0756743
TT	0.0797702
