kmer	count
sequence	0
AA	0.0479156
AC	0.0987913
AG	0.0700543
AT	0.0524174
CA	0.0371855
CC	0.113962
CG	0.0191786
CT	0.052664
GA	0.025407
GC	0.0733226
GG	0.0525407
GT	0.0359521
TA	0.0281204
TC	0.140725
TG	0.0794277
TT	0.072336
