kmer	count
sequence	0
AA	0.0527388
AC	0.110118
AG	0.0851441
AT	0.0586993
CA	0.0389694
CC	0.0903124
CG	0.00995926
CT	0.0537574
GA	0.0253886
GC	0.0610382
GG	0.0471179
GT	0.0433831
TA	0.028746
TC	0.12981
TG	0.0881998
TT	0.0766184
