kmer	count
sequence	0
AA	0.0534479
AC	0.113675
AG	0.078477
AT	0.0579333
CA	0.0357803
CC	0.0931315
CG	0.00873108
CT	0.0553311
GA	0.0257481
GC	0.0657742
GG	0.0433473
GT	0.0415326
TA	0.0286585
TC	0.139971
TG	0.0800178
TT	0.0784428
