kmer	count
sequence	0
AA	0.0533562
AC	0.0963176
AG	0.0832135
AT	0.0529691
CA	0.0296362
CC	0.101128
CG	0.0159239
CT	0.0535221
GA	0.0200708
GC	0.0766892
GG	0.0533009
GT	0.0357735
TA	0.0270928
TC	0.143094
TG	0.0802831
TT	0.0776291
