kmer	count
sequence	0
AA	0.0561339
AC	0.106333
AG	0.0806985
AT	0.0576418
CA	0.0361903
CC	0.0896002
CG	0.00899893
CT	0.0558907
GA	0.0255861
GC	0.0624574
GG	0.0462594
GT	0.0397412
TA	0.0322989
TC	0.133719
TG	0.0880436
TT	0.0804067
