kmer	count
sequence	0
AA	0.0512875
AC	0.0930655
AG	0.0856929
AT	0.0510738
CA	0.0315205
CC	0.0963778
CG	0.0159739
CT	0.054119
GA	0.0241479
GC	0.0733519
GG	0.0492574
GT	0.037504
TA	0.0316807
TC	0.144406
TG	0.0818464
TT	0.0786943
