kmer	count
sequence	0
AA	0.0475484
AC	0.102114
AG	0.0750337
AT	0.0516419
CA	0.034278
CC	0.111336
CG	0.0196581
CT	0.0532164
GA	0.0240666
GC	0.0776428
GG	0.0510121
GT	0.0363923
TA	0.0295996
TC	0.14287
TG	0.0723347
TT	0.0712551
