kmer	count
sequence	0
AA	0.0548156
AC	0.106898
AG	0.0839941
AT	0.0636693
CA	0.0358765
CC	0.0903457
CG	0.00881515
CT	0.0541227
GA	0.0235969
GC	0.0653245
GG	0.0447687
GT	0.0416891
TA	0.0299484
TC	0.136539
TG	0.0821079
TT	0.0774886
