kmer	count
sequence	0
AA	0.0520951
AC	0.111198
AG	0.0829699
AT	0.05827
CA	0.0364126
CC	0.0898799
CG	0.00823328
CT	0.058172
GA	0.0223965
GC	0.0617986
GG	0.0416074
GT	0.0402842
TA	0.0283264
TC	0.1432
TG	0.0798334
TT	0.0853222
