kmer	count
sequence	0
AA	0.0489674
AC	0.10794
AG	0.0871921
AT	0.0585236
CA	0.0364931
CC	0.0961711
CG	0.00987686
CT	0.0551886
GA	0.0232812
GC	0.0644561
GG	0.0458889
GT	0.0389623
TA	0.0292137
TC	0.134492
TG	0.0876732
TT	0.0756798
