kmer	count
sequence	0
AA	0.0484439
AC	0.101751
AG	0.0804928
AT	0.0534457
CA	0.0325584
CC	0.10189
CG	0.0167655
CT	0.0541404
GA	0.0230641
GC	0.0793349
GG	0.0483976
GT	0.0353835
TA	0.0283901
TC	0.144127
TG	0.0772045
TT	0.074611
