kmer	count
sequence	0
AA	0.0563056
AC	0.11215
AG	0.0828778
AT	0.0596971
CA	0.0322358
CC	0.0880803
CG	0.00829766
CT	0.0549555
GA	0.0243332
GC	0.0621337
GG	0.0456042
GT	0.0408298
TA	0.0281528
TC	0.141818
TG	0.083701
TT	0.0788278
