kmer	count
sequence	0
AA	0.051872
AC	0.0942794
AG	0.0819389
AT	0.0503556
CA	0.0308513
CC	0.101025
CG	0.0193474
CT	0.056369
GA	0.025936
GC	0.0729973
GG	0.0541728
GT	0.0368647
TA	0.0299101
TC	0.13836
TG	0.0816252
TT	0.0740954
