kmer	count
sequence	0
AA	0.0526023
AC	0.111188
AG	0.0746359
AT	0.062529
CA	0.0386399
CC	0.0929585
CG	0.0100659
CT	0.0572873
GA	0.0250487
GC	0.0599313
GG	0.0436961
GT	0.0417015
TA	0.0304295
TC	0.14301
TG	0.0786715
TT	0.0776046
