kmer	count
sequence	0
AA	0.0482786
AC	0.0984039
AG	0.0846194
AT	0.0495977
CA	0.031724
CC	0.107242
CG	0.0190608
CT	0.0550059
GA	0.0233478
GC	0.0725498
GG	0.0538188
GT	0.0340324
TA	0.0267115
TC	0.138768
TG	0.0829706
TT	0.0738689
