kmer	count
sequence	0
AA	0.0511434
AC	0.100294
AG	0.086346
AT	0.0487712
CA	0.0283708
CC	0.105181
CG	0.0181232
CT	0.0499099
GA	0.0206851
GC	0.0776165
GG	0.0491033
GT	0.0337793
TA	0.0275168
TC	0.153003
TG	0.0768099
TT	0.0733466
