kmer	count
sequence	0
AA	0.0474909
AC	0.0939557
AG	0.0864826
AT	0.0492914
CA	0.0328545
CC	0.102048
CG	0.020309
CT	0.0543832
GA	0.0229226
GC	0.0750407
GG	0.0540928
GT	0.0375397
TA	0.0281306
TC	0.140014
TG	0.0820104
TT	0.0734337
