kmer	count
sequence	0
AA	0.0556583
AC	0.105276
AG	0.0873397
AT	0.0612056
CA	0.0343935
CC	0.0835799
CG	0.00819773
CT	0.0593565
GA	0.0231755
GC	0.0619453
GG	0.0453649
GT	0.0420981
TA	0.0303871
TC	0.136033
TG	0.0845661
TT	0.0814226
