kmer	count
sequence	0
AA	0.0517177
AC	0.100435
AG	0.0859211
AT	0.059856
CA	0.0374287
CC	0.0835584
CG	0.00877588
CT	0.0582058
GA	0.0239274
GC	0.0585434
GG	0.044667
GT	0.0381038
TA	0.0322532
TC	0.141727
TG	0.0895215
TT	0.0853585
