kmer	count
sequence	0
AA	0.0517138
AC	0.111285
AG	0.0779432
AT	0.0606852
CA	0.0364728
CC	0.0936056
CG	0.00830912
CT	0.0595337
GA	0.0238662
GC	0.0651032
GG	0.0418918
GT	0.0410037
TA	0.0286906
TC	0.140834
TG	0.0805398
TT	0.0785227
