kmer	count
sequence	0
AA	0.0229074
AC	0.0894065
AG	0.0644694
AT	0.0475546
CA	0.0311231
CC	0.101488
CG	0.0202977
CT	0.047458
GA	0.0271603
GC	0.0832206
GG	0.070752
GT	0.0404987
TA	0.0290934
TC	0.128842
TG	0.137058
TT	0.05867
