kmer	count
sequence	0
AA	0.0445433
AC	0.090317
AG	0.08033
AT	0.0524678
CA	0.0281155
CC	0.108518
CG	0.0177667
CT	0.0554711
GA	0.0217108
GC	0.0833695
GG	0.0520336
GT	0.0371617
TA	0.0269576
TC	0.144883
TG	0.0809451
TT	0.0754089
