kmer	count
sequence	0
AA	0.0486631
AC	0.0996679
AG	0.0813181
AT	0.0498978
CA	0.027546
CC	0.101456
CG	0.0179666
CT	0.0533464
GA	0.0222667
GC	0.0778696
GG	0.050877
GT	0.0331659
TA	0.0293341
TC	0.149268
TG	0.0805518
TT	0.0768052
