kmer	count
sequence	0
AA	0.0458573
AC	0.0975631
AG	0.0786442
AT	0.0519273
CA	0.034825
CC	0.11152
CG	0.0189632
CT	0.0533895
GA	0.0235268
GC	0.0798405
GG	0.0483828
GT	0.0371732
TA	0.0271156
TC	0.142357
TG	0.0780682
TT	0.0708463
