kmer	count
sequence	0
AA	0.0466287
AC	0.0975796
AG	0.0840537
AT	0.0452558
CA	0.0326452
CC	0.103427
CG	0.0182549
CT	0.0513577
GA	0.0221702
GC	0.077545
GG	0.0504932
GT	0.0365097
TA	0.0280687
TC	0.151988
TG	0.0803926
TT	0.0736296
