kmer	count
sequence	0
AA	0.0479178
AC	0.0975685
AG	0.0763031
AT	0.0504164
CA	0.0366201
CC	0.107066
CG	0.0194385
CT	0.0529823
GA	0.0243686
GC	0.0756314
GG	0.051021
GT	0.0349006
TA	0.0299436
TC	0.146521
TG	0.0773912
TT	0.0719103
