kmer	count
sequence	0
AA	0.024506
AC	0.0625097
AG	0.0466003
AT	0.0366812
CA	0.109343
CC	0.113933
CG	0.0197993
CT	0.0406099
GA	0.0477283
GC	0.0492065
GG	0.0812199
GT	0.0271511
TA	0.055508
TC	0.107632
TG	0.137428
TT	0.0401431
