kmer	count
sequence	0
AA	0.0511357
AC	0.0978849
AG	0.0829828
AT	0.050655
CA	0.0315467
CC	0.101911
CG	0.0180868
CT	0.0543204
GA	0.0213917
GC	0.0700036
GG	0.0495734
GT	0.0331691
TA	0.0295638
TC	0.145415
TG	0.085807
TT	0.0765533
