kmer	count
sequence	0
AA	0.0516354
AC	0.103422
AG	0.0696548
AT	0.0558752
CA	0.0347517
CC	0.103044
CG	0.0147638
CT	0.0508025
GA	0.0249849
GC	0.0734403
GG	0.0468655
GT	0.0365687
TA	0.0343731
TC	0.143322
TG	0.0743489
TT	0.0821472
