kmer	count
sequence	0
AA	0.0527063
AC	0.10564
AG	0.0834895
AT	0.0604873
CA	0.0362356
CC	0.0795138
CG	0.00800818
CT	0.0633271
GA	0.0220367
GC	0.061396
GG	0.0410632
GT	0.0432214
TA	0.0292497
TC	0.143068
TG	0.0860453
TT	0.0845118
