kmer	count
sequence	0
AA	0.0506093
AC	0.101672
AG	0.0812771
AT	0.0490986
CA	0.0303152
CC	0.106657
CG	0.016618
CT	0.0547386
GA	0.0208984
GC	0.0756874
GG	0.0497532
GT	0.0345956
TA	0.0270924
TC	0.148907
TG	0.0773492
TT	0.0747306
