kmer	count
sequence	0
AA	0.052839
AC	0.104409
AG	0.0830327
AT	0.0603874
CA	0.0387442
CC	0.0840347
CG	0.00921844
CT	0.056513
GA	0.0252505
GC	0.0582498
GG	0.046159
GT	0.0412826
TA	0.0317635
TC	0.136673
TG	0.0887776
TT	0.0826653
