kmer	count
sequence	0
AA	0.0475907
AC	0.108144
AG	0.0757604
AT	0.0513925
CA	0.029727
CC	0.115427
CG	0.0163063
CT	0.0521253
GA	0.022948
GC	0.0829058
GG	0.0436515
GT	0.0366435
TA	0.0252382
TC	0.152116
TG	0.0737908
TT	0.0662331
