kmer	count
sequence	0
AA	0.0594994
AC	0.101606
AG	0.0720919
AT	0.051944
CA	0.0343932
CC	0.106092
CG	0.0162128
CT	0.0460412
GA	0.027546
GC	0.0768141
GG	0.0485597
GT	0.0354163
TA	0.0336062
TC	0.148513
TG	0.0706753
TT	0.0709901
