kmer	count
sequence	0
AA	0.0527099
AC	0.110552
AG	0.0787313
AT	0.0665674
CA	0.0358243
CC	0.0916136
CG	0.00857114
CT	0.0567132
GA	0.0245843
GC	0.057945
GG	0.0426504
GT	0.0419318
TA	0.031513
TC	0.135496
TG	0.0831965
TT	0.0814001
