kmer	count
sequence	0
AA	0.0529991
AC	0.106881
AG	0.0730209
AT	0.0647346
CA	0.0364684
CC	0.0904349
CG	0.00845461
CT	0.0625053
GA	0.024817
GC	0.0664592
GG	0.0410953
GT	0.0422731
TA	0.0317574
TC	0.142467
TG	0.0757971
TT	0.0798351
