kmer	count
sequence	0
AA	0.0480736
AC	0.0943857
AG	0.0869417
AT	0.0506876
CA	0.0289237
CC	0.0995568
CG	0.0166496
CT	0.0549494
GA	0.0231845
GC	0.0768269
GG	0.0526196
GT	0.0377884
TA	0.0271054
TC	0.148199
TG	0.0787589
TT	0.0753495
