kmer	count
sequence	0
AA	0.0527589
AC	0.114474
AG	0.0758695
AT	0.06858
CA	0.0361206
CC	0.0942403
CG	0.0078125
CT	0.0603753
GA	0.0249738
GC	0.0646247
GG	0.0417756
GT	0.0446195
TA	0.0282754
TC	0.130688
TG	0.0765887
TT	0.0782231
