kmer	count
sequence	0
AA	0.0474026
AC	0.0984016
AG	0.0819181
AT	0.0509491
CA	0.0311688
CC	0.108292
CG	0.0191309
CT	0.0515984
GA	0.0232767
GC	0.0761239
GG	0.0523477
GT	0.0350649
TA	0.0275724
TC	0.144505
TG	0.0793706
TT	0.0728771
