kmer	count
sequence	0
AA	0.0531992
AC	0.11373
AG	0.0859402
AT	0.0602234
CA	0.0346985
CC	0.085518
CG	0.00871301
CT	0.0563467
GA	0.0232219
GC	0.0589567
GG	0.0428741
GT	0.0408398
TA	0.0299774
TC	0.140483
TG	0.0842513
TT	0.0810271
