kmer	count
sequence	0
AA	0.05628
AC	0.111397
AG	0.0870806
AT	0.0593107
CA	0.0321751
CC	0.0855653
CG	0.00740062
CT	0.0527206
GA	0.0216732
GC	0.0636101
GG	0.0405977
GT	0.0385537
TA	0.0310121
TC	0.143572
TG	0.0861644
TT	0.0828869
