kmer	count
sequence	0
AA	0.0495085
AC	0.0936826
AG	0.0848717
AT	0.0535843
CA	0.0305083
CC	0.0979381
CG	0.0176816
CT	0.0534045
GA	0.0223567
GC	0.0731839
GG	0.0525054
GT	0.0372213
TA	0.0329657
TC	0.143191
TG	0.0818149
TT	0.0755814
