kmer	count
sequence	0
AA	0.0524182
AC	0.104402
AG	0.085976
AT	0.0608529
CA	0.0351506
CC	0.0911526
CG	0.0086519
CT	0.0597307
GA	0.0241095
GC	0.0612149
GG	0.0468795
GT	0.0400738
TA	0.0277295
TC	0.132855
TG	0.0852158
TT	0.0835867
