kmer	count
sequence	0
AA	0.0510646
AC	0.110114
AG	0.0728528
AT	0.0596355
CA	0.0422681
CC	0.0931523
CG	0.00960844
CT	0.0551696
GA	0.0271112
GC	0.0604926
GG	0.0427643
GT	0.0396969
TA	0.0328852
TC	0.138623
TG	0.0843558
TT	0.0802057
