kmer	count
sequence	0
AA	0.0567865
AC	0.105703
AG	0.0819712
AT	0.0651411
CA	0.034871
CC	0.079489
CG	0.00762804
CT	0.0612665
GA	0.0252452
GC	0.0588449
GG	0.0411672
GT	0.0441337
TA	0.034084
TC	0.136699
TG	0.0846349
TT	0.0823344
