kmer	count
sequence	0
AA	0.0539515
AC	0.116941
AG	0.0778951
AT	0.0625978
CA	0.032903
CC	0.089241
CG	0.00688576
CT	0.0567293
GA	0.0214789
GC	0.0655712
GG	0.0406103
GT	0.0386933
TA	0.0288732
TC	0.148631
TG	0.0798513
TT	0.0791471
