kmer	count
sequence	0
AA	0.0481651
AC	0.100314
AG	0.0794302
AT	0.0483462
CA	0.0309633
CC	0.107134
CG	0.0189522
CT	0.0558909
GA	0.0221511
GC	0.0734549
GG	0.0521487
GT	0.0379044
TA	0.0284283
TC	0.145642
TG	0.0790077
TT	0.0720666
