kmer	count
sequence	0
AA	0.0475644
AC	0.100209
AG	0.0789298
AT	0.0486284
CA	0.0300615
CC	0.110848
CG	0.0165015
CT	0.0520497
GA	0.0227183
GC	0.0788881
GG	0.0504642
GT	0.0351622
TA	0.0266507
TC	0.152905
TG	0.0773965
TT	0.0710233
