kmer	count
sequence	0
AA	0.0461255
AC	0.0916123
AG	0.0628016
AT	0.0570536
CA	0.0499574
CC	0.103747
CG	0.0191598
CT	0.0607437
GA	0.0288107
GC	0.0727363
GG	0.0472609
GT	0.0417968
TA	0.0378229
TC	0.133906
TG	0.0738007
TT	0.0726653
