kmer	count
sequence	0
AA	0.0383896
AC	0.0997967
AG	0.052867
AT	0.0617731
CA	0.047499
CC	0.105815
CG	0.0104107
CT	0.0635218
GA	0.0251322
GC	0.0633998
GG	0.0416023
GT	0.0416836
TA	0.0320862
TC	0.146157
TG	0.0834892
TT	0.0863766
