kmer	count
sequence	0
AA	0.0521753
AC	0.0955256
AG	0.0817464
AT	0.0550395
CA	0.0343706
CC	0.105744
CG	0.0154049
CT	0.0517108
GA	0.0238427
GC	0.0713733
GG	0.0513237
GT	0.0364608
TA	0.0309645
TC	0.138334
TG	0.0788822
TT	0.0771017
