kmer	count
sequence	0
AA	0.0504398
AC	0.0998258
AG	0.0775143
AT	0.0494563
CA	0.0292242
CC	0.104167
CG	0.0168179
CT	0.05162
GA	0.0233372
GC	0.0781044
GG	0.0471239
GT	0.0353078
TA	0.0295333
TC	0.155029
TG	0.0773316
TT	0.0751679
