kmer	count
sequence	0
AA	0.0459936
AC	0.0977106
AG	0.0767016
AT	0.05158
CA	0.032079
CC	0.110905
CG	0.019124
CT	0.0609363
GA	0.0222428
GC	0.0782439
GG	0.0508945
GT	0.0390363
TA	0.0273494
TC	0.140962
TG	0.0736857
TT	0.0725547
