kmer	count
sequence	0
AA	0.0311514
AC	0.0753032
AG	0.0507144
AT	0.0403306
CA	0.102675
CC	0.118541
CG	0.0185662
CT	0.0558232
GA	0.0411613
GC	0.0552002
GG	0.0642549
GT	0.0298222
TA	0.046644
TC	0.113017
TG	0.105416
TT	0.051379
