kmer	count
sequence	0
AA	0.0520114
AC	0.105524
AG	0.0778295
AT	0.0627439
CA	0.0401531
CC	0.0811318
CG	0.00870609
CT	0.0584659
GA	0.0280696
GC	0.0637947
GG	0.0450315
GT	0.0411288
TA	0.0318223
TC	0.138172
TG	0.0832333
TT	0.0821825
