kmer	count
sequence	0
AA	0.0498334
AC	0.107229
AG	0.0878748
AT	0.0586276
CA	0.039074
CC	0.0870087
CG	0.00876083
CT	0.057062
GA	0.024517
GC	0.0607262
GG	0.0454697
GT	0.0413058
TA	0.030946
TC	0.136576
TG	0.0851765
TT	0.0798135
