kmer	count
sequence	0
AA	0.0477291
AC	0.105447
AG	0.0744699
AT	0.059884
CA	0.0420969
CC	0.0967098
CG	0.00919441
CT	0.0585361
GA	0.0246709
GC	0.0652273
GG	0.0461405
GT	0.0386791
TA	0.0315306
TC	0.141189
TG	0.0817869
TT	0.0767083
