kmer	count
sequence	0
AA	0.049328
AC	0.0908384
AG	0.0780836
AT	0.0504709
CA	0.0294871
CC	0.107205
CG	0.0153607
CT	0.0524367
GA	0.0222639
GC	0.0787236
GG	0.0545396
GT	0.0344244
TA	0.0311786
TC	0.147618
TG	0.0857639
TT	0.0722776
