kmer	count
sequence	0
AA	0.0460783
AC	0.0964617
AG	0.0826719
AT	0.0524015
CA	0.0330284
CC	0.105139
CG	0.0193058
CT	0.0503834
GA	0.0222656
GC	0.0749361
GG	0.0488363
GT	0.0363245
TA	0.028656
TC	0.150141
TG	0.0766851
TT	0.0766851
