kmer	count
sequence	0
AA	0.0519433
AC	0.113664
AG	0.0790516
AT	0.0563921
CA	0.0368858
CC	0.0930579
CG	0.00884869
CT	0.053801
GA	0.0234417
GC	0.0642875
GG	0.041848
GT	0.0362259
TA	0.0301149
TC	0.151234
TG	0.0822293
TT	0.0769738
