kmer	count
sequence	0
AA	0.0518815
AC	0.098683
AG	0.0774694
AT	0.0507526
CA	0.0328316
CC	0.105503
CG	0.0167921
CT	0.0510348
GA	0.0250235
GC	0.0764817
GG	0.0506115
GT	0.0349953
TA	0.028269
TC	0.147742
TG	0.0792098
TT	0.0727187
