kmer	count
sequence	0
AA	0.0499243
AC	0.0975768
AG	0.0795651
AT	0.0534401
CA	0.0322912
CC	0.110991
CG	0.0180117
CT	0.053981
GA	0.0242319
GC	0.0785915
GG	0.05463
GT	0.0411077
TA	0.0255301
TC	0.131761
TG	0.075833
TT	0.0725335
