kmer	count
sequence	0
AA	0.0257128
AC	0.0963896
AG	0.0620837
AT	0.0526912
CA	0.0371703
CC	0.0943245
CG	0.0131894
CT	0.047895
GA	0.0251799
GC	0.0724087
GG	0.06668
GT	0.0456302
TA	0.029643
TC	0.123568
TG	0.147016
TT	0.0604183
