kmer	count
sequence	0
AA	0.0550621
AC	0.106137
AG	0.0859493
AT	0.0585949
CA	0.0361865
CC	0.0853942
CG	0.00918542
CT	0.0543555
GA	0.0226103
GC	0.0559201
GG	0.0434037
GT	0.0370445
TA	0.0323004
TC	0.143535
TG	0.0911477
TT	0.0831735
