kmer	count
sequence	0
AA	0.0244405
AC	0.0595406
AG	0.0444052
AT	0.0339812
CA	0.0920495
CC	0.126207
CG	0.0392815
CT	0.0374558
GA	0.0453475
GC	0.0592462
GG	0.0873969
GT	0.0243816
TA	0.0561837
TC	0.105241
TG	0.125795
TT	0.0390459
