kmer	count
sequence	0
AA	0.0464419
AC	0.0997104
AG	0.0821266
AT	0.0461316
CA	0.0309785
CC	0.109019
CG	0.0178424
CT	0.0517687
GA	0.0223935
GC	0.0739036
GG	0.0540443
GT	0.0363053
TA	0.0283926
TC	0.146359
TG	0.0824886
TT	0.0720935
