kmer	count
sequence	0
AA	0.0568302
AC	0.112648
AG	0.0813169
AT	0.0629519
CA	0.0350911
CC	0.0831004
CG	0.00838716
CT	0.055818
GA	0.0227514
GC	0.0588065
GG	0.0399595
GT	0.0407789
TA	0.0320544
TC	0.139786
TG	0.0829558
TT	0.0867637
