kmer	count
sequence	0
AA	0.0514734
AC	0.0968399
AG	0.0810876
AT	0.0545754
CA	0.0313752
CC	0.100976
CG	0.0169963
CT	0.0537515
GA	0.0233295
GC	0.0714586
GG	0.0492924
GT	0.0381931
TA	0.0313914
TC	0.14366
TG	0.0773071
TT	0.0782926
