kmer	count
sequence	0
AA	0.0452978
AC	0.0940961
AG	0.088558
AT	0.0486938
CA	0.0285789
CC	0.100522
CG	0.0184431
CT	0.0547544
GA	0.0230408
GC	0.0766458
GG	0.0528213
GT	0.0373041
TA	0.0270115
TC	0.144514
TG	0.0856844
TT	0.0740334
