kmer	count
sequence	0
AA	0.0493184
AC	0.102346
AG	0.0794407
AT	0.0521752
CA	0.0282177
CC	0.110666
CG	0.0158881
CT	0.0478649
GA	0.0213512
GC	0.079992
GG	0.0489174
GT	0.0347835
TA	0.0286187
TC	0.150862
TG	0.0724238
TT	0.0771351
