kmer	count
sequence	0
AA	0.0553314
AC	0.110169
AG	0.0727737
AT	0.0644337
CA	0.0359161
CC	0.0904403
CG	0.00708457
CT	0.0605327
GA	0.0251547
GC	0.0625056
GG	0.0374854
GT	0.0430455
TA	0.0316564
TC	0.138015
TG	0.0815622
TT	0.0838938
