kmer	count
sequence	0
AA	0.0465154
AC	0.100431
AG	0.0778974
AT	0.0480062
CA	0.03076
CC	0.111253
CG	0.0175894
CT	0.0501941
GA	0.0231558
GC	0.0787447
GG	0.0484888
GT	0.0361655
TA	0.0274566
TC	0.154014
TG	0.0777365
TT	0.071591
