kmer	count
sequence	0
AA	0.0474197
AC	0.0927752
AG	0.0866399
AT	0.0473624
CA	0.0351491
CC	0.105734
CG	0.018406
CT	0.0515482
GA	0.0232225
GC	0.0737385
GG	0.0520642
GT	0.0340596
TA	0.0293005
TC	0.149885
TG	0.0784404
TT	0.0742546
