kmer	count
sequence	0
AA	0.0211998
AC	0.0643111
AG	0.0434672
AT	0.0325877
CA	0.0868327
CC	0.136299
CG	0.0440264
CT	0.0505846
GA	0.0408236
GC	0.0668022
GG	0.0812405
GT	0.027758
TA	0.0485511
TC	0.109964
TG	0.105186
TT	0.040366
