kmer	count
sequence	0
AA	0.052769
AC	0.112827
AG	0.0815269
AT	0.0574164
CA	0.035133
CC	0.0902754
CG	0.00915564
CT	0.0543579
GA	0.0228792
GC	0.065152
GG	0.0404258
GT	0.039691
TA	0.0309822
TC	0.146143
TG	0.0824901
TT	0.0787762
