kmer	count
sequence	0
AA	0.0469453
AC	0.101062
AG	0.0812917
AT	0.0509769
CA	0.03078
CC	0.102225
CG	0.0179873
CT	0.0566367
GA	0.0227555
GC	0.0742363
GG	0.0512095
GT	0.0379904
TA	0.0286091
TC	0.141999
TG	0.0785393
TT	0.0767561
