kmer	count
sequence	0
AA	0.0572974
AC	0.0983023
AG	0.0789294
AT	0.0526424
CA	0.0301205
CC	0.100698
CG	0.0149918
CT	0.0542853
GA	0.0243018
GC	0.077971
GG	0.0479189
GT	0.0384036
TA	0.0273823
TC	0.146495
TG	0.0731791
TT	0.0770811
