kmer	count
sequence	0
AA	0.0371768
AC	0.0737945
AG	0.0580713
AT	0.0439553
CA	0.0719078
CC	0.113697
CG	0.0343816
CT	0.0634521
GA	0.0357093
GC	0.0698113
GG	0.0624039
GT	0.0329839
TA	0.0385744
TC	0.120056
TG	0.0847659
TT	0.0592593
