kmer	count
sequence	0
AA	0.0523866
AC	0.109243
AG	0.0878898
AT	0.0556377
CA	0.0352815
CC	0.0934314
CG	0.009236
CT	0.0539382
GA	0.0223881
GC	0.0636914
GG	0.0440372
GT	0.0398995
TA	0.0292966
TC	0.137875
TG	0.088407
TT	0.0773607
