kmer	count
sequence	0
AA	0.0536195
AC	0.101684
AG	0.0822202
AT	0.0611251
CA	0.0410329
CC	0.0899572
CG	0.00970991
CT	0.0594608
GA	0.0255257
GC	0.0592955
GG	0.0435458
GT	0.0395891
TA	0.0321055
TC	0.133801
TG	0.0867059
TT	0.0806221
