kmer	count
sequence	0
AA	0.0538489
AC	0.116621
AG	0.0723608
AT	0.0610406
CA	0.0387552
CC	0.0967327
CG	0.00812395
CT	0.0528278
GA	0.0237947
GC	0.0628163
GG	0.037823
GT	0.0391991
TA	0.0321406
TC	0.149383
TG	0.0782207
TT	0.0763118
