kmer	count
sequence	0
AA	0.0509271
AC	0.112613
AG	0.0846394
AT	0.0562708
CA	0.038554
CC	0.0891583
CG	0.00875085
CT	0.056486
GA	0.0213033
GC	0.0619015
GG	0.042248
GT	0.0376932
TA	0.030879
TC	0.144604
TG	0.0875802
TT	0.0763906
