kmer	count
sequence	0
AA	0.04947
AC	0.0999163
AG	0.0746234
AT	0.0552353
CA	0.0307328
CC	0.112051
CG	0.0150177
CT	0.0575135
GA	0.0224103
GC	0.0767156
GG	0.0476567
GT	0.0376139
TA	0.0267342
TC	0.144225
TG	0.0726706
TT	0.0774131
