kmer	count
sequence	0
AA	0.0484803
AC	0.101445
AG	0.0806677
AT	0.054011
CA	0.0289985
CC	0.103737
CG	0.0172397
CT	0.0569507
GA	0.0215745
GC	0.0759841
GG	0.0516193
GT	0.0380169
TA	0.0283009
TC	0.142302
TG	0.0753861
TT	0.0752865
