kmer	count
sequence	0
AA	0.0475635
AC	0.11042
AG	0.0858821
AT	0.0565924
CA	0.0333074
CC	0.0980214
CG	0.00915846
CT	0.0594868
GA	0.0236306
GC	0.0669604
GG	0.0443667
GT	0.0402195
TA	0.0265682
TC	0.138025
TG	0.0866598
TT	0.0731381
