kmer	count
sequence	0
AA	0.0544324
AC	0.106779
AG	0.0786602
AT	0.0612916
CA	0.0350582
CC	0.0895708
CG	0.0091055
CT	0.0604091
GA	0.0243081
GC	0.0611713
GG	0.0405937
GT	0.0411953
TA	0.0306057
TC	0.138026
TG	0.0827116
TT	0.086081
