kmer	count
sequence	0
AA	0.0537108
AC	0.107326
AG	0.0817793
AT	0.0617507
CA	0.0370124
CC	0.0863939
CG	0.00808754
CT	0.0601332
GA	0.0251189
GC	0.0629401
GG	0.0450523
GT	0.040628
TA	0.0299715
TC	0.135775
TG	0.0849191
TT	0.0794006
