kmer	count
sequence	0
AA	0.0447619
AC	0.100333
AG	0.0825714
AT	0.0476667
CA	0.030619
CC	0.110667
CG	0.0199524
CT	0.0558571
GA	0.0235238
GC	0.0771905
GG	0.0531905
GT	0.0385238
TA	0.0265714
TC	0.139
TG	0.0792857
TT	0.0702857
