kmer	count
sequence	0
AA	0.0531201
AC	0.111524
AG	0.0837498
AT	0.063687
CA	0.0344852
CC	0.086927
CG	0.00906754
CT	0.0625446
GA	0.0228831
GC	0.0608311
GG	0.0426246
GT	0.043053
TA	0.0287734
TC	0.134192
TG	0.0811438
TT	0.0813937
