kmer	count
sequence	0
AA	0.0547266
AC	0.110582
AG	0.081989
AT	0.0639619
CA	0.0361752
CC	0.0884417
CG	0.00802549
CT	0.0621874
GA	0.0254477
GC	0.0590418
GG	0.0407727
GT	0.0434748
TA	0.0302871
TC	0.1324
TG	0.081868
TT	0.0806178
