kmer	count
sequence	0
AA	0.0465022
AC	0.0932644
AG	0.0811045
AT	0.0467911
CA	0.0345445
CC	0.106406
CG	0.0200451
CT	0.0515279
GA	0.0237421
GC	0.0741436
GG	0.0558604
GT	0.0320894
TA	0.0294033
TC	0.151551
TG	0.0806135
TT	0.0724106
