kmer	count
sequence	0
AA	0.0461533
AC	0.103198
AG	0.0753128
AT	0.0530666
CA	0.0314383
CC	0.1222
CG	0.0171482
CT	0.0525645
GA	0.0237911
GC	0.0799861
GG	0.0480844
GT	0.0377337
TA	0.0254133
TC	0.141858
TG	0.0689402
TT	0.0731114
