kmer	count
sequence	0
AA	0.0490734
AC	0.0986634
AG	0.0753858
AT	0.0485569
CA	0.0287015
CC	0.108252
CG	0.0161426
CT	0.0541422
GA	0.0224382
GC	0.0814231
GG	0.0458126
GT	0.0376768
TA	0.0271518
TC	0.15668
TG	0.0710596
TT	0.0788403
