kmer	count
sequence	0
AA	0.0379534
AC	0.0691894
AG	0.0562024
AT	0.0395208
CA	0.0824004
CC	0.12013
CG	0.0298925
CT	0.0535155
GA	0.0385132
GC	0.062584
GG	0.0609046
GT	0.0304523
TA	0.0535155
TC	0.127071
TG	0.083296
TT	0.0548589
