kmer	count
sequence	0
AA	0.0524194
AC	0.108784
AG	0.0860649
AT	0.0569719
CA	0.0348162
CC	0.0876257
CG	0.00962539
CT	0.0569285
GA	0.0238033
GC	0.0633455
GG	0.0447451
GT	0.0370708
TA	0.0308273
TC	0.141433
TG	0.0867152
TT	0.0788241
