kmer	count
sequence	0
AA	0.0484738
AC	0.0983097
AG	0.0800447
AT	0.0532234
CA	0.0321646
CC	0.103758
CG	0.0170427
CT	0.05249
GA	0.0230844
GC	0.0758539
GG	0.0492072
GT	0.0385556
TA	0.0270657
TC	0.146504
TG	0.0778096
TT	0.0764127
