kmer	count
sequence	0
AA	0.0496865
AC	0.110464
AG	0.0811842
AT	0.0563409
CA	0.0338637
CC	0.089761
CG	0.00798533
CT	0.0588844
GA	0.0254052
GC	0.0661008
GG	0.0455755
GT	0.0425293
TA	0.0267952
TC	0.142612
TG	0.0840826
TT	0.0787294
