kmer	count
sequence	0
AA	0.0365915
AC	0.0690476
AG	0.0552632
AT	0.0451128
CA	0.0946742
CC	0.12005
CG	0.0274436
CT	0.0820802
GA	0.0373434
GC	0.0650376
GG	0.0596491
GT	0.0345238
TA	0.037406
TC	0.104574
TG	0.0707393
TT	0.0604637
