kmer	count
sequence	0
AA	0.0479349
AC	0.0998123
AG	0.0859825
AT	0.0496871
CA	0.0307885
CC	0.0945557
CG	0.0176471
CT	0.0501877
GA	0.0208385
GC	0.0736546
GG	0.0514393
GT	0.0374844
TA	0.0268461
TC	0.147121
TG	0.0873592
TT	0.0786608
