kmer	count
sequence	0
AA	0.0534581
AC	0.100814
AG	0.0779496
AT	0.0576078
CA	0.0326282
CC	0.111635
CG	0.0165175
CT	0.0566314
GA	0.0230269
GC	0.0729048
GG	0.0533767
GT	0.0362083
TA	0.0288039
TC	0.134255
TG	0.0733116
TT	0.0708706
