kmer	count
sequence	0
AA	0.0524476
AC	0.1
AG	0.081993
AT	0.051486
CA	0.0267483
CC	0.098514
CG	0.018007
CT	0.0523601
GA	0.022465
GC	0.0685315
GG	0.0454545
GT	0.0358392
TA	0.0311189
TC	0.151136
TG	0.0773601
TT	0.0865385
