kmer	count
sequence	0
AA	0.0500171
AC	0.0978521
AG	0.082064
AT	0.049247
CA	0.0296937
CC	0.101446
CG	0.0184409
CT	0.0528838
GA	0.0215643
GC	0.0761167
GG	0.0510868
GT	0.0361116
TA	0.028624
TC	0.147869
TG	0.083476
TT	0.0735068
