kmer	count
sequence	0
AA	0.0480287
AC	0.110865
AG	0.0813635
AT	0.0598248
CA	0.0355937
CC	0.103632
CG	0.00976545
CT	0.0594597
GA	0.0252578
GC	0.0665556
GG	0.0446518
GT	0.0445606
TA	0.0248471
TC	0.132085
TG	0.0809984
TT	0.0725107
