kmer	count
sequence	0
AA	0.0458302
AC	0.0931223
AG	0.0685863
AT	0.0529812
CA	0.0610539
CC	0.0948385
CG	0.0111238
CT	0.0624523
GA	0.031973
GC	0.0655988
GG	0.0514238
GT	0.0400458
TA	0.0356916
TC	0.12821
TG	0.0861302
TT	0.0709382
