kmer	count
sequence	0
AA	0.0389304
AC	0.0748133
AG	0.0570864
AT	0.0469568
CA	0.0881621
CC	0.103442
CG	0.0163533
CT	0.0699202
GA	0.0401322
GC	0.0549833
GG	0.0605631
GT	0.0354537
TA	0.0444244
TC	0.111683
TG	0.0939136
TT	0.0631814
