kmer	count
sequence	0
AA	0.0563543
AC	0.110494
AG	0.0815332
AT	0.0589438
CA	0.0373424
CC	0.0881431
CG	0.00827939
CT	0.0548211
GA	0.0241227
GC	0.0629983
GG	0.0438842
GT	0.0392164
TA	0.0291312
TC	0.142589
TG	0.0834412
TT	0.0787053
