kmer	count
sequence	0
AA	0.0527552
AC	0.11005
AG	0.0844552
AT	0.0585081
CA	0.0321697
CC	0.0892689
CG	0.00845335
CT	0.0573341
GA	0.0234033
GC	0.0611302
GG	0.0415623
GT	0.0410535
TA	0.0297824
TC	0.144216
TG	0.0863729
TT	0.079485
