kmer	count
sequence	0
AA	0.0531506
AC	0.106114
AG	0.0865801
AT	0.060419
CA	0.0359414
CC	0.0941959
CG	0.00953984
CT	0.0618887
GA	0.0245043
GC	0.0630912
GG	0.0472984
GT	0.0425151
TA	0.0260809
TC	0.127813
TG	0.0863396
TT	0.0745284
