kmer	count
sequence	0
AA	0.046888
AC	0.0951591
AG	0.0855694
AT	0.0479945
CA	0.0316275
CC	0.108668
CG	0.0205164
CT	0.0519594
GA	0.023006
GC	0.0764408
GG	0.0498386
GT	0.030982
TA	0.0285385
TC	0.151083
TG	0.0820655
TT	0.0696634
