kmer	count
sequence	0
AA	0.0521835
AC	0.104468
AG	0.0799879
AT	0.0602428
CA	0.0429154
CC	0.0905657
CG	0.00871405
CT	0.0565658
GA	0.0248829
GC	0.0585806
GG	0.0441243
GT	0.0396414
TA	0.0347555
TC	0.133128
TG	0.0887523
TT	0.0804916
