kmer	count
sequence	0
AA	0.0479072
AC	0.101739
AG	0.0769149
AT	0.052441
CA	0.0296235
CC	0.109384
CG	0.0164044
CT	0.0548619
GA	0.0224884
GC	0.0795056
GG	0.0481408
GT	0.0360791
TA	0.0261833
TC	0.149126
TG	0.0751099
TT	0.0740906
