kmer	count
sequence	0
AA	0.0438637
AC	0.0947088
AG	0.086671
AT	0.0451957
CA	0.027145
CC	0.106926
CG	0.0188775
CT	0.0554382
GA	0.0232409
GC	0.0811593
GG	0.05553
GT	0.0347694
TA	0.022506
TC	0.148402
TG	0.0842826
TT	0.0712842
