kmer	count
sequence	0
AA	0.0560894
AC	0.10019
AG	0.0852046
AT	0.0601332
CA	0.03549
CC	0.0868696
CG	0.00842055
CT	0.0564225
GA	0.0222645
GC	0.0571836
GG	0.0463368
GT	0.0415794
TA	0.0299239
TC	0.142055
TG	0.0873454
TT	0.084491
