kmer	count
sequence	0
AA	0.0486161
AC	0.098917
AG	0.0798436
AT	0.0505415
CA	0.0303851
CC	0.102046
CG	0.0177497
CT	0.0526474
GA	0.0252708
GC	0.0759928
GG	0.0493381
GT	0.0361011
TA	0.0283995
TC	0.143201
TG	0.0838748
TT	0.0770758
