kmer	count
sequence	0
AA	0.0448443
AC	0.099298
AG	0.0731275
AT	0.0520684
CA	0.0336673
CC	0.112145
CG	0.0190486
CT	0.0539426
GA	0.025489
GC	0.0784434
GG	0.0509439
GT	0.0384039
TA	0.0275676
TC	0.144653
TG	0.0757514
TT	0.0706059
