kmer	count
sequence	0
AA	0.0521454
AC	0.110475
AG	0.0777218
AT	0.0623378
CA	0.037563
CC	0.0886013
CG	0.00946709
CT	0.059971
GA	0.023057
GC	0.0638265
GG	0.0439762
GT	0.0451214
TA	0.0287067
TC	0.135059
TG	0.0812338
TT	0.0807375
