kmer	count
sequence	0
AA	0.0478089
AC	0.0985365
AG	0.0795856
AT	0.053523
CA	0.0283647
CC	0.108526
CG	0.0181699
CT	0.0540163
GA	0.0218696
GC	0.0802434
GG	0.0507687
GT	0.0369563
TA	0.0267204
TC	0.140714
TG	0.0771191
TT	0.077078
