kmer	count
sequence	0
AA	0.0569326
AC	0.107301
AG	0.0850607
AT	0.057967
CA	0.0368808
CC	0.0889198
CG	0.0069624
CT	0.0568928
GA	0.0227571
GC	0.0630993
GG	0.0403024
GT	0.0378357
TA	0.032783
TC	0.139765
TG	0.0824349
TT	0.0841058
