kmer	count
sequence	0
AA	0.0517807
AC	0.100735
AG	0.0763708
AT	0.0547767
CA	0.0332391
CC	0.107236
CG	0.0162804
CT	0.057377
GA	0.024364
GC	0.073827
GG	0.0451668
GT	0.0391747
TA	0.0270209
TC	0.141662
TG	0.0771622
TT	0.073827
