kmer	count
sequence	0
AA	0.0478616
AC	0.0983962
AG	0.0787097
AT	0.0465612
CA	0.032582
CC	0.110605
CG	0.017483
CT	0.0537495
GA	0.0232987
GC	0.0793599
GG	0.0498844
GT	0.0376029
TA	0.0267664
TC	0.151893
TG	0.0760006
TT	0.0692458
