kmer	count
sequence	0
AA	0.0521031
AC	0.10989
AG	0.0856385
AT	0.0573323
CA	0.032285
CC	0.0900341
CG	0.00867753
CT	0.0576734
GA	0.0223948
GC	0.0644562
GG	0.042554
GT	0.0427056
TA	0.0277757
TC	0.138575
TG	0.0873058
TT	0.0805987
