kmer	count
sequence	0
AA	0.0556929
AC	0.109444
AG	0.0785966
AT	0.0649162
CA	0.0349073
CC	0.0828332
CG	0.00741395
CT	0.0608561
GA	0.0241395
GC	0.0583848
GG	0.0397617
GT	0.0416593
TA	0.030406
TC	0.141659
TG	0.0813327
TT	0.0879965
