kmer	count
sequence	0
AA	0.0527293
AC	0.1082
AG	0.0868978
AT	0.0623893
CA	0.0396102
CC	0.0808234
CG	0.00831013
CT	0.0560618
GA	0.0253944
GC	0.0586771
GG	0.0421412
GT	0.0364887
TA	0.0321859
TC	0.138615
TG	0.0900616
TT	0.081414
