kmer	count
sequence	0
AA	0.0502437
AC	0.113391
AG	0.0726543
AT	0.0662022
CA	0.0339076
CC	0.098943
CG	0.00789347
CT	0.0643833
GA	0.0246757
GC	0.066614
GG	0.0417324
GT	0.0481502
TA	0.0251562
TC	0.134635
TG	0.0752282
TT	0.0761892
