kmer	count
sequence	0
AA	0.0549857
AC	0.106805
AG	0.0744292
AT	0.0676953
CA	0.0342936
CC	0.0875847
CG	0.00695683
CT	0.0602034
GA	0.0242597
GC	0.0650642
GG	0.0393329
GT	0.0429005
TA	0.0316179
TC	0.138914
TG	0.0767927
TT	0.0881645
