kmer	count
sequence	0
AA	0.0551882
AC	0.10646
AG	0.0769583
AT	0.0667854
CA	0.0360631
CC	0.0881994
CG	0.00757884
CT	0.0588505
GA	0.0244659
GC	0.0622075
GG	0.0378942
GT	0.0424212
TA	0.0321465
TC	0.139878
TG	0.0765005
TT	0.0884028
