kmer	count
sequence	0
AA	0.0533997
AC	0.106927
AG	0.0801634
AT	0.0639095
CA	0.0370607
CC	0.090971
CG	0.00846736
CT	0.0588886
GA	0.0238278
GC	0.0615267
GG	0.0428049
GT	0.0411454
TA	0.0284657
TC	0.139563
TG	0.0820781
TT	0.0808016
