kmer	count
sequence	0
AA	0.0494098
AC	0.0987164
AG	0.0759833
AT	0.064926
CA	0.0419867
CC	0.0959843
CG	0.0106449
CT	0.0818341
GA	0.0274499
GC	0.0622713
GG	0.0464199
GT	0.0517295
TA	0.0276561
TC	0.111784
TG	0.074076
TT	0.0791278
