kmer	count
sequence	0
AA	0.0382809
AC	0.0670406
AG	0.0547802
AT	0.0456502
CA	0.0907787
CC	0.113343
CG	0.0309769
CT	0.0813878
GA	0.0370419
GC	0.067171
GG	0.062606
GT	0.0361941
TA	0.0378897
TC	0.107408
TG	0.0731055
TT	0.0563454
