kmer	count
sequence	0
AA	0.0538873
AC	0.0972134
AG	0.0845527
AT	0.0530602
CA	0.0269118
CC	0.0968317
CG	0.0155872
CT	0.0566866
GA	0.0214404
GC	0.0753913
GG	0.0504517
GT	0.0391271
TA	0.0278661
TC	0.14054
TG	0.0769818
TT	0.0834712
