kmer	count
sequence	0
AA	0.0457645
AC	0.0923813
AG	0.0782848
AT	0.0508786
CA	0.031668
CC	0.101495
CG	0.0181616
CT	0.0550092
GA	0.0241935
GC	0.0743509
GG	0.0509441
GT	0.0395358
TA	0.0300944
TC	0.147849
TG	0.0786126
TT	0.0807763
