kmer	count
sequence	0
AA	0.0551867
AC	0.108967
AG	0.073387
AT	0.0651461
CA	0.0374941
CC	0.0925637
CG	0.00703015
CT	0.0593267
GA	0.0280034
GC	0.0654585
GG	0.0410092
GT	0.0453445
TA	0.028394
TC	0.129394
TG	0.078269
TT	0.0850258
