kmer	count
sequence	0
AA	0.0509096
AC	0.1079
AG	0.0769927
AT	0.063524
CA	0.0389989
CC	0.0846316
CG	0.00894562
CT	0.0612624
GA	0.0227159
GC	0.0604081
GG	0.0426676
GT	0.0391497
TA	0.0313097
TC	0.141823
TG	0.0846819
TT	0.0840788
