kmer	count
sequence	0
AA	0.0525327
AC	0.101358
AG	0.0777157
AT	0.0621629
CA	0.0373652
CC	0.0888867
CG	0.00770416
CT	0.0572515
GA	0.0243163
GC	0.0626926
GG	0.0441063
GT	0.0414099
TA	0.0320204
TC	0.14272
TG	0.0833012
TT	0.0844569
