kmer	count
sequence	0
AA	0.0539417
AC	0.113398
AG	0.074835
AT	0.0633786
CA	0.0381359
CC	0.0909515
CG	0.0087767
CT	0.0574369
GA	0.0262136
GC	0.0636505
GG	0.0412427
GT	0.040932
TA	0.0311845
TC	0.138641
TG	0.0791845
TT	0.0780971
