kmer	count
sequence	0
AA	0.0470612
AC	0.09785
AG	0.0889636
AT	0.0510218
CA	0.032417
CC	0.10464
CG	0.019337
CT	0.0538508
GA	0.023697
GC	0.0747853
GG	0.0535179
GT	0.037143
TA	0.0259269
TC	0.137988
TG	0.079578
TT	0.0722226
