kmer	count
sequence	0
AA	0.0485473
AC	0.113467
AG	0.0774341
AT	0.0585117
CA	0.0347246
CC	0.0981682
CG	0.00815272
CT	0.0595182
GA	0.023653
GC	0.0700195
GG	0.0403946
GT	0.0418708
TA	0.026706
TC	0.143394
TG	0.0788096
TT	0.0766289
