kmer	count
sequence	0
AA	0.0481161
AC	0.100407
AG	0.0809572
AT	0.0556008
CA	0.0306517
CC	0.106314
CG	0.0163951
CT	0.0571283
GA	0.0228615
GC	0.0759165
GG	0.0485234
GT	0.0382892
TA	0.0265784
TC	0.137678
TG	0.076222
TT	0.0783605
