kmer	count
sequence	0
AA	0.0509826
AC	0.113302
AG	0.0724096
AT	0.0644056
CA	0.0377464
CC	0.0953938
CG	0.00840886
CT	0.0604192
GA	0.0248528
GC	0.0665545
GG	0.0429475
GT	0.0427917
TA	0.0293687
TC	0.132985
TG	0.078763
TT	0.0786695
