kmer	count
sequence	0
AA	0.049456
AC	0.10431
AG	0.0818454
AT	0.0644465
CA	0.0369571
CC	0.0892368
CG	0.00730836
CT	0.0626194
GA	0.024292
GC	0.0620796
GG	0.0446391
GT	0.046051
TA	0.0282369
TC	0.134125
TG	0.0834648
TT	0.0809318
