kmer	count
sequence	0
AA	0.0524774
AC	0.106254
AG	0.0817594
AT	0.0636249
CA	0.0363033
CC	0.0926789
CG	0.00853727
CT	0.0610945
GA	0.0233664
GC	0.0633741
GG	0.0436324
GT	0.0419113
TA	0.0284614
TC	0.135684
TG	0.0824547
TT	0.0783856
