kmer	count
sequence	0
AA	0.0547712
AC	0.10658
AG	0.0848985
AT	0.0658011
CA	0.0337199
CC	0.0801084
CG	0.00825665
CT	0.0545821
GA	0.0206101
GC	0.056599
GG	0.0394554
GT	0.0409681
TA	0.0309467
TC	0.143325
TG	0.0864112
TT	0.0929661
