kmer	count
sequence	0
AA	0.0550254
AC	0.109672
AG	0.0761569
AT	0.0656669
CA	0.0345376
CC	0.0911914
CG	0.00704385
CT	0.0581686
GA	0.0256381
GC	0.0625237
GG	0.0393092
GT	0.0416193
TA	0.0302961
TC	0.136181
TG	0.0807771
TT	0.0861925
