kmer	count
sequence	0
AA	0.0530592
AC	0.108092
AG	0.0900537
AT	0.0571442
CA	0.0324046
CC	0.0890898
CG	0.0086749
CT	0.0560885
GA	0.0214807
GC	0.0650847
GG	0.0465415
GT	0.0408959
TA	0.0283196
TC	0.13912
TG	0.0885849
TT	0.075366
