kmer	count
sequence	0
AA	0.0505131
AC	0.0977609
AG	0.0803679
AT	0.0557777
CA	0.0303878
CC	0.105291
CG	0.0160602
CT	0.0611089
GA	0.023324
GC	0.0745035
GG	0.0530454
GT	0.0368519
TA	0.025923
TC	0.135079
TG	0.0777689
TT	0.0762362
