kmer	count
sequence	0
AA	0.0477816
AC	0.097317
AG	0.0770762
AT	0.0548445
CA	0.0341297
CC	0.101062
CG	0.0166382
CT	0.0538017
GA	0.0219947
GC	0.071862
GG	0.0511471
GT	0.0386803
TA	0.0285836
TC	0.148606
TG	0.0787827
TT	0.0776925
