kmer	count
sequence	0
AA	0.0514112
AC	0.112995
AG	0.0779559
AT	0.0648376
CA	0.0344568
CC	0.0982326
CG	0.00763803
CT	0.0621661
GA	0.0225031
GC	0.0660707
GG	0.0420606
GT	0.0449719
TA	0.02699
TC	0.13495
TG	0.0761406
TT	0.0766201
