kmer	count
sequence	0
AA	0.048724
AC	0.102593
AG	0.075993
AT	0.0495472
CA	0.0291727
CC	0.106452
CG	0.0168759
CT	0.0496501
GA	0.0189854
GC	0.0764561
GG	0.0475921
GT	0.0370447
TA	0.0298415
TC	0.158572
TG	0.0740893
TT	0.0784112
