kmer	count
sequence	0
AA	0.0476849
AC	0.0974912
AG	0.0744328
AT	0.0509131
CA	0.0333887
CC	0.103394
CG	0.0199225
CT	0.0555248
GA	0.0204759
GC	0.0735104
GG	0.0551559
GT	0.0389227
TA	0.0277624
TC	0.140841
TG	0.0795979
TT	0.0809814
