kmer	count
sequence	0
AA	0.0525364
AC	0.112695
AG	0.0862114
AT	0.0620102
CA	0.035096
CC	0.0819912
CG	0.00930152
CT	0.0533976
GA	0.0231677
GC	0.0594264
GG	0.0414693
GT	0.0372492
TA	0.0319094
TC	0.142709
TG	0.0901731
TT	0.0806563
