kmer	count
sequence	0
AA	0.0504241
AC	0.110091
AG	0.0840512
AT	0.0597005
CA	0.037669
CC	0.0952491
CG	0.00924331
CT	0.0574145
GA	0.0229923
GC	0.0630135
GG	0.0432348
GT	0.039723
TA	0.0278624
TC	0.136662
TG	0.082229
TT	0.08044
