kmer	count
sequence	0
AA	0.0499474
AC	0.102632
AG	0.0781579
AT	0.0535789
CA	0.0299474
CC	0.104947
CG	0.0159474
CT	0.0551579
GA	0.0243684
GC	0.0803684
GG	0.0511053
GT	0.0375263
TA	0.0278947
TC	0.142263
TG	0.0746842
TT	0.0714737
