kmer	count
sequence	0
AA	0.0530529
AC	0.116016
AG	0.0729434
AT	0.0611962
CA	0.0343059
CC	0.0962991
CG	0.00748493
CT	0.0558597
GA	0.0217617
GC	0.0670178
GG	0.0384296
GT	0.0408206
TA	0.0300783
TC	0.149976
TG	0.0761314
TT	0.0786264
