kmer	count
sequence	0
AA	0.0526608
AC	0.112158
AG	0.0860588
AT	0.0589893
CA	0.0335366
CC	0.0887842
CG	0.00891537
CT	0.0550628
GA	0.0244364
GC	0.0596822
GG	0.0439763
GT	0.0399113
TA	0.030534
TC	0.142323
TG	0.0846268
TT	0.0783444
