kmer	count
sequence	0
AA	0.0510487
AC	0.105768
AG	0.087191
AT	0.0578652
CA	0.0356929
CC	0.08603
CG	0.00835206
CT	0.0568165
GA	0.023221
GC	0.060412
GG	0.0434082
GT	0.0380524
TA	0.0313483
TC	0.142959
TG	0.0901873
TT	0.0816479
