kmer	count
sequence	0
AA	0.0541425
AC	0.110444
AG	0.089664
AT	0.0564026
CA	0.0305964
CC	0.0820739
CG	0.00819727
CT	0.0522197
GA	0.023175
GC	0.0603832
GG	0.0410876
GT	0.0360275
TA	0.0287411
TC	0.153016
TG	0.0928687
TT	0.0809607
