kmer	count
sequence	0
AA	0.0518795
AC	0.094984
AG	0.083363
AT	0.0482035
CA	0.0352781
CC	0.104115
CG	0.016305
CT	0.0525317
GA	0.0244871
GC	0.0737579
GG	0.0496858
GT	0.0353374
TA	0.0321357
TC	0.143365
TG	0.0812878
TT	0.0732835
