kmer	count
sequence	0
AA	0.0471976
AC	0.0937919
AG	0.0819254
AT	0.0568517
CA	0.0321802
CC	0.101234
CG	0.0189059
CT	0.0570528
GA	0.0241352
GC	0.0723384
GG	0.0512872
GT	0.041365
TA	0.0283588
TC	0.135291
TG	0.0799812
TT	0.078104
