kmer	count
sequence	0
AA	0.0488911
AC	0.107721
AG	0.0797182
AT	0.0630492
CA	0.0380109
CC	0.0974334
CG	0.00819501
CT	0.06012
GA	0.0234342
GC	0.0607128
GG	0.043172
GT	0.0421607
TA	0.0305482
TC	0.134049
TG	0.084705
TT	0.0780792
