kmer	count
sequence	0
AA	0.0498416
AC	0.110131
AG	0.0801148
AT	0.0652137
CA	0.0327567
CC	0.0876509
CG	0.00971996
CT	0.0589621
GA	0.0224801
GC	0.0590477
GG	0.039565
GT	0.0427336
TA	0.0323285
TC	0.14019
TG	0.0817847
TT	0.0874797
