kmer	count
sequence	0
AA	0.045392
AC	0.0964924
AG	0.0876891
AT	0.046011
CA	0.0306052
CC	0.110316
CG	0.0207015
CT	0.0526135
GA	0.0224209
GC	0.0780605
GG	0.0570839
GT	0.0360385
TA	0.0251032
TC	0.141128
TG	0.080055
TT	0.0702889
