kmer	count
sequence	0
AA	0.0527678
AC	0.112763
AG	0.0795304
AT	0.0589535
CA	0.0344947
CC	0.0946159
CG	0.00817396
CT	0.0560184
GA	0.0227861
GC	0.0667172
GG	0.039639
GT	0.03885
TA	0.0290033
TC	0.149056
TG	0.0783942
TT	0.0782364
