kmer	count
sequence	0
AA	0.0272416
AC	0.0653238
AG	0.0397608
AT	0.0343055
CA	0.103861
CC	0.11589
CG	0.0185341
CT	0.073297
GA	0.0468247
GC	0.0693104
GG	0.0629808
GT	0.0345853
TA	0.0494475
TC	0.12257
TG	0.0889985
TT	0.0470695
