kmer	count
sequence	0
AA	0.0557336
AC	0.106617
AG	0.0793781
AT	0.0651308
CA	0.0346873
CC	0.0874762
CG	0.00844448
CT	0.0588082
GA	0.023428
GC	0.0612333
GG	0.0412264
GT	0.0421791
TA	0.0318725
TC	0.139009
TG	0.0792049
TT	0.0855708
