kmer	count
sequence	0
AA	0.0525251
AC	0.0978902
AG	0.0791976
AT	0.0529077
CA	0.0282575
CC	0.101334
CG	0.0159051
CT	0.0541648
GA	0.0227919
GC	0.0787057
GG	0.0479886
GT	0.0380958
TA	0.0276563
TC	0.146535
TG	0.0851006
TT	0.0709445
