kmer	count
sequence	0
AA	0.0410384
AC	0.0779446
AG	0.0574096
AT	0.0436881
CA	0.077156
CC	0.102675
CG	0.0155195
CT	0.0538452
GA	0.0446975
GC	0.0640969
GG	0.0669674
GT	0.0387357
TA	0.0422371
TC	0.116996
TG	0.0964923
TT	0.0605009
