kmer	count
sequence	0
AA	0.0514234
AC	0.108987
AG	0.0831356
AT	0.0598311
CA	0.0372593
CC	0.0911248
CG	0.00903572
CT	0.054005
GA	0.0220486
GC	0.0622035
GG	0.0443064
GT	0.039213
TA	0.0290957
TC	0.137315
TG	0.088264
TT	0.0827519
