kmer	count
sequence	0
AA	0.0537576
AC	0.100728
AG	0.0759666
AT	0.0511512
CA	0.0341008
CC	0.102574
CG	0.0161273
CT	0.0533232
GA	0.0237837
GC	0.0727628
GG	0.0518028
GT	0.035404
TA	0.0300282
TC	0.142539
TG	0.0799305
TT	0.0760209
