kmer	count
sequence	0
AA	0.0559616
AC	0.103095
AG	0.0828745
AT	0.0597114
CA	0.0357889
CC	0.0803114
CG	0.00768939
CT	0.0574331
GA	0.0234004
GC	0.0611354
GG	0.0435732
GT	0.0415796
TA	0.0319916
TC	0.139975
TG	0.0906588
TT	0.0848206
