kmer	count
sequence	0
AA	0.0467112
AC	0.0992397
AG	0.081903
AT	0.0484967
CA	0.0316784
CC	0.111278
CG	0.019295
CT	0.0546596
GA	0.0236148
GC	0.0760857
GG	0.0495335
GT	0.03859
TA	0.0259187
TC	0.143647
TG	0.0798871
TT	0.069462
