kmer	count
sequence	0
AA	0.0508125
AC	0.112636
AG	0.0749761
AT	0.0617473
CA	0.035672
CC	0.0908048
CG	0.00711145
CT	0.0593003
GA	0.0241636
GC	0.0619002
GG	0.0376983
GT	0.0413305
TA	0.0307781
TC	0.147238
TG	0.078073
TT	0.085758
