kmer	count
sequence	0
AA	0.0482007
AC	0.0960439
AG	0.0754886
AT	0.0565419
CA	0.0309223
CC	0.106828
CG	0.0165634
CT	0.0598189
GA	0.0254409
GC	0.0731053
GG	0.0555291
GT	0.0433746
TA	0.0273475
TC	0.132031
TG	0.0738203
TT	0.0789442
