kmer	count
sequence	0
AA	0.0580715
AC	0.107095
AG	0.0802197
AT	0.0673899
CA	0.0329072
CC	0.086387
CG	0.00963356
CT	0.056631
GA	0.0239038
GC	0.0582516
GG	0.0383542
GT	0.0412803
TA	0.0310615
TC	0.138066
TG	0.0846313
TT	0.0861169
