kmer	count
sequence	0
AA	0.0543662
AC	0.0911509
AG	0.0868042
AT	0.0476839
CA	0.0317893
CC	0.0964707
CG	0.0202413
CT	0.0496951
GA	0.0229661
GC	0.0687687
GG	0.0526794
GT	0.0358116
TA	0.0302971
TC	0.149085
TG	0.0809654
TT	0.0812249
