kmer	count
sequence	0
AA	0.05555
AC	0.107204
AG	0.0811769
AT	0.062194
CA	0.0354181
CC	0.0771306
CG	0.00839245
CT	0.0563493
GA	0.0256769
GC	0.0627435
GG	0.041163
GT	0.0399141
TA	0.0327705
TC	0.147967
TG	0.0805275
TT	0.0858228
