kmer	count
sequence	0
AA	0.0556224
AC	0.110803
AG	0.0810659
AT	0.0604784
CA	0.0342323
CC	0.0925034
CG	0.00919014
CT	0.0549001
GA	0.0247612
GC	0.0635284
GG	0.0430612
GT	0.0396902
TA	0.0289349
TC	0.138334
TG	0.0869251
TT	0.0759692
