kmer	count
sequence	0
AA	0.0510692
AC	0.101083
AG	0.0767445
AT	0.0513506
CA	0.033202
CC	0.108329
CG	0.0172341
CT	0.0564856
GA	0.0214547
GC	0.0759004
GG	0.0501548
GT	0.0393922
TA	0.0296145
TC	0.135974
TG	0.0758301
TT	0.0761818
