kmer	count
sequence	0
AA	0.0609792
AC	0.110924
AG	0.073175
AT	0.0607468
CA	0.0378651
CC	0.0881584
CG	0.00923399
CT	0.0516871
GA	0.0282827
GC	0.065509
GG	0.0413497
GT	0.0389686
TA	0.0325222
TC	0.143214
TG	0.0774145
TT	0.0799698
