kmer	count
sequence	0
AA	0.0425943
AC	0.0885582
AG	0.064554
AT	0.0488036
CA	0.0650083
CC	0.0975314
CG	0.0134787
CT	0.0549371
GA	0.0335075
GC	0.0605785
GG	0.0543314
GT	0.0366879
TA	0.0445631
TC	0.132818
TG	0.0946918
TT	0.0673557
