kmer	count
sequence	0
AA	0.0553101
AC	0.113834
AG	0.0737468
AT	0.0621385
CA	0.0353872
CC	0.0898136
CG	0.00831459
CT	0.0532214
GA	0.0228952
GC	0.0663159
GG	0.0366324
GT	0.0409704
TA	0.0312098
TC	0.149502
TG	0.0777635
TT	0.0829451
