kmer	count
sequence	0
AA	0.0525369
AC	0.109239
AG	0.0802095
AT	0.0632021
CA	0.0327527
CC	0.0905276
CG	0.00747823
CT	0.0575855
GA	0.024959
GC	0.0639278
GG	0.0426606
GT	0.0413354
TA	0.03026
TC	0.139057
TG	0.0810299
TT	0.0832387
