kmer	count
sequence	0
AA	0.0510926
AC	0.113159
AG	0.0735705
AT	0.0549191
CA	0.0359309
CC	0.0962649
CG	0.00856758
CT	0.0532586
GA	0.0252214
GC	0.0638958
GG	0.0435358
GT	0.039228
TA	0.0317674
TC	0.15027
TG	0.083197
TT	0.0761215
