kmer	count
sequence	0
AA	0.0553533
AC	0.107673
AG	0.0834682
AT	0.065062
CA	0.0329693
CC	0.0852886
CG	0.00937163
CT	0.0600054
GA	0.0205636
GC	0.0606122
GG	0.0459817
GT	0.0424757
TA	0.0286543
TC	0.133293
TG	0.0846143
TT	0.0846143
