kmer	count
sequence	0
AA	0.0422893
AC	0.103926
AG	0.0740767
AT	0.0495842
CA	0.030413
CC	0.118445
CG	0.0197702
CT	0.0591345
GA	0.0227657
GC	0.087433
GG	0.0544122
GT	0.0397519
TA	0.0206865
TC	0.136348
TG	0.0741119
TT	0.0668523
