kmer	count
sequence	0
AA	0.0522372
AC	0.115143
AG	0.0826636
AT	0.0574662
CA	0.0330233
CC	0.0902614
CG	0.00826461
CT	0.0528514
GA	0.021495
GC	0.0636427
GG	0.0408142
GT	0.037954
TA	0.0301105
TC	0.149079
TG	0.0829444
TT	0.0820495
