kmer	count
sequence	0
AA	0.0441864
AC	0.0970516
AG	0.069232
AT	0.0603947
CA	0.0347151
CC	0.121661
CG	0.0157724
CT	0.0673694
GA	0.0261156
GC	0.0855592
GG	0.050646
GT	0.0457319
TA	0.0223508
TC	0.129944
TG	0.0609099
TT	0.0683601
