kmer	count
sequence	0
AA	0.0485573
AC	0.104106
AG	0.0829414
AT	0.0521164
CA	0.0273294
CC	0.106457
CG	0.0182408
CT	0.0533876
GA	0.0229439
GC	0.0747426
GG	0.0518622
GT	0.039278
TA	0.028092
TC	0.135312
TG	0.0811618
TT	0.0734715
