kmer	count
sequence	0
AA	0.0489571
AC	0.0957706
AG	0.0749131
AT	0.0483778
CA	0.0419467
CC	0.103013
CG	0.0179606
CT	0.0515643
GA	0.0256663
GC	0.0701622
GG	0.0534183
GT	0.0353998
TA	0.0320973
TC	0.141541
TG	0.0848204
TT	0.0743917
