kmer	count
sequence	0
AA	0.0478754
AC	0.0921813
AG	0.0832295
AT	0.0505382
CA	0.0324646
CC	0.0997734
CG	0.0196601
CT	0.0505382
GA	0.0233428
GC	0.0772805
GG	0.0584703
GT	0.0363173
TA	0.0272521
TC	0.144589
TG	0.0836261
TT	0.0728612
