kmer	count
sequence	0
AA	0.0541012
AC	0.106798
AG	0.0813859
AT	0.0597199
CA	0.0383518
CC	0.0883242
CG	0.00889627
CT	0.0573362
GA	0.0236666
GC	0.0607841
GG	0.0458009
GT	0.0396288
TA	0.0282212
TC	0.13885
TG	0.0863662
TT	0.081769
