kmer	count
sequence	0
AA	0.0483212
AC	0.0978524
AG	0.0844676
AT	0.0590593
CA	0.0305505
CC	0.0989867
CG	0.0176195
CT	0.0572444
GA	0.0231397
GC	0.0741833
GG	0.0510436
GT	0.0386419
TA	0.0273745
TC	0.137175
TG	0.0775106
TT	0.07683
