kmer	count
sequence	0
AA	0.052687
AC	0.10613
AG	0.0821548
AT	0.0623232
CA	0.0375255
CC	0.0865948
CG	0.0086825
CT	0.0580478
GA	0.0234493
GC	0.0595277
GG	0.0407814
GT	0.0415379
TA	0.0327567
TC	0.139578
TG	0.081826
TT	0.0863974
