kmer	count
sequence	0
AA	0.0505937
AC	0.112158
AG	0.0834194
AT	0.0625968
CA	0.0363965
CC	0.088668
CG	0.00757185
CT	0.0561865
GA	0.0232318
GC	0.0624677
GG	0.0407417
GT	0.0425486
TA	0.0306316
TC	0.139219
TG	0.0810962
TT	0.0824729
