kmer	count
sequence	0
AA	0.0500928
AC	0.111147
AG	0.0879749
AT	0.0526635
CA	0.0360611
CC	0.0904742
CG	0.00906884
CT	0.0547344
GA	0.0228863
GC	0.05984
GG	0.046451
GT	0.0364182
TA	0.0314553
TC	0.146458
TG	0.0877249
TT	0.0765496
