kmer	count
sequence	0
AA	0.0473028
AC	0.0991238
AG	0.0795569
AT	0.0491283
CA	0.0306795
CC	0.113305
CG	0.0168287
CT	0.0539773
GA	0.0220884
GC	0.0806065
GG	0.0507941
GT	0.0365211
TA	0.0250434
TC	0.146792
TG	0.0743314
TT	0.0739207
