kmer	count
sequence	0
AA	0.0465579
AC	0.100267
AG	0.079443
AT	0.0512414
CA	0.0305434
CC	0.110654
CG	0.0173868
CT	0.056013
GA	0.0230271
GC	0.080979
GG	0.0514932
GT	0.0371783
TA	0.0254067
TC	0.143262
TG	0.0759052
TT	0.0706426
