kmer	count
sequence	0
AA	0.0507327
AC	0.0975244
AG	0.0794849
AT	0.0557837
CA	0.0310835
CC	0.102631
CG	0.0158748
CT	0.0546736
GA	0.0223135
GC	0.0733237
GG	0.0470138
GT	0.0397425
TA	0.0306949
TC	0.145038
TG	0.0730462
TT	0.0810391
