kmer	count
sequence	0
AA	0.049228
AC	0.102109
AG	0.0798605
AT	0.0542089
CA	0.0296364
CC	0.0995351
CG	0.01652
CT	0.0542919
GA	0.0232442
GC	0.0761249
GG	0.0487299
GT	0.0361946
TA	0.027727
TC	0.145692
TG	0.0778682
TT	0.0790304
