kmer	count
sequence	0
AA	0.0571981
AC	0.10916
AG	0.0812052
AT	0.0605816
CA	0.0368565
CC	0.0862402
CG	0.00805607
CT	0.0578829
GA	0.0236446
GC	0.0609845
GG	0.0407234
GT	0.0399178
TA	0.0310562
TC	0.139169
TG	0.0860388
TT	0.0812857
