kmer	count
sequence	0
AA	0.0515535
AC	0.113228
AG	0.0795766
AT	0.0597211
CA	0.0338842
CC	0.0946295
CG	0.00836561
CT	0.0574318
GA	0.0228591
GC	0.0663826
GG	0.0425166
GT	0.0404596
TA	0.0280145
TC	0.143885
TG	0.0789483
TT	0.0785438
