kmer	count
sequence	0
AA	0.0473878
AC	0.104195
AG	0.0857753
AT	0.0601976
CA	0.0367967
CC	0.091008
CG	0.00916778
CT	0.0660583
GA	0.02428
GC	0.060365
GG	0.0470111
GT	0.0429086
TA	0.0288429
TC	0.13153
TG	0.0861102
TT	0.0783657
