kmer	count
sequence	0
AA	0.0473603
AC	0.095592
AG	0.0841107
AT	0.0520246
CA	0.0309585
CC	0.106048
CG	0.0183496
CT	0.0545874
GA	0.0220912
GC	0.0728344
GG	0.0535623
GT	0.0377242
TA	0.0243977
TC	0.141773
TG	0.0819067
TT	0.0766786
