kmer	count
sequence	0
AA	0.0566147
AC	0.108174
AG	0.0834296
AT	0.062825
CA	0.0367803
CC	0.0872328
CG	0.00895436
CT	0.0559407
GA	0.0260928
GC	0.0629212
GG	0.0420759
GT	0.0398614
TA	0.0324957
TC	0.134556
TG	0.084922
TT	0.0771231
