kmer	count
sequence	0
AA	0.0501921
AC	0.0992688
AG	0.0801834
AT	0.0562028
CA	0.0307969
CC	0.0986492
CG	0.0192713
CT	0.0564506
GA	0.0246623
GC	0.070207
GG	0.0533523
GT	0.0394101
TA	0.0282563
TC	0.139113
TG	0.0767133
TT	0.077271
