kmer	count
sequence	0
AA	0.0465272
AC	0.110914
AG	0.079941
AT	0.0661571
CA	0.0353714
CC	0.100241
CG	0.0084473
CT	0.0639582
GA	0.0234647
GC	0.0665594
GG	0.0443551
GT	0.0441673
TA	0.025181
TC	0.132663
TG	0.0776884
TT	0.0743631
