kmer	count
sequence	0
AA	0.0542572
AC	0.109079
AG	0.0752824
AT	0.0620765
CA	0.0403562
CC	0.0929626
CG	0.00929626
CT	0.0563423
GA	0.0271503
GC	0.0624674
GG	0.0400521
GT	0.0373154
TA	0.033927
TC	0.141225
TG	0.0768897
TT	0.0813206
