kmer	count
sequence	0
AA	0.0526316
AC	0.0963603
AG	0.0793401
AT	0.0508641
CA	0.0308327
CC	0.0999607
CG	0.0158418
CT	0.0542027
GA	0.0229118
GC	0.0748233
GG	0.0494239
GT	0.0342367
TA	0.0322728
TC	0.145588
TG	0.0810422
TT	0.0796675
