kmer	count
sequence	0
AA	0.0523492
AC	0.109649
AG	0.0843727
AT	0.0585437
CA	0.0361992
CC	0.0899588
CG	0.00923647
CT	0.0565526
GA	0.0244186
GC	0.0642128
GG	0.0430021
GT	0.0384392
TA	0.0301983
TC	0.14217
TG	0.0826858
TT	0.0780122
