kmer	count
sequence	0
AA	0.0509692
AC	0.0986688
AG	0.0813872
AT	0.051553
CA	0.0324031
CC	0.0966254
CG	0.018858
CT	0.0507356
GA	0.0241126
GC	0.0715787
GG	0.0523704
GT	0.0360813
TA	0.0294839
TC	0.149988
TG	0.0821462
TT	0.0730383
