kmer	count
sequence	0
AA	0.0359333
AC	0.0722431
AG	0.05234
AT	0.0467994
CA	0.0912856
CC	0.104841
CG	0.016568
CT	0.0651425
GA	0.0444325
GC	0.0573427
GG	0.0628833
GT	0.0389457
TA	0.0478214
TC	0.11603
TG	0.0903174
TT	0.0570737
