kmer	count
sequence	0
AA	0.0496358
AC	0.0936067
AG	0.085986
AT	0.0508497
CA	0.0308875
CC	0.100081
CG	0.0182762
CT	0.0541543
GA	0.0259644
GC	0.0690585
GG	0.0519288
GT	0.0394524
TA	0.0302131
TC	0.142501
TG	0.0788373
TT	0.0785676
