kmer	count
sequence	0
AA	0.0502634
AC	0.109443
AG	0.0770475
AT	0.0632423
CA	0.0348745
CC	0.0953971
CG	0.00967398
CT	0.0658244
GA	0.0250628
GC	0.0672014
GG	0.0455124
GT	0.04806
TA	0.0268186
TC	0.127862
TG	0.0737426
TT	0.0799738
