kmer	count
sequence	0
AA	0.0497807
AC	0.0993837
AG	0.0751452
AT	0.0511438
CA	0.0341946
CC	0.103058
CG	0.0184307
CT	0.0567145
GA	0.0247126
GC	0.0725376
GG	0.0495437
GT	0.0380467
TA	0.0296906
TC	0.142349
TG	0.077812
TT	0.0774564
