kmer	count
sequence	0
AA	0.0512031
AC	0.103743
AG	0.0872951
AT	0.0549227
CA	0.03801
CC	0.0911891
CG	0.0096478
CT	0.0566663
GA	0.021911
GC	0.0630013
GG	0.0470185
GT	0.0373707
TA	0.0323143
TC	0.139196
TG	0.0879344
TT	0.0785772
