kmer	count
sequence	0
AA	0.051388
AC	0.0967721
AG	0.0821175
AT	0.0550678
CA	0.0335055
CC	0.0963848
CG	0.0171078
CT	0.0584893
GA	0.0231117
GC	0.0697224
GG	0.0522272
GT	0.0372498
TA	0.0310523
TC	0.143254
TG	0.079277
TT	0.0732731
