kmer	count
sequence	0
AA	0.0426402
AC	0.093419
AG	0.0737928
AT	0.0462227
CA	0.0404206
CC	0.111371
CG	0.0208333
CT	0.0573209
GA	0.0299065
GC	0.0786604
GG	0.0548287
GT	0.0371885
TA	0.0279984
TC	0.141745
TG	0.0768302
TT	0.0668224
