kmer	count
sequence	0
AA	0.0444615
AC	0.0955099
AG	0.0824459
AT	0.0489626
CA	0.0329894
CC	0.10281
CG	0.0212427
CT	0.0516522
GA	0.0252498
GC	0.0745417
GG	0.0543419
GT	0.0354594
TA	0.0262927
TC	0.145461
TG	0.0834889
TT	0.0750906
