kmer	count
sequence	0
AA	0.051723
AC	0.114659
AG	0.0800013
AT	0.0635276
CA	0.0319611
CC	0.0950612
CG	0.00851638
CT	0.0567539
GA	0.0227542
GC	0.0635276
GG	0.0416283
GT	0.0415297
TA	0.0286729
TC	0.142707
TG	0.0808234
TT	0.0761541
