kmer	count
sequence	0
AA	0.0487143
AC	0.100495
AG	0.0874027
AT	0.0658174
CA	0.0339703
CC	0.091649
CG	0.00861052
CT	0.0590941
GA	0.0213494
GC	0.0612173
GG	0.0441142
GT	0.0448219
TA	0.027129
TC	0.12963
TG	0.0869309
TT	0.089054
