kmer	count
sequence	0
AA	0.0527938
AC	0.106173
AG	0.0828001
AT	0.0580225
CA	0.0360153
CC	0.0894334
CG	0.00889652
CT	0.0596613
GA	0.0227876
GC	0.0616903
GG	0.0443655
GT	0.0425706
TA	0.0303184
TC	0.138989
TG	0.0875605
TT	0.0779226
