kmer	count
sequence	0
AA	0.041373
AC	0.0929615
AG	0.0832567
AT	0.0458167
CA	0.0322811
CC	0.116457
CG	0.0215037
CT	0.0628767
GA	0.0233936
GC	0.0819798
GG	0.0577689
GT	0.03744
TA	0.0238533
TC	0.131883
TG	0.0782
TT	0.0689549
