kmer	count
sequence	0
AA	0.0483467
AC	0.0941062
AG	0.0856173
AT	0.0487913
CA	0.030156
CC	0.104657
CG	0.0168971
CT	0.0508529
GA	0.0215862
GC	0.076239
GG	0.0523486
GT	0.0364621
TA	0.0263966
TC	0.152114
TG	0.0776134
TT	0.0778155
