kmer	count
sequence	0
AA	0.0513575
AC	0.107605
AG	0.0840385
AT	0.0596938
CA	0.0343185
CC	0.0896609
CG	0.00866837
CT	0.0567853
GA	0.0227645
GC	0.0618351
GG	0.0426433
GT	0.0397233
TA	0.0311466
TC	0.141144
TG	0.0869929
TT	0.0816224
