kmer	count
sequence	0
AA	0.052018
AC	0.0988343
AG	0.0820381
AT	0.0498245
CA	0.03729
CC	0.100965
CG	0.018927
CT	0.055089
GA	0.0271998
GC	0.0674354
GG	0.0517674
GT	0.0362873
TA	0.0302707
TC	0.13744
TG	0.0817247
TT	0.0728879
