kmer	count
sequence	0
AA	0.050814
AC	0.111191
AG	0.0777366
AT	0.0589913
CA	0.035718
CC	0.0947391
CG	0.00883269
CT	0.0587158
GA	0.0235414
GC	0.0671165
GG	0.0425846
GT	0.0416536
TA	0.0285163
TC	0.140697
TG	0.0800676
TT	0.0790846
