kmer	count
sequence	0
AA	0.0495142
AC	0.111674
AG	0.0805244
AT	0.0626249
CA	0.0360314
CC	0.0878237
CG	0.00804314
CT	0.0612302
GA	0.0214794
GC	0.06216
GG	0.0405877
GT	0.0405412
TA	0.0300339
TC	0.141197
TG	0.0823841
TT	0.0841508
