kmer	count
sequence	0
AA	0.0498805
AC	0.101186
AG	0.0851416
AT	0.050754
CA	0.0291467
CC	0.0999448
CG	0.0167801
CT	0.048915
GA	0.0225726
GC	0.074384
GG	0.0493288
GT	0.0342038
TA	0.0278135
TC	0.151848
TG	0.0822913
TT	0.0758091
