kmer	count
sequence	0
AA	0.0545662
AC	0.104562
AG	0.0823812
AT	0.0590182
CA	0.0405405
CC	0.0840753
CG	0.00933733
CT	0.0565755
GA	0.0224175
GC	0.0596092
GG	0.0468048
GT	0.0402254
TA	0.0325821
TC	0.136553
TG	0.08573
TT	0.0850209
