kmer	count
sequence	0
AA	0.0521721
AC	0.109564
AG	0.0837828
AT	0.0602923
CA	0.0321327
CC	0.0850879
CG	0.00838118
CT	0.0553042
GA	0.0219535
GC	0.0635114
GG	0.0411809
GT	0.0400499
TA	0.0303637
TC	0.14509
TG	0.0870889
TT	0.0840438
