kmer	count
sequence	0
AA	0.0549876
AC	0.109751
AG	0.0763873
AT	0.0615592
CA	0.034936
CC	0.0897551
CG	0.00831274
CT	0.0556616
GA	0.0247135
GC	0.0625702
GG	0.0412829
GT	0.0394855
TA	0.0316221
TC	0.148225
TG	0.0808245
TT	0.0799259
