kmer	count
sequence	0
AA	0.0517363
AC	0.0982496
AG	0.0802513
AT	0.0513834
CA	0.0321146
CC	0.105449
CG	0.0148221
CT	0.0496894
GA	0.0210333
GC	0.0734754
GG	0.0463721
GT	0.0347261
TA	0.0295031
TC	0.155068
TG	0.0806042
TT	0.0755223
