kmer	count
sequence	0
AA	0.0506338
AC	0.110164
AG	0.074372
AT	0.0598295
CA	0.034985
CC	0.0943996
CG	0.00866559
CT	0.0565107
GA	0.0239226
GC	0.0653376
GG	0.0415994
GT	0.0402627
TA	0.0306983
TC	0.149389
TG	0.07882
TT	0.0804102
