kmer	count
sequence	0
AA	0.0478082
AC	0.103744
AG	0.0874429
AT	0.0498174
CA	0.0274429
CC	0.101507
CG	0.0147489
CT	0.050411
GA	0.0223288
GC	0.0782192
GG	0.0488128
GT	0.0356621
TA	0.0292694
TC	0.151324
TG	0.0783562
TT	0.073105
