kmer	count
sequence	0
AA	0.050406
AC	0.109403
AG	0.0769623
AT	0.0662535
CA	0.0376574
CC	0.0997921
CG	0.00717844
CT	0.0668027
GA	0.0269878
GC	0.0674303
GG	0.0430706
GT	0.0466795
TA	0.0267917
TC	0.121171
TG	0.075001
TT	0.0784137
