kmer	count
sequence	0
AA	0.0489656
AC	0.10206
AG	0.0791625
AT	0.0523857
CA	0.032032
CC	0.112029
CG	0.0174758
CT	0.0508008
GA	0.0230647
GC	0.0796213
GG	0.0497164
GT	0.0353687
TA	0.0254004
TC	0.146438
TG	0.0745329
TT	0.0709459
