kmer	count
sequence	0
AA	0.0555786
AC	0.10601
AG	0.0822291
AT	0.0615831
CA	0.0360861
CC	0.0853053
CG	0.00807501
CT	0.0575012
GA	0.0248166
GC	0.0609619
GG	0.0443978
GT	0.0401384
TA	0.0310282
TC	0.135678
TG	0.0846249
TT	0.0859856
