kmer	count
sequence	0
AA	0.0489283
AC	0.0898438
AG	0.0746695
AT	0.0605469
CA	0.0314503
CC	0.114433
CG	0.0180789
CT	0.0665064
GA	0.0222857
GC	0.0755208
GG	0.050631
GT	0.0455228
TA	0.0269932
TC	0.123698
TG	0.0730669
TT	0.0778245
