kmer	count
sequence	0
AA	0.0484033
AC	0.0980639
AG	0.0762509
AT	0.0534322
CA	0.0328137
CC	0.102087
CG	0.0169097
CT	0.0568896
GA	0.0252703
GC	0.0772567
GG	0.0496605
GT	0.0378426
TA	0.0320593
TC	0.141061
TG	0.0758109
TT	0.0761881
