kmer	count
sequence	0
AA	0.0525941
AC	0.100307
AG	0.0790282
AT	0.0540748
CA	0.0299989
CC	0.106614
CG	0.017056
CT	0.0573654
GA	0.0224306
GC	0.0773281
GG	0.0475485
GT	0.0381705
TA	0.0274213
TC	0.14122
TG	0.0733246
TT	0.0755183
