kmer	count
sequence	0
AA	0.0488473
AC	0.0993504
AG	0.0753407
AT	0.0548338
CA	0.0327665
CC	0.10798
CG	0.0157942
CT	0.0565215
GA	0.0241371
GC	0.0790027
GG	0.0492931
GT	0.0408865
TA	0.0278627
TC	0.140269
TG	0.0705324
TT	0.0765826
