kmer	count
sequence	0
AA	0.0512396
AC	0.105621
AG	0.0866021
AT	0.0554848
CA	0.0395653
CC	0.0890219
CG	0.00984887
CT	0.056631
GA	0.0229665
GC	0.0622347
GG	0.0475463
GT	0.0393955
TA	0.0286127
TC	0.138054
TG	0.0924605
TT	0.0747156
