kmer	count
sequence	0
AA	0.0319477
AC	0.0969121
AG	0.0528504
AT	0.0539786
CA	0.0354513
CC	0.11829
CG	0.0164489
CT	0.0586698
GA	0.0257126
GC	0.0814727
GG	0.0496437
GT	0.0393112
TA	0.0277316
TC	0.151603
TG	0.0789192
TT	0.081057
