kmer	count
sequence	0
AA	0.047194
AC	0.0975986
AG	0.0852061
AT	0.0529729
CA	0.0269038
CC	0.102671
CG	0.0183639
CT	0.054835
GA	0.0208681
GC	0.0744831
GG	0.0498266
GT	0.03737
TA	0.028188
TC	0.146205
TG	0.0815462
TT	0.0757673
