kmer	count
sequence	0
AA	0.048556
AC	0.102106
AG	0.0800241
AT	0.0518652
CA	0.0304452
CC	0.100903
CG	0.0181107
CT	0.0537304
GA	0.0251504
GC	0.0729242
GG	0.0461492
GT	0.0410951
TA	0.0297232
TC	0.146871
TG	0.0749699
TT	0.0773767
