kmer	count
sequence	0
AA	0.0460634
AC	0.103117
AG	0.0742251
AT	0.0527174
CA	0.0303082
CC	0.112518
CG	0.0168713
CT	0.0586417
GA	0.0218511
GC	0.0747403
GG	0.0479952
GT	0.0374345
TA	0.0272173
TC	0.144672
TG	0.0744398
TT	0.0771873
