kmer	count
sequence	0
AA	0.0481422
AC	0.109286
AG	0.0806961
AT	0.0584896
CA	0.0390378
CC	0.0927904
CG	0.00967547
CT	0.0546261
GA	0.0250622
GC	0.0634281
GG	0.0457905
GT	0.0392058
TA	0.029228
TC	0.144023
TG	0.0855002
TT	0.0750185
