kmer	count
sequence	0
AA	0.0548823
AC	0.107873
AG	0.0803165
AT	0.0612119
CA	0.0357005
CC	0.0878811
CG	0.00752605
CT	0.0602084
GA	0.0245079
GC	0.0662293
GG	0.0421845
GT	0.0443844
TA	0.0295639
TC	0.137785
TG	0.0779236
TT	0.0818217
