kmer	count
sequence	0
AA	0.0470429
AC	0.0986836
AG	0.0899719
AT	0.0425903
CA	0.0280225
CC	0.10212
CG	0.0163101
CT	0.0492692
GA	0.020424
GC	0.0750653
GG	0.054593
GT	0.0318943
TA	0.028942
TC	0.159471
TG	0.0858581
TT	0.0697416
