kmer	count
sequence	0
AA	0.0500166
AC	0.106967
AG	0.0787986
AT	0.0617852
CA	0.039169
CC	0.0979098
CG	0.00882646
CT	0.0638831
GA	0.0250211
GC	0.0668509
GG	0.0447208
GT	0.0460255
TA	0.0295239
TC	0.127997
TG	0.0802569
TT	0.0722491
