kmer	count
sequence	0
AA	0.0564243
AC	0.109243
AG	0.0797932
AT	0.0574668
CA	0.0364
CC	0.0880028
CG	0.00886109
CT	0.0538181
GA	0.0243246
GC	0.0620276
GG	0.0426983
GT	0.0397446
TA	0.0308401
TC	0.143776
TG	0.0850491
TT	0.0815307
