kmer	count
sequence	0
AA	0.0457974
AC	0.0983773
AG	0.0751141
AT	0.0515023
CA	0.0316937
CC	0.121038
CG	0.0192064
CT	0.0613273
GA	0.0259888
GC	0.0851293
GG	0.0565416
GT	0.0415505
TA	0.0208545
TC	0.133114
TG	0.0695994
TT	0.0631656
