kmer	count
sequence	0
AA	0.0539571
AC	0.106706
AG	0.0844345
AT	0.060422
CA	0.0359122
CC	0.0907928
CG	0.00863171
CT	0.0552714
GA	0.0239059
GC	0.0610969
GG	0.043052
GT	0.0390381
TA	0.0309392
TC	0.139457
TG	0.0876314
TT	0.0787511
