kmer	count
sequence	0
AA	0.0472279
AC	0.0943275
AG	0.0816222
AT	0.0564682
CA	0.0314425
CC	0.101643
CG	0.0188655
CT	0.0562115
GA	0.023229
GC	0.0698152
GG	0.049538
GT	0.0409394
TA	0.0264374
TC	0.136679
TG	0.0821355
TT	0.0834189
