kmer	count
sequence	0
AA	0.0486158
AC	0.0949816
AG	0.0858448
AT	0.0487522
CA	0.0331379
CC	0.100027
CG	0.0178644
CT	0.0554343
GA	0.0225692
GC	0.0709123
GG	0.0548207
GT	0.0355925
TA	0.0305468
TC	0.138824
TG	0.0835265
TT	0.078549
