kmer	count
sequence	0
AA	0.0507593
AC	0.094541
AG	0.0789438
AT	0.0490491
CA	0.0334519
CC	0.0999453
CG	0.0193597
CT	0.0515118
GA	0.0246272
GC	0.0724449
GG	0.0526748
GT	0.0374196
TA	0.0313996
TC	0.140785
TG	0.0846217
TT	0.0784649
