kmer	count
sequence	0
AA	0.0502826
AC	0.10677
AG	0.0823197
AT	0.062477
CA	0.0352009
CC	0.090951
CG	0.00844698
CT	0.0590367
GA	0.0225151
GC	0.065395
GG	0.0442929
GT	0.0432793
TA	0.0282283
TC	0.138101
TG	0.083364
TT	0.0793402
