kmer	count
sequence	0
AA	0.0466037
AC	0.100772
AG	0.0726977
AT	0.0496497
CA	0.034572
CC	0.117575
CG	0.0171591
CT	0.0524926
GA	0.0233526
GC	0.0766068
GG	0.050665
GT	0.035232
TA	0.02914
TC	0.147528
TG	0.0752868
TT	0.0706671
