kmer	count
sequence	0
AA	0.0523467
AC	0.112731
AG	0.0789644
AT	0.0569917
CA	0.0359076
CC	0.0895468
CG	0.00892641
CT	0.0531141
GA	0.024073
GC	0.0650295
GG	0.0424509
GT	0.0403102
TA	0.0287988
TC	0.148477
TG	0.0827611
TT	0.0795702
