kmer	count
sequence	0
AA	0.0506576
AC	0.11391
AG	0.0798326
AT	0.0607812
CA	0.0356317
CC	0.093623
CG	0.00753288
CT	0.0571542
GA	0.0234356
GC	0.0619769
GG	0.0411319
GT	0.043324
TA	0.0302112
TC	0.140614
TG	0.079992
TT	0.0801913
