kmer	count
sequence	0
AA	0.0541064
AC	0.108801
AG	0.0804331
AT	0.0595378
CA	0.0348717
CC	0.08839
CG	0.00889089
CT	0.0546599
GA	0.0239397
GC	0.0622708
GG	0.0428285
GT	0.0407874
TA	0.0338684
TC	0.144745
TG	0.0839618
TT	0.0779077
