kmer	count
sequence	0
AA	0.0512048
AC	0.0987025
AG	0.0785449
AT	0.0557808
CA	0.0300046
CC	0.0992238
CG	0.0171455
CT	0.0560125
GA	0.0225904
GC	0.0744323
GG	0.0499305
GT	0.0367817
TA	0.0286724
TC	0.143304
TG	0.0774444
TT	0.0802247
