kmer	count
sequence	0
AA	0.0458297
AC	0.0944831
AG	0.0820482
AT	0.0528345
CA	0.0302997
CC	0.104854
CG	0.0182993
CT	0.0545178
GA	0.0223175
GC	0.0731972
GG	0.0519114
GT	0.0373045
TA	0.0267159
TC	0.146449
TG	0.0782472
TT	0.0806907
