kmer	count
sequence	0
AA	0.0560107
AC	0.118403
AG	0.076729
AT	0.0605818
CA	0.0347878
CC	0.0967943
CG	0.0064114
CT	0.054111
GA	0.0222321
GC	0.0663698
GG	0.0392698
GT	0.0403087
TA	0.0273969
TC	0.147314
TG	0.0758088
TT	0.0774711
