kmer	count
sequence	0
AA	0.0553139
AC	0.110581
AG	0.0758793
AT	0.0627364
CA	0.0380579
CC	0.0925681
CG	0.0075643
CT	0.058056
GA	0.0249149
GC	0.066093
GG	0.0404217
GT	0.0410363
TA	0.0303517
TC	0.141972
TG	0.0789051
TT	0.0755484
