kmer	count
sequence	0
AA	0.0458744
AC	0.103487
AG	0.0751616
AT	0.0476832
CA	0.0320967
CC	0.110029
CG	0.017049
CT	0.0534175
GA	0.0240917
GC	0.0778171
GG	0.0460283
GT	0.0356758
TA	0.0272475
TC	0.154172
TG	0.0751616
TT	0.0750077
