kmer	count
sequence	0
AA	0.0473631
AC	0.0995969
AG	0.0799463
AT	0.0512261
CA	0.0289721
CC	0.104803
CG	0.0166275
CT	0.0579442
GA	0.0235136
GC	0.0831374
GG	0.0473631
GT	0.036782
TA	0.0241854
TC	0.151747
TG	0.0718844
TT	0.0749076
