kmer	count
sequence	0
AA	0.0525444
AC	0.092848
AG	0.0836541
AT	0.0542014
CA	0.0335151
CC	0.101561
CG	0.0169446
CT	0.0512615
GA	0.0241608
GC	0.0701304
GG	0.0519029
GT	0.0341565
TA	0.0291854
TC	0.145392
TG	0.0815694
TT	0.0769724
