kmer	count
sequence	0
AA	0.0542269
AC	0.101942
AG	0.088681
AT	0.0680796
CA	0.0336254
CC	0.0879706
CG	0.00769595
CT	0.0666588
GA	0.0210751
GC	0.0603836
GG	0.0432157
GT	0.0467677
TA	0.025219
TC	0.125858
TG	0.0837083
TT	0.0848923
