kmer	count
sequence	0
AA	0.0521668
AC	0.110012
AG	0.0871117
AT	0.057657
CA	0.0345065
CC	0.0876127
CG	0.00899716
CT	0.0547553
GA	0.0221902
GC	0.0622077
GG	0.0438377
GT	0.0391825
TA	0.0298514
TC	0.142806
TG	0.088239
TT	0.0788661
