kmer	count
sequence	0
AA	0.0539933
AC	0.105174
AG	0.0883015
AT	0.0619476
CA	0.0334244
CC	0.081713
CG	0.00859714
CT	0.0551985
GA	0.021292
GC	0.0629118
GG	0.050458
GT	0.039129
TA	0.0301302
TC	0.13201
TG	0.0902298
TT	0.0854893
