kmer	count
sequence	0
AA	0.047824
AC	0.0961263
AG	0.0790292
AT	0.0504543
CA	0.0321019
CC	0.102463
CG	0.0181731
CT	0.0575084
GA	0.0235533
GC	0.0770564
GG	0.0571497
GT	0.0367049
TA	0.0292324
TC	0.143113
TG	0.0786107
TT	0.0708991
