kmer	count
sequence	0
AA	0.0537652
AC	0.0956596
AG	0.0791385
AT	0.0569471
CA	0.0320225
CC	0.10802
CG	0.0152566
CT	0.0567023
GA	0.0237007
GC	0.0774659
GG	0.0479726
GT	0.0398548
TA	0.0264747
TC	0.140654
TG	0.0711022
TT	0.0752631
