kmer	count
sequence	0
AA	0.0581538
AC	0.102468
AG	0.0831061
AT	0.0651077
CA	0.0343605
CC	0.0799018
CG	0.0078402
CT	0.0587674
GA	0.0236569
GC	0.058631
GG	0.0394737
GT	0.044246
TA	0.0317698
TC	0.139555
TG	0.0848786
TT	0.0880829
