kmer	count
sequence	0
AA	0.0517967
AC	0.104964
AG	0.0837658
AT	0.0612455
CA	0.0362283
CC	0.0855772
CG	0.00974249
CT	0.053755
GA	0.0227161
GC	0.0580633
GG	0.0431803
GT	0.0421032
TA	0.0314305
TC	0.140507
TG	0.0921375
TT	0.0827866
