kmer	count
sequence	0
AA	0.0438604
AC	0.0984493
AG	0.0833033
AT	0.0513884
CA	0.0310584
CC	0.0998017
CG	0.0201046
CT	0.0554454
GA	0.0218175
GC	0.0746484
GG	0.0526055
GT	0.0334926
TA	0.0295258
TC	0.144699
TG	0.0863686
TT	0.0734313
