kmer	count
sequence	0
AA	0.0468994
AC	0.111282
AG	0.076289
AT	0.0648403
CA	0.0358009
CC	0.0981089
CG	0.0090243
CT	0.062335
GA	0.0238672
GC	0.0699855
GG	0.0426162
GT	0.0469264
TA	0.0260762
TC	0.130489
TG	0.0792522
TT	0.0762082
