kmer	count
sequence	0
AA	0.0489976
AC	0.0955553
AG	0.0841467
AT	0.0478765
CA	0.0326431
CC	0.0983909
CG	0.0177394
CT	0.0534819
GA	0.0251253
GC	0.0729359
GG	0.0532841
GT	0.0372593
TA	0.0314561
TC	0.143234
TG	0.080124
TT	0.0777499
