kmer	count
sequence	0
AA	0.0495514
AC	0.106389
AG	0.0739729
AT	0.0470215
CA	0.0314039
CC	0.108413
CG	0.0181475
CT	0.0510018
GA	0.0232409
GC	0.0780206
GG	0.0487756
GT	0.0321123
TA	0.0287391
TC	0.155704
TG	0.077346
TT	0.0701612
