kmer	count
sequence	0
AA	0.0503402
AC	0.0918055
AG	0.0742037
AT	0.0578838
CA	0.0371265
CC	0.104822
CG	0.0196233
CT	0.0665122
GA	0.029435
GC	0.0790356
GG	0.05177
GT	0.0437334
TA	0.0284982
TC	0.121586
TG	0.0708017
TT	0.0728232
