kmer	count
sequence	0
AA	0.0516508
AC	0.10514
AG	0.0763408
AT	0.0699611
CA	0.037017
CC	0.0958045
CG	0.00785755
CT	0.0635092
GA	0.0243656
GC	0.0675822
GG	0.0426399
GT	0.0463163
TA	0.0270329
TC	0.124856
TG	0.0768094
TT	0.0831171
