kmer	count
sequence	0
AA	0.0375976
AC	0.0956156
AG	0.0523123
AT	0.0566967
CA	0.0378979
CC	0.115736
CG	0.0209009
CT	0.0563964
GA	0.0239039
GC	0.0756156
GG	0.0479279
GT	0.0393393
TA	0.0272673
TC	0.154474
TG	0.0755556
TT	0.0827628
