kmer	count
sequence	0
AA	0.0495096
AC	0.102543
AG	0.0775271
AT	0.0497642
CA	0.0304963
CC	0.104901
CG	0.0158109
CT	0.0524708
GA	0.0228052
GC	0.0765891
GG	0.0489602
GT	0.037169
TA	0.0288348
TC	0.152415
TG	0.0755172
TT	0.0746865
