kmer	count
sequence	0
AA	0.05043
AC	0.109923
AG	0.079251
AT	0.0561452
CA	0.037911
CC	0.0923416
CG	0.0085184
CT	0.0567712
GA	0.023759
GC	0.0622415
GG	0.042973
GT	0.038673
TA	0.0310799
TC	0.148541
TG	0.0818093
TT	0.079632
