kmer	count
sequence	0
AA	0.0456653
AC	0.102086
AG	0.0727231
AT	0.0558511
CA	0.0513842
CC	0.0985006
CG	0.0101573
CT	0.0594645
GA	0.0291917
GC	0.0687968
GG	0.0477139
GT	0.0409992
TA	0.0315816
TC	0.132358
TG	0.0824821
TT	0.0710445
