kmer	count
sequence	0
AA	0.0488961
AC	0.0937305
AG	0.0856592
AT	0.0502499
CA	0.0306707
CC	0.103676
CG	0.0214539
CT	0.0521766
GA	0.022235
GC	0.0742033
GG	0.0550406
GT	0.0350448
TA	0.0289523
TC	0.140335
TG	0.0827953
TT	0.0748802
