kmer	count
sequence	0
AA	0.0532492
AC	0.10753
AG	0.0798148
AT	0.0592935
CA	0.0350867
CC	0.087245
CG	0.00858002
CT	0.0595884
GA	0.0245312
GC	0.0618292
GG	0.0415733
GT	0.0412195
TA	0.0297205
TC	0.140818
TG	0.084326
TT	0.0855938
