kmer	count
sequence	0
AA	0.0541693
AC	0.0942947
AG	0.0850157
AT	0.0541693
CA	0.0292163
CC	0.100313
CG	0.019185
CT	0.0547962
GA	0.0240125
GC	0.0694044
GG	0.0481505
GT	0.0380564
TA	0.030094
TC	0.141693
TG	0.0801881
TT	0.0772414
