kmer	count
sequence	0
AA	0.0502944
AC	0.096455
AG	0.086371
AT	0.0490417
CA	0.0333834
CC	0.0970187
CG	0.0169109
CT	0.0519855
GA	0.0247401
GC	0.0704622
GG	0.0478517
GT	0.0376425
TA	0.0321308
TC	0.144808
TG	0.0825504
TT	0.078354
