kmer	count
sequence	0
AA	0.0537554
AC	0.0925981
AG	0.0712446
AT	0.0537059
CA	0.0349782
CC	0.10652
CG	0.0187277
CT	0.057174
GA	0.0222949
GC	0.0719877
GG	0.0484047
GT	0.0404281
TA	0.0292806
TC	0.140557
TG	0.0764467
TT	0.0818966
