kmer	count
sequence	0
AA	0.046532
AC	0.0998997
AG	0.0758184
AT	0.0492914
CA	0.0348677
CC	0.102784
CG	0.0181237
CT	0.053932
GA	0.0246457
GC	0.073937
GG	0.0528032
GT	0.0345541
TA	0.0316694
TC	0.143735
TG	0.0824031
TT	0.0750031
