kmer	count
sequence	0
AA	0.0450134
AC	0.0999897
AG	0.0817159
AT	0.0482655
CA	0.0329341
CC	0.102003
CG	0.0187384
CT	0.0511563
GA	0.0223002
GC	0.0751084
GG	0.0506401
GT	0.034586
TA	0.0293207
TC	0.154605
TG	0.0808383
TT	0.0727855
