kmer	count
sequence	0
AA	0.0485422
AC	0.1054
AG	0.0751929
AT	0.0520489
CA	0.03156
CC	0.112363
CG	0.0154293
CT	0.053702
GA	0.0219417
GC	0.0802525
GG	0.0497946
GT	0.037371
TA	0.0263
TC	0.143823
TG	0.073139
TT	0.073139
