kmer	count
sequence	0
AA	0.05403
AC	0.114459
AG	0.0787363
AT	0.0632645
CA	0.036452
CC	0.0927096
CG	0.00854597
CT	0.0579992
GA	0.0219522
GC	0.062819
GG	0.0422843
GT	0.0413528
TA	0.0281896
TC	0.136371
TG	0.0803564
TT	0.0804779
