kmer	count
sequence	0
AA	0.0531872
AC	0.112443
AG	0.0771813
AT	0.0592157
CA	0.0350462
CC	0.0917978
CG	0.00795018
CT	0.0564726
GA	0.0239064
GC	0.0645982
GG	0.0402692
GT	0.0403968
TA	0.0298152
TC	0.147306
TG	0.0811923
TT	0.0792227
