kmer	count
sequence	0
AA	0.047271
AC	0.100181
AG	0.0823587
AT	0.0582011
CA	0.0302144
CC	0.101573
CG	0.0169173
CT	0.052562
GA	0.0229741
GC	0.0714286
GG	0.0466444
GT	0.0416319
TA	0.02555
TC	0.142091
TG	0.0826371
TT	0.0777639
