kmer	count
sequence	0
AA	0.0492418
AC	0.108632
AG	0.090665
AT	0.0589559
CA	0.0328147
CC	0.0867951
CG	0.00935871
CT	0.0561523
GA	0.0221529
GC	0.0603775
GG	0.0459643
GT	0.041976
TA	0.0261412
TC	0.141526
TG	0.0909809
TT	0.0782657
