kmer	count
sequence	0
AA	0.0519553
AC	0.109024
AG	0.0807907
AT	0.0586592
CA	0.040911
CC	0.0899441
CG	0.00992694
CT	0.0558229
GA	0.0230769
GC	0.0628277
GG	0.0417705
GT	0.0418565
TA	0.0304684
TC	0.140009
TG	0.0858187
TT	0.0771379
