kmer	count
sequence	0
AA	0.0263293
AC	0.0587148
AG	0.0401868
AT	0.0313077
CA	0.0857114
CC	0.132314
CG	0.0382878
CT	0.065541
GA	0.0456272
GC	0.078526
GG	0.0695442
GT	0.0289982
TA	0.0435742
TC	0.122921
TG	0.0811948
TT	0.0512215
