kmer	count
sequence	0
AA	0.0480169
AC	0.0989952
AG	0.0809096
AT	0.0525648
CA	0.0303014
CC	0.106187
CG	0.019302
CT	0.0549445
GA	0.0239027
GC	0.0826018
GG	0.0519302
GT	0.0363829
TA	0.026018
TC	0.140349
TG	0.0750397
TT	0.0725542
