kmer	count
sequence	0
AA	0.0503866
AC	0.100399
AG	0.0809429
AT	0.0495136
CA	0.031554
CC	0.105637
CG	0.0174607
CT	0.0501372
GA	0.0254428
GC	0.0762035
GG	0.0541282
GT	0.0372287
TA	0.028436
TC	0.142866
TG	0.0749563
TT	0.0747069
