kmer	count
sequence	0
AA	0.0415409
AC	0.107814
AG	0.0548709
AT	0.0705064
CA	0.0329058
CC	0.0958669
CG	0.00767103
CT	0.0651828
GA	0.0222166
GC	0.0663146
GG	0.0364269
GT	0.0473675
TA	0.026618
TC	0.152289
TG	0.0777163
TT	0.0946932
