kmer	count
sequence	0
AA	0.0479289
AC	0.0988919
AG	0.0767303
AT	0.053997
CA	0.0318354
CC	0.112347
CG	0.0162695
CT	0.0537332
GA	0.0233928
GC	0.0781813
GG	0.0501715
GT	0.0394864
TA	0.0269985
TC	0.141852
TG	0.0757629
TT	0.0724211
