kmer	count
sequence	0
AA	0.0478397
AC	0.0983331
AG	0.0819255
AT	0.0520631
CA	0.0331141
CC	0.114628
CG	0.0178278
CT	0.053745
GA	0.0229481
GC	0.0782254
GG	0.0511287
GT	0.0379354
TA	0.0256391
TC	0.137614
TG	0.0777022
TT	0.0693302
