kmer	count
sequence	0
AA	0.0518939
AC	0.112424
AG	0.0768434
AT	0.0605051
CA	0.0353788
CC	0.0908333
CG	0.00838384
CT	0.0593939
GA	0.0246717
GC	0.0636364
GG	0.0444192
GT	0.0421465
TA	0.0291919
TC	0.139874
TG	0.0799495
TT	0.0804545
