kmer	count
sequence	0
AA	0.0485289
AC	0.0998868
AG	0.0766452
AT	0.0536212
CA	0.0342967
CC	0.110115
CG	0.0194986
CT	0.0544916
GA	0.0228499
GC	0.0759053
GG	0.0481372
GT	0.036821
TA	0.0271588
TC	0.141757
TG	0.0767322
TT	0.073555
