kmer	count
sequence	0
AA	0.0463373
AC	0.101193
AG	0.0771295
AT	0.0531516
CA	0.0307922
CC	0.110264
CG	0.0181857
CT	0.0539182
GA	0.022402
GC	0.0801959
GG	0.0545571
GT	0.0361158
TA	0.0253833
TC	0.141141
TG	0.0779813
TT	0.0712521
