kmer	count
sequence	0
AA	0.0429569
AC	0.0856885
AG	0.0600158
AT	0.0524716
CA	0.0806779
CC	0.0984123
CG	0.0141876
CT	0.0577638
GA	0.0359757
GC	0.0561311
GG	0.0510078
GT	0.0338926
TA	0.047292
TC	0.123241
TG	0.0930638
TT	0.0672222
