kmer	count
sequence	0
AA	0.0545837
AC	0.111087
AG	0.0789345
AT	0.0586066
CA	0.0342862
CC	0.0871632
CG	0.00780202
CT	0.0533951
GA	0.0239851
GC	0.0635438
GG	0.0461721
GT	0.0391015
TA	0.0303547
TC	0.14388
TG	0.0879251
TT	0.0791783
