kmer	count
sequence	0
AA	0.0525162
AC	0.100219
AG	0.0839211
AT	0.0614754
CA	0.0377907
CC	0.0864945
CG	0.00857796
CT	0.0574724
GA	0.0258769
GC	0.0601887
GG	0.043557
GT	0.0420797
TA	0.0315478
TC	0.138725
TG	0.0872093
TT	0.0823485
