kmer	count
sequence	0
AA	0.0513199
AC	0.109512
AG	0.083692
AT	0.0595735
CA	0.0342989
CC	0.0898902
CG	0.00879954
CT	0.0605048
GA	0.0246323
GC	0.0631062
GG	0.0449611
GT	0.043805
TA	0.0268482
TC	0.132957
TG	0.0843985
TT	0.0817008
