kmer	count
sequence	0
AA	0.0489269
AC	0.104021
AG	0.0852726
AT	0.0596579
CA	0.036099
CC	0.0940301
CG	0.0101965
CT	0.0655374
GA	0.0249979
GC	0.0668119
GG	0.0501192
GT	0.0421018
TA	0.0261492
TC	0.127539
TG	0.0848614
TT	0.0736782
