kmer	count
sequence	0
AA	0.0554471
AC	0.106304
AG	0.0758693
AT	0.0661823
CA	0.0391455
CC	0.0860262
CG	0.00853033
CT	0.063616
GA	0.0245066
GC	0.0599292
GG	0.0415311
GT	0.0413504
TA	0.0301815
TC	0.135907
TG	0.075797
TT	0.0896769
