kmer	count
sequence	0
AA	0.0464226
AC	0.105528
AG	0.0743798
AT	0.0474994
CA	0.0309484
CC	0.109795
CG	0.0155938
CT	0.0524448
GA	0.022294
GC	0.0828348
GG	0.0467416
GT	0.0348169
TA	0.0267608
TC	0.154383
TG	0.0739411
TT	0.0756162
