kmer	count
sequence	0
AA	0.0529584
AC	0.108546
AG	0.0864861
AT	0.0633977
CA	0.0366899
CC	0.0904103
CG	0.0100583
CT	0.0568827
GA	0.0238122
GC	0.060845
GG	0.0434716
GT	0.0407285
TA	0.0286128
TC	0.132548
TG	0.0858384
TT	0.0787138
