kmer	count
sequence	0
AA	0.0513556
AC	0.111517
AG	0.0786074
AT	0.0562778
CA	0.0356489
CC	0.093333
CG	0.0088141
CT	0.0538249
GA	0.0242183
GC	0.065697
GG	0.0444957
GT	0.0394999
TA	0.0288134
TC	0.147624
TG	0.0833006
TT	0.0769721
