kmer	count
sequence	0
AA	0.0472112
AC	0.0950851
AG	0.0782604
AT	0.0496074
CA	0.0402774
CC	0.106709
CG	0.022229
CT	0.0511369
GA	0.0248802
GC	0.073162
GG	0.053992
GT	0.034975
TA	0.0304374
TC	0.1373
TG	0.0841746
TT	0.0705618
