kmer	count
sequence	0
AA	0.0514547
AC	0.107037
AG	0.0774225
AT	0.0660816
CA	0.0370682
CC	0.0898052
CG	0.0079346
CT	0.0652801
GA	0.0238439
GC	0.0605113
GG	0.0431594
GT	0.0438006
TA	0.0292538
TC	0.13044
TG	0.0839945
TT	0.0829126
