kmer	count
sequence	0
AA	0.0486292
AC	0.0973584
AG	0.0782469
AT	0.0540324
CA	0.0335701
CC	0.101561
CG	0.0174605
CT	0.051731
GA	0.0227637
GC	0.073294
GG	0.0534321
GT	0.0378727
TA	0.0288673
TC	0.142435
TG	0.081699
TT	0.0770462
