kmer	count
sequence	0
AA	0.048799
AC	0.107754
AG	0.0839022
AT	0.0621997
CA	0.0362832
CC	0.0876528
CG	0.0102402
CT	0.0610198
GA	0.0214918
GC	0.0613148
GG	0.0429414
GT	0.0409187
TA	0.02815
TC	0.13759
TG	0.0855879
TT	0.0841551
