kmer	count
sequence	0
AA	0.0544016
AC	0.111886
AG	0.08
AT	0.058215
CA	0.0365923
CC	0.0901014
CG	0.0093712
CT	0.0552941
GA	0.0240974
GC	0.0615416
GG	0.0421501
GT	0.0404057
TA	0.0313996
TC	0.144909
TG	0.0845842
TT	0.0750507
