kmer	count
sequence	0
AA	0.0530182
AC	0.10732
AG	0.079129
AT	0.063374
CA	0.0385466
CC	0.0897061
CG	0.00885112
CT	0.0600106
GA	0.0272172
GC	0.0639494
GG	0.0452735
GT	0.0404054
TA	0.0286776
TC	0.132811
TG	0.0792176
TT	0.0824925
