kmer	count
sequence	0
AA	0.0548525
AC	0.107271
AG	0.088387
AT	0.0578215
CA	0.0393264
CC	0.0894091
CG	0.00910153
CT	0.053149
GA	0.0242383
GC	0.0578215
GG	0.0462377
GT	0.0396671
TA	0.0305656
TC	0.1392
TG	0.0877543
TT	0.0751971
