kmer	count
sequence	0
AA	0.0534062
AC	0.107548
AG	0.0869954
AT	0.0593987
CA	0.0347456
CC	0.0839992
CG	0.00867325
CT	0.0561396
GA	0.023812
GC	0.0589256
GG	0.0453112
GT	0.0405278
TA	0.0304352
TC	0.139193
TG	0.0886249
TT	0.0822645
