kmer	count
sequence	0
AA	0.0501528
AC	0.10489
AG	0.0787492
AT	0.0484065
CA	0.0324165
CC	0.103635
CG	0.016372
CT	0.0523357
GA	0.0233573
GC	0.0761297
GG	0.0539184
GT	0.0364003
TA	0.0291421
TC	0.142927
TG	0.0797861
TT	0.0713818
