kmer	count
sequence	0
AA	0.0492801
AC	0.0971691
AG	0.0811713
AT	0.0545837
CA	0.033091
CC	0.104942
CG	0.017841
CT	0.0561313
GA	0.0225534
GC	0.0724247
GG	0.0505843
GT	0.0393163
TA	0.028396
TC	0.139737
TG	0.0772066
TT	0.0755721
