kmer	count
sequence	0
AA	0.0494007
AC	0.10879
AG	0.0885216
AT	0.0600436
CA	0.0369778
CC	0.0879404
CG	0.009081
CT	0.0605158
GA	0.0219034
GC	0.063676
GG	0.0443153
GT	0.0403923
TA	0.0300036
TC	0.131566
TG	0.0875045
TT	0.079368
