kmer	count
sequence	0
AA	0.0487086
AC	0.109885
AG	0.081598
AT	0.0606846
CA	0.0330682
CC	0.0909375
CG	0.00880329
CT	0.0583162
GA	0.0206006
GC	0.063902
GG	0.0461614
GT	0.0431227
TA	0.028242
TC	0.139155
TG	0.0847261
TT	0.0820896
