kmer	count
sequence	0
AA	0.0532066
AC	0.107052
AG	0.0874362
AT	0.0540934
CA	0.0357548
CC	0.0890323
CG	0.00890323
CT	0.0498368
GA	0.0249716
GC	0.0633158
GG	0.0451192
GT	0.0371027
TA	0.0309662
TC	0.145644
TG	0.0902738
TT	0.0772914
