kmer	count
sequence	0
AA	0.035988
AC	0.0754347
AG	0.0482333
AT	0.0434661
CA	0.0744999
CC	0.115255
CG	0.0280426
CT	0.060759
GA	0.0423444
GC	0.064685
GG	0.0642176
GT	0.0346794
TA	0.0502898
TC	0.121051
TG	0.0830062
TT	0.0580482
