kmer	count
sequence	0
AA	0.0474402
AC	0.0956894
AG	0.0761008
AT	0.054952
CA	0.0337455
CC	0.101757
CG	0.0192419
CT	0.0577834
GA	0.0236912
GC	0.074714
GG	0.049347
GT	0.0396394
TA	0.0269271
TC	0.143592
TG	0.0783543
TT	0.0770253
