kmer	count
sequence	0
AA	0.0507409
AC	0.10118
AG	0.0749052
AT	0.0558666
CA	0.0316161
CC	0.112982
CG	0.015765
CT	0.0603032
GA	0.0245951
GC	0.075939
GG	0.0456582
GT	0.0386802
TA	0.0273088
TC	0.137836
TG	0.073613
TT	0.07301
