kmer	count
sequence	0
AA	0.0562738
AC	0.103929
AG	0.080928
AT	0.0645921
CA	0.0370816
CC	0.0830327
CG	0.00876929
CT	0.0640409
GA	0.0234015
GC	0.0584787
GG	0.0412908
GT	0.040439
TA	0.0318701
TC	0.136601
TG	0.0824313
TT	0.0868411
