kmer	count
sequence	0
AA	0.0477369
AC	0.0994077
AG	0.0789427
AT	0.0536156
CA	0.0295262
CC	0.112933
CG	0.0153377
CT	0.0546322
GA	0.0227634
GC	0.0833628
GG	0.0468529
GT	0.0351397
TA	0.0256365
TC	0.147366
TG	0.074611
TT	0.0721358
