kmer	count
sequence	0
AA	0.050892
AC	0.0994624
AG	0.074719
AT	0.0580401
CA	0.0331745
CC	0.102761
CG	0.016129
CT	0.0565738
GA	0.0208333
GC	0.0769184
GG	0.0461266
GT	0.036718
TA	0.027737
TC	0.143328
TG	0.0783847
TT	0.0782014
