kmer	count
sequence	0
AA	0.0437798
AC	0.0964889
AG	0.0820113
AT	0.0536628
CA	0.0319029
CC	0.108973
CG	0.0199393
CT	0.0563069
GA	0.0225834
GC	0.0776766
GG	0.0554833
GT	0.0380147
TA	0.0251409
TC	0.140702
TG	0.0783268
TT	0.0690074
