kmer	count
sequence	0
AA	0.0532943
AC	0.108904
AG	0.0773418
AT	0.0624746
CA	0.0368836
CC	0.086319
CG	0.00739296
CT	0.0601592
GA	0.0241287
GC	0.0605248
GG	0.0409456
GT	0.0439516
TA	0.0303843
TC	0.141157
TG	0.0825006
TT	0.083638
