kmer	count
sequence	0
AA	0.0489437
AC	0.0991594
AG	0.0844486
AT	0.0522619
CA	0.0313572
CC	0.106459
CG	0.0184714
CT	0.0563544
GA	0.0234487
GC	0.0724477
GG	0.0498286
GT	0.0372746
TA	0.0269329
TC	0.140692
TG	0.0772592
TT	0.0746599
