kmer	count
sequence	0
AA	0.0561358
AC	0.103371
AG	0.078329
AT	0.066817
CA	0.0383337
CC	0.0863399
CG	0.0090197
CT	0.0646808
GA	0.026169
GC	0.0554237
GG	0.0414788
GT	0.046404
TA	0.0307975
TC	0.131972
TG	0.0764894
TT	0.0882388
