kmer	count
sequence	0
AA	0.0535258
AC	0.107326
AG	0.0824808
AT	0.0625228
CA	0.0387742
CC	0.0858148
CG	0.00949945
CT	0.0570424
GA	0.0253014
GC	0.06097
GG	0.0469949
GT	0.0430672
TA	0.0293204
TC	0.132033
TG	0.0843076
TT	0.0810194
