kmer	count
sequence	0
AA	0.043062
AC	0.0967711
AG	0.0644825
AT	0.0544673
CA	0.0369329
CC	0.128839
CG	0.0153229
CT	0.0666625
GA	0.0333628
GC	0.0871351
GG	0.0525401
GT	0.0462846
TA	0.0239795
TC	0.121856
TG	0.0594907
TT	0.0688108
