kmer	count
sequence	0
AA	0.0426418
AC	0.0968159
AG	0.0687444
AT	0.0451733
CA	0.0470297
CC	0.113636
CG	0.0236274
CT	0.0587309
GA	0.0279028
GC	0.0743699
GG	0.0527678
GT	0.0367912
TA	0.0307718
TC	0.137939
TG	0.0746512
TT	0.0684068
