kmer	count
sequence	0
AA	0.0522298
AC	0.107188
AG	0.0880602
AT	0.0533598
CA	0.0337082
CC	0.0895761
CG	0.00959153
CT	0.0543796
GA	0.0233173
GC	0.0598644
GG	0.0473513
GT	0.0390001
TA	0.0257979
TC	0.145361
TG	0.0940411
TT	0.0771733
