kmer	count
sequence	0
AA	0.0491577
AC	0.105411
AG	0.0759571
AT	0.0540582
CA	0.0299132
CC	0.112251
CG	0.0177642
CT	0.0507912
GA	0.0213885
GC	0.0742215
GG	0.0496682
GT	0.0354773
TA	0.0268504
TC	0.148443
TG	0.0757019
TT	0.0729454
