kmer	count
sequence	0
AA	0.0515337
AC	0.102548
AG	0.0840963
AT	0.0480415
CA	0.0282209
CC	0.103398
CG	0.0163285
CT	0.0524304
GA	0.0192072
GC	0.0773006
GG	0.0515337
GT	0.0357716
TA	0.0283152
TC	0.145021
TG	0.0807456
TT	0.0755073
