kmer	count
sequence	0
AA	0.0491906
AC	0.110439
AG	0.082026
AT	0.0611232
CA	0.0368825
CC	0.0872413
CG	0.00838618
CT	0.0588702
GA	0.0248248
GC	0.0629172
GG	0.0450184
GT	0.0414302
TA	0.0300818
TC	0.135973
TG	0.0849883
TT	0.0806075
