kmer	count
sequence	0
AA	0.0542954
AC	0.105049
AG	0.0843632
AT	0.0606631
CA	0.037905
CC	0.0851922
CG	0.00941974
CT	0.055162
GA	0.0226827
GC	0.0594574
GG	0.0415599
GT	0.040731
TA	0.0309721
TC	0.141861
TG	0.0854936
TT	0.0851922
