kmer	count
sequence	0
AA	0.0532648
AC	0.110521
AG	0.0786321
AT	0.0577375
CA	0.0349331
CC	0.0918789
CG	0.00911688
CT	0.0540973
GA	0.023539
GC	0.0646507
GG	0.0430052
GT	0.0391691
TA	0.0294156
TC	0.149461
TG	0.0826641
TT	0.0779138
