kmer	count
sequence	0
AA	0.0556129
AC	0.108926
AG	0.0810494
AT	0.0597898
CA	0.0363713
CC	0.0843345
CG	0.00943308
CT	0.0564577
GA	0.0231838
GC	0.0607753
GG	0.0431763
GT	0.0397503
TA	0.031162
TC	0.139666
TG	0.0856486
TT	0.084663
