kmer	count
sequence	0
AA	0.0534707
AC	0.107553
AG	0.0820636
AT	0.0652746
CA	0.0356471
CC	0.0818755
CG	0.00790068
CT	0.0611362
GA	0.0216328
GC	0.0593962
GG	0.0409612
GT	0.0434537
TA	0.0296275
TC	0.137274
TG	0.0838036
TT	0.0889296
