kmer	count
sequence	0
AA	0.0380782
AC	0.0722804
AG	0.0579266
AT	0.0498339
CA	0.0918306
CC	0.106312
CG	0.0172502
CT	0.0714712
GA	0.0385041
GC	0.0565636
GG	0.0585229
GT	0.0345856
TA	0.0434449
TC	0.110359
TG	0.0934066
TT	0.0596303
