kmer	count
sequence	0
AA	0.0493928
AC	0.0943054
AG	0.0814573
AT	0.0502814
CA	0.031287
CC	0.104117
CG	0.0194017
CT	0.0550578
GA	0.0225489
GC	0.0790877
GG	0.051207
GT	0.0372482
TA	0.0262885
TC	0.14529
TG	0.0776807
TT	0.075348
