kmer	count
sequence	0
AA	0.0492779
AC	0.101417
AG	0.0779428
AT	0.0491144
CA	0.0305586
CC	0.106921
CG	0.0162807
CT	0.051921
GA	0.0213488
GC	0.0759673
GG	0.0480654
GT	0.0358719
TA	0.0292643
TC	0.155913
TG	0.0764033
TT	0.073733
