kmer	count
sequence	0
AA	0.0499841
AC	0.0955181
AG	0.0861411
AT	0.0553878
CA	0.0309917
CC	0.0988557
CG	0.0162111
CT	0.0521297
GA	0.0259059
GC	0.0739828
GG	0.0495868
GT	0.0371901
TA	0.0295613
TC	0.139383
TG	0.0768436
TT	0.0823268
