kmer	count
sequence	0
AA	0.0508139
AC	0.109054
AG	0.0837603
AT	0.062877
CA	0.0353136
CC	0.0883326
CG	0.0080096
CT	0.0585641
GA	0.0236397
GC	0.0622933
GG	0.042707
GT	0.0413775
TA	0.029736
TC	0.132791
TG	0.0860302
TT	0.0847007
