kmer	count
sequence	0
AA	0.0475552
AC	0.0966088
AG	0.0719243
AT	0.058123
CA	0.0351735
CC	0.10489
CG	0.0190852
CT	0.0630915
GA	0.0234227
GC	0.0755521
GG	0.0524448
GT	0.0398265
TA	0.0293375
TC	0.130994
TG	0.0707413
TT	0.0812303
