kmer	count
sequence	0
AA	0.0455158
AC	0.101905
AG	0.0891773
AT	0.0473281
CA	0.026298
CC	0.100472
CG	0.0175742
CT	0.0471595
GA	0.0219993
GC	0.0749747
GG	0.0503624
GT	0.0331254
TA	0.0278574
TC	0.158631
TG	0.0828978
TT	0.0747218
