kmer	count
sequence	0
AA	0.0460132
AC	0.0994499
AG	0.0795892
AT	0.0496763
CA	0.0317261
CC	0.111315
CG	0.0170131
CT	0.0551404
GA	0.0240593
GC	0.0790415
GG	0.0516843
GT	0.0358151
TA	0.0252032
TC	0.146863
TG	0.0772648
TT	0.0701455
