kmer	count
sequence	0
AA	0.0533054
AC	0.10683
AG	0.0775322
AT	0.0574684
CA	0.0400651
CC	0.0915863
CG	0.00813822
CT	0.0548704
GA	0.0246964
GC	0.0639164
GG	0.0421936
GT	0.0400025
TA	0.0329285
TC	0.146832
TG	0.0833542
TT	0.0762802
