kmer	count
sequence	0
AA	0.0469473
AC	0.0965396
AG	0.0906987
AT	0.0525678
CA	0.026339
CC	0.0974212
CG	0.0180736
CT	0.0498127
GA	0.0219308
GC	0.0700904
GG	0.0567556
GT	0.0359268
TA	0.0279921
TC	0.146242
TG	0.0860701
TT	0.0765925
