kmer	count
sequence	0
AA	0.0443817
AC	0.0979095
AG	0.0802495
AT	0.0485965
CA	0.0282391
CC	0.112577
CG	0.0157633
CT	0.055003
GA	0.0241929
GC	0.0814718
GG	0.0547079
GT	0.0384388
TA	0.0236449
TC	0.149372
TG	0.0771306
TT	0.0683217
