kmer	count
sequence	0
AA	0.0572264
AC	0.108605
AG	0.0806878
AT	0.0597327
CA	0.0362712
CC	0.0827068
CG	0.00856307
CT	0.0604288
GA	0.0233222
GC	0.0619605
GG	0.0427458
GT	0.0401003
TA	0.0311891
TC	0.137636
TG	0.0816625
TT	0.0871624
