kmer	count
sequence	0
AA	0.0542749
AC	0.0990151
AG	0.0782691
AT	0.0590423
CA	0.042435
CC	0.0867037
CG	0.00874895
CT	0.0601425
GA	0.02478
GC	0.0583613
GG	0.042435
GT	0.0381915
TA	0.0336337
TC	0.138674
TG	0.0888516
TT	0.0864417
