kmer	count
sequence	0
AA	0.047771
AC	0.106216
AG	0.0784324
AT	0.0542068
CA	0.0309753
CC	0.10585
CG	0.0180515
CT	0.0523231
GA	0.0221327
GC	0.0741419
GG	0.0484512
GT	0.0365216
TA	0.0279406
TC	0.148912
TG	0.0733571
TT	0.0747175
