kmer	count
sequence	0
AA	0.051566
AC	0.10287
AG	0.0743022
AT	0.0513694
CA	0.0298781
CC	0.109094
CG	0.0166426
CT	0.0541213
GA	0.0233914
GC	0.0777093
GG	0.0497969
GT	0.0390512
TA	0.0302057
TC	0.139693
TG	0.0728607
TT	0.0774473
