kmer	count
sequence	0
AA	0.054383
AC	0.108483
AG	0.0811499
AT	0.062591
CA	0.0348132
CC	0.086851
CG	0.00869319
CT	0.0593967
GA	0.0229662
GC	0.0629953
GG	0.0451642
GT	0.0412825
TA	0.030689
TC	0.133309
TG	0.0845463
TT	0.0826864
