kmer	count
sequence	0
AA	0.0563429
AC	0.0989777
AG	0.0858504
AT	0.0615706
CA	0.0383364
CC	0.0803903
CG	0.0106877
CT	0.0556459
GA	0.0260223
GC	0.0539033
GG	0.0485595
GT	0.044145
TA	0.0332249
TC	0.130925
TG	0.0934015
TT	0.0820167
