kmer	count
sequence	0
AA	0.0521958
AC	0.108917
AG	0.0782166
AT	0.0614008
CA	0.0378998
CC	0.091227
CG	0.00786794
CT	0.0586753
GA	0.0243238
GC	0.062275
GG	0.0421681
GT	0.0417567
TA	0.0312661
TC	0.142034
TG	0.0817649
TT	0.0780109
