kmer	count
sequence	0
AA	0.0470821
AC	0.0995795
AG	0.0765163
AT	0.0522426
CA	0.0296891
CC	0.105505
CG	0.0170744
CT	0.0573394
GA	0.0270133
GC	0.0763889
GG	0.050395
GT	0.0376529
TA	0.029498
TC	0.141501
TG	0.0775994
TT	0.0749235
