kmer	count
sequence	0
AA	0.0472977
AC	0.105385
AG	0.0778535
AT	0.0473932
CA	0.0309377
CC	0.106372
CG	0.016742
CT	0.0507671
GA	0.0220574
GC	0.0799223
GG	0.0480298
GT	0.0343752
TA	0.0292507
TC	0.155452
TG	0.0750525
TT	0.073111
