kmer	count
sequence	0
AA	0.0553369
AC	0.113265
AG	0.0724923
AT	0.064423
CA	0.0375582
CC	0.0951912
CG	0.00734763
CT	0.0592403
GA	0.0253559
GC	0.0638982
GG	0.03992
GT	0.0426753
TA	0.0302106
TC	0.1358
TG	0.0768221
TT	0.0804632
