kmer	count
sequence	0
AA	0.0483422
AC	0.0944385
AG	0.0758289
AT	0.055508
CA	0.0339037
CC	0.107701
CG	0.0190374
CT	0.0550802
GA	0.0252406
GC	0.0745455
GG	0.0535829
GT	0.0343316
TA	0.0303743
TC	0.142246
TG	0.0728342
TT	0.0770053
