kmer	count
sequence	0
AA	0.0501529
AC	0.0984709
AG	0.0796636
AT	0.0520387
CA	0.030581
CC	0.10632
CG	0.0153415
CT	0.0570336
GA	0.0235474
GC	0.0792559
GG	0.0512742
GT	0.0366972
TA	0.0297655
TC	0.13945
TG	0.0754332
TT	0.0749745
