kmer	count
sequence	0
AA	0.0529529
AC	0.113768
AG	0.0774638
AT	0.0634047
CA	0.0342228
CC	0.0817648
CG	0.00841696
CT	0.0594737
GA	0.0223836
GC	0.0611386
GG	0.0370901
GT	0.0400962
TA	0.0300143
TC	0.148869
TG	0.0788975
TT	0.090043
