kmer	count
sequence	0
AA	0.0491079
AC	0.11172
AG	0.0787386
AT	0.0568672
CA	0.0368685
CC	0.0982711
CG	0.00961614
CT	0.055516
GA	0.0241154
GC	0.0646344
GG	0.0432371
GT	0.0387095
TA	0.0294964
TC	0.146502
TG	0.0828395
TT	0.0737606
