kmer	count
sequence	0
AA	0.0504169
AC	0.10628
AG	0.074082
AT	0.0613269
CA	0.0374667
CC	0.098705
CG	0.00970374
CT	0.0596062
GA	0.0267873
GC	0.0659393
GG	0.0477914
GT	0.0435161
TA	0.0280823
TC	0.130903
TG	0.0841937
TT	0.0751996
