kmer	count
sequence	0
AA	0.0474385
AC	0.104393
AG	0.0777762
AT	0.0555953
CA	0.031411
CC	0.103892
CG	0.0151689
CT	0.054522
GA	0.0254007
GC	0.0763452
GG	0.0492988
GT	0.0383515
TA	0.0281912
TC	0.137593
TG	0.0763452
TT	0.078277
