kmer	count
sequence	0
AA	0.0502471
AC	0.0994198
AG	0.0783611
AT	0.0567653
CA	0.0485997
CC	0.087064
CG	0.0114247
CT	0.0568011
GA	0.0282573
GC	0.0585918
GG	0.0486355
GT	0.0388582
TA	0.0354201
TC	0.133013
TG	0.0920779
TT	0.076463
