kmer	count
sequence	0
AA	0.0520871
AC	0.110131
AG	0.0787352
AT	0.0650752
CA	0.0337693
CC	0.0912755
CG	0.00819599
CT	0.0597456
GA	0.0226173
GC	0.0621641
GG	0.0433088
GT	0.040129
TA	0.0265138
TC	0.140855
TG	0.0822734
TT	0.0831243
