kmer	count
sequence	0
AA	0.04888
AC	0.100399
AG	0.0781283
AT	0.0497244
CA	0.0303976
CC	0.107916
CG	0.016266
CT	0.0541808
GA	0.0233845
GC	0.0770494
GG	0.0499941
GT	0.0350182
TA	0.029518
TC	0.150487
TG	0.0748563
TT	0.0738009
