kmer	count
sequence	0
AA	0.0503511
AC	0.0992447
AG	0.0875845
AT	0.0533324
CA	0.0282894
CC	0.0991785
CG	0.0162316
CT	0.0536637
GA	0.0247781
GC	0.0689016
GG	0.0464423
GT	0.0378296
TA	0.0269644
TC	0.143501
TG	0.0818206
TT	0.0818868
