kmer	count
sequence	0
AA	0.0513546
AC	0.114022
AG	0.0794135
AT	0.0602486
CA	0.0356133
CC	0.0942989
CG	0.00814975
CT	0.0600997
GA	0.0233328
GC	0.0637467
GG	0.0395207
GT	0.0421628
TA	0.0251563
TC	0.143904
TG	0.0777761
TT	0.0811998
