kmer	count
sequence	0
AA	0.0501437
AC	0.0951868
AG	0.0807471
AT	0.0538793
CA	0.0346983
CC	0.094181
CG	0.0158764
CT	0.0498563
GA	0.0219828
GC	0.0691092
GG	0.0545977
GT	0.0369253
TA	0.0303879
TC	0.14806
TG	0.0849856
TT	0.0793822
