kmer	count
sequence	0
AA	0.0510471
AC	0.0992341
AG	0.074171
AT	0.0514834
CA	0.0322862
CC	0.111402
CG	0.018567
CT	0.0525015
GA	0.0224452
GC	0.0765949
GG	0.0511441
GT	0.038249
TA	0.0279717
TC	0.142234
TG	0.0744134
TT	0.0762556
