kmer	count
sequence	0
AA	0.0533084
AC	0.110696
AG	0.0755155
AT	0.0596533
CA	0.0363132
CC	0.0891684
CG	0.00866757
CT	0.0559143
GA	0.02368
GC	0.0607297
GG	0.0402787
GT	0.0386925
TA	0.0309313
TC	0.150181
TG	0.084523
TT	0.0817471
