kmer	count
sequence	0
AA	0.0528084
AC	0.102302
AG	0.0719341
AT	0.0582281
CA	0.0303682
CC	0.114441
CG	0.0152289
CT	0.0544209
GA	0.0242318
GC	0.0809818
GG	0.0470752
GT	0.0380274
TA	0.0275464
TC	0.139971
TG	0.0695154
TT	0.0729195
