kmer	count
sequence	0
AA	0.0482562
AC	0.102037
AG	0.0883115
AT	0.0457528
CA	0.0248187
CC	0.102339
CG	0.0167904
CT	0.0466592
GA	0.0208046
GC	0.0761395
GG	0.0514071
GT	0.0343577
TA	0.0287465
TC	0.156854
TG	0.0828729
TT	0.0738519
