kmer	count
sequence	0
AA	0.0523607
AC	0.112329
AG	0.0773663
AT	0.0593533
CA	0.0365854
CC	0.0937011
CG	0.0086149
CT	0.0565563
GA	0.0226001
GC	0.0632132
GG	0.0408928
GT	0.041676
TA	0.0286418
TC	0.147125
TG	0.0782054
TT	0.0807787
