kmer	count
sequence	0
AA	0.0481943
AC	0.100244
AG	0.0782033
AT	0.0486441
CA	0.0333505
CC	0.106349
CG	0.0186994
CT	0.0539776
GA	0.0244827
GC	0.0747976
GG	0.0541062
GT	0.0386197
TA	0.026282
TC	0.147218
TG	0.0757615
TT	0.0710706
