kmer	count
sequence	0
AA	0.0507921
AC	0.110828
AG	0.0804424
AT	0.0620047
CA	0.0358443
CC	0.090148
CG	0.00922968
CT	0.0593296
GA	0.0224829
GC	0.0619975
GG	0.0414543
GT	0.0409567
TA	0.0297946
TC	0.139051
TG	0.0823605
TT	0.0832835
