kmer	count
sequence	0
AA	0.0434112
AC	0.102578
AG	0.0813134
AT	0.0540987
CA	0.0275452
CC	0.108748
CG	0.019502
CT	0.0565227
GA	0.0240194
GC	0.0753636
GG	0.053658
GT	0.037792
TA	0.0244601
TC	0.139048
TG	0.0769061
TT	0.0750331
