kmer	count
sequence	0
AA	0.0535723
AC	0.110566
AG	0.0831722
AT	0.0619515
CA	0.0334424
CC	0.0866924
CG	0.0081065
CT	0.0588031
GA	0.0219148
GC	0.0602905
GG	0.0420199
GT	0.0388467
TA	0.0306411
TC	0.145148
TG	0.0829243
TT	0.0819079
