kmer	count
sequence	0
AA	0.0522534
AC	0.0953668
AG	0.0734077
AT	0.0521959
CA	0.0378823
CC	0.10169
CG	0.0181651
CT	0.0535181
GA	0.0269027
GC	0.0718556
GG	0.0473672
GT	0.0367326
TA	0.0348931
TC	0.141067
TG	0.0792136
TT	0.0774891
