kmer	count
sequence	0
AA	0.051706
AC	0.109858
AG	0.0807118
AT	0.0643523
CA	0.0361872
CC	0.0895747
CG	0.00889792
CT	0.0578014
GA	0.0232257
GC	0.06176
GG	0.0423877
GT	0.0412317
TA	0.0319484
TC	0.136271
TG	0.0821481
TT	0.0819379
