kmer	count
sequence	0
AA	0.049073
AC	0.11031
AG	0.0781832
AT	0.0590543
CA	0.0360997
CC	0.0893172
CG	0.00831371
CT	0.0564793
GA	0.0224397
GC	0.0636649
GG	0.0442417
GT	0.0403178
TA	0.0306062
TC	0.146802
TG	0.0843879
TT	0.0807092
