kmer	count
sequence	0
AA	0.0524476
AC	0.0837595
AG	0.107661
AT	0.0290158
CA	0.0403924
CC	0.104791
CG	0.0289114
CT	0.0399228
GA	0.0264064
GC	0.0601712
GG	0.0670076
GT	0.0221793
TA	0.038305
TC	0.132867
TG	0.111784
TT	0.0543785
