kmer	count
sequence	0
AA	0.0543555
AC	0.108869
AG	0.0793063
AT	0.0612534
CA	0.0385889
CC	0.0875838
CG	0.00977533
CT	0.056287
GA	0.0247536
GC	0.0597162
GG	0.0424911
GT	0.0402444
TA	0.030745
TC	0.140244
TG	0.0832085
TT	0.0825778
