kmer	count
sequence	0
AA	0.0474848
AC	0.101004
AG	0.0830138
AT	0.0505301
CA	0.0274081
CC	0.0989172
CG	0.0173133
CT	0.0551545
GA	0.0230092
GC	0.0744981
GG	0.0482179
GT	0.0377848
TA	0.0273517
TC	0.144936
TG	0.0813783
TT	0.0819986
