kmer	count
sequence	0
AA	0.0487794
AC	0.107143
AG	0.0890493
AT	0.0602544
CA	0.0378632
CC	0.0876741
CG	0.0103576
CT	0.0590511
GA	0.0252708
GC	0.0614578
GG	0.0465016
GT	0.0396252
TA	0.0293106
TC	0.134176
TG	0.0866426
TT	0.0768437
