kmer	count
sequence	0
AA	0.0486501
AC	0.100882
AG	0.0830303
AT	0.0513499
CA	0.0293113
CC	0.105455
CG	0.0173554
CT	0.0558678
GA	0.0235262
GC	0.0784022
GG	0.0493113
GT	0.0350413
TA	0.0276033
TC	0.142645
TG	0.0788981
TT	0.0726722
