kmer	count
sequence	0
AA	0.0457252
AC	0.0952647
AG	0.0871244
AT	0.0477719
CA	0.0365615
CC	0.114894
CG	0.0191646
CT	0.0522839
GA	0.0247
GC	0.0747511
GG	0.0557726
GT	0.0364685
TA	0.0260955
TC	0.133268
TG	0.0797749
TT	0.0703786
