kmer	count
sequence	0
AA	0.0525175
AC	0.108972
AG	0.0751105
AT	0.0608472
CA	0.0357438
CC	0.093339
CG	0.00835829
CT	0.059535
GA	0.0229354
GC	0.0640422
GG	0.0384539
GT	0.0410498
TA	0.029525
TC	0.147454
TG	0.0790472
TT	0.0830695
