kmer	count
sequence	0
AA	0.0493685
AC	0.0943169
AG	0.0787026
AT	0.0529277
CA	0.0347876
CC	0.0973594
CG	0.0181975
CT	0.0547646
GA	0.0246269
GC	0.0710677
GG	0.0502296
GT	0.0412744
TA	0.0339839
TC	0.144202
TG	0.0801378
TT	0.0740528
