kmer	count
sequence	0
AA	0.0516649
AC	0.102021
AG	0.0753088
AT	0.0605825
CA	0.0313344
CC	0.105784
CG	0.0163217
CT	0.0573509
GA	0.0233985
GC	0.0730999
GG	0.0492923
GT	0.043729
TA	0.0270801
TC	0.138837
TG	0.0677411
TT	0.0764542
