kmer	count
sequence	0
AA	0.0474964
AC	0.0946334
AG	0.0742693
AT	0.0567801
CA	0.0343196
CC	0.111644
CG	0.0155726
CT	0.0612123
GA	0.0249161
GC	0.0793004
GG	0.0515692
GT	0.0426449
TA	0.0280906
TC	0.129133
TG	0.0746287
TT	0.0737901
