kmer	count
sequence	0
AA	0.0516253
AC	0.107323
AG	0.0779135
AT	0.0639647
CA	0.0354817
CC	0.10091
CG	0.00846197
CT	0.0646719
GA	0.0241178
GC	0.0723047
GG	0.045919
GT	0.046992
TA	0.0253128
TC	0.124271
TG	0.0774258
TT	0.0733046
