kmer	count
sequence	0
AA	0.0556118
AC	0.109424
AG	0.0785538
AT	0.0632029
CA	0.0326136
CC	0.087888
CG	0.00860324
CT	0.0625843
GA	0.026372
GC	0.0629217
GG	0.0386865
GT	0.0429037
TA	0.0291835
TC	0.137764
TG	0.0810841
TT	0.0826023
