kmer	count
sequence	0
AA	0.0484927
AC	0.110851
AG	0.0744567
AT	0.063155
CA	0.0375395
CC	0.096139
CG	0.00878743
CT	0.0583257
GA	0.0229768
GC	0.0629808
GG	0.0418212
GT	0.0418212
TA	0.0295487
TC	0.143711
TG	0.0789624
TT	0.0804312
