kmer	count
sequence	0
AA	0.0510241
AC	0.115844
AG	0.0795993
AT	0.0579107
CA	0.0347241
CC	0.0920535
CG	0.00934621
CT	0.0542214
GA	0.0214426
GC	0.0651999
GG	0.0401798
GT	0.0388158
TA	0.0296709
TC	0.151462
TG	0.0797111
TT	0.0787944
