kmer	count
sequence	0
AA	0.0475401
AC	0.0999147
AG	0.0834676
AT	0.047777
CA	0.0344108
CC	0.108825
CG	0.0189591
CT	0.054081
GA	0.0225614
GC	0.0800076
GG	0.0559769
GT	0.0354536
TA	0.026448
TC	0.134989
TG	0.0792018
TT	0.0703858
