kmer	count
sequence	0
AA	0.0540846
AC	0.1046
AG	0.083499
AT	0.0626694
CA	0.0377734
CC	0.0865715
CG	0.00858485
CT	0.0586481
GA	0.0242635
GC	0.059597
GG	0.0410266
GT	0.0394451
TA	0.0335261
TC	0.137674
TG	0.0860745
TT	0.0819628
