kmer	count
sequence	0
AA	0.0487909
AC	0.110124
AG	0.0737996
AT	0.0660642
CA	0.0365243
CC	0.0933761
CG	0.00871176
CT	0.0602063
GA	0.022981
GC	0.0626095
GG	0.0415561
GT	0.0432834
TA	0.0278125
TC	0.143043
TG	0.0772543
TT	0.0838632
