kmer	count
sequence	0
AA	0.049373
AC	0.096395
AG	0.0864919
AT	0.0568538
CA	0.0300655
CC	0.103448
CG	0.0168139
CT	0.0562838
GA	0.023511
GC	0.0701767
GG	0.0513679
GT	0.0338416
TA	0.0287831
TC	0.136506
TG	0.0810772
TT	0.0790111
