kmer	count
sequence	0
AA	0.0507603
AC	0.103709
AG	0.0746636
AT	0.054261
CA	0.034296
CC	0.10524
CG	0.0170113
CT	0.0543704
GA	0.0242315
GC	0.0762499
GG	0.0469861
GT	0.0390001
TA	0.0301389
TC	0.141943
TG	0.0735149
TT	0.0736243
