kmer	count
sequence	0
AA	0.0519145
AC	0.107271
AG	0.0821024
AT	0.0557866
CA	0.0361394
CC	0.0894522
CG	0.00810268
CT	0.0563244
GA	0.0212247
GC	0.0641044
GG	0.0433458
GT	0.0378245
TA	0.0317654
TC	0.148788
TG	0.0867991
TT	0.0790549
