kmer	count
sequence	0
AA	0.0478281
AC	0.0980129
AG	0.0771257
AT	0.0495841
CA	0.0324861
CC	0.105823
CG	0.0201017
CT	0.0552218
GA	0.021488
GC	0.0750924
GG	0.0512939
GT	0.0358595
TA	0.0301294
TC	0.146118
TG	0.077634
TT	0.0762015
