kmer	count
sequence	0
AA	0.0436711
AC	0.0925903
AG	0.0679433
AT	0.0527927
CA	0.0592903
CC	0.0986817
CG	0.0119018
CT	0.061352
GA	0.0340185
GC	0.0628202
GG	0.0516056
GT	0.0391103
TA	0.0372985
TC	0.12867
TG	0.0883731
TT	0.06988
