kmer	count
sequence	0
AA	0.0503754
AC	0.108905
AG	0.0805642
AT	0.0533006
CA	0.0387822
CC	0.0971046
CG	0.00981156
CT	0.054726
GA	0.0247112
GC	0.0673467
GG	0.0454945
GT	0.0392628
TA	0.0301142
TC	0.141928
TG	0.0847407
TT	0.0728326
