kmer	count
sequence	0
AA	0.0524191
AC	0.108619
AG	0.078702
AT	0.0608986
CA	0.0367814
CC	0.087879
CG	0.00969092
CT	0.0603113
GA	0.0232362
GC	0.0630277
GG	0.0412965
GT	0.0414801
TA	0.0299905
TC	0.14173
TG	0.0820057
TT	0.0819323
