kmer	count
sequence	0
AA	0.0490515
AC	0.108537
AG	0.0828365
AT	0.0591238
CA	0.0387986
CC	0.0962963
CG	0.00876242
CT	0.0676152
GA	0.0265131
GC	0.0665312
GG	0.0466125
GT	0.0429539
TA	0.0233062
TC	0.127552
TG	0.0801265
TT	0.0753839
