kmer	count
sequence	0
AA	0.0501923
AC	0.107791
AG	0.0748884
AT	0.0612887
CA	0.043586
CC	0.104875
CG	0.00967717
CT	0.0683079
GA	0.0274832
GC	0.0718433
GG	0.0462698
GT	0.0483342
TA	0.0243607
TC	0.118061
TG	0.0742432
TT	0.0687982
