kmer	count
sequence	0
AA	0.0443536
AC	0.096314
AG	0.0696715
AT	0.0553663
CA	0.0557448
CC	0.0962004
CG	0.0103694
CT	0.062746
GA	0.0289131
GC	0.0626325
GG	0.0465486
GT	0.0403421
TA	0.0378065
TC	0.133515
TG	0.0839388
TT	0.0755374
