kmer	count
sequence	0
AA	0.0493724
AC	0.0957992
AG	0.0802382
AT	0.0509093
CA	0.0299693
CC	0.0970799
CG	0.015625
CT	0.0547515
GA	0.0264472
GC	0.0728099
GG	0.0539191
GT	0.0389344
TA	0.031186
TC	0.147157
TG	0.0773566
TT	0.0784452
