kmer	count
sequence	0
AA	0.0494204
AC	0.101243
AG	0.0792868
AT	0.0498512
CA	0.0299838
CC	0.107822
CG	0.0164865
CT	0.052971
GA	0.0223606
GC	0.0774593
GG	0.048833
GT	0.0341087
TA	0.0286524
TC	0.15176
TG	0.0767935
TT	0.0729689
