kmer	count
sequence	0
AA	0.0490105
AC	0.098021
AG	0.081375
AT	0.0501443
CA	0.0321068
CC	0.102762
CG	0.0178314
CT	0.0521542
GA	0.0226242
GC	0.0780767
GG	0.0500928
GT	0.0389095
TA	0.0281385
TC	0.143939
TG	0.0774583
TT	0.0773552
