kmer	count
sequence	0
AA	0.0519477
AC	0.109423
AG	0.0775029
AT	0.0634571
CA	0.036251
CC	0.0953532
CG	0.0082791
CT	0.0641271
GA	0.0239041
GC	0.0640792
GG	0.0412519
GT	0.0444583
TA	0.0266558
TC	0.131437
TG	0.0791539
TT	0.0827192
