kmer	count
sequence	0
AA	0.0483371
AC	0.102869
AG	0.0718944
AT	0.0582002
CA	0.0322791
CC	0.101973
CG	0.0171992
CT	0.0566515
GA	0.0230681
GC	0.0743397
GG	0.0480111
GT	0.0390447
TA	0.0307304
TC	0.145582
TG	0.0700196
TT	0.0798011
