kmer	count
sequence	0
AA	0.0539841
AC	0.108831
AG	0.0738617
AT	0.0692911
CA	0.0394101
CC	0.0908503
CG	0.00711452
CT	0.0657986
GA	0.0267334
GC	0.0635564
GG	0.0416092
GT	0.0463953
TA	0.0294929
TC	0.124224
TG	0.0772249
TT	0.081623
