kmer	count
sequence	0
AA	0.0535931
AC	0.108185
AG	0.0857212
AT	0.0606353
CA	0.0346115
CC	0.0861033
CG	0.00885693
CT	0.0563023
GA	0.0229672
GC	0.0609392
GG	0.042904
GT	0.0398736
TA	0.0301396
TC	0.141355
TG	0.0851916
TT	0.0826213
