kmer	count
sequence	0
AA	0.0512021
AC	0.0946869
AG	0.0913476
AT	0.0480113
CA	0.0314633
CC	0.0998071
CG	0.0182547
CT	0.0526863
GA	0.0247848
GC	0.0724251
GG	0.0549124
GT	0.0376224
TA	0.0304987
TC	0.137504
TG	0.0788068
TT	0.0759869
