kmer	count
sequence	0
AA	0.0491762
AC	0.0962772
AG	0.0860269
AT	0.0511256
CA	0.0315684
CC	0.0952081
CG	0.0193057
CT	0.0533266
GA	0.0238335
GC	0.0738901
GG	0.055842
GT	0.0355301
TA	0.029556
TC	0.141429
TG	0.0831342
TT	0.0747705
