kmer	count
sequence	0
AA	0.05324
AC	0.105579
AG	0.0847916
AT	0.0640047
CA	0.0358999
CC	0.0880793
CG	0.00837841
CT	0.0559975
GA	0.0235444
GC	0.0593382
GG	0.0458691
GT	0.043801
TA	0.0299077
TC	0.133524
TG	0.0839962
TT	0.0840492
