kmer	count
sequence	0
AA	0.0485817
AC	0.0954217
AG	0.0773202
AT	0.0511943
CA	0.0329062
CC	0.105872
CG	0.0171684
CT	0.05474
GA	0.0246952
GC	0.0729659
GG	0.0507589
GT	0.0409928
TA	0.0307912
TC	0.138841
TG	0.0755163
TT	0.0822344
