kmer	count
sequence	0
AA	0.0516533
AC	0.0923286
AG	0.075971
AT	0.053184
CA	0.0312281
CC	0.105625
CG	0.0172761
CT	0.0563331
GA	0.0244927
GC	0.0701977
GG	0.0506036
GT	0.0384885
TA	0.0315343
TC	0.145644
TG	0.0782453
TT	0.0771956
