kmer	count
sequence	0
AA	0.0517209
AC	0.095492
AG	0.0842686
AT	0.0628507
CA	0.0330153
CC	0.0859521
CG	0.0109428
CT	0.0593902
GA	0.0216049
GC	0.0555556
GG	0.0486345
GT	0.0439581
TA	0.0308642
TC	0.132155
TG	0.0918444
TT	0.0917508
