kmer	count
sequence	0
AA	0.0444143
AC	0.0998098
AG	0.0867535
AT	0.0483629
CA	0.0311275
CC	0.111454
CG	0.0183595
CT	0.0510433
GA	0.0235762
GC	0.0790869
GG	0.05724
GT	0.0376124
TA	0.0254784
TC	0.136961
TG	0.0840443
TT	0.064676
