kmer	count
sequence	0
AA	0.0550534
AC	0.113958
AG	0.0810673
AT	0.0610264
CA	0.0316331
CC	0.090066
CG	0.00711254
CT	0.0550534
GA	0.02232
GC	0.0630305
GG	0.0392958
GT	0.040514
TA	0.0308079
TC	0.147241
TG	0.0790632
TT	0.082757
