kmer	count
sequence	0
AA	0.034606
AC	0.0688465
AG	0.0545898
AT	0.0508123
CA	0.110601
CC	0.103696
CG	0.0162063
CT	0.0911048
GA	0.0383834
GC	0.05658
GG	0.0548335
GT	0.0404549
TA	0.0397644
TC	0.0982941
TG	0.078554
TT	0.0626726
