kmer	count
sequence	0
AA	0.0572112
AC	0.106475
AG	0.0826745
AT	0.0606982
CA	0.0364514
CC	0.090581
CG	0.00924462
CT	0.0553461
GA	0.0242874
GC	0.0598873
GG	0.0424117
GT	0.039168
TA	0.0320723
TC	0.139642
TG	0.084864
TT	0.0789847
