kmer	count
sequence	0
AA	0.0543592
AC	0.107931
AG	0.0851966
AT	0.0597989
CA	0.0359019
CC	0.0902986
CG	0.00892857
CT	0.0556723
GA	0.0219088
GC	0.0650135
GG	0.04378
GT	0.0393908
TA	0.0288866
TC	0.140344
TG	0.0835834
TT	0.0790066
