kmer	count
sequence	0
AA	0.0528223
AC	0.111043
AG	0.080583
AT	0.0572563
CA	0.0362431
CC	0.0946561
CG	0.00855953
CT	0.0604565
GA	0.0242134
GC	0.0655845
GG	0.0404843
GT	0.0415638
TA	0.027645
TC	0.141039
TG	0.0813155
TT	0.0765345
