kmer	count
sequence	0
AA	0.0449647
AC	0.0937917
AG	0.0654206
AT	0.0514972
CA	0.0682338
CC	0.0990368
CG	0.010824
CT	0.0541198
GA	0.0332825
GC	0.0580298
GG	0.0485409
GT	0.035762
TA	0.0428667
TC	0.134703
TG	0.09074
TT	0.0681862
