kmer	count
sequence	0
AA	0.0432358
AC	0.0994925
AG	0.0749199
AT	0.0501803
CA	0.0359575
CC	0.125968
CG	0.0202658
CT	0.0617321
GA	0.0264089
GC	0.0898771
GG	0.0546207
GT	0.0424346
TA	0.0218683
TC	0.12313
TG	0.0669071
TT	0.0630008
