kmer	count
sequence	0
AA	0.0543699
AC	0.112636
AG	0.0721637
AT	0.0617259
CA	0.0387858
CC	0.0962959
CG	0.00776298
CT	0.0583241
GA	0.0254696
GC	0.0662906
GG	0.0423039
GT	0.0422748
TA	0.0281444
TC	0.139181
TG	0.076525
TT	0.0777461
