kmer	count
sequence	0
AA	0.0592825
AC	0.109596
AG	0.0813453
AT	0.0633632
CA	0.0338565
CC	0.0884305
CG	0.00887892
CT	0.0563677
GA	0.0227354
GC	0.0615695
GG	0.0412108
GT	0.0407175
TA	0.0304036
TC	0.132511
TG	0.0847534
TT	0.0849776
