kmer	count
sequence	0
AA	0.0496809
AC	0.102181
AG	0.0814894
AT	0.0517553
CA	0.0306383
CC	0.104681
CG	0.0179255
CT	0.0547872
GA	0.0225
GC	0.0737234
GG	0.0479787
GT	0.0347872
TA	0.0268617
TC	0.148191
TG	0.0767553
TT	0.0760638
