kmer	count
sequence	0
AA	0.0351698
AC	0.108113
AG	0.0538868
AT	0.0727547
CA	0.0327547
CC	0.0962264
CG	0.0074717
CT	0.0600377
GA	0.0217736
GC	0.0642642
GG	0.0415849
GT	0.0461887
TA	0.0301132
TC	0.149585
TG	0.084566
TT	0.0955094
