kmer	count
sequence	0
AA	0.050416
AC	0.111851
AG	0.0731973
AT	0.0606428
CA	0.0350882
CC	0.0992968
CG	0.00879061
CT	0.0623514
GA	0.0230784
GC	0.0678239
GG	0.0415759
GT	0.0431359
TA	0.0284023
TC	0.139362
TG	0.0753021
TT	0.079685
