kmer	count
sequence	0
AA	0.0528349
AC	0.106731
AG	0.0924747
AT	0.0549026
CA	0.0335183
CC	0.0891283
CG	0.00870606
CT	0.0546849
GA	0.0236968
GC	0.0642072
GG	0.0470399
GT	0.0384427
TA	0.0283763
TC	0.140168
TG	0.0908151
TT	0.0742736
