kmer	count
sequence	0
AA	0.0497535
AC	0.101233
AG	0.0870809
AT	0.0629684
CA	0.0364892
CC	0.0851085
CG	0.00936884
CT	0.0599112
GA	0.0255424
GC	0.0598619
GG	0.0441321
GT	0.0411243
TA	0.0316568
TC	0.138264
TG	0.0881164
TT	0.0793886
