kmer	count
sequence	0
AA	0.0509267
AC	0.0976632
AG	0.0790894
AT	0.0541902
CA	0.0319903
CC	0.0986301
CG	0.0167204
CT	0.0521354
GA	0.0216761
GC	0.0734085
GG	0.0510475
GT	0.0359388
TA	0.0301773
TC	0.149879
TG	0.0797744
TT	0.0767526
