kmer	count
sequence	0
AA	0.0478045
AC	0.101655
AG	0.0762218
AT	0.0509437
CA	0.0298899
CC	0.111877
CG	0.0164322
CT	0.0548773
GA	0.0232531
GC	0.0816281
GG	0.0488509
GT	0.0362167
TA	0.0256656
TC	0.146834
TG	0.0757567
TT	0.0720943
