kmer	count
sequence	0
AA	0.0540541
AC	0.106563
AG	0.0827059
AT	0.0653087
CA	0.0400254
CC	0.0854403
CG	0.00935246
CT	0.0601966
GA	0.0252437
GC	0.059404
GG	0.0438298
GT	0.0396291
TA	0.0334866
TC	0.128715
TG	0.0835381
TT	0.0825077
