kmer	count
sequence	0
AA	0.0533083
AC	0.114361
AG	0.0793233
AT	0.0615414
CA	0.0325564
CC	0.0922932
CG	0.00902256
CT	0.0568421
GA	0.0232331
GC	0.0648872
GG	0.0440977
GT	0.0411654
TA	0.0281579
TC	0.139323
TG	0.082782
TT	0.0771053
