kmer	count
sequence	0
AA	0.0539158
AC	0.113541
AG	0.0831358
AT	0.0590326
CA	0.0329366
CC	0.0881181
CG	0.00805235
CT	0.0544274
GA	0.0231875
GC	0.0625606
GG	0.0410697
GT	0.0391576
TA	0.0293817
TC	0.146801
TG	0.0845901
TT	0.0800926
