kmer	count
sequence	0
AA	0.047874
AC	0.0871741
AG	0.0733729
AT	0.0557468
CA	0.0348378
CC	0.103844
CG	0.0204947
CT	0.0763052
GA	0.0252757
GC	0.0772296
GG	0.0552687
GT	0.046886
TA	0.0256263
TC	0.120992
TG	0.0718748
TT	0.0771977
