kmer	count
sequence	0
AA	0.0477153
AC	0.0967785
AG	0.0813452
AT	0.0527699
CA	0.0301927
CC	0.103451
CG	0.017253
CT	0.0510177
GA	0.0231837
GC	0.0724491
GG	0.0526351
GT	0.03673
TA	0.029047
TC	0.151099
TG	0.0812778
TT	0.0730557
