kmer	count
sequence	0
AA	0.0540582
AC	0.109772
AG	0.0863622
AT	0.058255
CA	0.0341522
CC	0.0843216
CG	0.00835515
CT	0.0560989
GA	0.0217927
GC	0.0609503
GG	0.0443555
GT	0.0380795
TA	0.0316495
TC	0.13734
TG	0.0922917
TT	0.0821654
