kmer	count
sequence	0
AA	0.0509753
AC	0.10834
AG	0.0856046
AT	0.0655543
CA	0.0346972
CC	0.0899545
CG	0.00819004
CT	0.0620879
GA	0.0219194
GC	0.0612044
GG	0.0440427
GT	0.0426494
TA	0.0263712
TC	0.132502
TG	0.0855026
TT	0.0804051
