kmer	count
sequence	0
AA	0.0459866
AC	0.0939939
AG	0.0820792
AT	0.0540691
CA	0.0315635
CC	0.106884
CG	0.0158863
CT	0.0551839
GA	0.0224359
GC	0.0751115
GG	0.0510033
GT	0.0363016
TA	0.0284281
TC	0.142349
TG	0.0785256
TT	0.0801979
