kmer	count
sequence	0
AA	0.0424173
AC	0.0892056
AG	0.0780692
AT	0.0492588
CA	0.0334854
CC	0.104105
CG	0.0221589
CT	0.0753706
GA	0.0247434
GC	0.0794755
GG	0.059065
GT	0.0434436
TA	0.0237932
TC	0.127252
TG	0.0740403
TT	0.0741163
