kmer	count
sequence	0
AA	0.035576
AC	0.102493
AG	0.0503993
AT	0.0603219
CA	0.0287996
CC	0.113504
CG	0.0136133
CT	0.062621
GA	0.0215997
GC	0.0787149
GG	0.0410818
GT	0.0418683
TA	0.0250484
TC	0.159426
TG	0.0725436
TT	0.0923887
