kmer	count
sequence	0
AA	0.0476807
AC	0.0956699
AG	0.0829632
AT	0.0522453
CA	0.0299778
CC	0.097397
CG	0.0175179
CT	0.0571799
GA	0.0230693
GC	0.0746978
GG	0.0523069
GT	0.0403405
TA	0.026832
TC	0.146065
TG	0.0789539
TT	0.0771034
