kmer	count
sequence	0
AA	0.0448555
AC	0.0937535
AG	0.0793
AT	0.0518884
CA	0.0311219
CC	0.114963
CG	0.0202126
CT	0.0625761
GA	0.0244213
GC	0.0842286
GG	0.0558755
GT	0.041699
TA	0.023203
TC	0.132241
TG	0.0755344
TT	0.0641267
