kmer	count
sequence	0
AA	0.0546142
AC	0.109104
AG	0.0821081
AT	0.0575629
CA	0.0366309
CC	0.0877565
CG	0.0091785
CT	0.0578952
GA	0.0244206
GC	0.0595564
GG	0.0428192
GT	0.0408672
TA	0.0306089
TC	0.142952
TG	0.0815682
TT	0.0823573
