kmer	count
sequence	0
AA	0.0467996
AC	0.0982923
AG	0.0804328
AT	0.053057
CA	0.0331769
CC	0.10103
CG	0.018055
CT	0.0540347
GA	0.0240516
GC	0.0737192
GG	0.0521444
GT	0.0366315
TA	0.028158
TC	0.141963
TG	0.0760657
TT	0.0823882
