kmer	count
sequence	0
GG	0.0875912
GC	0.0721561
CC	0.0893829
CG	0.0376828
CT	0.0747475
TG	0.0689651
GA	0.0601642
AG	0.0740288
CA	0.0694339
TC	0.0610925
AC	0.0486122
GT	0.0483598
AT	0.0428159
TT	0.0651272
AA	0.0640022
TA	0.0358379
