kmer	count
sequence	0
CA	0.0698958
AT	0.0428843
TC	0.0605408
AA	0.064758
AC	0.04852
TG	0.068704
GT	0.0479201
TA	0.0358641
CC	0.0891251
CT	0.0742955
AG	0.0750189
GA	0.0606894
GG	0.0888598
CG	0.0370219
GC	0.0721648
TT	0.0637374
