kmer	count
sequence	0
AA	0.0520523
AC	0.107401
AG	0.0859741
AT	0.0582199
CA	0.0361548
CC	0.0826244
CG	0.0080285
CT	0.0569439
GA	0.024245
GC	0.0580604
GG	0.0450872
GT	0.039664
TA	0.0323267
TC	0.144672
TG	0.0863994
TT	0.0821459
