kmer	count
sequence	0
AA	0.052188
AC	0.102751
AG	0.0882775
AT	0.0637896
CA	0.0330285
CC	0.0871816
CG	0.00952309
CT	0.0554002
GA	0.0230519
GC	0.0592548
GG	0.0445545
GT	0.0390371
TA	0.0288716
TC	0.14175
TG	0.0882019
TT	0.0831381
