kmer	count
sequence	0
AA	0.0492202
AC	0.10633
AG	0.0908257
AT	0.058211
CA	0.0355963
CC	0.087844
CG	0.0107798
CT	0.0543578
GA	0.0233945
GC	0.0591284
GG	0.0455046
GT	0.0383486
TA	0.0311468
TC	0.138853
TG	0.0912844
TT	0.0791743
