kmer	count
sequence	0
AA	0.0478879
AC	0.0960929
AG	0.0826462
AT	0.048205
CA	0.0338704
CC	0.102562
CG	0.0196626
CT	0.0561335
GA	0.0244831
GC	0.0742738
GG	0.0557529
GT	0.0352658
TA	0.0260688
TC	0.146581
TG	0.0813776
TT	0.0691361
