kmer	count
sequence	0
AA	0.0469986
AC	0.0955095
AG	0.0843416
AT	0.0528734
CA	0.0290251
CC	0.0975454
CG	0.0176245
CT	0.0496743
GA	0.0235575
GC	0.0754421
GG	0.0518846
GT	0.0400768
TA	0.0278036
TC	0.148848
TG	0.0822476
TT	0.0765472
