kmer	count
sequence	0
AA	0.0467522
AC	0.0904415
AG	0.0676144
AT	0.0458853
CA	0.0509131
CC	0.107721
CG	0.0225959
CT	0.0576745
GA	0.028086
GC	0.0740869
GG	0.0538604
GT	0.0375636
TA	0.034154
TC	0.139794
TG	0.0733356
TT	0.0695215
