kmer	count
sequence	0
AA	0.0539833
AC	0.109528
AG	0.0805217
AT	0.0613858
CA	0.0363078
CC	0.0906436
CG	0.00820828
CT	0.0548897
GA	0.0237688
GC	0.0600765
GG	0.0392285
GT	0.0410414
TA	0.0308188
TC	0.141454
TG	0.084651
TT	0.0834928
