kmer	count
sequence	0
AA	0.0399355
AC	0.0894517
AG	0.0587175
AT	0.0383229
CA	0.0627964
CC	0.1107
CG	0.0291216
CT	0.0467653
GA	0.0357617
GC	0.0653576
GG	0.065073
GT	0.0315879
TA	0.0406944
TC	0.137545
TG	0.09059
TT	0.0575792
