kmer	count
sequence	0
AA	0.0504102
AC	0.101455
AG	0.0816206
AT	0.0511292
CA	0.0294342
CC	0.102724
CG	0.0184386
CT	0.052567
GA	0.0220756
GC	0.0771801
GG	0.0474922
GT	0.0318024
TA	0.0304068
TC	0.150131
TG	0.079506
TT	0.0736277
