kmer	count
sequence	0
AA	0.0523502
AC	0.101048
AG	0.0931504
AT	0.0534685
CA	0.0401188
CC	0.0929757
CG	0.0112703
CT	0.0555303
GA	0.0251791
GC	0.060318
GG	0.0513891
GT	0.0386336
TA	0.0299493
TC	0.125808
TG	0.0965403
TT	0.0722698
