kmer	count
sequence	0
AA	0.0497379
AC	0.114636
AG	0.0802055
AT	0.0605787
CA	0.0324387
CC	0.0926819
CG	0.00780038
CT	0.0587125
GA	0.0233382
GC	0.0641854
GG	0.040931
GT	0.0408262
TA	0.0265674
TC	0.144726
TG	0.079199
TT	0.0834347
