kmer	count
sequence	0
AA	0.0484317
AC	0.102942
AG	0.0784248
AT	0.0500205
CA	0.0317382
CC	0.106769
CG	0.0172111
CT	0.0521267
GA	0.0230364
GC	0.0773415
GG	0.048853
GT	0.0364442
TA	0.0281275
TC	0.149724
TG	0.0742724
TT	0.0745372
