kmer	count
sequence	0
AA	0.0538734
AC	0.100996
AG	0.0777953
AT	0.0517106
CA	0.0335562
CC	0.10021
CG	0.0147464
CT	0.0547254
GA	0.0260191
GC	0.0718967
GG	0.0496789
GT	0.0355223
TA	0.0319832
TC	0.147005
TG	0.078975
TT	0.0713069
