kmer	count
sequence	0
AA	0.050108
AC	0.0980566
AG	0.0835133
AT	0.0528388
CA	0.0327067
CC	0.0992633
CG	0.0174012
CT	0.0556332
GA	0.0235615
GC	0.0772895
GG	0.0546806
GT	0.0395656
TA	0.0251492
TC	0.1394
TG	0.0776705
TT	0.0731614
