kmer	count
sequence	0
AA	0.0470187
AC	0.0987393
AG	0.0868554
AT	0.0501188
CA	0.0283146
CC	0.105043
CG	0.0167407
CT	0.0533223
GA	0.0216493
GC	0.07771
GG	0.0500672
GT	0.0355999
TA	0.0274879
TC	0.151338
TG	0.07771
TT	0.0722848
