kmer	count
sequence	0
AA	0.0485717
AC	0.109689
AG	0.0829448
AT	0.0624735
CA	0.0357294
CC	0.092354
CG	0.00945156
CT	0.0618801
GA	0.0236077
GC	0.0634907
GG	0.0422141
GT	0.0417903
TA	0.0297533
TC	0.133466
TG	0.0835806
TT	0.0790031
