kmer	count
sequence	0
AA	0.0474889
AC	0.0986842
AG	0.0756116
AT	0.0516123
CA	0.0264085
CC	0.113093
CG	0.0166327
CT	0.0580986
GA	0.023258
GC	0.0840901
GG	0.0521683
GT	0.0421145
TA	0.0247405
TC	0.142235
TG	0.0732024
TT	0.0705615
