kmer	count
sequence	0
AA	0.0541401
AC	0.102749
AG	0.0787378
AT	0.0619762
CA	0.0403537
CC	0.0854006
CG	0.00930272
CT	0.0569896
GA	0.0280339
GC	0.0625629
GG	0.0475193
GT	0.0427422
TA	0.0320567
TC	0.133129
TG	0.0841854
TT	0.0801207
