kmer	count
sequence	0
AA	0.0470925
AC	0.0971686
AG	0.0806131
AT	0.0539956
CA	0.031239
CC	0.105534
CG	0.0173745
CT	0.0568621
GA	0.022815
GC	0.0741196
GG	0.0510706
GT	0.0365625
TA	0.0294255
TC	0.13847
TG	0.0720136
TT	0.0856441
