kmer	count
sequence	0
AA	0.0525334
AC	0.0966739
AG	0.078023
AT	0.0574293
CA	0.0368356
CC	0.0954305
CG	0.0182624
CT	0.0565744
GA	0.0258781
GC	0.0714952
GG	0.048337
GT	0.0382344
TA	0.0316288
TC	0.135219
TG	0.0825303
TT	0.0749145
