kmer	count
sequence	0
AA	0.0513653
AC	0.0945785
AG	0.0837089
AT	0.0507025
CA	0.0338017
CC	0.0970308
CG	0.0176962
CT	0.0568001
GA	0.0239263
GC	0.0719777
GG	0.0520281
GT	0.0388388
TA	0.0321448
TC	0.135737
TG	0.0813229
TT	0.0783404
