kmer	count
sequence	0
AA	0.0452424
AC	0.0994165
AG	0.0833034
AT	0.0551616
CA	0.0309695
CC	0.109785
CG	0.0169659
CT	0.0613106
GA	0.0219479
GC	0.0760323
GG	0.048833
GT	0.0389587
TA	0.0235189
TC	0.136086
TG	0.0785458
TT	0.0739228
