kmer	count
sequence	0
AA	0.0496928
AC	0.107679
AG	0.0806826
AT	0.0602048
CA	0.0346075
CC	0.0884642
CG	0.00901024
CT	0.0597952
GA	0.0221502
GC	0.0619113
GG	0.0416041
GT	0.0433788
TA	0.0294881
TC	0.140648
TG	0.0855973
TT	0.0850853
