kmer	count
sequence	0
AA	0.0479195
AC	0.0998658
AG	0.0741387
AT	0.0529754
CA	0.0333333
CC	0.116197
CG	0.0163758
CT	0.0598658
GA	0.0248322
GC	0.0765548
GG	0.0496197
GT	0.0383445
TA	0.0239821
TC	0.134899
TG	0.0758389
TT	0.0752573
