kmer	count
sequence	0
AA	0.0473433
AC	0.094492
AG	0.0760023
AT	0.0581452
CA	0.0309946
CC	0.115998
CG	0.0181977
CT	0.0638867
GA	0.0271993
GC	0.0789218
GG	0.0547392
GT	0.0458836
TA	0.0246691
TC	0.123881
TG	0.0712826
TT	0.0683632
