kmer	count
sequence	0
AA	0.0520531
AC	0.108082
AG	0.07974
AT	0.0632775
CA	0.0358713
CC	0.0856328
CG	0.00888598
CT	0.0598167
GA	0.0250678
GC	0.0620148
GG	0.0430268
GT	0.0428865
TA	0.0290431
TC	0.141568
TG	0.0832476
TT	0.0797867
