kmer	count
sequence	0
AA	0.0519346
AC	0.1123
AG	0.0830567
AT	0.0562903
CA	0.0352846
CC	0.0924531
CG	0.00834255
CT	0.0537963
GA	0.0227796
GC	0.0651246
GG	0.0407819
GT	0.038042
TA	0.0282769
TC	0.149446
TG	0.0840227
TT	0.0780687
