kmer	count
sequence	0
AA	0.0494842
AC	0.104217
AG	0.0804043
AT	0.06244
CA	0.0351488
CC	0.0897613
CG	0.00881718
CT	0.0576416
GA	0.0230026
GC	0.0627099
GG	0.0428563
GT	0.0421065
TA	0.0306802
TC	0.140025
TG	0.0837932
TT	0.0869122
