kmer	count
sequence	0
AA	0.0489962
AC	0.103093
AG	0.0761259
AT	0.0503527
CA	0.0283234
CC	0.102767
CG	0.0163863
CT	0.059197
GA	0.0241454
GC	0.0756918
GG	0.0447097
GT	0.0360282
TA	0.0278351
TC	0.153717
TG	0.0719479
TT	0.0806837
