kmer	count
sequence	0
AA	0.0480349
AC	0.100997
AG	0.078674
AT	0.0492956
CA	0.0325939
CC	0.108076
CG	0.0173495
CT	0.0524532
GA	0.0227047
GC	0.0780032
GG	0.0500012
GT	0.0353119
TA	0.0281755
TC	0.149229
TG	0.0764186
TT	0.0726827
