kmer	count
sequence	0
AA	0.0498938
AC	0.105255
AG	0.085199
AT	0.0577322
CA	0.0370932
CC	0.0895522
CG	0.00998912
CT	0.0556203
GA	0.0242796
GC	0.0616319
GG	0.0465641
GT	0.0399176
TA	0.0310038
TC	0.13609
TG	0.0892542
TT	0.0809235
