kmer	count
sequence	0
AA	0.0490222
AC	0.106359
AG	0.0806173
AT	0.059831
CA	0.0375815
CC	0.0904284
CG	0.00921245
CT	0.0556738
GA	0.0230478
GC	0.06176
GG	0.045896
GT	0.0406412
TA	0.030165
TC	0.141646
TG	0.0854729
TT	0.082646
