kmer	count
sequence	0
AA	0.0482018
AC	0.096592
AG	0.0811523
AT	0.0555451
CA	0.0333271
CC	0.0964037
CG	0.0180757
CT	0.0576163
GA	0.0262662
GC	0.080305
GG	0.0512145
GT	0.0399172
TA	0.0273018
TC	0.134532
TG	0.080305
TT	0.0732442
