kmer	count
sequence	0
AA	0.0674549
AC	0.0616774
AG	0.119605
AT	0.0179063
CA	0.0683349
CC	0.0994031
CG	0.0192837
CT	0.0382614
GA	0.0284282
GC	0.0367309
GG	0.0653505
GT	0.0107515
TA	0.0588078
TC	0.110537
TG	0.157675
TT	0.0397919
