kmer	count
sequence	0
AA	0.0469025
AC	0.0978707
AG	0.0763685
AT	0.052058
CA	0.0328611
CC	0.109272
CG	0.0183167
CT	0.0533154
GA	0.0248973
GC	0.0766619
GG	0.0519323
GT	0.0356694
TA	0.0279152
TC	0.150096
TG	0.0760332
TT	0.0698298
