kmer	count
sequence	0
AA	0.0552774
AC	0.107821
AG	0.0826427
AT	0.0621259
CA	0.0348181
CC	0.0874482
CG	0.00696363
CT	0.0566874
GA	0.0228764
GC	0.0604282
GG	0.0444003
GT	0.0384726
TA	0.0314227
TC	0.139819
TG	0.0858656
TT	0.0829305
