kmer	count
sequence	0
AA	0.0319059
AC	0.0677322
AG	0.0526538
AT	0.0367913
CA	0.0803981
CC	0.126598
CG	0.0360072
CT	0.0522919
GA	0.0385404
GC	0.0672497
GG	0.071532
GT	0.0308203
TA	0.0445115
TC	0.117793
TG	0.0951749
TT	0.05
