kmer	count
sequence	0
AA	0.0558411
AC	0.105514
AG	0.084486
AT	0.0614953
CA	0.0374766
CC	0.0834112
CG	0.00976636
CT	0.0576168
GA	0.0261215
GC	0.0593458
GG	0.045
GT	0.0397196
TA	0.0317757
TC	0.135888
TG	0.0850467
TT	0.0814953
