kmer	count
sequence	0
AA	0.0452917
AC	0.0950062
AG	0.0840331
AT	0.0461874
CA	0.0324712
CC	0.111746
CG	0.0174672
CT	0.0555369
GA	0.0239615
GC	0.0804501
GG	0.0582801
GT	0.0379017
TA	0.0246333
TC	0.13929
TG	0.0794984
TT	0.0682454
