kmer	count
sequence	0
AA	0.0577032
AC	0.101251
AG	0.084462
AT	0.0665444
CA	0.0329665
CC	0.0826279
CG	0.00846501
CT	0.0550226
GA	0.0237961
GC	0.0587848
GG	0.043877
GT	0.0427483
TA	0.0305681
TC	0.139532
TG	0.0835214
TT	0.0881302
