kmer	count
sequence	0
AA	0.0429416
AC	0.0850702
AG	0.0748707
AT	0.0545824
CA	0.0390244
CC	0.112306
CG	0.0236142
CT	0.0818551
GA	0.0279379
GC	0.08034
GG	0.0559497
GT	0.0488914
TA	0.0246859
TC	0.111456
TG	0.0691057
TT	0.0673688
