kmer	count
sequence	0
AA	0.05
AC	0.0977762
AG	0.0776184
AT	0.0501435
CA	0.0324247
CC	0.105954
CG	0.0188666
CT	0.0581779
GA	0.0238881
GC	0.0733859
GG	0.0507174
GT	0.0406743
TA	0.0289096
TC	0.139742
TG	0.0751793
TT	0.0765423
