kmer	count
sequence	0
AA	0.0527733
AC	0.10601
AG	0.0851359
AT	0.0605589
CA	0.0342985
CC	0.0850097
CG	0.00879556
CT	0.0545409
GA	0.0234408
GC	0.0583705
GG	0.0404006
GT	0.0403165
TA	0.0318576
TC	0.14721
TG	0.0886289
TT	0.082653
