kmer	count
sequence	0
AA	0.0491803
AC	0.100601
AG	0.075817
AT	0.0504405
CA	0.0311066
CC	0.110456
CG	0.0163288
CT	0.053241
GA	0.0221882
GC	0.0792314
GG	0.0491049
GT	0.0358458
TA	0.0281984
TC	0.150008
TG	0.0746968
TT	0.0735551
