kmer	count
sequence	0
AA	0.039648
AC	0.083288
AG	0.0631464
AT	0.0422791
CA	0.062965
CC	0.117946
CG	0.0269461
CT	0.0421884
GA	0.0326619
GC	0.0683179
GG	0.064961
GT	0.0288514
TA	0.0432771
TC	0.133642
TG	0.0905462
TT	0.0593359
