kmer	count
sequence	0
AA	0.0505432
AC	0.0958432
AG	0.0783656
AT	0.0478035
CA	0.0324988
CC	0.109164
CG	0.0179499
CT	0.0544639
GA	0.0243741
GC	0.075059
GG	0.0473311
GT	0.036325
TA	0.0305621
TC	0.149646
TG	0.0763344
TT	0.0737364
