kmer	count
sequence	0
AA	0.0528697
AC	0.108731
AG	0.0849783
AT	0.0599847
CA	0.0346262
CC	0.088481
CG	0.00875689
CT	0.0556062
GA	0.0228409
GC	0.0623198
GG	0.0453169
GT	0.0398438
TA	0.0320356
TC	0.139089
TG	0.0867297
TT	0.0777903
