kmer	count
sequence	0
AA	0.0529006
AC	0.103867
AG	0.0844613
AT	0.0625
CA	0.0354282
CC	0.0916436
CG	0.00794199
CT	0.0529696
GA	0.0251381
GC	0.0642265
GG	0.0460635
GT	0.0434392
TA	0.0316298
TC	0.125829
TG	0.0891575
TT	0.0828039
