kmer	count
sequence	0
AA	0.0501836
AC	0.0926833
AG	0.0849313
AT	0.0565075
CA	0.0301918
CC	0.103971
CG	0.0165919
CT	0.0567115
GA	0.0237318
GC	0.0773834
GG	0.0518156
GT	0.0412077
TA	0.0261118
TC	0.134503
TG	0.0770434
TT	0.0764314
