kmer	count
sequence	0
AA	0.045894
AC	0.0928946
AG	0.0863716
AT	0.0502621
CA	0.0308678
CC	0.10396
CG	0.0179383
CT	0.0577169
GA	0.0221899
GC	0.0730344
GG	0.0531741
GT	0.0375655
TA	0.027548
TC	0.142632
TG	0.0808387
TT	0.0771112
