kmer	count
sequence	0
AA	0.0482829
AC	0.0966684
AG	0.0747822
AT	0.0554075
CA	0.0337263
CC	0.112096
CG	0.017427
CT	0.0606868
GA	0.0288057
GC	0.0809841
GG	0.0519733
GT	0.0457714
TA	0.0212711
TC	0.128293
TG	0.0701691
TT	0.0736545
