kmer	count
sequence	0
AA	0.0470055
AC	0.10155
AG	0.0753575
AT	0.0505451
CA	0.0318562
CC	0.108594
CG	0.0180164
CT	0.0584737
GA	0.0233258
GC	0.0792156
GG	0.0495186
GT	0.038369
TA	0.0260866
TC	0.144131
TG	0.0748266
TT	0.0731276
