kmer	count
sequence	0
AA	0.0509217
AC	0.109908
AG	0.0743376
AT	0.0608871
CA	0.0371544
CC	0.100662
CG	0.00826613
CT	0.0581221
GA	0.0261809
GC	0.0708237
GG	0.0422811
GT	0.0423099
TA	0.0284562
TC	0.13871
TG	0.0756048
TT	0.0753744
