kmer	count
sequence	0
AA	0.0516321
AC	0.11112
AG	0.0836257
AT	0.0592587
CA	0.0337858
CC	0.0855705
CG	0.00949512
CT	0.0570088
GA	0.0225366
GC	0.0612797
GG	0.0424039
GT	0.0393533
TA	0.0294005
TC	0.140291
TG	0.0894982
TT	0.0837401
