kmer	count
sequence	0
AA	0.0521061
AC	0.106669
AG	0.0844774
AT	0.0609984
CA	0.0327223
CC	0.0878705
CG	0.00932137
CT	0.0592824
GA	0.0227379
GC	0.0605694
GG	0.0451248
GT	0.0415367
TA	0.0294462
TC	0.136544
TG	0.0878705
TT	0.0827223
