kmer	count
sequence	0
AA	0.0507026
AC	0.108868
AG	0.0764147
AT	0.0590866
CA	0.040809
CC	0.0943695
CG	0.00941891
CT	0.0549088
GA	0.0252374
GC	0.0625712
GG	0.04436
GT	0.0387296
TA	0.0322826
TC	0.139565
TG	0.08515
TT	0.0775256
