kmer	count
sequence	0
AA	0.0516589
AC	0.1137
AG	0.0812095
AT	0.0558804
CA	0.0337409
CC	0.092936
CG	0.00903718
CT	0.0508459
GA	0.0224522
GC	0.0684199
GG	0.0408706
GT	0.0404015
TA	0.0289252
TC	0.152131
TG	0.0802714
TT	0.0775196
