kmer	count
sequence	0
AA	0.0504873
AC	0.095822
AG	0.081283
AT	0.050008
CA	0.0332721
CC	0.106087
CG	0.0164563
CT	0.049289
GA	0.0242451
GC	0.0754114
GG	0.0544416
GT	0.0365474
TA	0.0295574
TC	0.143873
TG	0.0818821
TT	0.0713373
