kmer	count
sequence	0
AA	0.0455706
AC	0.0995556
AG	0.075494
AT	0.0512433
CA	0.0340361
CC	0.106221
CG	0.0189562
CT	0.0554505
GA	0.0241089
GC	0.0809303
GG	0.0514324
GT	0.0372506
TA	0.0284107
TC	0.146875
TG	0.0745013
TT	0.0699631
