kmer	count
sequence	0
AA	0.0487073
AC	0.100209
AG	0.0825688
AT	0.0489575
CA	0.0314429
CC	0.0994996
CG	0.0169308
CT	0.0527106
GA	0.0234779
GC	0.0757715
GG	0.0483736
GT	0.0372811
TA	0.0263553
TC	0.153044
TG	0.0808173
TT	0.0738532
