kmer	count
sequence	0
AA	0.0482129
AC	0.0967623
AG	0.0871534
AT	0.0512271
CA	0.0306169
CC	0.104168
CG	0.0186823
CT	0.0547004
GA	0.0226605
GC	0.0741783
GG	0.0526042
GT	0.0367373
TA	0.0281076
TC	0.138824
TG	0.0811708
TT	0.0741936
