kmer	count
sequence	0
AA	0.0389914
AC	0.0688794
AG	0.054459
AT	0.0532909
CA	0.110489
CC	0.100902
CG	0.0171191
CT	0.0934504
GA	0.0380649
GC	0.0570773
GG	0.0525659
GT	0.03879
TA	0.0385483
TC	0.10203
TG	0.0759687
TT	0.0593732
