kmer	count
sequence	0
AA	0.0539563
AC	0.106685
AG	0.081412
AT	0.0635744
CA	0.0372101
CC	0.0895634
CG	0.00995907
CT	0.060266
GA	0.0247613
GC	0.0601296
GG	0.0447817
GT	0.042292
TA	0.0282742
TC	0.132674
TG	0.0824693
TT	0.0819918
