kmer	count
sequence	0
AA	0.0504519
AC	0.111257
AG	0.0769762
AT	0.0576171
CA	0.0387182
CC	0.0937387
CG	0.00805259
CT	0.0559408
GA	0.0245522
GC	0.06659
GG	0.0438127
GT	0.0413804
TA	0.031553
TC	0.138044
TG	0.0815119
TT	0.0798028
