kmer	count
sequence	0
AA	0.0461373
AC	0.0995172
AG	0.0845494
AT	0.0503219
CA	0.0287554
CC	0.107672
CG	0.0168991
CT	0.0575644
GA	0.0229614
GC	0.0787017
GG	0.0516094
GT	0.0368562
TA	0.0269313
TC	0.141094
TG	0.0775751
TT	0.0728541
