kmer	count
sequence	0
AA	0.0488375
AC	0.0980322
AG	0.0725419
AT	0.0522795
CA	0.0331537
CC	0.104916
CG	0.0158462
CT	0.0549747
GA	0.0215288
GC	0.0758865
GG	0.0491622
GT	0.0385115
TA	0.0292246
TC	0.150247
TG	0.0763086
TT	0.0785492
