kmer	count
sequence	0
AA	0.0526407
AC	0.0967107
AG	0.0771369
AT	0.0546097
CA	0.0346305
CC	0.104065
CG	0.0171994
CT	0.0547834
GA	0.0229326
GC	0.072562
GG	0.0463285
GT	0.0401899
TA	0.030461
TC	0.134121
TG	0.0806115
TT	0.0810169
