kmer	count
sequence	0
AA	0.0492247
AC	0.0963011
AG	0.0829325
AT	0.051268
CA	0.0298314
CC	0.105198
CG	0.0179339
CT	0.0528792
GA	0.0231062
GC	0.0752265
GG	0.0524122
GT	0.0365216
TA	0.0276013
TC	0.14416
TG	0.079278
TT	0.0761255
