kmer	count
sequence	0
AA	0.0514464
AC	0.09627
AG	0.0863622
AT	0.0542015
CA	0.0302003
CC	0.105436
CG	0.0166896
CT	0.0504927
GA	0.0233125
GC	0.0722157
GG	0.0536187
GT	0.0349687
TA	0.0283459
TC	0.143796
TG	0.0790505
TT	0.0735933
