kmer	count
sequence	0
AA	0.0361629
AC	0.0716356
AG	0.0612146
AT	0.0428571
CA	0.0717046
CC	0.120911
CG	0.0320221
CT	0.0650104
GA	0.0347136
GC	0.0669427
GG	0.0639061
GT	0.0335404
TA	0.0413389
TC	0.114769
TG	0.0837819
TT	0.0594893
