kmer	count
sequence	0
AA	0.0504635
AC	0.106792
AG	0.0842319
AT	0.0623345
CA	0.0344306
CC	0.083759
CG	0.00983731
CT	0.0580779
GA	0.023742
GC	0.0576996
GG	0.0442206
GT	0.039633
TA	0.0292281
TC	0.145242
TG	0.0872115
TT	0.0830969
