kmer	count
sequence	0
AA	0.0526141
AC	0.103378
AG	0.0795142
AT	0.0619129
CA	0.0367208
CC	0.0906158
CG	0.00920391
CT	0.056884
GA	0.0241958
GC	0.0624822
GG	0.0417022
GT	0.0406111
TA	0.032356
TC	0.141854
TG	0.0860613
TT	0.0798937
