kmer	count
sequence	0
AA	0.0503689
AC	0.102055
AG	0.0826893
AT	0.0625768
CA	0.0397418
CC	0.0849289
CG	0.00882663
CT	0.0570437
GA	0.0266555
GC	0.0612594
GG	0.0450553
GT	0.0400492
TA	0.0307395
TC	0.133805
TG	0.0881346
TT	0.0860706
