kmer	count
sequence	0
AA	0.0487814
AC	0.0978872
AG	0.0799683
AT	0.051197
CA	0.0310787
CC	0.108307
CG	0.0174863
CT	0.0516297
GA	0.0238679
GC	0.0735506
GG	0.0502596
GT	0.0349365
TA	0.0285549
TC	0.15132
TG	0.0775166
TT	0.0736588
