kmer	count
sequence	0
AA	0.0483559
AC	0.0944259
AG	0.0818533
AT	0.0523123
CA	0.033937
CC	0.0948655
CG	0.0199578
CT	0.0546861
GA	0.0199578
GC	0.0726218
GG	0.0510814
GT	0.0379814
TA	0.0324424
TC	0.140496
TG	0.0836117
TT	0.0814138
