kmer	count
sequence	0
AA	0.0458242
AC	0.0981868
AG	0.0823077
AT	0.0502747
CA	0.0305495
CC	0.109011
CG	0.0175824
CT	0.0507692
GA	0.023956
GC	0.0774176
GG	0.0496703
GT	0.0354396
TA	0.03
TC	0.146593
TG	0.0783516
TT	0.0740659
