kmer	count
sequence	0
AA	0.0487821
AC	0.0968839
AG	0.0866805
AT	0.0502721
CA	0.0303835
CC	0.107768
CG	0.0166818
CT	0.0527663
GA	0.0246826
GC	0.0758292
GG	0.0551309
GT	0.0383195
TA	0.0283428
TC	0.134329
TG	0.0802021
TT	0.0729464
