kmer	count
sequence	0
AA	0.0518861
AC	0.110747
AG	0.0713523
AT	0.0656584
CA	0.0394662
CC	0.102776
CG	0.00775801
CT	0.0597153
GA	0.0248754
GC	0.0692171
GG	0.0397509
GT	0.0420285
TA	0.0287189
TC	0.133025
TG	0.0745552
TT	0.0784698
