kmer	count
sequence	0
AA	0.0538113
AC	0.11154
AG	0.0786404
AT	0.0561381
CA	0.0397915
CC	0.0878299
CG	0.0092189
CT	0.0559908
GA	0.0257717
GC	0.0633247
GG	0.0420299
GT	0.0367578
TA	0.0311322
TC	0.143438
TG	0.0868285
TT	0.0777568
