kmer	count
sequence	0
AA	0.0527541
AC	0.108752
AG	0.0783201
AT	0.0632273
CA	0.0373087
CC	0.088617
CG	0.00920375
CT	0.0547994
GA	0.0244375
GC	0.0592425
GG	0.0435503
GT	0.0394245
TA	0.0329008
TC	0.142852
TG	0.080718
TT	0.0838917
