kmer	count
sequence	0
AA	0.043384
AC	0.0979058
AG	0.0864012
AT	0.0449847
CA	0.0287782
CC	0.111278
CG	0.0196078
CT	0.0535881
GA	0.0218754
GC	0.0814326
GG	0.0568894
GT	0.0350807
TA	0.0241096
TC	0.144358
TG	0.0817327
TT	0.0685941
