kmer	count
sequence	0
AA	0.0484688
AC	0.0967715
AG	0.0801726
AT	0.0515395
CA	0.0324508
CC	0.109553
CG	0.0170554
CT	0.0540294
GA	0.0253548
GC	0.0782223
GG	0.0545688
GT	0.0356046
TA	0.0272637
TC	0.137024
TG	0.0793842
TT	0.0725371
