kmer	count
sequence	0
AA	0.052446
AC	0.094913
AG	0.0869598
AT	0.0486945
CA	0.0345888
CC	0.097614
CG	0.0192077
CT	0.0555972
GA	0.0232593
GC	0.0682773
GG	0.0516206
GT	0.0323379
TA	0.0284364
TC	0.144508
TG	0.0872599
TT	0.0742797
