kmer	count
sequence	0
AA	0.0517897
AC	0.0997754
AG	0.0794262
AT	0.0664558
CA	0.0376507
CC	0.0871717
CG	0.00902883
CT	0.0754847
GA	0.026949
GC	0.0651267
GG	0.0453962
GT	0.0500023
TA	0.0285531
TC	0.119116
TG	0.0746368
TT	0.0834365
