kmer	count
sequence	0
AA	0.0537689
AC	0.104357
AG	0.0839674
AT	0.0603674
CA	0.0375401
CC	0.0889312
CG	0.00864939
CT	0.0578112
GA	0.0226489
GC	0.0583462
GG	0.044317
GT	0.04185
TA	0.0295744
TC	0.138985
TG	0.0861966
TT	0.0826893
