kmer	count
sequence	0
AA	0.043134
AC	0.0916781
AG	0.0810053
AT	0.0488885
CA	0.0335432
CC	0.11568
CG	0.0233622
CT	0.0583809
GA	0.0252803
GC	0.0843006
GG	0.0604466
GT	0.0401338
TA	0.0223785
TC	0.131714
TG	0.0746114
TT	0.0654633
