kmer	count
sequence	0
AA	0.0512949
AC	0.107548
AG	0.0806781
AT	0.0584648
CA	0.0386303
CC	0.0894227
CG	0.00911314
CT	0.0607766
GA	0.02352
GC	0.0644286
GG	0.0447616
GT	0.0412772
TA	0.0300868
TC	0.137769
TG	0.083392
TT	0.0788354
