kmer	count
sequence	0
AA	0.0532117
AC	0.111434
AG	0.0798777
AT	0.0586532
CA	0.0352641
CC	0.0881752
CG	0.00818719
CT	0.054304
GA	0.0233591
GC	0.0637238
GG	0.0410061
GT	0.0376891
TA	0.0305341
TC	0.148131
TG	0.0837058
TT	0.0827438
