kmer	count
sequence	0
AA	0.0474188
AC	0.0978743
AG	0.0790703
AT	0.0546601
CA	0.0321965
CC	0.108775
CG	0.0183368
CT	0.0596045
GA	0.024488
GC	0.0734641
GG	0.0505334
GT	0.0391264
TA	0.0277583
TC	0.134509
TG	0.0781359
TT	0.0740481
