kmer	count
sequence	0
AA	0.0555141
AC	0.102016
AG	0.0891638
AT	0.0603669
CA	0.0352496
CC	0.0860175
CG	0.0101323
CT	0.0574872
GA	0.0211711
GC	0.0625533
GG	0.0447419
GT	0.0385559
TA	0.0317299
TC	0.133799
TG	0.0902837
TT	0.081218
