kmer	count
sequence	0
AA	0.0462813
AC	0.0979848
AG	0.0794979
AT	0.0497396
CA	0.033302
CC	0.109641
CG	0.01917
CT	0.0510631
GA	0.0246777
GC	0.0781317
GG	0.0506788
GT	0.0354795
TA	0.0306549
TC	0.14576
TG	0.0761677
TT	0.0717701
