kmer	count
sequence	0
AA	0.0490828
AC	0.0990952
AG	0.0836639
AT	0.0523674
CA	0.0325359
CC	0.100768
CG	0.0172286
CT	0.0588126
GA	0.0225583
GC	0.0719509
GG	0.0489588
GT	0.0395389
TA	0.027764
TC	0.142972
TG	0.0779003
TT	0.0748017
