kmer	count
sequence	0
AA	0.055946
AC	0.104904
AG	0.0807407
AT	0.0574068
CA	0.0383765
CC	0.0803459
CG	0.00947568
CT	0.0552748
GA	0.0260976
GC	0.0587887
GG	0.0425221
GT	0.0386529
TA	0.0330069
TC	0.145491
TG	0.0855575
TT	0.0874131
