kmer	count
sequence	0
AA	0.0536847
AC	0.103709
AG	0.0787841
AT	0.0709057
CA	0.0385554
CC	0.0967022
CG	0.00847103
CT	0.0660252
GA	0.0250296
GC	0.0609705
GG	0.0398104
GT	0.04863
TA	0.0281671
TC	0.121
TG	0.0773199
TT	0.0822352
