kmer	count
sequence	0
AA	0.0519692
AC	0.0949055
AG	0.0841864
AT	0.0502228
CA	0.0321571
CC	0.103697
CG	0.0158979
CT	0.0549801
GA	0.0258943
GC	0.0723233
GG	0.0509454
GT	0.035168
TA	0.0290257
TC	0.140612
TG	0.0791882
TT	0.0788269
