kmer	count
sequence	0
AA	0.0495818
AC	0.0948735
AG	0.0882481
AT	0.0484957
CA	0.0310633
CC	0.100739
CG	0.0174867
CT	0.0528402
GA	0.022863
GC	0.0752145
GG	0.0503421
GT	0.0376344
TA	0.0288911
TC	0.141686
TG	0.0824916
TT	0.0775497
