kmer	count
sequence	0
AA	0.0518502
AC	0.114827
AG	0.0727701
AT	0.0680283
CA	0.0374388
CC	0.0924812
CG	0.0069113
CT	0.0600322
GA	0.0230273
GC	0.0654249
GG	0.0419327
GT	0.0449699
TA	0.028544
TC	0.133949
TG	0.0755284
TT	0.0822848
