kmer	count
sequence	0
AA	0.0574432
AC	0.108169
AG	0.0835696
AT	0.0603219
CA	0.034937
CC	0.0854015
CG	0.00798186
CT	0.0572687
GA	0.0225498
GC	0.0610634
GG	0.0423518
GT	0.0400837
TA	0.031753
TC	0.140751
TG	0.0842238
TT	0.0821302
