kmer	count
sequence	0
AA	0.0472028
AC	0.105871
AG	0.0768824
AT	0.0480566
CA	0.0301268
CC	0.116076
CG	0.0154903
CT	0.0512685
GA	0.0236217
GC	0.085705
GG	0.050618
GT	0.0361441
TA	0.0236624
TC	0.149658
TG	0.0727761
TT	0.0668401
