kmer	count
sequence	0
AA	0.0459381
AC	0.0992804
AG	0.0750339
AT	0.0520909
CA	0.0343101
CC	0.104651
CG	0.0197101
CT	0.0575138
GA	0.0209615
GC	0.076181
GG	0.0489102
GT	0.0391595
TA	0.0292523
TC	0.138388
TG	0.0809782
TT	0.077641
