kmer	count
sequence	0
AA	0.0505959
AC	0.10966
AG	0.0792431
AT	0.0578345
CA	0.0376727
CC	0.092532
CG	0.0088094
CT	0.0575603
GA	0.0240846
GC	0.0653973
GG	0.0431328
GT	0.0405814
TA	0.0295447
TC	0.143028
TG	0.0812792
TT	0.0790436
