kmer	count
sequence	0
AA	0.0513258
AC	0.101024
AG	0.0750635
AT	0.0573595
CA	0.0479914
CC	0.0905446
CG	0.0108765
CT	0.0554938
GA	0.02735
GC	0.0611702
GG	0.0450143
GT	0.0373531
TA	0.0366783
TC	0.13548
TG	0.0894728
TT	0.0778025
