kmer	count
sequence	0
AA	0.0436685
AC	0.0966344
AG	0.0822045
AT	0.05061
CA	0.0316786
CC	0.104838
CG	0.0193101
CT	0.0593185
GA	0.0206984
GC	0.0745477
GG	0.0537653
GT	0.0384939
TA	0.0275978
TC	0.143374
TG	0.0797644
TT	0.073496
