kmer	count
sequence	0
AA	0.0455619
AC	0.0979863
AG	0.0857802
AT	0.0489931
CA	0.0279559
CC	0.11098
CG	0.0208122
CT	0.0505681
GA	0.020081
GC	0.0783553
GG	0.0554056
GT	0.0343121
TA	0.0251997
TC	0.147148
TG	0.081224
TT	0.0696366
