kmer	count
sequence	0
AA	0.0479132
AC	0.0986564
AG	0.084654
AT	0.0499803
CA	0.0321636
CC	0.10503
CG	0.0189241
CT	0.0520967
GA	0.0238212
GC	0.0753519
GG	0.0539669
GT	0.0359287
TA	0.0272665
TC	0.144281
TG	0.0798061
TT	0.0701595
