kmer	count
sequence	0
AA	0.0537454
AC	0.105248
AG	0.0837908
AT	0.0607402
CA	0.0366861
CC	0.0870374
CG	0.0087362
CT	0.0533617
GA	0.0234933
GC	0.0626291
GG	0.044596
GT	0.0418806
TA	0.0317868
TC	0.138894
TG	0.0868898
TT	0.0804852
