kmer	count
sequence	0
AA	0.0475735
AC	0.101572
AG	0.0801777
AT	0.0494874
CA	0.0318524
CC	0.105537
CG	0.0157895
CT	0.0496241
GA	0.0237867
GC	0.0733424
GG	0.0509911
GT	0.0361586
TA	0.030622
TC	0.143199
TG	0.0828435
TT	0.0774436
