kmer	count
sequence	0
AA	0.0413223
AC	0.0820369
AG	0.0594312
AT	0.0452722
CA	0.0865338
CC	0.106466
CG	0.0156782
CT	0.0434492
GA	0.0379193
GC	0.0533544
GG	0.0583982
GT	0.0311133
TA	0.0463661
TC	0.126823
TG	0.107134
TT	0.058702
