kmer	count
sequence	0
AA	0.0460592
AC	0.0953194
AG	0.0898776
AT	0.0460236
CA	0.030801
CC	0.103713
CG	0.0199175
CT	0.0503628
GA	0.0221226
GC	0.0786385
GG	0.0559468
GT	0.0349979
TA	0.0256082
TC	0.145931
TG	0.0852539
TT	0.0694267
