kmer	count
sequence	0
AA	0.0499547
AC	0.0971307
AG	0.0800056
AT	0.0543882
CA	0.036264
CC	0.105014
CG	0.0179213
CT	0.0545287
GA	0.0236973
GC	0.0704674
GG	0.0522964
GT	0.0369353
TA	0.029926
TC	0.137563
TG	0.0781011
TT	0.0758063
