kmer	count
sequence	0
AA	0.0527457
AC	0.109116
AG	0.0819055
AT	0.0566447
CA	0.0373147
CC	0.0937672
CG	0.00779791
CT	0.0551345
GA	0.0232839
GC	0.0633718
GG	0.0441241
GT	0.0392916
TA	0.0300934
TC	0.143136
TG	0.0846238
TT	0.0776496
