kmer	count
sequence	0
AA	0.0495873
AC	0.0953508
AG	0.0850935
AT	0.0505584
CA	0.0324108
CC	0.0963826
CG	0.0176014
CT	0.0546249
GA	0.0223962
GC	0.0706482
GG	0.0509226
GT	0.037327
TA	0.0308327
TC	0.142874
TG	0.0844865
TT	0.0789026
