kmer	count
sequence	0
AA	0.0540923
AC	0.107648
AG	0.0769193
AT	0.0645303
CA	0.0365818
CC	0.0866257
CG	0.00814555
CT	0.0608233
GA	0.023705
GC	0.0631158
GG	0.0411179
GT	0.0412643
TA	0.031314
TC	0.139352
TG	0.0811628
TT	0.0836016
