kmer	count
sequence	0
AA	0.0529276
AC	0.0986717
AG	0.071903
AT	0.0539442
CA	0.0355787
CC	0.106126
CG	0.0166712
CT	0.0502846
GA	0.0234481
GC	0.0762402
GG	0.0496069
GT	0.0357143
TA	0.0359176
TC	0.147669
TG	0.0737327
TT	0.0715641
