kmer	count
sequence	0
AA	0.0524194
AC	0.108277
AG	0.0769525
AT	0.062691
CA	0.0385399
CC	0.0893039
CG	0.00976231
CT	0.0585314
GA	0.023472
GC	0.0597623
GG	0.0414261
GT	0.0407046
TA	0.0322156
TC	0.140407
TG	0.0817063
TT	0.0838285
