kmer	count
sequence	0
AA	0.0469541
AC	0.10219
AG	0.0764545
AT	0.0538672
CA	0.036345
CC	0.104928
CG	0.0169747
CT	0.0550308
GA	0.0232717
GC	0.0737851
GG	0.0501027
GT	0.0346338
TA	0.0296372
TC	0.147091
TG	0.0730322
TT	0.0757016
