kmer	count
sequence	0
AA	0.0543808
AC	0.110355
AG	0.0778978
AT	0.0607945
CA	0.0387157
CC	0.0906087
CG	0.00901811
CT	0.0555469
GA	0.0245277
GC	0.0592786
GG	0.0429527
GT	0.039532
TA	0.0311358
TC	0.137138
TG	0.0873047
TT	0.0808132
