kmer	count
sequence	0
AA	0.0529599
AC	0.112638
AG	0.0816211
AT	0.0649566
CA	0.0345505
CC	0.087554
CG	0.00828862
CT	0.057366
GA	0.0245605
GC	0.0622083
GG	0.0402216
GT	0.0446713
TA	0.0280068
TC	0.137678
TG	0.0792654
TT	0.0834533
