kmer	count
sequence	0
AA	0.0501417
AC	0.0985117
AG	0.0795535
AT	0.0535082
CA	0.0263111
CC	0.0962084
CG	0.0174522
CT	0.0521793
GA	0.0209072
GC	0.0707831
GG	0.0478384
GT	0.0388909
TA	0.0312721
TC	0.149539
TG	0.0829199
TT	0.083983
