kmer	count
sequence	0
AA	0.0458804
AC	0.0930102
AG	0.0878568
AT	0.0467237
CA	0.0315448
CC	0.105191
CG	0.0187082
CT	0.0523768
GA	0.0224561
GC	0.0772378
GG	0.0565307
GT	0.0370729
TA	0.0272034
TC	0.143888
TG	0.0821101
TT	0.0722094
