kmer	count
sequence	0
AA	0.0453656
AC	0.0921292
AG	0.0865371
AT	0.0506081
CA	0.0320844
CC	0.100727
CG	0.0180344
CT	0.0536838
GA	0.0245352
GC	0.0697609
GG	0.0562002
GT	0.0362086
TA	0.0294981
TC	0.143227
TG	0.0836712
TT	0.0777296
