kmer	count
sequence	0
AA	0.0517374
AC	0.110916
AG	0.0784683
AT	0.0606796
CA	0.0359287
CC	0.0933827
CG	0.0077606
CT	0.0563682
GA	0.0222279
GC	0.0653424
GG	0.0417092
GT	0.0421883
TA	0.0292859
TC	0.14215
TG	0.0822368
TT	0.079618
