kmer	count
sequence	0
AA	0.0530507
AC	0.107211
AG	0.0842314
AT	0.0572108
CA	0.0357765
CC	0.0868463
CG	0.00903328
CT	0.0566165
GA	0.0235341
GC	0.0641046
GG	0.0438986
GT	0.0379556
TA	0.0297544
TC	0.144612
TG	0.0840729
TT	0.0820919
