kmer	count
sequence	0
AA	0.0531786
AC	0.113191
AG	0.0787357
AT	0.0662775
CA	0.0344558
CC	0.0940058
CG	0.00758169
CT	0.058411
GA	0.0244536
GC	0.0590518
GG	0.0427849
GT	0.0426782
TA	0.0294725
TC	0.133694
TG	0.0781662
TT	0.0838613
