kmer	count
sequence	0
AA	0.0505712
AC	0.0929925
AG	0.081499
AT	0.0488298
CA	0.0312761
CC	0.0976595
CG	0.0184592
CT	0.0524519
GA	0.0231959
GC	0.0702842
GG	0.0523823
GT	0.0392867
TA	0.0312761
TC	0.151017
TG	0.0828225
TT	0.0759961
