kmer	count
sequence	0
AA	0.048661
AC	0.0918245
AG	0.0887764
AT	0.0495863
CA	0.032985
CC	0.101894
CG	0.0210647
CT	0.05258
GA	0.0240039
GC	0.0683105
GG	0.0534509
GT	0.0354888
TA	0.0291748
TC	0.144622
TG	0.0837688
TT	0.073808
