kmer	count
sequence	0
AA	0.0540986
AC	0.108046
AG	0.0808775
AT	0.0656776
CA	0.0361202
CC	0.0876163
CG	0.00867488
CT	0.0599698
GA	0.023045
GC	0.059995
GG	0.0425823
GT	0.0422806
TA	0.0296455
TC	0.13607
TG	0.0832663
TT	0.0820342
