kmer	count
sequence	0
AA	0.0483223
AC	0.0977194
AG	0.0860361
AT	0.0541172
CA	0.0312646
CC	0.104542
CG	0.0185999
CT	0.0573418
GA	0.0224787
GC	0.076409
GG	0.0545378
GT	0.0372465
TA	0.0266847
TC	0.133003
TG	0.0765025
TT	0.0751939
