kmer	count
sequence	0
AA	0.0535158
AC	0.0957865
AG	0.0808833
AT	0.053719
CA	0.033532
CC	0.103644
CG	0.0156483
CT	0.0587319
GA	0.0233708
GC	0.0713995
GG	0.0487739
GT	0.038003
TA	0.0283159
TC	0.145441
TG	0.0714673
TT	0.0777672
