kmer	count
sequence	0
AA	0.0483432
AC	0.0981049
AG	0.0821607
AT	0.0518044
CA	0.0302996
CC	0.106616
CG	0.0178734
CT	0.0566841
GA	0.0235474
GC	0.0812528
GG	0.0540172
GT	0.0368815
TA	0.0245688
TC	0.139526
TG	0.0766568
TT	0.0716636
