kmer	count
sequence	0
AA	0.0498248
AC	0.0971969
AG	0.0811493
AT	0.0571128
CA	0.0295025
CC	0.0943938
CG	0.0156973
CT	0.0522775
GA	0.0238262
GC	0.0728802
GG	0.0469516
GT	0.0393132
TA	0.0304135
TC	0.148073
TG	0.0798178
TT	0.0815697
