kmer	count
sequence	0
AA	0.0545492
AC	0.108304
AG	0.0826031
AT	0.0612245
CA	0.03667
CC	0.0931306
CG	0.00785156
CT	0.0566959
GA	0.0247015
GC	0.060607
GG	0.0389931
GT	0.0373758
TA	0.0306417
TC	0.148356
TG	0.0788684
TT	0.0794272
