kmer	count
sequence	0
AA	0.0445997
AC	0.0893882
AG	0.065068
AT	0.0523792
CA	0.0715257
CC	0.0957704
CG	0.0131798
CT	0.0507931
GA	0.0333459
GC	0.0571375
GG	0.0530211
GT	0.0348943
TA	0.0416918
TC	0.126322
TG	0.0989426
TT	0.0719411
