kmer	count
sequence	0
AA	0.0337416
AC	0.0634744
AG	0.0545657
AT	0.0412027
CA	0.0791759
CC	0.117929
CG	0.0282851
CT	0.0538976
GA	0.0408686
GC	0.0675947
GG	0.0651448
GT	0.0324053
TA	0.0526726
TC	0.125278
TG	0.0832962
TT	0.0604677
