kmer	count
sequence	0
AA	0.050955
AC	0.109503
AG	0.0821691
AT	0.0618209
CA	0.032429
CC	0.0913815
CG	0.0081663
CT	0.0623271
GA	0.0222717
GC	0.0651616
GG	0.0423163
GT	0.0407302
TA	0.0279071
TC	0.140582
TG	0.0844638
TT	0.077816
