kmer	count
sequence	0
AA	0.0529185
AC	0.112086
AG	0.0868568
AT	0.0590679
CA	0.0344702
CC	0.0834331
CG	0.00917431
CT	0.0512897
GA	0.0217391
GC	0.060597
GG	0.0423481
GT	0.0387249
TA	0.030581
TC	0.150246
TG	0.0854607
TT	0.0810065
