kmer	count
sequence	0
AA	0.0542909
AC	0.10299
AG	0.076856
AT	0.0621431
CA	0.0382297
CC	0.0876824
CG	0.00900222
CT	0.0584946
GA	0.028593
GC	0.0629759
GG	0.0476285
GT	0.0416402
TA	0.0289895
TC	0.130592
TG	0.0894273
TT	0.0804648
