kmer	count
sequence	0
AA	0.0473183
AC	0.10173
AG	0.0804045
AT	0.0463116
CA	0.0315303
CC	0.109876
CG	0.0203643
CT	0.0524895
GA	0.0241625
GC	0.0758283
GG	0.0534505
GT	0.0350082
TA	0.0278235
TC	0.146074
TG	0.0799012
TT	0.0677284
