kmer	count
sequence	0
AA	0.0465509
AC	0.0975398
AG	0.0799807
AT	0.051616
CA	0.0339604
CC	0.105837
CG	0.0183309
CT	0.0536903
GA	0.0236855
GC	0.0789194
GG	0.0506995
GT	0.0353111
TA	0.0262904
TC	0.148384
TG	0.0789677
TT	0.0702364
