kmer	count
sequence	0
AA	0.0528023
AC	0.107402
AG	0.0869225
AT	0.0598374
CA	0.0373642
CC	0.0841085
CG	0.0103181
CT	0.0551083
GA	0.0234503
GC	0.0617525
GG	0.0449855
GT	0.0393575
TA	0.0316189
TC	0.13738
TG	0.0870007
TT	0.0805909
