kmer	count
sequence	0
AA	0.0456449
AC	0.0999754
AG	0.0824196
AT	0.0521744
CA	0.0325243
CC	0.107798
CG	0.0174325
CT	0.0552544
GA	0.0226685
GC	0.0720094
GG	0.0535296
GT	0.0361587
TA	0.0250092
TC	0.141
TG	0.081742
TT	0.0746581
