kmer	count
sequence	0
AA	0.0548442
AC	0.119168
AG	0.0676494
AT	0.057971
CA	0.0370756
CC	0.0995136
CG	0.0080405
CT	0.0528588
GA	0.0252631
GC	0.0703792
GG	0.0383661
GT	0.0388128
TA	0.0345444
TC	0.145821
TG	0.0765833
TT	0.073109
