kmer	count
sequence	0
AA	0.054726
AC	0.10744
AG	0.0753051
AT	0.0636848
CA	0.0367437
CC	0.0832901
CG	0.0111659
CT	0.0636848
GA	0.0231109
GC	0.0612828
GG	0.0465464
GT	0.0432355
TA	0.0292132
TC	0.137821
TG	0.0812127
TT	0.0815373
