kmer	count
sequence	0
AA	0.0506178
AC	0.102003
AG	0.0801449
AT	0.0537708
CA	0.0285045
CC	0.111163
CG	0.0146996
CT	0.0548786
GA	0.0221986
GC	0.0766084
GG	0.0499787
GT	0.0385599
TA	0.0265871
TC	0.142821
TG	0.0763102
TT	0.0711547
