kmer	count
sequence	0
AA	0.0465219
AC	0.113203
AG	0.079678
AT	0.0596662
CA	0.0355191
CC	0.0928223
CG	0.00841825
CT	0.0625092
GA	0.0230394
GC	0.0644661
GG	0.0416482
GT	0.0411682
TA	0.0271747
TC	0.14348
TG	0.083481
TT	0.0772043
