kmer	count
sequence	0
AA	0.0500295
AC	0.0977555
AG	0.0845245
AT	0.0481985
CA	0.0347312
CC	0.101831
CG	0.0187242
CT	0.0510927
GA	0.0222682
GC	0.0707029
GG	0.0502658
GT	0.0356172
TA	0.0330183
TC	0.14808
TG	0.0795038
TT	0.0736562
