kmer	count
sequence	0
AA	0.0525327
AC	0.108448
AG	0.0815243
AT	0.0627761
CA	0.0386242
CC	0.0835918
CG	0.00780002
CT	0.0602387
GA	0.0230242
GC	0.0596748
GG	0.0413495
GT	0.0426652
TA	0.0271121
TC	0.140259
TG	0.0838267
TT	0.086552
