kmer	count
sequence	0
AA	0.0509759
AC	0.106978
AG	0.0803063
AT	0.0606286
CA	0.0381588
CC	0.0890283
CG	0.00922725
CT	0.0578365
GA	0.0260065
GC	0.0608148
GG	0.0445939
GT	0.0409243
TA	0.0295697
TC	0.138196
TG	0.0876456
TT	0.0791097
