kmer	count
sequence	0
AA	0.0527842
AC	0.109609
AG	0.0777427
AT	0.0626568
CA	0.036786
CC	0.0969014
CG	0.00781988
CT	0.0612232
GA	0.0250562
GC	0.0646444
GG	0.0430094
GT	0.0441498
TA	0.027728
TC	0.132742
TG	0.0777427
TT	0.0794044
