kmer	count
sequence	0
AA	0.0644067
AC	0.0605933
AG	0.122979
AT	0.0169311
CA	0.0659701
CC	0.0979256
CG	0.0183038
CT	0.0414506
GA	0.032108
GC	0.0370653
GG	0.06822
GT	0.011478
TA	0.0577334
TC	0.109594
TG	0.158557
TT	0.036684
