kmer	count
sequence	0
AA	0.0491823
AC	0.0959849
AG	0.075177
AT	0.0485721
CA	0.0339273
CC	0.111423
CG	0.018062
CT	0.0554064
GA	0.0237369
GC	0.078411
GG	0.0478399
GT	0.0381377
TA	0.0305711
TC	0.146449
TG	0.0715768
TT	0.0755431
