kmer	count
sequence	0
AA	0.0478229
AC	0.0964902
AG	0.0818357
AT	0.0575323
CA	0.0307562
CC	0.0986612
CG	0.0181522
CT	0.0576529
GA	0.0225546
GC	0.0700157
GG	0.0495718
GT	0.0402243
TA	0.0299723
TC	0.139428
TG	0.0800265
TT	0.0793029
