kmer	count
sequence	0
AA	0.0420685
AC	0.0999397
AG	0.0851275
AT	0.049733
CA	0.0323803
CC	0.103298
CG	0.0202377
CT	0.0571392
GA	0.0221323
GC	0.0763004
GG	0.0516707
GT	0.0366862
TA	0.0280313
TC	0.140975
TG	0.0790561
TT	0.0752239
