kmer	count
sequence	0
AA	0.055796
AC	0.103462
AG	0.0818224
AT	0.0656802
CA	0.0372558
CC	0.0824658
CG	0.0085975
CT	0.0604749
GA	0.0229267
GC	0.0562054
GG	0.0449175
GT	0.0429875
TA	0.0309978
TC	0.140192
TG	0.0810621
TT	0.0851562
