kmer	count
sequence	0
AA	0.0500924
AC	0.0983369
AG	0.0817054
AT	0.0564282
CA	0.032141
CC	0.100383
CG	0.0174894
CT	0.0508184
GA	0.0242212
GC	0.0723337
GG	0.0491024
GT	0.0362328
TA	0.029831
TC	0.143413
TG	0.0815734
TT	0.0758976
