kmer	count
sequence	0
AA	0.0487574
AC	0.0959677
AG	0.0843897
AT	0.0512526
CA	0.0314403
CC	0.109941
CG	0.0183651
CT	0.0547959
GA	0.0229065
GC	0.0798982
GG	0.0512027
GT	0.0387763
TA	0.0268989
TC	0.137439
TG	0.0783012
TT	0.0696676
