kmer	count
sequence	0
AA	0.0487564
AC	0.10523
AG	0.0734821
AT	0.0529627
CA	0.0460497
CC	0.0935991
CG	0.00972933
CT	0.0625091
GA	0.0269568
GC	0.0659473
GG	0.0464521
GT	0.0433431
TA	0.0310168
TC	0.140161
TG	0.0789685
TT	0.0748354
