kmer	count
sequence	0
AA	0.0480471
AC	0.109363
AG	0.0758694
AT	0.0563938
CA	0.0396469
CC	0.094703
CG	0.0103799
CT	0.0572766
GA	0.0249064
GC	0.0618245
GG	0.0432584
GT	0.0383895
TA	0.0306849
TC	0.14802
TG	0.0840289
TT	0.0772071
