kmer	count
sequence	0
AA	0.0264873
AC	0.0660125
AG	0.039285
AT	0.0361971
CA	0.10341
CC	0.118438
CG	0.0185274
CT	0.0754821
GA	0.0440884
GC	0.0685171
GG	0.0616208
GT	0.0349276
TA	0.0460441
TC	0.123345
TG	0.0869416
TT	0.0506759
