kmer	count
sequence	0
AA	0.0516728
AC	0.110296
AG	0.0791705
AT	0.0617935
CA	0.0355179
CC	0.0920791
CG	0.00928048
CT	0.0609533
GA	0.0225328
GC	0.0645432
GG	0.0417049
GT	0.0394898
TA	0.0299801
TC	0.143446
TG	0.0769172
TT	0.0806218
