kmer	count
sequence	0
AA	0.052824
AC	0.110027
AG	0.0837953
AT	0.0600145
CA	0.0359524
CC	0.0862457
CG	0.00907849
CT	0.0589299
GA	0.0250261
GC	0.0616213
GG	0.0428617
GT	0.0406925
TA	0.0312525
TC	0.139913
TG	0.0821483
TT	0.0796176
