kmer	count
sequence	0
AA	0.0489658
AC	0.0956229
AG	0.076431
AT	0.0509861
CA	0.0320827
CC	0.109139
CG	0.0184704
CT	0.0532949
GA	0.0255411
GC	0.0755171
GG	0.0481962
GT	0.0380952
TA	0.0314574
TC	0.143963
TG	0.0787398
TT	0.0734969
