kmer	count
sequence	0
AA	0.052972
AC	0.104835
AG	0.0831878
AT	0.0622964
CA	0.0351494
CC	0.0899627
CG	0.0097257
CT	0.0556395
GA	0.0241254
GC	0.0635239
GG	0.0457722
GT	0.0430575
TA	0.0301685
TC	0.134743
TG	0.084793
TT	0.0800482
