kmer	count
sequence	0
AA	0.0488009
AC	0.102528
AG	0.0774775
AT	0.0511153
CA	0.0305391
CC	0.107223
CG	0.0166086
CT	0.0532424
GA	0.0221301
GC	0.0772681
GG	0.0483491
GT	0.0373281
TA	0.0273541
TC	0.147119
TG	0.0753615
TT	0.0775547
