kmer	count
sequence	0
AA	0.053473
AC	0.110855
AG	0.0750727
AT	0.0621429
CA	0.035231
CC	0.0891551
CG	0.00731683
CT	0.0563296
GA	0.024356
GC	0.0622432
GG	0.0435502
GT	0.0422472
TA	0.0297184
TC	0.144132
TG	0.0775784
TT	0.0865992
