kmer	count
sequence	0
AA	0.0499852
AC	0.0973032
AG	0.0793737
AT	0.0542823
CA	0.0327966
CC	0.103774
CG	0.0180283
CT	0.0609503
GA	0.0217327
GC	0.0762126
GG	0.0498864
GT	0.0387237
TA	0.0262768
TC	0.136027
TG	0.0768053
TT	0.0778425
