kmer	count
sequence	0
AA	0.0500995
AC	0.11107
AG	0.0781841
AT	0.0624627
CA	0.0332338
CC	0.0931841
CG	0.00845771
CT	0.060796
GA	0.0225622
GC	0.0631592
GG	0.0422886
GT	0.0416169
TA	0.0271393
TC	0.143557
TG	0.0788308
TT	0.0833582
