kmer	count
sequence	0
AA	0.0496007
AC	0.0958806
AG	0.082892
AT	0.0491383
CA	0.029214
CC	0.103195
CG	0.0178226
CT	0.0518285
GA	0.021942
GC	0.075578
GG	0.0519966
GT	0.0369483
TA	0.0274905
TC	0.147583
TG	0.0847415
TT	0.0741488
