kmer	count
sequence	0
AA	0.0515722
AC	0.111152
AG	0.0815567
AT	0.060699
CA	0.0350224
CC	0.0860835
CG	0.00837227
CT	0.0564642
GA	0.0233888
GC	0.064301
GG	0.0400604
GT	0.0391112
TA	0.0294003
TC	0.148924
TG	0.0841852
TT	0.079707
