kmer	count
sequence	0
AA	0.053305
AC	0.112341
AG	0.0770467
AT	0.0640388
CA	0.0344148
CC	0.0935112
CG	0.00776228
CT	0.0608247
GA	0.0235901
GC	0.0647059
GG	0.0381747
GT	0.0405094
TA	0.0284718
TC	0.138751
TG	0.0781686
TT	0.0843845
