kmer	count
sequence	0
AA	0.0478682
AC	0.0913949
AG	0.0828231
AT	0.0507069
CA	0.0328955
CC	0.10865
CG	0.0180341
CT	0.0606702
GA	0.0258822
GC	0.0758655
GG	0.0583881
GT	0.0376823
TA	0.0264945
TC	0.135812
TG	0.0764778
TT	0.0703551
