kmer	count
sequence	0
AA	0.0512625
AC	0.107443
AG	0.0852348
AT	0.0641416
CA	0.0338708
CC	0.0818375
CG	0.00811277
CT	0.0583105
GA	0.024389
GC	0.0583612
GG	0.0421357
GT	0.0384849
TA	0.0335159
TC	0.13812
TG	0.0894433
TT	0.0853362
