kmer	count
sequence	0
AA	0.0479987
AC	0.103337
AG	0.0770937
AT	0.0537544
CA	0.0289893
CC	0.110307
CG	0.0161052
CT	0.0553385
GA	0.0229697
GC	0.0763016
GG	0.0478403
GT	0.037966
TA	0.026666
TC	0.149277
TG	0.0725525
TT	0.073503
