kmer	count
sequence	0
AA	0.0469455
AC	0.0999268
AG	0.0787709
AT	0.0521278
CA	0.0340812
CC	0.097732
CG	0.0196927
CT	0.0530423
GA	0.0223753
GC	0.074625
GG	0.0506646
GT	0.0341422
TA	0.0309718
TC	0.142239
TG	0.0824899
TT	0.0801731
