kmer	count
sequence	0
AA	0.0487314
AC	0.0931325
AG	0.0857526
AT	0.0462308
CA	0.031959
CC	0.101366
CG	0.019334
CT	0.0531227
GA	0.0236643
GC	0.0719688
GG	0.0544035
GT	0.0378141
TA	0.0276897
TC	0.141498
TG	0.0855087
TT	0.0778239
