kmer	count
sequence	0
AA	0.0484044
AC	0.0928077
AG	0.0767542
AT	0.0560164
CA	0.0320582
CC	0.108422
CG	0.0181517
CT	0.0645067
GA	0.0238606
GC	0.077974
GG	0.0508441
GT	0.0412316
TA	0.0289353
TC	0.136089
TG	0.0718747
TT	0.0720699
