kmer	count
sequence	0
AA	0.0437389
AC	0.0930601
AG	0.0647995
AT	0.0546181
CA	0.0631185
CC	0.105525
CG	0.0126871
CT	0.0640383
GA	0.0343821
GC	0.0645458
GG	0.0552208
GT	0.0413283
TA	0.0346359
TC	0.11983
TG	0.0830373
TT	0.0654339
