kmer	count
sequence	0
AA	0.0416941
AC	0.0866404
AG	0.0798071
AT	0.0517065
CA	0.0335453
CC	0.108675
CG	0.0238252
CT	0.0719141
GA	0.0250311
GC	0.0788204
GG	0.0623767
GT	0.0435577
TA	0.0244099
TC	0.122049
TG	0.0749836
TT	0.070964
