kmer	count
sequence	0
AA	0.0543518
AC	0.105699
AG	0.0816068
AT	0.0591491
CA	0.0383257
CC	0.0877221
CG	0.0092783
CT	0.0580421
GA	0.0225104
GC	0.0589383
GG	0.0444409
GT	0.0392746
TA	0.0316306
TC	0.139491
TG	0.0891982
TT	0.0803416
