kmer	count
sequence	0
AA	0.0518507
AC	0.113807
AG	0.0786814
AT	0.0606028
CA	0.0346191
CC	0.0903931
CG	0.00816799
CT	0.0559104
GA	0.0230437
GC	0.0626083
GG	0.040324
GT	0.039292
TA	0.0305789
TC	0.147209
TG	0.0811737
TT	0.0817384
