kmer	count
sequence	0
AA	0.0481451
AC	0.0934642
AG	0.0812866
AT	0.046244
CA	0.0365327
CC	0.107851
CG	0.0202446
CT	0.0477854
GA	0.0245093
GC	0.0735793
GG	0.0551845
GT	0.0343747
TA	0.0286713
TC	0.146645
TG	0.0850375
TT	0.070445
