kmer	count
sequence	0
AA	0.0515938
AC	0.10648
AG	0.0884466
AT	0.0603861
CA	0.0339719
CC	0.0837324
CG	0.00894193
CT	0.0542502
GA	0.021962
GC	0.0613589
GG	0.0443355
GT	0.0393221
TA	0.030006
TC	0.145615
TG	0.0859773
TT	0.0836202
