kmer	count
sequence	0
AA	0.056399
AC	0.111861
AG	0.081013
AT	0.0600814
CA	0.036178
CC	0.0878933
CG	0.00784934
CT	0.0574327
GA	0.0237741
GC	0.0640222
GG	0.0411202
GT	0.0417663
TA	0.0291039
TC	0.140804
TG	0.0811099
TT	0.0795917
