kmer	count
sequence	0
AA	0.0536978
AC	0.105048
AG	0.0831796
AT	0.0579909
CA	0.0385712
CC	0.0840852
CG	0.0107329
CT	0.0562469
GA	0.0241489
GC	0.0603388
GG	0.0466208
GT	0.0386383
TA	0.0327017
TC	0.136207
TG	0.0909274
TT	0.0808653
