kmer	count
sequence	0
AA	0.054531
AC	0.109897
AG	0.0802464
AT	0.063593
CA	0.0341415
CC	0.0872019
CG	0.00814785
CT	0.0576312
GA	0.0233704
GC	0.0639507
GG	0.043124
GT	0.0429253
TA	0.0277424
TC	0.137083
TG	0.08593
TT	0.0804849
