kmer	count
sequence	0
AA	0.0557756
AC	0.1104
AG	0.084101
AT	0.0642502
CA	0.0360169
CC	0.0879237
CG	0.0092115
CT	0.0545321
GA	0.0247789
GC	0.0598287
GG	0.0433861
GT	0.0403924
TA	0.0302137
TC	0.134258
TG	0.0831338
TT	0.0817981
