kmer	count
sequence	0
AA	0.0538467
AC	0.106358
AG	0.0810563
AT	0.0593421
CA	0.0348802
CC	0.0897191
CG	0.00828118
CT	0.0597619
GA	0.0239658
GC	0.0655625
GG	0.0426271
GT	0.0406045
TA	0.0302244
TC	0.13994
TG	0.0825828
TT	0.0812471
