kmer	count
sequence	0
AA	0.0459926
AC	0.0985216
AG	0.0837136
AT	0.0484645
CA	0.0311846
CC	0.108029
CG	0.0189199
CT	0.0505087
GA	0.0223427
GC	0.076583
GG	0.0559042
GT	0.0364138
TA	0.0269538
TC	0.14247
TG	0.0822637
TT	0.0717342
