kmer	count
sequence	0
AA	0.0520793
AC	0.100833
AG	0.0861942
AT	0.0594205
CA	0.0401175
CC	0.0858488
CG	0.00928445
CT	0.0597228
GA	0.0237509
GC	0.0599819
GG	0.0452995
GT	0.0404197
TA	0.0327763
TC	0.136848
TG	0.0865829
TT	0.0808395
