kmer	count
sequence	0
AA	0.047745
AC	0.0953641
AG	0.0826405
AT	0.0454145
CA	0.0328168
CC	0.103616
CG	0.0183296
CT	0.0503275
GA	0.0224238
GC	0.074326
GG	0.0523432
GT	0.0343915
TA	0.0324389
TC	0.151612
TG	0.0803729
TT	0.0758377
