kmer	count
sequence	0
AA	0.0534311
AC	0.111613
AG	0.078651
AT	0.0618768
CA	0.036305
CC	0.085044
CG	0.00744868
CT	0.0582991
GA	0.0232258
GC	0.0575367
GG	0.0434604
GT	0.0406452
TA	0.032434
TC	0.143343
TG	0.0859824
TT	0.0807038
