kmer	count
sequence	0
AA	0.0486625
AC	0.0906036
AG	0.0684904
AT	0.0469821
CA	0.0363624
CC	0.102769
CG	0.017341
CT	0.0510821
GA	0.0250706
GC	0.071515
GG	0.0548461
GT	0.0364296
TA	0.0342116
TC	0.147399
TG	0.089797
TT	0.078438
