kmer	count
sequence	0
AA	0.0523352
AC	0.109772
AG	0.08026
AT	0.0589102
CA	0.0342352
CC	0.0892911
CG	0.00861548
CT	0.0535067
GA	0.0222189
GC	0.0638603
GG	0.0419438
GT	0.0387319
TA	0.0313634
TC	0.146539
TG	0.0868349
TT	0.0815825
