kmer	count
sequence	0
AA	0.0438664
AC	0.0930601
AG	0.0657036
AT	0.0524573
CA	0.0642638
CC	0.100595
CG	0.0109906
CT	0.0551929
GA	0.0325398
GC	0.0598003
GG	0.0514014
GT	0.0370993
TA	0.0430985
TC	0.133279
TG	0.0883087
TT	0.0683433
