kmer	count
sequence	0
AA	0.0492023
AC	0.105934
AG	0.0811493
AT	0.0700391
CA	0.0371968
CC	0.0896142
CG	0.00854631
CT	0.0612893
GA	0.0244587
GC	0.0624288
GG	0.044278
GT	0.0459873
TA	0.0298714
TC	0.12502
TG	0.078911
TT	0.0860736
