kmer	count
sequence	0
AA	0.0555485
AC	0.11097
AG	0.0855764
AT	0.0618969
CA	0.0340274
CC	0.0822753
CG	0.00711021
CT	0.0559294
GA	0.0228542
GC	0.0568182
GG	0.0385348
GT	0.0394236
TA	0.0310437
TC	0.142649
TG	0.0836084
TT	0.0917344
