kmer	count
sequence	0
AA	0.0512821
AC	0.0985155
AG	0.0793154
AT	0.0553306
CA	0.0327567
CC	0.107471
CG	0.0152742
CT	0.0502392
GA	0.0233714
GC	0.0756349
GG	0.0504846
GT	0.0382775
TA	0.0274813
TC	0.14397
TG	0.0763097
TT	0.0742854
