kmer	count
sequence	0
AA	0.0480584
AC	0.0947072
AG	0.0849673
AT	0.0512623
CA	0.0338331
CC	0.101499
CG	0.0177496
CT	0.060041
GA	0.022171
GC	0.0730488
GG	0.0492118
GT	0.0403691
TA	0.0280021
TC	0.140074
TG	0.0779828
TT	0.0770217
