kmer	count
sequence	0
AA	0.0514782
AC	0.0988476
AG	0.0782091
AT	0.0516199
CA	0.0287145
CC	0.100973
CG	0.0157268
CT	0.0501086
GA	0.0230471
GC	0.0727779
GG	0.0505809
GT	0.0351374
TA	0.0262114
TC	0.153537
TG	0.083168
TT	0.0798621
