kmer	count
sequence	0
AA	0.0470556
AC	0.100624
AG	0.0781508
AT	0.0493946
CA	0.0309576
CC	0.106907
CG	0.0185746
CT	0.054623
GA	0.022794
GC	0.081086
GG	0.0511833
GT	0.0370116
TA	0.0266924
TC	0.143322
TG	0.0772335
TT	0.07439
