kmer	count
sequence	0
AA	0.0522275
AC	0.111247
AG	0.0807881
AT	0.0629008
CA	0.0368714
CC	0.0893098
CG	0.00915457
CT	0.0625633
GA	0.0235403
GC	0.0629852
GG	0.0452244
GT	0.0421448
TA	0.0291512
TC	0.132003
TG	0.0820958
TT	0.0777928
