kmer	count
sequence	0
AA	0.0571831
AC	0.109432
AG	0.0793393
AT	0.0659782
CA	0.0359157
CC	0.0940488
CG	0.00750797
CT	0.0610444
GA	0.025619
GC	0.064875
GG	0.042014
GT	0.0430559
TA	0.0297561
TC	0.128585
TG	0.0767651
TT	0.0788796
