kmer	count
sequence	0
AA	0.0456421
AC	0.0892212
AG	0.0809051
AT	0.0498969
CA	0.0339092
CC	0.103791
CG	0.0204358
CT	0.0520887
GA	0.0245616
GC	0.071622
GG	0.054345
GT	0.0363589
TA	0.0283007
TC	0.149433
TG	0.0808406
TT	0.0786488
