kmer	count
sequence	0
AA	0.0450624
AC	0.0974012
AG	0.0819127
AT	0.0495842
CA	0.0294179
CC	0.109148
CG	0.0192827
CT	0.0574844
GA	0.0216736
GC	0.0778586
GG	0.0560811
GT	0.0388254
TA	0.0254158
TC	0.137214
TG	0.0779106
TT	0.0757277
