kmer	count
sequence	0
AA	0.0518218
AC	0.113161
AG	0.0754117
AT	0.0569018
CA	0.0353264
CC	0.0923158
CG	0.00849585
CT	0.0566974
GA	0.0240862
GC	0.0649013
GG	0.0407859
GT	0.0408151
TA	0.0282319
TC	0.151816
TG	0.078448
TT	0.0807836
