kmer	count
sequence	0
AA	0.0485602
AC	0.105406
AG	0.0841483
AT	0.0598343
CA	0.0368786
CC	0.0930114
CG	0.00933849
CT	0.0606493
GA	0.0244838
GC	0.0623132
GG	0.0470321
GT	0.041395
TA	0.0279815
TC	0.132131
TG	0.0869669
TT	0.0798696
