kmer	count
sequence	0
AA	0.0480891
AC	0.0993444
AG	0.0826939
AT	0.0479401
CA	0.0324071
CC	0.107279
CG	0.0169113
CT	0.0536765
GA	0.0239887
GC	0.0766595
GG	0.0531923
GT	0.0352008
TA	0.0268941
TC	0.148365
TG	0.0763987
TT	0.0709603
