kmer	count
sequence	0
AA	0.0476695
AC	0.0987039
AG	0.0811939
AT	0.0535269
CA	0.0300972
CC	0.0981431
CG	0.0160768
CT	0.0545239
GA	0.0230558
GC	0.0729686
GG	0.0476695
GT	0.0360793
TA	0.0288509
TC	0.15167
TG	0.0785145
TT	0.0812562
