kmer	count
sequence	0
AA	0.0490069
AC	0.097105
AG	0.0792548
AT	0.0510191
CA	0.0322602
CC	0.10074
CG	0.0190835
CT	0.0586784
GA	0.0264183
GC	0.069064
GG	0.0536804
GT	0.0389459
TA	0.0290796
TC	0.135921
TG	0.0806829
TT	0.0790601
