kmer	count
sequence	0
AA	0.0489313
AC	0.0885872
AG	0.0772281
AT	0.0529641
CA	0.035287
CC	0.100081
CG	0.0207689
CT	0.0582067
GA	0.0264821
GC	0.0742035
GG	0.056392
GT	0.0412018
TA	0.0332706
TC	0.129991
TG	0.0779675
TT	0.078438
