kmer	count
sequence	0
AA	0.0529134
AC	0.10534
AG	0.0836462
AT	0.0607009
CA	0.0369907
CC	0.086497
CG	0.0102211
CT	0.0570852
GA	0.0257961
GC	0.062022
GG	0.0457516
GT	0.045404
TA	0.0305938
TC	0.133361
TG	0.0867056
TT	0.0769712
