kmer	count
sequence	0
AA	0.0496286
AC	0.0916137
AG	0.0861234
AT	0.0493056
CA	0.0326192
CC	0.106954
CG	0.0191086
CT	0.0523199
GA	0.0229303
GC	0.0753041
GG	0.0558725
GT	0.0357412
TA	0.0294434
TC	0.137367
TG	0.0828937
TT	0.0727742
