kmer	count
sequence	0
AA	0.0235326
AC	0.0680003
AG	0.0453982
AT	0.033186
CA	0.108281
CC	0.114639
CG	0.0215554
CT	0.0390401
GA	0.0488873
GC	0.0505932
GG	0.0797472
GT	0.0267892
TA	0.0622625
TC	0.105606
TG	0.134799
TT	0.0376832
