kmer	count
sequence	0
AA	0.0558901
AC	0.104974
AG	0.073736
AT	0.0644524
CA	0.0385773
CC	0.0894806
CG	0.00802911
CT	0.065801
GA	0.0300151
GC	0.0618806
GG	0.0440033
GT	0.0467633
TA	0.0295132
TC	0.124106
TG	0.0792874
TT	0.0834902
