kmer	count
sequence	0
AA	0.0525561
AC	0.0989539
AG	0.0758394
AT	0.0585456
CA	0.0322254
CC	0.101063
CG	0.0146786
CT	0.0578708
GA	0.0231989
GC	0.0742365
GG	0.0436983
GT	0.0419268
TA	0.0264046
TC	0.14493
TG	0.0739835
TT	0.0798886
