kmer	count
sequence	0
AA	0.056131
AC	0.106114
AG	0.0822385
AT	0.0575206
CA	0.0392454
CC	0.088218
CG	0.00816911
CT	0.0544467
GA	0.0238336
GC	0.0641317
GG	0.0437089
GT	0.0369294
TA	0.0319606
TC	0.146118
TG	0.0845966
TT	0.076638
