kmer	count
sequence	0
AA	0.0469334
AC	0.0943032
AG	0.0822737
AT	0.057654
CA	0.0282972
CC	0.102157
CG	0.0155198
CT	0.0557841
GA	0.0219397
GC	0.0769758
GG	0.0507978
GT	0.0364622
TA	0.0239342
TC	0.142483
TG	0.083271
TT	0.0812142
