kmer	count
sequence	0
AA	0.0488274
AC	0.0975965
AG	0.080154
AT	0.052386
CA	0.0343601
CC	0.101913
CG	0.0161591
CT	0.0588613
GA	0.0251429
GC	0.0709369
GG	0.0526776
GT	0.0376269
TA	0.027068
TC	0.136448
TG	0.0823708
TT	0.0774705
