kmer	count
sequence	0
AA	0.0508137
AC	0.100065
AG	0.0781334
AT	0.0538312
CA	0.0283436
CC	0.107824
CG	0.0162194
CT	0.0524302
GA	0.023925
GC	0.0789417
GG	0.0503287
GT	0.0373963
TA	0.0267809
TC	0.137892
TG	0.0817437
TT	0.0753314
