kmer	count
sequence	0
AA	0.0499104
AC	0.106711
AG	0.0888696
AT	0.0574445
CA	0.0321253
CC	0.0900739
CG	0.0083184
CT	0.0569684
GA	0.0227425
GC	0.0632422
GG	0.0460453
GT	0.0408918
TA	0.0282601
TC	0.140629
TG	0.0906061
TT	0.0771622
