kmer	count
sequence	0
AA	0.0559818
AC	0.102062
AG	0.0886022
AT	0.0596254
CA	0.0364782
CC	0.0801577
CG	0.00861589
CT	0.0534099
GA	0.0239616
GC	0.0625402
GG	0.0456085
GT	0.0399931
TA	0.0320202
TC	0.137383
TG	0.093103
TT	0.0804578
