kmer	count
sequence	0
AA	0.0502436
AC	0.0964704
AG	0.0864612
AT	0.0544581
CA	0.032069
CC	0.0977216
CG	0.0183722
CT	0.0559068
GA	0.0221915
GC	0.070723
GG	0.0504412
GT	0.0401686
TA	0.0317398
TC	0.136112
TG	0.0797445
TT	0.0771763
