kmer	count
sequence	0
AA	0.0476098
AC	0.100889
AG	0.082528
AT	0.0509599
CA	0.0309239
CC	0.100438
CG	0.0164927
CT	0.0512821
GA	0.0231929
GC	0.0773096
GG	0.0523128
GT	0.0366576
TA	0.0279603
TC	0.148885
TG	0.0805953
TT	0.0719624
