kmer	count
sequence	0
AA	0.0515222
AC	0.106149
AG	0.083002
AT	0.0617613
CA	0.0405207
CC	0.0888296
CG	0.00827842
CT	0.0605087
GA	0.0214041
GC	0.0603998
GG	0.0435161
GT	0.0440608
TA	0.0298459
TC	0.133598
TG	0.0854529
TT	0.0811503
