kmer	count
sequence	0
AA	0.0513586
AC	0.106473
AG	0.0803202
AT	0.0679632
CA	0.0339114
CC	0.0868848
CG	0.0070912
CT	0.0597838
GA	0.0229235
GC	0.0634698
GG	0.0435653
GT	0.044829
TA	0.0289616
TC	0.134276
TG	0.0831637
TT	0.0850242
