kmer	count
sequence	0
AA	0.0557028
AC	0.109323
AG	0.0742546
AT	0.0623284
CA	0.0377662
CC	0.0900142
CG	0.00832939
CT	0.0588263
GA	0.0251775
GC	0.0644581
GG	0.0410317
GT	0.0417416
TA	0.0323237
TC	0.138949
TG	0.0782773
TT	0.0814955
