kmer	count
sequence	0
AA	0.0517971
AC	0.107041
AG	0.0857706
AT	0.0607035
CA	0.0348925
CC	0.089611
CG	0.00947535
CT	0.0571585
GA	0.0230866
GC	0.0616555
GG	0.0453088
GT	0.0408666
TA	0.0294983
TC	0.136222
TG	0.0888451
TT	0.0780677
