kmer	count
sequence	0
AA	0.0515533
AC	0.10083
AG	0.0761918
AT	0.0483396
CA	0.0333423
CC	0.107325
CG	0.0164033
CT	0.0573112
GA	0.0231655
GC	0.0751205
GG	0.0512855
GT	0.0362212
TA	0.0318024
TC	0.145153
TG	0.0703669
TT	0.0755892
