kmer	count
sequence	0
AA	0.0525431
AC	0.107776
AG	0.0788605
AT	0.0651975
CA	0.0386355
CC	0.0872356
CG	0.00880303
CT	0.061071
GA	0.0243
GC	0.0617435
GG	0.0432204
GT	0.0425786
TA	0.0317276
TC	0.135285
TG	0.0793801
TT	0.081642
