kmer	count
sequence	0
AA	0.0422337
AC	0.080081
AG	0.0624789
AT	0.0450456
CA	0.0556743
CC	0.109493
CG	0.0246879
CT	0.0544933
GA	0.0342481
GC	0.0735575
GG	0.0612417
GT	0.031605
TA	0.0393657
TC	0.139861
TG	0.083174
TT	0.0627601
