kmer	count
sequence	0
AA	0.0522262
AC	0.110421
AG	0.0787485
AT	0.0645487
CA	0.0372563
CC	0.0954513
CG	0.00779783
CT	0.0619495
GA	0.0247653
GC	0.0661131
GG	0.0415644
GT	0.0425271
TA	0.0274128
TC	0.130999
TG	0.0782912
TT	0.0799278
