kmer	count
sequence	0
AA	0.0466685
AC	0.0874174
AG	0.0710352
AT	0.0488023
CA	0.0491465
CC	0.116327
CG	0.0223018
CT	0.0515556
GA	0.0285655
GC	0.0705534
GG	0.0530699
GT	0.0332461
TA	0.0392346
TC	0.134912
TG	0.0759224
TT	0.0712417
