kmer	count
sequence	0
AA	0.0534614
AC	0.111846
AG	0.079286
AT	0.06065
CA	0.0356409
CC	0.0946297
CG	0.00851758
CT	0.0577806
GA	0.0252205
GC	0.0660565
GG	0.0407756
GT	0.0392352
TA	0.0290262
TC	0.142383
TG	0.0779872
TT	0.0775039
