kmer	count
sequence	0
AA	0.0529955
AC	0.10537
AG	0.0860569
AT	0.0612879
CA	0.035614
CC	0.0861785
CG	0.00950786
CT	0.0601399
GA	0.0229053
GC	0.0589784
GG	0.0442305
GT	0.041813
TA	0.0290638
TC	0.135257
TG	0.0866107
TT	0.0839906
