kmer	count
sequence	0
AA	0.0554956
AC	0.113097
AG	0.0703952
AT	0.0621896
CA	0.0383826
CC	0.0931224
CG	0.00712589
CT	0.0556035
GA	0.0241848
GC	0.0622976
GG	0.0377348
GT	0.0407579
TA	0.033902
TC	0.144731
TG	0.0772511
TT	0.0837292
