kmer	count
sequence	0
AA	0.0531438
AC	0.112942
AG	0.0789884
AT	0.0596049
CA	0.0337041
CC	0.0907294
CG	0.00884792
CT	0.0593076
GA	0.0228953
GC	0.0644428
GG	0.0409608
GT	0.0408483
TA	0.0292841
TC	0.142861
TG	0.0803385
TT	0.0811019
