kmer	count
sequence	0
AA	0.0564904
AC	0.108755
AG	0.0810717
AT	0.0617246
CA	0.0343905
CC	0.0868486
CG	0.00852978
CT	0.0557537
GA	0.0233018
GC	0.0606777
GG	0.0427652
GT	0.0379963
TA	0.0298154
TC	0.140974
TG	0.0863446
TT	0.0845611
