kmer	count
sequence	0
AA	0.0512692
AC	0.110045
AG	0.07447
AT	0.060595
CA	0.0413975
CC	0.0919844
CG	0.00837048
CT	0.055136
GA	0.0264762
GC	0.0624147
GG	0.0397143
GT	0.0373032
TA	0.0324356
TC	0.140797
TG	0.0867983
TT	0.0807934
