kmer	count
sequence	0
AA	0.048673
AC	0.11233
AG	0.0842719
AT	0.0585153
CA	0.0330036
CC	0.0985702
CG	0.00876506
CT	0.0567036
GA	0.0219861
GC	0.0656645
GG	0.0460288
GT	0.0402507
TA	0.0266379
TC	0.137401
TG	0.0869161
TT	0.0742826
