kmer	count
sequence	0
AA	0.052581
AC	0.0960676
AG	0.0787114
AT	0.0530934
CA	0.0311259
CC	0.101576
CG	0.0167158
CT	0.0547586
GA	0.0220956
GC	0.0720507
GG	0.0493788
GT	0.0372742
TA	0.0309978
TC	0.144037
TG	0.0805047
TT	0.0790316
