kmer	count
sequence	0
AA	0.0469296
AC	0.096067
AG	0.0784042
AT	0.0584822
CA	0.0336825
CC	0.102845
CG	0.017098
CT	0.0593551
GA	0.024543
GC	0.0736291
GG	0.0493428
GT	0.0387143
TA	0.025724
TC	0.1355
TG	0.0749641
TT	0.0847197
