kmer	count
sequence	0
AA	0.0546039
AC	0.111787
AG	0.0772338
AT	0.0618065
CA	0.0379112
CC	0.0834631
CG	0.00866264
CT	0.0576698
GA	0.0229706
GC	0.0627798
GG	0.0401986
GT	0.0410746
TA	0.0306113
TC	0.142642
TG	0.0827818
TT	0.0838038
