kmer	count
sequence	0
AA	0.0498822
AC	0.0886881
AG	0.0818539
AT	0.0547526
CA	0.036685
CC	0.103299
CG	0.0195601
CT	0.0567164
GA	0.0240377
GC	0.0684211
GG	0.0537313
GT	0.0384918
TA	0.030165
TC	0.136921
TG	0.0823252
TT	0.0744698
