kmer	count
sequence	0
AA	0.0381237
AC	0.089936
AG	0.0679318
AT	0.0471642
CA	0.0518124
CC	0.124606
CG	0.023113
CT	0.0601279
GA	0.0310874
GC	0.0811087
GG	0.0599147
GT	0.0391471
TA	0.0284861
TC	0.124307
TG	0.0744563
TT	0.058678
