kmer	count
sequence	0
AA	0.0527167
AC	0.104221
AG	0.0882115
AT	0.0633085
CA	0.0333926
CC	0.0921734
CG	0.00905563
CT	0.0621766
GA	0.0224774
GC	0.0639554
GG	0.0424483
GT	0.04261
TA	0.0261966
TC	0.13163
TG	0.0843305
TT	0.0810964
