kmer	count
sequence	0
AA	0.0447154
AC	0.101449
AG	0.0862937
AT	0.0468805
CA	0.0267762
CC	0.109756
CG	0.0193973
CT	0.0506805
GA	0.0203252
GC	0.0804613
GG	0.0556734
GT	0.034818
TA	0.0247437
TC	0.147225
TG	0.081831
TT	0.0689731
