kmer	count
sequence	0
AA	0.0478738
AC	0.0965221
AG	0.0811743
AT	0.0535061
CA	0.0309068
CC	0.103633
CG	0.0171079
CT	0.0579414
GA	0.0228809
GC	0.0732188
GG	0.0464658
GT	0.0395663
TA	0.0292875
TC	0.144607
TG	0.0763165
TT	0.0789918
