kmer	count
sequence	0
AA	0.0354635
AC	0.0731654
AG	0.0598227
AT	0.0379213
CA	0.0631584
CC	0.114817
CG	0.0336201
CT	0.0502107
GA	0.0413448
GC	0.0756232
GG	0.0766766
GT	0.0376141
TA	0.039282
TC	0.118592
TG	0.0851475
TT	0.0575404
