kmer	count
sequence	0
AA	0.0431986
AC	0.0952191
AG	0.0797951
AT	0.049687
CA	0.0322709
CC	0.117188
CG	0.0208879
CT	0.0635743
GA	0.02214
GC	0.0826409
GG	0.0537279
GT	0.040296
TA	0.022823
TC	0.13284
TG	0.0741036
TT	0.0696073
