kmer	count
sequence	0
AA	0.0521425
AC	0.0951334
AG	0.0804484
AT	0.0493757
CA	0.0346907
CC	0.0942821
CG	0.0190834
CT	0.0531356
GA	0.0253973
GC	0.0673241
GG	0.0534194
GT	0.034265
TA	0.0326334
TC	0.143516
TG	0.0855562
TT	0.079597
