kmer	count
sequence	0
AA	0.0501793
AC	0.107122
AG	0.0798461
AT	0.0662831
CA	0.0363548
CC	0.088776
CG	0.00889254
CT	0.0643028
GA	0.0245853
GC	0.0603423
GG	0.0425945
GT	0.0424824
TA	0.0302645
TC	0.130324
TG	0.0832088
TT	0.0844418
