kmer	count
sequence	0
AA	0.0512328
AC	0.0994236
AG	0.0874159
AT	0.0574768
CA	0.0313801
CC	0.0976625
CG	0.0177714
CT	0.0582773
GA	0.0184118
GC	0.0645213
GG	0.0533141
GT	0.0433878
TA	0.0292988
TC	0.129683
TG	0.0861351
TT	0.0746077
