kmer	count
sequence	0
AA	0.0493313
AC	0.0998027
AG	0.0782135
AT	0.0506071
CA	0.0301308
CC	0.110272
CG	0.0167032
CT	0.0552127
GA	0.0224126
GC	0.0783945
GG	0.049449
GT	0.0359851
TA	0.0261586
TC	0.147406
TG	0.0756981
TT	0.0742232
