kmer	count
sequence	0
AA	0.0496207
AC	0.0967993
AG	0.0789774
AT	0.0527382
CA	0.0296165
CC	0.101268
CG	0.0182376
CT	0.0549725
GA	0.0229139
GC	0.0766393
GG	0.0501403
GT	0.0354879
TA	0.030292
TC	0.147511
TG	0.0766913
TT	0.0780941
