kmer	count
sequence	0
AA	0.0539914
AC	0.110875
AG	0.0844668
AT	0.0602517
CA	0.0333672
CC	0.088439
CG	0.00826236
CT	0.0547858
GA	0.0221495
GC	0.0623491
GG	0.0427101
GT	0.0395958
TA	0.0294585
TC	0.14224
TG	0.0869772
TT	0.0800814
