kmer	count
sequence	0
AA	0.0459232
AC	0.0978067
AG	0.0818781
AT	0.0506467
CA	0.0304118
CC	0.10247
CG	0.0194302
CT	0.054342
GA	0.0229616
GC	0.0747407
GG	0.0544761
GT	0.0376833
TA	0.027849
TC	0.143581
TG	0.0807605
TT	0.0750387
