kmer	count
sequence	0
AA	0.0508266
AC	0.111168
AG	0.0803417
AT	0.0557844
CA	0.0372015
CC	0.0904713
CG	0.00861377
CT	0.053894
GA	0.0241917
GC	0.0648886
GG	0.0428548
GT	0.0382537
TA	0.0306565
TC	0.148137
TG	0.0861466
TT	0.0765698
