kmer	count
sequence	0
AA	0.0510907
AC	0.104791
AG	0.0853854
AT	0.061329
CA	0.0341609
CC	0.0815043
CG	0.00920102
CT	0.0574478
GA	0.0246253
GC	0.0627007
GG	0.046507
GT	0.0394807
TA	0.0311162
TC	0.139119
TG	0.0894004
TT	0.08214
