kmer	count
sequence	0
AA	0.0505595
AC	0.0973753
AG	0.0815781
AT	0.0518759
CA	0.0288794
CC	0.109799
CG	0.016003
CT	0.0502304
GA	0.0242307
GC	0.0792743
GG	0.0542208
GT	0.0364078
TA	0.0253415
TC	0.146495
TG	0.0752016
TT	0.0725276
