kmer	count
sequence	0
AA	0.0500078
AC	0.100484
AG	0.0819659
AT	0.0548523
CA	0.0332865
CC	0.0947023
CG	0.0174246
CT	0.0511017
GA	0.0252383
GC	0.0702454
GG	0.0484451
GT	0.0364901
TA	0.0286764
TC	0.145413
TG	0.0810283
TT	0.0806376
