kmer	count
sequence	0
AA	0.0508317
AC	0.108646
AG	0.0778923
AT	0.0651068
CA	0.0355325
CC	0.0922604
CG	0.00906157
CT	0.0593347
GA	0.0225919
GC	0.0657584
GG	0.0415529
GT	0.0439114
TA	0.027464
TC	0.136575
TG	0.0823299
TT	0.0811507
