kmer	count
sequence	0
AA	0.0529453
AC	0.108584
AG	0.0803232
AT	0.0677824
CA	0.0351055
CC	0.0894198
CG	0.00874327
CT	0.0572728
GA	0.0238453
GC	0.0621302
GG	0.0444229
GT	0.0412435
TA	0.0289234
TC	0.136934
TG	0.081648
TT	0.0806765
