kmer	count
sequence	0
AA	0.0511122
AC	0.107877
AG	0.0745108
AT	0.05251
CA	0.0330619
CC	0.112252
CG	0.0139176
CT	0.0497144
GA	0.0226693
GC	0.0767595
GG	0.0427859
GT	0.0365868
TA	0.0300839
TC	0.151088
TG	0.0742677
TT	0.0708035
