kmer	count
sequence	0
AA	0.0515048
AC	0.0984218
AG	0.0845363
AT	0.063494
CA	0.0412283
CC	0.0888794
CG	0.00911426
CT	0.0588451
GA	0.0247737
GC	0.0587839
GG	0.0468559
GT	0.0431245
TA	0.0303401
TC	0.134206
TG	0.0816614
TT	0.0842305
