kmer	count
sequence	0
AA	0.0508938
AC	0.104805
AG	0.0818058
AT	0.0510646
CA	0.0337015
CC	0.110213
CG	0.0162245
CT	0.0515769
GA	0.0239098
GC	0.074519
GG	0.0479904
GT	0.033303
TA	0.0274394
TC	0.141922
TG	0.0770807
TT	0.0735512
