kmer	count
sequence	0
AA	0.0545476
AC	0.104208
AG	0.0814117
AT	0.0611027
CA	0.0362578
CC	0.0884642
CG	0.00807679
CT	0.0578544
GA	0.0238207
GC	0.0630048
GG	0.0423739
GT	0.0415252
TA	0.030844
TC	0.137422
TG	0.0828163
TT	0.0862695
