kmer	count
sequence	0
AA	0.0552718
AC	0.107085
AG	0.0819342
AT	0.0627162
CA	0.0358018
CC	0.0855418
CG	0.00846371
CT	0.056188
GA	0.0226768
GC	0.0612158
GG	0.0423529
GT	0.0408526
TA	0.0311634
TC	0.140516
TG	0.085015
TT	0.0832054
