kmer	count
sequence	0
AA	0.0538032
AC	0.11074
AG	0.081296
AT	0.0587401
CA	0.036864
CC	0.0919384
CG	0.00833654
CT	0.0554882
GA	0.0236202
GC	0.0633518
GG	0.0413575
GT	0.0413575
TA	0.0297987
TC	0.141396
TG	0.0838384
TT	0.0780737
