kmer	count
sequence	0
AA	0.0454942
AC	0.0898666
AG	0.0645021
AT	0.0484856
CA	0.0390752
CC	0.108002
CG	0.0186962
CT	0.0564627
GA	0.0253646
GC	0.076343
GG	0.0521625
GT	0.0383896
TA	0.031472
TC	0.140471
TG	0.0899913
TT	0.0752212
