kmer	count
sequence	0
AA	0.0519893
AC	0.108526
AG	0.0845766
AT	0.0603324
CA	0.0345505
CC	0.0870305
CG	0.00834315
CT	0.0602997
GA	0.0240152
GC	0.0632443
GG	0.0472124
GT	0.0433189
TA	0.027516
TC	0.133098
TG	0.0836605
TT	0.0822863
