kmer	count
sequence	0
AA	0.0551502
AC	0.0996423
AG	0.0779685
AT	0.0517167
CA	0.0318312
CC	0.094206
CG	0.0144492
CT	0.0512876
GA	0.0238197
GC	0.0753219
GG	0.043133
GT	0.0360515
TA	0.0293991
TC	0.149428
TG	0.0799714
TT	0.0866237
