kmer	count
sequence	0
AA	0.0507906
AC	0.110637
AG	0.0807607
AT	0.0584546
CA	0.0360543
CC	0.0939979
CG	0.00862533
CT	0.058468
GA	0.0231331
GC	0.0655673
GG	0.0425888
GT	0.0406997
TA	0.0288138
TC	0.142711
TG	0.0827238
TT	0.0759741
