kmer	count
sequence	0
AA	0.0496261
AC	0.0981669
AG	0.080439
AT	0.0530029
CA	0.0338881
CC	0.104679
CG	0.017547
CT	0.0542692
GA	0.023999
GC	0.0753739
GG	0.053425
GT	0.0372648
TA	0.0281597
TC	0.14104
TG	0.0820671
TT	0.0670526
