kmer	count
sequence	0
AA	0.0476825
AC	0.101587
AG	0.0808254
AT	0.0545397
CA	0.0298413
CC	0.106095
CG	0.0159365
CT	0.0521905
GA	0.0233651
GC	0.0761905
GG	0.0525079
GT	0.0373333
TA	0.027746
TC	0.145397
TG	0.076
TT	0.0727619
