kmer	count
sequence	0
AA	0.0483838
AC	0.0899949
AG	0.0781939
AT	0.0516162
CA	0.0353002
CC	0.104515
CG	0.0161621
CT	0.0557722
GA	0.0267317
GC	0.0749615
GG	0.0546947
GT	0.0372499
TA	0.0293997
TC	0.137558
TG	0.0866598
TT	0.0728066
