kmer	count
sequence	0
AA	0.0549329
AC	0.109256
AG	0.0824184
AT	0.0606892
CA	0.0352623
CC	0.0848963
CG	0.0089204
CT	0.0539036
GA	0.0225679
GC	0.0583638
GG	0.0398368
GT	0.0376258
TA	0.0330512
TC	0.146729
TG	0.0885941
TT	0.0829521
