kmer	count
sequence	0
AA	0.0530756
AC	0.11102
AG	0.0795893
AT	0.0654165
CA	0.0349499
CC	0.0868203
CG	0.00853259
CT	0.0584265
GA	0.0226089
GC	0.0608851
GG	0.0386136
GT	0.0416506
TA	0.0327806
TC	0.138112
TG	0.0806498
TT	0.0868685
