kmer	count
sequence	0
AA	0.0463695
AC	0.107813
AG	0.0748621
AT	0.0573989
CA	0.0320312
CC	0.112086
CG	0.0152574
CT	0.0533088
GA	0.0256434
GC	0.0784007
GG	0.047932
GT	0.038557
TA	0.0286305
TC	0.141958
TG	0.0692555
TT	0.0704963
