kmer	count
sequence	0
AA	0.0543415
AC	0.10894
AG	0.0782505
AT	0.0585192
CA	0.0357349
CC	0.0894016
CG	0.00822675
CT	0.0551449
GA	0.0243268
GC	0.0634681
GG	0.0438974
GT	0.0402982
TA	0.0307218
TC	0.142908
TG	0.084517
TT	0.0813034
