kmer	count
sequence	0
AA	0.0519598
AC	0.111003
AG	0.0819693
AT	0.0590429
CA	0.037393
CC	0.0863994
CG	0.00793412
CT	0.0559894
GA	0.0239776
GC	0.0616709
GG	0.0428993
GT	0.0411723
TA	0.0297092
TC	0.144191
TG	0.0828953
TT	0.0817941
