kmer	count
sequence	0
AA	0.0475931
AC	0.102053
AG	0.0850558
AT	0.0508567
CA	0.0315475
CC	0.102665
CG	0.0167256
CT	0.0543242
GA	0.0235926
GC	0.076421
GG	0.0480011
GT	0.0372586
TA	0.0263122
TC	0.142304
TG	0.0792766
TT	0.0760131
