kmer	count
sequence	0
AA	0.0547858
AC	0.10936
AG	0.08258
AT	0.0577427
CA	0.0393681
CC	0.0924221
CG	0.00882825
CT	0.0542367
GA	0.0245417
GC	0.0601081
GG	0.0435921
GT	0.0397905
TA	0.031976
TC	0.140956
TG	0.0856636
TT	0.0740475
