kmer	count
sequence	0
AA	0.054436
AC	0.106074
AG	0.0857793
AT	0.0653895
CA	0.0331452
CC	0.085969
CG	0.0078714
CT	0.0580397
GA	0.0223339
GC	0.0603632
GG	0.0423444
GT	0.0441462
TA	0.0273128
TC	0.139409
TG	0.0815117
TT	0.0858742
