kmer	count
sequence	0
AA	0.0497512
AC	0.111807
AG	0.0772477
AT	0.0621002
CA	0.0397122
CC	0.0860874
CG	0.00928394
CT	0.0575249
GA	0.0255419
GC	0.0625444
GG	0.0432214
GT	0.0390014
TA	0.0318941
TC	0.138637
TG	0.0875089
TT	0.0781361
