kmer	count
sequence	0
AA	0.0449877
AC	0.0979951
AG	0.0755892
AT	0.0496307
CA	0.0338023
CC	0.112065
CG	0.0163208
CT	0.0510728
GA	0.0245515
GC	0.0792824
GG	0.0537812
GT	0.0359128
TA	0.0281745
TC	0.15051
TG	0.0759761
TT	0.0703482
