kmer	count
sequence	0
AA	0.0484889
AC	0.0964316
AG	0.0833232
AT	0.0557106
CA	0.0276733
CC	0.0999515
CG	0.0166889
CT	0.0581988
GA	0.0239714
GC	0.0747057
GG	0.0510377
GT	0.0384149
TA	0.0273091
TC	0.136364
TG	0.0828377
TT	0.0788931
