kmer	count
sequence	0
AA	0.0459179
AC	0.100109
AG	0.0812234
AT	0.0480488
CA	0.0305841
CC	0.108256
CG	0.0178825
CT	0.0547339
GA	0.0233977
GC	0.0777973
GG	0.0512242
GT	0.0374363
TA	0.0258628
TC	0.148742
TG	0.0763767
TT	0.0724075
