kmer	count
sequence	0
AA	0.0481155
AC	0.0991952
AG	0.0778905
AT	0.0530969
CA	0.0305366
CC	0.106256
CG	0.0172701
CT	0.0550833
GA	0.022797
GC	0.0746691
GG	0.0485992
GT	0.0380396
TA	0.0269756
TC	0.146302
TG	0.0768407
TT	0.0783331
