kmer	count
sequence	0
AA	0.0545673
AC	0.104584
AG	0.0850571
AT	0.0586215
CA	0.0349164
CC	0.0886149
CG	0.0103425
CT	0.05465
GA	0.0225054
GC	0.0590766
GG	0.0406255
GT	0.0395085
TA	0.0323101
TC	0.147154
TG	0.0869187
TT	0.0805477
