kmer	count
sequence	0
AA	0.0532685
AC	0.107535
AG	0.0856803
AT	0.0597058
CA	0.0329267
CC	0.0912485
CG	0.00820754
CT	0.053172
GA	0.023142
GC	0.0636326
GG	0.0416492
GT	0.0396859
TA	0.0285815
TC	0.144775
TG	0.0842962
TT	0.0824938
