kmer	count
sequence	0
AA	0.0488273
AC	0.0964921
AG	0.0838051
AT	0.0537303
CA	0.0326021
CC	0.103114
CG	0.0171351
CT	0.0538819
GA	0.0242115
GC	0.0707137
GG	0.0570663
GT	0.0361403
TA	0.0263344
TC	0.136727
TG	0.0810251
TT	0.0781945
