kmer	count
sequence	0
AA	0.0485041
AC	0.0961937
AG	0.0772364
AT	0.0542062
CA	0.0328051
CC	0.104339
CG	0.0187352
CT	0.0519846
GA	0.0253258
GC	0.0750148
GG	0.0526511
GT	0.0385812
TA	0.0285101
TC	0.145586
TG	0.0774585
TT	0.0728673
