kmer	count
sequence	0
AA	0.0489368
AC	0.0894247
AG	0.0749478
AT	0.0552971
CA	0.0353142
CC	0.110974
CG	0.0196507
CT	0.0642681
GA	0.0291912
GC	0.0789349
GG	0.0517847
GT	0.0462787
TA	0.0284317
TC	0.121749
TG	0.0713879
TT	0.0734289
