kmer	count
sequence	0
AA	0.0518593
AC	0.112573
AG	0.078959
AT	0.0628004
CA	0.0350367
CC	0.0923033
CG	0.00828485
CT	0.0581204
GA	0.0235897
GC	0.0637807
GG	0.040191
GT	0.0421199
TA	0.0293132
TC	0.137554
TG	0.0825006
TT	0.0810144
