kmer	count
sequence	0
AA	0.0515778
AC	0.103775
AG	0.0847555
AT	0.0613977
CA	0.0354657
CC	0.0848985
CG	0.00920011
CT	0.0594432
GA	0.0244542
GC	0.0572981
GG	0.0433788
GT	0.041329
TA	0.0306988
TC	0.140576
TG	0.0877109
TT	0.0840404
