kmer	count
sequence	0
AA	0.0555734
AC	0.106973
AG	0.0793651
AT	0.0627787
CA	0.0343499
CC	0.0880328
CG	0.00777599
CT	0.0567862
GA	0.0253968
GC	0.0635634
GG	0.0441234
GT	0.043196
TA	0.031532
TC	0.135224
TG	0.082076
TT	0.0832531
