kmer	count
sequence	0
AA	0.0463815
AC	0.10098
AG	0.0736066
AT	0.0528661
CA	0.036531
CC	0.117365
CG	0.0173745
CT	0.0592516
GA	0.0253935
GC	0.0784576
GG	0.048213
GT	0.039996
TA	0.024156
TC	0.138056
TG	0.0711811
TT	0.0701911
