kmer	count
sequence	0
AA	0.048913
AC	0.0963995
AG	0.082337
AT	0.0525136
CA	0.033288
CC	0.102649
CG	0.0167799
CT	0.058356
GA	0.0250679
GC	0.0752038
GG	0.051019
GT	0.0370245
TA	0.0278533
TC	0.138111
TG	0.0752038
TT	0.0792799
