kmer	count
sequence	0
AA	0.0483327
AC	0.0982266
AG	0.0701886
AT	0.0530786
CA	0.0359061
CC	0.112089
CG	0.0205445
CT	0.0498314
GA	0.0281629
GC	0.0713126
GG	0.053141
GT	0.0364056
TA	0.0301611
TC	0.141751
TG	0.0796803
TT	0.0711877
