kmer	count
sequence	0
AA	0.0559817
AC	0.113366
AG	0.0720232
AT	0.0671125
CA	0.033112
CC	0.0842765
CG	0.00851183
CT	0.056122
GA	0.0217005
GC	0.061968
GG	0.038958
GT	0.0410158
TA	0.0295108
TC	0.14718
TG	0.0786175
TT	0.0905434
