kmer	count
sequence	0
AA	0.0450119
AC	0.0985684
AG	0.0773522
AT	0.0517831
CA	0.0362739
CC	0.116367
CG	0.0195073
CT	0.059328
GA	0.0246985
GC	0.080641
GG	0.0523957
GT	0.0417876
TA	0.0252467
TC	0.126556
TG	0.0756755
TT	0.0688076
