kmer	count
sequence	0
AA	0.0460242
AC	0.100089
AG	0.0762449
AT	0.0531219
CA	0.0326605
CC	0.109349
CG	0.0190196
CT	0.0544527
GA	0.0239548
GC	0.0809582
GG	0.0511811
GT	0.0382056
TA	0.0271709
TC	0.137684
TG	0.0789065
TT	0.070977
