kmer	count
sequence	0
AA	0.0518195
AC	0.107434
AG	0.083422
AT	0.0567142
CA	0.034369
CC	0.0896645
CG	0.00819323
CT	0.0571043
GA	0.0213166
GC	0.063737
GG	0.043449
GT	0.0398666
TA	0.0293325
TC	0.145527
TG	0.0861886
TT	0.0818614
