kmer	count
sequence	0
AA	0.0478182
AC	0.0989148
AG	0.0818449
AT	0.0541488
CA	0.0341962
CC	0.101571
CG	0.0183699
CT	0.0542618
GA	0.0242482
GC	0.0713317
GG	0.0521705
GT	0.0362876
TA	0.0302397
TC	0.141476
TG	0.0772666
TT	0.0758535
