kmer	count
sequence	0
AA	0.0485963
AC	0.100542
AG	0.0785948
AT	0.0530141
CA	0.035984
CC	0.0996152
CG	0.0165313
CT	0.054368
GA	0.0239419
GC	0.070828
GG	0.0455323
GT	0.0376229
TA	0.0276471
TC	0.152843
TG	0.0767422
TT	0.0775973
