kmer	count
sequence	0
AA	0.0482575
AC	0.100159
AG	0.0785294
AT	0.0507334
CA	0.0310661
CC	0.109035
CG	0.0174717
CT	0.0552649
GA	0.020555
GC	0.0750257
GG	0.0526955
GT	0.0365318
TA	0.0270485
TC	0.143231
TG	0.0778754
TT	0.0765206
