kmer	count
sequence	0
AA	0.0529637
AC	0.106601
AG	0.0811631
AT	0.0650149
CA	0.0348869
CC	0.0918106
CG	0.00814827
CT	0.0604615
GA	0.0240454
GC	0.0618766
GG	0.0425445
GT	0.0423276
TA	0.0285988
TC	0.135211
TG	0.0827494
TT	0.0815968
