kmer	count
sequence	0
AA	0.0549516
AC	0.108225
AG	0.0895612
AT	0.0611462
CA	0.0316122
CC	0.0794501
CG	0.00719367
CT	0.0544321
GA	0.0234194
GC	0.0604668
GG	0.0440812
GT	0.039765
TA	0.0279754
TC	0.149029
TG	0.083007
TT	0.0856846
