kmer	count
sequence	0
AA	0.0533256
AC	0.0915991
AG	0.0837514
AT	0.0546764
CA	0.0315194
CC	0.101377
CG	0.0171105
CT	0.053004
GA	0.0208414
GC	0.0721729
GG	0.0492731
GT	0.039367
TA	0.0289464
TC	0.141901
TG	0.0784768
TT	0.0826579
