kmer	count
sequence	0
AA	0.055316
AC	0.104899
AG	0.0865058
AT	0.0613246
CA	0.0357765
CC	0.0845794
CG	0.00765985
CT	0.0615999
GA	0.0232089
GC	0.055683
GG	0.042886
GT	0.0388038
TA	0.0328869
TC	0.140767
TG	0.0831575
TT	0.0849463
