kmer	count
sequence	0
AA	0.0518408
AC	0.109925
AG	0.0842815
AT	0.058609
CA	0.0336076
CC	0.0868779
CG	0.00892701
CT	0.0552541
GA	0.02223
GC	0.0636268
GG	0.0429138
GT	0.0399965
TA	0.0302526
TC	0.1461
TG	0.0867612
TT	0.0787969
