kmer	count
sequence	0
AA	0.0490094
AC	0.0988252
AG	0.0806842
AT	0.0530408
CA	0.0309261
CC	0.107349
CG	0.0177378
CT	0.0575904
GA	0.0218844
GC	0.0768256
GG	0.0492974
GT	0.0388735
TA	0.0263188
TC	0.145243
TG	0.0750403
TT	0.0713545
