kmer	count
sequence	0
AA	0.0507171
AC	0.109535
AG	0.0809885
AT	0.0596578
CA	0.0386675
CC	0.10275
CG	0.00884996
CT	0.0604293
GA	0.0246891
GC	0.0668285
GG	0.0461786
GT	0.0414133
TA	0.0257557
TC	0.130049
TG	0.0816465
TT	0.0718435
