kmer	count
sequence	0
AA	0.0527103
AC	0.105177
AG	0.0869638
AT	0.0623102
CA	0.0335883
CC	0.0890367
CG	0.00866866
CT	0.0581421
GA	0.0231238
GC	0.0606141
GG	0.0453387
GT	0.0405609
TA	0.0293426
TC	0.137335
TG	0.0859328
TT	0.0811551
