kmer	count
sequence	0
AA	0.0526177
AC	0.10238
AG	0.0777366
AT	0.0516658
CA	0.0285034
CC	0.106399
CG	0.0173453
CT	0.0555262
GA	0.022422
GC	0.0823374
GG	0.0502909
GT	0.0374934
TA	0.0267583
TC	0.136542
TG	0.0772607
TT	0.0747224
