kmer	count
sequence	0
AA	0.0546669
AC	0.106273
AG	0.0822785
AT	0.0677424
CA	0.0323411
CC	0.0811657
CG	0.0094589
CT	0.0634302
GA	0.0228126
GC	0.0592572
GG	0.0420782
GT	0.0430519
TA	0.0292113
TC	0.134511
TG	0.0847128
TT	0.0870079
