kmer	count
sequence	0
AA	0.0509082
AC	0.0997982
AG	0.0859233
AT	0.0503027
CA	0.0321897
CC	0.10116
CG	0.0190716
CT	0.0520686
GA	0.0210394
GC	0.0746216
GG	0.0556509
GT	0.0344097
TA	0.0284057
TC	0.138698
TG	0.0823411
TT	0.0734107
