kmer	count
sequence	0
AA	0.0487043
AC	0.106931
AG	0.0807056
AT	0.0654465
CA	0.0368405
CC	0.0864424
CG	0.0087418
CT	0.063261
GA	0.0239619
GC	0.0590072
GG	0.045114
GT	0.0455042
TA	0.027084
TC	0.132649
TG	0.0846862
TT	0.0849204
