kmer	count
sequence	0
AA	0.0500711
AC	0.0940256
AG	0.0809862
AT	0.0569464
CA	0.032385
CC	0.108819
CG	0.018018
CT	0.0627786
GA	0.0240872
GC	0.0746325
GG	0.0539592
GT	0.0406828
TA	0.0236605
TC	0.128497
TG	0.0738265
TT	0.076624
