kmer	count
sequence	0
AA	0.0451147
AC	0.0966314
AG	0.0679299
AT	0.0578757
CA	0.0429664
CC	0.0906591
CG	0.00940964
CT	0.0571883
GA	0.0271548
GC	0.0594225
GG	0.0450718
GT	0.0407751
TA	0.033299
TC	0.145957
TG	0.0975337
TT	0.0830111
