kmer	count
sequence	0
AA	0.0498114
AC	0.111417
AG	0.0816264
AT	0.0592302
CA	0.0357618
CC	0.0949273
CG	0.00879025
CT	0.0590454
GA	0.0236533
GC	0.0660055
GG	0.0428975
GT	0.0409472
TA	0.0277942
TC	0.139322
TG	0.0821533
TT	0.0766166
