kmer	count
sequence	0
AA	0.0427832
AC	0.0981893
AG	0.0854113
AT	0.0471288
CA	0.0291774
CC	0.113502
CG	0.0209519
CT	0.0541645
GA	0.0222452
GC	0.0824625
GG	0.054061
GT	0.0363683
TA	0.0245215
TC	0.143766
TG	0.080807
TT	0.0644594
