kmer	count
sequence	0
AA	0.0475293
AC	0.0922567
AG	0.0801834
AT	0.0496689
CA	0.0342333
CC	0.106928
CG	0.0192562
CT	0.0578706
GA	0.02216
GC	0.0785023
GG	0.0520632
GT	0.036271
TA	0.0260316
TC	0.143658
TG	0.0762608
TT	0.0771268
