kmer	count
sequence	0
AA	0.0471267
AC	0.0994232
AG	0.0818459
AT	0.0545821
CA	0.0279713
CC	0.101545
CG	0.0179582
CT	0.0567044
GA	0.0225838
GC	0.0752068
GG	0.0500653
GT	0.0369504
TA	0.0269373
TC	0.139475
TG	0.080431
TT	0.0811929
