kmer	count
sequence	0
AA	0.0501026
AC	0.103839
AG	0.0887483
AT	0.0581395
CA	0.0385174
CC	0.0865681
CG	0.0107302
CT	0.0591655
GA	0.0214603
GC	0.0604908
GG	0.0457421
GT	0.0409542
TA	0.0290698
TC	0.137397
TG	0.0892613
TT	0.0798136
