kmer	count
sequence	0
AA	0.0489232
AC	0.0993905
AG	0.0808208
AT	0.0493295
CA	0.0303129
CC	0.100772
CG	0.0167818
CT	0.050833
GA	0.0238521
GC	0.0769606
GG	0.0511987
GT	0.0363267
TA	0.0302722
TC	0.147054
TG	0.0807395
TT	0.0764323
