kmer	count
sequence	0
AA	0.0485708
AC	0.109179
AG	0.0832696
AT	0.0627484
CA	0.0344696
CC	0.0897279
CG	0.00859829
CT	0.0590798
GA	0.0207887
GC	0.0594237
GG	0.0428004
GT	0.0419596
TA	0.0298838
TC	0.142006
TG	0.0829257
TT	0.0845689
