kmer	count
sequence	0
AA	0.0509568
AC	0.111782
AG	0.0827392
AT	0.0560976
CA	0.0344841
CC	0.092045
CG	0.00870544
CT	0.058424
GA	0.0249531
GC	0.0633771
GG	0.0460788
GT	0.0401126
TA	0.0292308
TC	0.135722
TG	0.08394
TT	0.0813508
