kmer	count
sequence	0
AA	0.0449991
AC	0.0966784
AG	0.086658
AT	0.053303
CA	0.0310354
CC	0.110039
CG	0.0179532
CT	0.059241
GA	0.022082
GC	0.0754778
GG	0.0559009
GT	0.0407775
TA	0.023149
TC	0.129477
TG	0.0784004
TT	0.0748284
