kmer	count
sequence	0
AA	0.0483307
AC	0.0999388
AG	0.0758609
AT	0.045534
CA	0.0353085
CC	0.109727
CG	0.0175232
CT	0.0502098
GA	0.022767
GC	0.0794442
GG	0.0483307
GT	0.033211
TA	0.0309823
TC	0.153164
TG	0.0770844
TT	0.0725835
