kmer	count
sequence	0
AA	0.0506826
AC	0.0981731
AG	0.0750417
AT	0.052598
CA	0.0321678
CC	0.107602
CG	0.0169433
CT	0.0578529
GA	0.0248011
GC	0.075582
GG	0.0505844
GT	0.0372753
TA	0.0275022
TC	0.145516
TG	0.0688537
TT	0.0788233
