kmer	count
sequence	0
AA	0.0486764
AC	0.105065
AG	0.0791402
AT	0.0519033
CA	0.0304091
CC	0.104189
CG	0.0181033
CT	0.0550755
GA	0.0223693
GC	0.0768431
GG	0.0479107
GT	0.0367534
TA	0.0281667
TC	0.143131
TG	0.0774448
TT	0.0748195
