kmer	count
sequence	0
AA	0.0507532
AC	0.108735
AG	0.0801226
AT	0.0636212
CA	0.0341004
CC	0.096624
CG	0.00972674
CT	0.0585118
GA	0.0233518
GC	0.0630157
GG	0.0456438
GT	0.0422375
TA	0.0289531
TC	0.133449
TG	0.0853834
TT	0.0757702
