kmer	count
sequence	0
AA	0.0548603
AC	0.106093
AG	0.0855733
AT	0.0601774
CA	0.0367939
CC	0.0850886
CG	0.00825475
CT	0.0538615
GA	0.0234717
GC	0.0612497
GG	0.0429629
GT	0.0377486
TA	0.0331659
TC	0.140125
TG	0.088599
TT	0.0819747
