kmer	count
sequence	0
AA	0.0519906
AC	0.106511
AG	0.0849649
AT	0.0610773
CA	0.0378454
CC	0.0864637
CG	0.00772834
CT	0.0570492
GA	0.0251522
GC	0.0584543
GG	0.0437939
GT	0.0379391
TA	0.0312881
TC	0.14192
TG	0.0879625
TT	0.0798595
