kmer	count
sequence	0
AA	0.047948
AC	0.0946355
AG	0.088434
AT	0.0492084
CA	0.0298477
CC	0.107795
CG	0.0175456
CT	0.0539982
GA	0.0218312
GC	0.0746193
GG	0.0580317
GT	0.035545
TA	0.0251084
TC	0.139256
TG	0.0884844
TT	0.067712
