kmer	count
sequence	0
AA	0.0547096
AC	0.104803
AG	0.0813558
AT	0.0651575
CA	0.0386734
CC	0.0844335
CG	0.0083826
CT	0.0561675
GA	0.023285
GC	0.0594071
GG	0.0431279
GT	0.0376205
TA	0.0320321
TC	0.139305
TG	0.0871062
TT	0.0844335
