kmer	count
sequence	0
AA	0.0545072
AC	0.102954
AG	0.0823777
AT	0.0657933
CA	0.033314
CC	0.0855712
CG	0.00867325
CT	0.057737
GA	0.0227174
GC	0.0583902
GG	0.040826
GT	0.041334
TA	0.0331325
TC	0.144433
TG	0.0833938
TT	0.0848454
