kmer	count
sequence	0
AA	0.051109
AC	0.105854
AG	0.0849419
AT	0.0602506
CA	0.0385541
CC	0.0890615
CG	0.00969083
CT	0.0570595
GA	0.0234489
GC	0.0596359
GG	0.0455247
GT	0.0394565
TA	0.0319104
TC	0.136469
TG	0.0864328
TT	0.0806
