kmer	count
sequence	0
AA	0.0460592
AC	0.095557
AG	0.0805809
AT	0.0486834
CA	0.0342503
CC	0.104787
CG	0.0203149
CT	0.0534793
GA	0.0244322
GC	0.0743372
GG	0.0518958
GT	0.0370555
TA	0.0271921
TC	0.146231
TG	0.0808977
TT	0.0742467
