kmer	count
sequence	0
AA	0.0536289
AC	0.106624
AG	0.0829613
AT	0.0649441
CA	0.0360593
CC	0.0909068
CG	0.00864181
CT	0.0606792
GA	0.023824
GC	0.0609527
GG	0.0417169
GT	0.0408714
TA	0.0283625
TC	0.134352
TG	0.0835706
TT	0.0819044
