kmer	count
sequence	0
AA	0.0530862
AC	0.106746
AG	0.0756685
AT	0.0608646
CA	0.0370277
CC	0.0895046
CG	0.0083877
CT	0.0572801
GA	0.02588
GC	0.0639114
GG	0.0417234
GT	0.0416517
TA	0.0309341
TC	0.142591
TG	0.0779984
TT	0.0867446
