kmer	count
sequence	0
AA	0.0546331
AC	0.108692
AG	0.0878797
AT	0.0580381
CA	0.0368429
CC	0.0863494
CG	0.00891422
CT	0.0533323
GA	0.0230316
GC	0.0604101
GG	0.0449154
GT	0.0392915
TA	0.0314485
TC	0.140868
TG	0.0860816
TT	0.0792716
