kmer	count
sequence	0
AA	0.0325982
AC	0.0953242
AG	0.0552543
AT	0.0604965
CA	0.0282598
CC	0.108038
CG	0.0152446
CT	0.0568812
GA	0.0213304
GC	0.0739335
GG	0.0472403
GT	0.0429019
TA	0.0285611
TC	0.160581
TG	0.0836346
TT	0.0897204
