kmer	count
sequence	0
AA	0.0499132
AC	0.110652
AG	0.0864667
AT	0.0604909
CA	0.0358924
CC	0.091177
CG	0.00972371
CT	0.0586177
GA	0.0224224
GC	0.0619233
GG	0.0441286
GT	0.0415944
TA	0.0272154
TC	0.135581
TG	0.0850343
TT	0.079167
