kmer	count
sequence	0
AA	0.0513286
AC	0.104091
AG	0.0808322
AT	0.0597719
CA	0.0393806
CC	0.0937998
CG	0.00962212
CT	0.0586886
GA	0.0266998
GC	0.0646148
GG	0.0450838
GT	0.0385841
TA	0.0308736
TC	0.133658
TG	0.0867584
TT	0.0762123
