kmer	count
sequence	0
AA	0.0512322
AC	0.0979711
AG	0.088753
AT	0.0501668
CA	0.0303409
CC	0.104178
CG	0.0162127
CT	0.0498425
GA	0.0211692
GC	0.0724477
GG	0.0497499
GT	0.0358533
TA	0.0284417
TC	0.147953
TG	0.0828701
TT	0.0728182
