kmer	count
sequence	0
AA	0.0490153
AC	0.102069
AG	0.0786678
AT	0.0536623
CA	0.0300398
CC	0.111861
CG	0.0177584
CT	0.0555986
GA	0.0238991
GC	0.0762337
GG	0.0548241
GT	0.0366785
TA	0.026112
TC	0.140739
TG	0.0717526
TT	0.0710887
