kmer	count
sequence	0
AA	0.053278
AC	0.110176
AG	0.0854075
AT	0.0612901
CA	0.0365626
CC	0.0891492
CG	0.00866276
CT	0.0568163
GA	0.0229787
GC	0.0625102
GG	0.0410363
GT	0.0403042
TA	0.0291606
TC	0.139621
TG	0.0837807
TT	0.0792663
