kmer	count
sequence	0
AA	0.049642
AC	0.111416
AG	0.0823389
AT	0.0615354
CA	0.0360382
CC	0.0933572
CG	0.00859189
CT	0.055887
GA	0.023747
GC	0.063564
GG	0.043755
GT	0.0390613
TA	0.0293954
TC	0.138743
TG	0.080708
TT	0.0822196
