kmer	count
sequence	0
AA	0.0496888
AC	0.110582
AG	0.0812806
AT	0.057759
CA	0.0355936
CC	0.0923966
CG	0.009004
CT	0.0537128
GA	0.0232992
GC	0.0638728
GG	0.0439973
GT	0.0408404
TA	0.0289462
TC	0.149066
TG	0.0817474
TT	0.0782125
