kmer	count
sequence	0
AA	0.052727
AC	0.1099
AG	0.0854361
AT	0.05757
CA	0.0344476
CC	0.0836231
CG	0.00928869
CT	0.0549374
GA	0.0225263
GC	0.0611464
GG	0.0436618
GT	0.0398867
TA	0.0309706
TC	0.144372
TG	0.0879694
TT	0.0815369
