kmer	count
sequence	0
AA	0.045687
AC	0.100239
AG	0.0837027
AT	0.061882
CA	0.0279577
CC	0.0995568
CG	0.0158541
CT	0.0610297
GA	0.0221616
GC	0.0704057
GG	0.0519945
GT	0.0475622
TA	0.0267644
TC	0.123935
TG	0.0777361
TT	0.0835322
