kmer	count
sequence	0
AA	0.0542516
AC	0.109169
AG	0.0856038
AT	0.0579913
CA	0.0348187
CC	0.0876017
CG	0.00874309
CT	0.0568643
GA	0.0228823
GC	0.0618591
GG	0.0440314
GT	0.0393525
TA	0.0292945
TC	0.140376
TG	0.087226
TT	0.0799344
