kmer	count
sequence	0
AA	0.0530533
AC	0.0997172
AG	0.08212
AT	0.0503823
CA	0.0325757
CC	0.0993506
CG	0.0155546
CT	0.0549911
GA	0.0225725
GC	0.0721169
GG	0.0456164
GT	0.0352467
TA	0.0306903
TC	0.148371
TG	0.0812821
TT	0.0763591
