kmer	count
sequence	0
AA	0.0441254
AC	0.097471
AG	0.0864726
AT	0.0459036
CA	0.0291096
CC	0.112223
CG	0.0219968
CT	0.0528846
GA	0.022392
GC	0.0796891
GG	0.0576923
GT	0.0346417
TA	0.0237092
TC	0.145153
TG	0.0794916
TT	0.0670443
