kmer	count
sequence	0
AA	0.0480707
AC	0.0969453
AG	0.0830386
AT	0.0534566
CA	0.033119
CC	0.098955
CG	0.0168006
CT	0.0619775
GA	0.0213023
GC	0.0709807
GG	0.0516881
GT	0.0385048
TA	0.0296624
TC	0.138183
TG	0.0815113
TT	0.0758039
