kmer	count
sequence	0
AA	0.0488896
AC	0.10087
AG	0.0839095
AT	0.0502725
CA	0.0289596
CC	0.106036
CG	0.0176116
CT	0.0507199
GA	0.0229806
GC	0.0759782
GG	0.0499471
GT	0.0358334
TA	0.02778
TC	0.147523
TG	0.0770764
TT	0.0756121
