kmer	count
sequence	0
AA	0.0553465
AC	0.104108
AG	0.0824318
AT	0.0595406
CA	0.0391972
CC	0.0794136
CG	0.00925055
CT	0.054445
GA	0.0245767
GC	0.0583255
GG	0.0441753
GT	0.039746
TA	0.0321809
TC	0.1426
TG	0.0878018
TT	0.0868611
