kmer	count
sequence	0
AA	0.0441191
AC	0.097799
AG	0.0853003
AT	0.0455632
CA	0.0290808
CC	0.119012
CG	0.0192212
CT	0.0525844
GA	0.0221591
GC	0.0831093
GG	0.0597052
GT	0.0351061
TA	0.0227567
TC	0.14137
TG	0.0764366
TT	0.0666766
