kmer	count
sequence	0
AA	0.0489514
AC	0.106596
AG	0.0775291
AT	0.0529719
CA	0.028632
CC	0.110073
CG	0.0142345
CT	0.0517223
GA	0.0209714
GC	0.078344
GG	0.0429208
GT	0.0374334
TA	0.0278713
TC	0.152505
TG	0.0714984
TT	0.0777464
