kmer	count
sequence	0
AA	0.034519
AC	0.0712611
AG	0.0511318
AT	0.0412288
CA	0.101253
CC	0.118391
CG	0.0200889
CT	0.05865
GA	0.0403395
GC	0.0511722
GG	0.063945
GT	0.0314066
TA	0.0465238
TC	0.112732
TG	0.105133
TT	0.0522231
