kmer	count
sequence	0
AA	0.0497284
AC	0.100297
AG	0.0793456
AT	0.054061
CA	0.0313632
CC	0.108445
CG	0.0150026
CT	0.058329
GA	0.0259959
GC	0.0765003
GG	0.0554837
GT	0.0372478
TA	0.0269659
TC	0.133019
TG	0.0764356
TT	0.0717796
