kmer	count
sequence	0
AA	0.053409
AC	0.10663
AG	0.0811225
AT	0.0630684
CA	0.038207
CC	0.0929075
CG	0.00930958
CT	0.0562611
GA	0.0245117
GC	0.0633913
GG	0.0446107
GT	0.0417048
TA	0.0292741
TC	0.133482
TG	0.0829253
TT	0.0791853
