kmer	count
sequence	0
AA	0.0491482
AC	0.099174
AG	0.0824987
AT	0.04889
CA	0.0316985
CC	0.107021
CG	0.0184822
CT	0.0533815
GA	0.02127
GC	0.0735157
GG	0.0482705
GT	0.0359319
TA	0.0300465
TC	0.146877
TG	0.0794011
TT	0.0743934
