kmer	count
sequence	0
AA	0.0523814
AC	0.113831
AG	0.0774803
AT	0.057468
CA	0.0349124
CC	0.0952063
CG	0.00827211
CT	0.056312
GA	0.0217079
GC	0.0656887
GG	0.0406669
GT	0.041155
TA	0.027822
TC	0.148538
TG	0.0787391
TT	0.0798181
