kmer	count
sequence	0
AA	0.0538574
AC	0.112253
AG	0.0753061
AT	0.0630191
CA	0.0356195
CC	0.0873791
CG	0.00830551
CT	0.0551845
GA	0.0230756
GC	0.0586951
GG	0.0418272
GT	0.0393441
TA	0.0318092
TC	0.149157
TG	0.080572
TT	0.0845963
