kmer	count
sequence	0
AA	0.0404633
AC	0.0831718
AG	0.0662312
AT	0.0466374
CA	0.0550056
CC	0.111083
CG	0.023931
CT	0.0513318
GA	0.0289315
GC	0.0688846
GG	0.0583223
GT	0.0325543
TA	0.0428105
TC	0.136085
TG	0.0864374
TT	0.0681192
