kmer	count
sequence	0
AA	0.0559893
AC	0.113048
AG	0.0841711
AT	0.0579144
CA	0.0337968
CC	0.0833155
CG	0.00871658
CT	0.0583957
GA	0.0252406
GC	0.0595187
GG	0.04
GT	0.0403743
TA	0.03
TC	0.14246
TG	0.083262
TT	0.0837968
