kmer	count
sequence	0
AA	0.0517304
AC	0.110155
AG	0.0852459
AT	0.0555556
CA	0.0382969
CC	0.0843352
CG	0.00983607
CT	0.0506831
GA	0.023224
GC	0.0572404
GG	0.0455373
GT	0.0397086
TA	0.0324226
TC	0.145036
TG	0.0881148
TT	0.082878
