kmer	count
sequence	0
AA	0.0502379
AC	0.108036
AG	0.081471
AT	0.0617131
CA	0.0360822
CC	0.0904464
CG	0.00927655
CT	0.0603879
GA	0.0242455
GC	0.0623155
GG	0.0435516
GT	0.0417144
TA	0.0284621
TC	0.140594
TG	0.0808385
TT	0.0806277
