kmer	count
sequence	0
AA	0.0462141
AC	0.0990238
AG	0.0778296
AT	0.0522821
CA	0.0312637
CC	0.108478
CG	0.0186439
CT	0.0545247
GA	0.0215021
GC	0.0788849
GG	0.0490722
GT	0.0384311
TA	0.0260751
TC	0.144534
TG	0.0793246
TT	0.0739161
