kmer	count
sequence	0
AA	0.0431773
AC	0.0965359
AG	0.0768562
AT	0.0534207
CA	0.0326856
CC	0.126862
CG	0.0177241
CT	0.0607462
GA	0.0253601
GC	0.0860752
GG	0.0539483
GT	0.0414701
TA	0.0212317
TC	0.127204
TG	0.0719829
TT	0.0647194
