kmer	count
sequence	0
AA	0.0471374
AC	0.104705
AG	0.078743
AT	0.0514268
CA	0.0291674
CC	0.110529
CG	0.0145837
CT	0.0527813
GA	0.0228463
GC	0.0792397
GG	0.0488983
GT	0.0395973
TA	0.0268196
TC	0.146108
TG	0.0754018
TT	0.0720155
