kmer	count
sequence	0
AA	0.0517341
AC	0.105258
AG	0.0863639
AT	0.0617862
CA	0.0373138
CC	0.0885743
CG	0.00868375
CT	0.0596811
GA	0.0227883
GC	0.0623125
GG	0.0447871
GT	0.044524
TA	0.0305247
TC	0.132309
TG	0.0834167
TT	0.0799432
