kmer	count
sequence	0
AA	0.0524532
AC	0.109389
AG	0.0733851
AT	0.0605012
CA	0.0372044
CC	0.0888104
CG	0.00871867
CT	0.0613837
GA	0.0271444
GC	0.0661137
GG	0.0434169
GT	0.0417579
TA	0.0303918
TC	0.139993
TG	0.0798447
TT	0.0794917
