kmer	count
sequence	0
AA	0.0516292
AC	0.0994952
AG	0.0806792
AT	0.0612666
CA	0.0422212
CC	0.0861404
CG	0.00793942
CT	0.0595686
GA	0.0259293
GC	0.0549793
GG	0.0463974
GT	0.0400184
TA	0.0361175
TC	0.137448
TG	0.0906379
TT	0.0795319
