kmer	count
sequence	0
AA	0.0514487
AC	0.109483
AG	0.0854957
AT	0.0623774
CA	0.0358964
CC	0.0889144
CG	0.00888304
CT	0.0571933
GA	0.0240711
GC	0.0625175
GG	0.0432102
GT	0.0427619
TA	0.0281903
TC	0.136608
TG	0.0834501
TT	0.079499
