kmer	count
sequence	0
AA	0.0556096
AC	0.104842
AG	0.0799827
AT	0.063716
CA	0.039559
CC	0.0833874
CG	0.00767402
CT	0.062527
GA	0.0256701
GC	0.0594466
GG	0.0418288
GT	0.0393969
TA	0.0333441
TC	0.132566
TG	0.0836035
TT	0.0868461
