kmer	count
sequence	0
AA	0.0501095
AC	0.0960888
AG	0.0711584
AT	0.0566779
CA	0.0342854
CC	0.112709
CG	0.0163217
CT	0.0594646
GA	0.0261246
GC	0.0795681
GG	0.0478702
GT	0.0370223
TA	0.0287122
TC	0.137739
TG	0.0732982
TT	0.0728503
