kmer	count
sequence	0
AA	0.048156
AC	0.0975723
AG	0.0785354
AT	0.0540594
CA	0.0346909
CC	0.108981
CG	0.0161847
CT	0.0589016
GA	0.0268639
GC	0.0709737
GG	0.0533298
GT	0.0401963
TA	0.0277925
TC	0.129809
TG	0.0774741
TT	0.0764792
