kmer	count
sequence	0
AA	0.0601725
AC	0.0562276
AG	0.119872
AT	0.0122554
CA	0.0578056
CC	0.118241
CG	0.0355565
CT	0.0386072
GA	0.0271934
GC	0.043604
GG	0.0758468
GT	0.0103619
TA	0.0552283
TC	0.110509
TG	0.143488
TT	0.0350305
