kmer	count
sequence	0
AA	0.0561395
AC	0.108019
AG	0.0804268
AT	0.0583692
CA	0.036431
CC	0.0865584
CG	0.00828157
CT	0.0556219
GA	0.0236104
GC	0.0628683
GG	0.0404125
GT	0.0387004
TA	0.0328874
TC	0.14449
TG	0.0863991
TT	0.0807852
