kmer	count
sequence	0
AA	0.0461181
AC	0.100372
AG	0.0831706
AT	0.0521618
CA	0.0284984
CC	0.101162
CG	0.0153882
CT	0.0589493
GA	0.0205021
GC	0.0754533
GG	0.0468154
GT	0.0390516
TA	0.0270572
TC	0.148954
TG	0.0766155
TT	0.0797304
