kmer	count
sequence	0
AA	0.0532591
AC	0.102511
AG	0.0877553
AT	0.0614678
CA	0.0365484
CC	0.0798886
CG	0.0105052
CT	0.0599531
GA	0.0231604
GC	0.0579986
GG	0.0445617
GT	0.041288
TA	0.0309782
TC	0.134907
TG	0.0871201
TT	0.0880973
