kmer	count
sequence	0
AA	0.0521623
AC	0.112967
AG	0.0780215
AT	0.0620687
CA	0.0373369
CC	0.0982783
CG	0.00874496
CT	0.0566373
GA	0.0238095
GC	0.064904
GG	0.0426317
GT	0.0394206
TA	0.0263032
TC	0.137801
TG	0.082838
TT	0.0760743
