kmer	count
sequence	0
AA	0.0526094
AC	0.102062
AG	0.0824074
AT	0.0607323
CA	0.0369529
CC	0.0839226
CG	0.00955387
CT	0.0606061
GA	0.0234848
GC	0.0614057
GG	0.040867
GT	0.0407407
TA	0.0311448
TC	0.142256
TG	0.0893098
TT	0.0819444
