kmer	count
sequence	0
AA	0.0415158
AC	0.087859
AG	0.0666787
AT	0.0541274
CA	0.0401279
CC	0.111091
CG	0.017077
CT	0.0546102
GA	0.025344
GC	0.0722906
GG	0.049119
GT	0.036266
TA	0.0316196
TC	0.145426
TG	0.0912986
TT	0.0755491
