kmer	count
sequence	0
AA	0.0540466
AC	0.105229
AG	0.0816704
AT	0.0624076
CA	0.0375554
CC	0.0866131
CG	0.00923873
CT	0.059405
GA	0.0218958
GC	0.0600055
GG	0.0441149
GT	0.0383869
TA	0.0335828
TC	0.142738
TG	0.0838415
TT	0.0792683
