kmer	count
sequence	0
AA	0.0518093
AC	0.105217
AG	0.0789129
AT	0.0616916
CA	0.0404738
CC	0.0905392
CG	0.0100276
CT	0.0617643
GA	0.0257957
GC	0.0648888
GG	0.0450516
GT	0.0404738
TA	0.0283389
TC	0.136245
TG	0.0810202
TT	0.0777503
