kmer	count
sequence	0
AA	0.051367
AC	0.108566
AG	0.087991
AT	0.0618177
CA	0.0326117
CC	0.0870113
CG	0.00923766
CT	0.0558459
GA	0.0195484
GC	0.0628441
GG	0.0439022
GT	0.0401232
TA	0.0282262
TC	0.143697
TG	0.0876178
TT	0.0795932
