kmer	count
sequence	0
AA	0.0511411
AC	0.108448
AG	0.0802969
AT	0.0593717
CA	0.0364284
CC	0.094619
CG	0.00828637
CT	0.0584231
GA	0.0243662
GC	0.0652307
GG	0.0442033
GT	0.0415341
TA	0.0283001
TC	0.139994
TG	0.0804643
TT	0.0788925
