kmer	count
sequence	0
AA	0.0521812
AC	0.113758
AG	0.0784564
AT	0.0607383
CA	0.0330201
CC	0.0906376
CG	0.00973154
CT	0.0583557
GA	0.022651
GC	0.0643624
GG	0.0449664
GT	0.0422819
TA	0.0287584
TC	0.135503
TG	0.0827852
TT	0.0818121
