kmer	count
sequence	0
AA	0.0457811
AC	0.102897
AG	0.077342
AT	0.0501384
CA	0.0284991
CC	0.113408
CG	0.0174292
CT	0.0560561
GA	0.0226108
GC	0.0816405
GG	0.0479597
GT	0.0358888
TA	0.0249367
TC	0.145557
TG	0.073868
TT	0.0759878
