kmer	count
sequence	0
AA	0.052009
AC	0.104781
AG	0.0877628
AT	0.0586485
CA	0.0382722
CC	0.0882589
CG	0.00965391
CT	0.0560537
GA	0.0250315
GC	0.05903
GG	0.0499485
GT	0.037738
TA	0.0322051
TC	0.136796
TG	0.0849773
TT	0.0788339
