kmer	count
sequence	0
AA	0.0548455
AC	0.107163
AG	0.0820614
AT	0.0629827
CA	0.0349393
CC	0.0807282
CG	0.00910261
CT	0.0568683
GA	0.0258827
GC	0.0605921
GG	0.0424789
GT	0.0433523
TA	0.0331004
TC	0.137045
TG	0.0823373
TT	0.0865208
