kmer	count
sequence	0
AA	0.0562033
AC	0.101431
AG	0.0761036
AT	0.0580526
CA	0.0496502
CC	0.0872799
CG	0.00928681
CT	0.05556
GA	0.0270162
GC	0.0544343
GG	0.0440621
GT	0.0392378
TA	0.0374688
TC	0.136126
TG	0.0832998
TT	0.0847873
