kmer	count
sequence	0
AA	0.0522662
AC	0.108441
AG	0.0823076
AT	0.0563204
CA	0.0378289
CC	0.0870034
CG	0.00895409
CT	0.0555037
GA	0.025579
GC	0.0615412
GG	0.0434288
GT	0.0376539
TA	0.0324331
TC	0.14767
TG	0.085691
TT	0.0773785
