kmer	count
sequence	0
AA	0.0484291
AC	0.102146
AG	0.0758621
AT	0.0485824
CA	0.0273563
CC	0.104828
CG	0.017318
CT	0.0523372
GA	0.0237548
GC	0.0765517
GG	0.0444444
GT	0.0418391
TA	0.0275096
TC	0.158697
TG	0.0721839
TT	0.0781609
