kmer	count
sequence	0
AA	0.0469715
AC	0.0998603
AG	0.0738386
AT	0.0466407
CA	0.0344016
CC	0.108939
CG	0.0179359
CT	0.051529
GA	0.0236328
GC	0.0790209
GG	0.0520803
GT	0.0347692
TA	0.0269406
TC	0.151573
TG	0.0779918
TT	0.0738753
