kmer	count
sequence	0
AA	0.0508494
AC	0.0952271
AG	0.0814746
AT	0.0530452
CA	0.0348434
CC	0.103952
CG	0.0169883
CT	0.0562233
GA	0.0214954
GC	0.0723449
GG	0.0479025
GT	0.0333988
TA	0.0296429
TC	0.147174
TG	0.0766208
TT	0.0788166
