kmer	count
sequence	0
AA	0.0407574
AC	0.093567
AG	0.0710973
AT	0.0455859
CA	0.0434188
CC	0.116113
CG	0.0199605
CT	0.0562695
GA	0.0276785
GC	0.0803361
GG	0.0557752
GT	0.0377918
TA	0.0303019
TC	0.140902
TG	0.0742149
TT	0.0662307
