kmer	count
sequence	0
AA	0.0529202
AC	0.0928972
AG	0.0854374
AT	0.0499872
CA	0.0336649
CC	0.0993369
CG	0.0178526
CT	0.0562994
GA	0.0278628
GC	0.0718567
GG	0.0559169
GT	0.0366616
TA	0.0302856
TC	0.131153
TG	0.0839072
TT	0.0739607
