kmer	count
sequence	0
AA	0.0522765
AC	0.105726
AG	0.081671
AT	0.0688805
CA	0.0329148
CC	0.0890049
CG	0.00797935
CT	0.0553274
GA	0.0241141
GC	0.0608425
GG	0.038606
GT	0.0400728
TA	0.0330908
TC	0.139521
TG	0.0848979
TT	0.0850739
