kmer	count
sequence	0
AA	0.0516811
AC	0.103878
AG	0.0781667
AT	0.06372
CA	0.0349987
CC	0.0894746
CG	0.0074813
CT	0.0613982
GA	0.0250666
GC	0.0617852
GG	0.042996
GT	0.0416201
TA	0.0288073
TC	0.138619
TG	0.0823803
TT	0.0879267
