kmer	count
sequence	0
AA	0.0496003
AC	0.103864
AG	0.0822432
AT	0.0483285
CA	0.0327035
CC	0.106286
CG	0.0162912
CT	0.0510538
GA	0.0213784
GC	0.0687984
GG	0.0516594
GT	0.0373668
TA	0.027374
TC	0.152859
TG	0.0786095
TT	0.0715843
