kmer	count
sequence	0
AA	0.050349
AC	0.106322
AG	0.0836552
AT	0.0606831
CA	0.0373382
CC	0.0867385
CG	0.00911432
CT	0.0600393
GA	0.0223623
GC	0.0618012
GG	0.0448601
GT	0.0412347
TA	0.0314088
TC	0.138273
TG	0.085146
TT	0.0806736
