kmer	count
sequence	0
AA	0.0425116
AC	0.0851776
AG	0.0645394
AT	0.0463201
CA	0.0555327
CC	0.109264
CG	0.0241379
CT	0.0503345
GA	0.0289758
GC	0.0703037
GG	0.059753
GT	0.0320638
TA	0.0375193
TC	0.138034
TG	0.0901698
TT	0.0653628
