kmer	count
sequence	0
AA	0.0530264
AC	0.10351
AG	0.0808325
AT	0.0595117
CA	0.0377247
CC	0.0853255
CG	0.0089861
CT	0.056587
GA	0.0231858
GC	0.0595541
GG	0.0437013
GT	0.0412852
TA	0.032723
TC	0.138945
TG	0.089861
TT	0.0852408
