kmer	count
sequence	0
AA	0.0545863
AC	0.107032
AG	0.0858932
AT	0.060366
CA	0.03516
CC	0.0881944
CG	0.00797388
CT	0.056727
GA	0.0210318
GC	0.0599379
GG	0.0395483
GT	0.036819
TA	0.0297014
TC	0.152146
TG	0.0812373
TT	0.0836455
