kmer	count
sequence	0
AA	0.0520391
AC	0.112297
AG	0.0787598
AT	0.0610369
CA	0.0361469
CC	0.0906789
CG	0.00856931
CT	0.0585829
GA	0.0239551
GC	0.0639582
GG	0.0421454
GT	0.042496
TA	0.0289409
TC	0.137109
TG	0.0837456
TT	0.0795388
