kmer	count
sequence	0
AA	0.0549315
AC	0.105817
AG	0.0847772
AT	0.0639756
CA	0.0380331
CC	0.0858244
CG	0.00904417
CT	0.0586919
GA	0.0255617
GC	0.06131
GG	0.0418888
GT	0.0378427
TA	0.0337966
TC	0.132664
TG	0.0854436
TT	0.0803979
