kmer	count
sequence	0
AA	0.0499566
AC	0.0970527
AG	0.0735557
AT	0.066098
CA	0.0438269
CC	0.0943965
CG	0.0107524
CT	0.0797364
GA	0.0284007
GC	0.067375
GG	0.0488328
GT	0.0508249
TA	0.0255146
TC	0.110129
TG	0.074986
TT	0.0785616
