kmer	count
sequence	0
AA	0.0518336
AC	0.112738
AG	0.0776532
AT	0.0612932
CA	0.035344
CC	0.0881171
CG	0.0072891
CT	0.0610665
GA	0.022904
GC	0.0640145
GG	0.0413049
GT	0.0400091
TA	0.0312298
TC	0.144486
TG	0.0783983
TT	0.0823183
