kmer	count
sequence	0
AA	0.0486084
AC	0.100819
AG	0.0770548
AT	0.0505352
CA	0.0301406
CC	0.112715
CG	0.0159266
CT	0.055087
GA	0.0225915
GC	0.08035
GG	0.049018
GT	0.0368891
TA	0.0265568
TC	0.147268
TG	0.0741785
TT	0.072261
