kmer	count
sequence	0
AA	0.0526668
AC	0.104699
AG	0.0848306
AT	0.0606637
CA	0.0357923
CC	0.0883534
CG	0.00870147
CT	0.061791
GA	0.0234975
GC	0.0629183
GG	0.0450927
GT	0.0409004
TA	0.0293455
TC	0.135243
TG	0.083668
TT	0.0818361
