kmer	count
sequence	0
AA	0.0526275
AC	0.0998613
AG	0.0765141
AT	0.0508553
CA	0.0307443
CC	0.1088
CG	0.01726
CT	0.0557867
GA	0.0231931
GC	0.0716597
GG	0.0479273
GT	0.0362151
TA	0.0304361
TC	0.149715
TG	0.0762059
TT	0.0721991
