kmer	count
sequence	0
AA	0.0482283
AC	0.0926837
AG	0.0798885
AT	0.0544619
CA	0.0316601
CC	0.104987
CG	0.0205052
CT	0.0526575
GA	0.0219816
GC	0.0790682
GG	0.0582349
GT	0.0396982
TA	0.0305118
TC	0.126804
TG	0.0789042
TT	0.0797244
