kmer	count
sequence	0
AA	0.0406358
AC	0.0835666
AG	0.0650397
AT	0.044442
CA	0.0569797
CC	0.114799
CG	0.0254114
CT	0.050487
GA	0.0315124
GC	0.0729878
GG	0.0616814
GT	0.030225
TA	0.0385649
TC	0.137076
TG	0.0853017
TT	0.0612896
