kmer	count
sequence	0
AA	0.0509844
AC	0.101527
AG	0.0819281
AT	0.0617992
CA	0.0395515
CC	0.0885936
CG	0.00979959
CT	0.0606957
GA	0.0234396
GC	0.0633884
GG	0.0474971
GT	0.0439657
TA	0.0292664
TC	0.130308
TG	0.0870486
TT	0.0802066
