kmer	count
sequence	0
AA	0.0534156
AC	0.116222
AG	0.0708344
AT	0.064806
CA	0.0390111
CC	0.0986001
CG	0.00930354
CT	0.0597339
GA	0.0279106
GC	0.0639944
GG	0.0393879
GT	0.0439672
TA	0.0305481
TC	0.130221
TG	0.075037
TT	0.0770078
