kmer	count
sequence	0
AA	0.0510848
AC	0.096115
AG	0.0785192
AT	0.0509586
CA	0.0308401
CC	0.101034
CG	0.0179112
CT	0.0556887
GA	0.0264253
GC	0.0759965
GG	0.0480575
GT	0.0384082
TA	0.0281282
TC	0.146758
TG	0.0759965
TT	0.0780777
