kmer	count
sequence	0
AA	0.050355
AC	0.110197
AG	0.0776842
AT	0.059559
CA	0.0408054
CC	0.097977
CG	0.00936106
CT	0.0569203
GA	0.0255387
GC	0.0614123
GG	0.0425331
GT	0.0393918
TA	0.0292455
TC	0.140416
TG	0.0845951
TT	0.0740089
