kmer	count
sequence	0
AA	0.0489683
AC	0.10588
AG	0.0732345
AT	0.0595273
CA	0.041921
CC	0.0988569
CG	0.0092754
CT	0.0601811
GA	0.0260583
GC	0.0639591
GG	0.0441006
GT	0.0417272
TA	0.0287465
TC	0.139688
TG	0.0824373
TT	0.0754383
