kmer	count
sequence	0
AA	0.0510326
AC	0.0934783
AG	0.08375
AT	0.0507065
CA	0.0315761
CC	0.105707
CG	0.0168478
CT	0.0561413
GA	0.0254348
GC	0.0740761
GG	0.051087
GT	0.0390217
TA	0.0282065
TC	0.139293
TG	0.0782065
TT	0.0754348
