kmer	count
sequence	0
AA	0.0566768
AC	0.107184
AG	0.0781658
AT	0.0620098
CA	0.0396319
CC	0.0914985
CG	0.00899299
CT	0.0559448
GA	0.0242079
GC	0.0657743
GG	0.0418279
GT	0.0387954
TA	0.0311095
TC	0.139914
TG	0.0773816
TT	0.0808847
