kmer	count
sequence	0
AA	0.0489983
AC	0.093309
AG	0.0871904
AT	0.0486529
CA	0.031432
CC	0.0990329
CG	0.0192441
CT	0.0523044
GA	0.0231422
GC	0.0756933
GG	0.0546235
GT	0.0367611
TA	0.0283233
TC	0.144281
TG	0.0831442
TT	0.0738676
