kmer	count
sequence	0
AA	0.0526744
AC	0.113348
AG	0.0755203
AT	0.0633177
CA	0.0415904
CC	0.0997559
CG	0.00732154
CT	0.0653176
GA	0.0235916
GC	0.063894
GG	0.0373873
GT	0.0445732
TA	0.0278286
TC	0.130432
TG	0.0732493
TT	0.080198
