kmer	count
sequence	0
AA	0.0547496
AC	0.104037
AG	0.0803111
AT	0.0616534
CA	0.0415101
CC	0.0890501
CG	0.00996242
CT	0.0585511
GA	0.026348
GC	0.0561042
GG	0.0457048
GT	0.0395001
TA	0.0314166
TC	0.130167
TG	0.0897055
TT	0.0812287
