kmer	count
sequence	0
AA	0.0540664
AC	0.107388
AG	0.0787514
AT	0.0617411
CA	0.0376289
CC	0.0896334
CG	0.00996564
CT	0.0617984
GA	0.0258305
GC	0.0655785
GG	0.0435853
GT	0.0415235
TA	0.0298969
TC	0.130813
TG	0.082016
TT	0.0797824
