kmer	count
sequence	0
AA	0.0463972
AC	0.099836
AG	0.0812675
AT	0.0531494
CA	0.0314942
CC	0.106058
CG	0.0171699
CT	0.0580206
GA	0.0229092
GC	0.0738401
GG	0.0496286
GT	0.0374747
TA	0.0248384
TC	0.143822
TG	0.0773609
TT	0.0767339
