kmer	count
sequence	0
AA	0.048084
AC	0.0983321
AG	0.0906788
AT	0.051726
CA	0.0291354
CC	0.101499
CG	0.0193181
CT	0.0521482
GA	0.0250185
GC	0.0715718
GG	0.0569513
GT	0.0376333
TA	0.0240684
TC	0.133115
TG	0.0930012
TT	0.0677188
