kmer	count
sequence	0
AA	0.054525
AC	0.10905
AG	0.0860086
AT	0.0585137
CA	0.0345816
CC	0.0802773
CG	0.00956512
CT	0.0571583
GA	0.0242807
GC	0.0620377
GG	0.049181
GT	0.0419006
TA	0.0290052
TC	0.134144
TG	0.092863
TT	0.0769082
