kmer	count
sequence	0
AA	0.0437877
AC	0.0997331
AG	0.0700801
AT	0.054018
CA	0.0319265
CC	0.111347
CG	0.0189285
CT	0.0604428
GA	0.0269349
GC	0.0839182
GG	0.0604428
GT	0.0433429
TA	0.0245132
TC	0.130968
TG	0.0678561
TT	0.0717604
