kmer	count
sequence	0
AA	0.0507686
AC	0.0993412
AG	0.0773156
AT	0.0523188
CA	0.0339103
CC	0.102248
CG	0.017698
CT	0.0569694
GA	0.0231882
GC	0.0726004
GG	0.0511562
GT	0.0363648
TA	0.0297119
TC	0.13829
TG	0.0762821
TT	0.081837
