kmer	count
sequence	0
AA	0.0552161
AC	0.109696
AG	0.0810204
AT	0.0637194
CA	0.0358168
CC	0.086542
CG	0.00787749
CT	0.0582714
GA	0.0241478
GC	0.0637194
GG	0.0386881
GT	0.0386144
TA	0.030332
TC	0.141684
TG	0.0807259
TT	0.0839284
