kmer	count
sequence	0
AA	0.0509628
AC	0.100224
AG	0.078146
AT	0.051142
CA	0.0319749
CC	0.0997761
CG	0.0167936
CT	0.0551724
GA	0.0250784
GC	0.0734438
GG	0.0513659
GT	0.0377071
TA	0.0310345
TC	0.141424
TG	0.0774295
TT	0.0783251
