kmer	count
sequence	0
AA	0.0454139
AC	0.100452
AG	0.0773453
AT	0.045659
CA	0.0320487
CC	0.113796
CG	0.0182572
CT	0.0515955
GA	0.0242257
GC	0.0796794
GG	0.0509134
GT	0.0354166
TA	0.0264532
TC	0.152975
TG	0.07645
TT	0.0693198
