kmer	count
sequence	0
AA	0.036072
AC	0.0687602
AG	0.0519085
AT	0.0420276
CA	0.0951543
CC	0.104697
CG	0.01719
CT	0.0569166
GA	0.0410125
GC	0.0564429
GG	0.0590823
GT	0.0330942
TA	0.0515024
TC	0.125812
TG	0.0986058
TT	0.0617217
