kmer	count
sequence	0
AA	0.0531387
AC	0.0997591
AG	0.0670965
AT	0.0532804
CA	0.0393227
CC	0.105002
CG	0.0170752
CT	0.0492419
GA	0.02579
GC	0.0781494
GG	0.0471872
GT	0.0382599
TA	0.0316707
TC	0.147442
TG	0.0751736
TT	0.0724104
