kmer	count
sequence	0
AA	0.062007
AC	0.0936131
AG	0.10665
AT	0.0373028
CA	0.0442594
CC	0.0879163
CG	0.0121604
CT	0.0413015
GA	0.0313869
GC	0.0524211
GG	0.0559816
GT	0.0239921
TA	0.0443142
TC	0.132066
TG	0.119413
TT	0.0552147
