kmer	count
sequence	0
AA	0.0521113
AC	0.108853
AG	0.0774952
AT	0.0608205
CA	0.0388916
CC	0.0892514
CG	0.0081094
CT	0.0587812
GA	0.0232726
GC	0.0613964
GG	0.0427063
GT	0.0398752
TA	0.0293906
TC	0.14489
TG	0.0803503
TT	0.0838052
