kmer	count
sequence	0
AA	0.051899
AC	0.113867
AG	0.0732953
AT	0.0624861
CA	0.0366106
CC	0.0932109
CG	0.00958762
CT	0.0561561
GA	0.0243577
GC	0.0626712
GG	0.0429407
GT	0.0405716
TA	0.0307618
TC	0.141593
TG	0.0790701
TT	0.080921
