kmer	count
sequence	0
AA	0.0532604
AC	0.105685
AG	0.07531
AT	0.0661488
CA	0.0395709
CC	0.0839139
CG	0.00849937
CT	0.063606
GA	0.0241744
GC	0.0622823
GG	0.0401979
GT	0.043716
TA	0.031176
TC	0.138602
TG	0.07949
TT	0.0843667
