kmer	count
sequence	0
AA	0.0539902
AC	0.107899
AG	0.0819218
AT	0.0625
CA	0.0364821
CC	0.0864414
CG	0.00846906
CT	0.0582655
GA	0.0235342
GC	0.0623371
GG	0.0417752
GT	0.0421824
TA	0.0308632
TC	0.131067
TG	0.0863599
TT	0.0859121
