kmer	count
sequence	0
AA	0.049657
AC	0.105669
AG	0.0803059
AT	0.0546058
CA	0.032561
CC	0.103925
CG	0.0172646
CT	0.0523563
GA	0.0251378
GC	0.0719829
GG	0.0471263
GT	0.0373411
TA	0.0270498
TC	0.142616
TG	0.076763
TT	0.0756383
