kmer	count
sequence	0
AA	0.0492835
AC	0.100503
AG	0.083414
AT	0.0499129
CA	0.030306
CC	0.103505
CG	0.016799
CT	0.052866
GA	0.0216402
GC	0.0800736
GG	0.0523819
GT	0.0371321
TA	0.0288536
TC	0.141605
TG	0.0827847
TT	0.0689388
