kmer	count
sequence	0
AA	0.0468679
AC	0.101128
AG	0.0793324
AT	0.0474013
CA	0.0310928
CC	0.105396
CG	0.0154702
CT	0.0537266
GA	0.023091
GC	0.0734644
GG	0.0493065
GT	0.0345222
TA	0.0298735
TC	0.157141
TG	0.0768176
TT	0.0753696
