kmer	count
sequence	0
AA	0.0559432
AC	0.10503
AG	0.0844002
AT	0.0635884
CA	0.0362235
CC	0.0833687
CG	0.00800922
CT	0.0583096
GA	0.0245131
GC	0.0588557
GG	0.0416844
GT	0.041381
TA	0.0334324
TC	0.134822
TG	0.0846429
TT	0.0857958
