kmer	count
sequence	0
AA	0.0480285
AC	0.0992193
AG	0.0720427
AT	0.0577626
CA	0.0321178
CC	0.114833
CG	0.0144283
CT	0.0620121
GA	0.0232236
GC	0.0807392
GG	0.0480285
GT	0.040419
TA	0.0259413
TC	0.138156
TG	0.0720921
TT	0.0709556
