kmer	count
sequence	0
AA	0.0528309
AC	0.109536
AG	0.082108
AT	0.059963
CA	0.0380382
CC	0.0834727
CG	0.00928943
CT	0.0534472
GA	0.0231575
GC	0.0585102
GG	0.0451264
GT	0.0391389
TA	0.0320067
TC	0.13965
TG	0.090825
TT	0.0829004
