kmer	count
sequence	0
AA	0.0504621
AC	0.11002
AG	0.0731645
AT	0.0562832
CA	0.0418031
CC	0.0947028
CG	0.00942298
CT	0.0584661
GA	0.0236484
GC	0.0602125
GG	0.0438405
GT	0.0399476
TA	0.0318708
TC	0.143637
TG	0.0843338
TT	0.0781853
