kmer	count
sequence	0
AA	0.0494358
AC	0.110026
AG	0.0838542
AT	0.0576823
CA	0.0360677
CC	0.090625
CG	0.00915799
CT	0.0574219
GA	0.0240885
GC	0.0651042
GG	0.0444878
GT	0.0407986
TA	0.0300781
TC	0.14158
TG	0.0830295
TT	0.0765625
