kmer	count
sequence	0
AA	0.0531839
AC	0.109258
AG	0.0765565
AT	0.0614987
CA	0.0397485
CC	0.092172
CG	0.00953154
CT	0.0560231
GA	0.0250456
GC	0.0637295
GG	0.0408639
GT	0.0393429
TA	0.0321436
TC	0.13694
TG	0.0806632
TT	0.0832995
