kmer	count
sequence	0
AA	0.0579
AC	0.110582
AG	0.0744691
AT	0.0639418
CA	0.035335
CC	0.0851337
CG	0.00759795
CT	0.0619736
GA	0.0233889
GC	0.0634841
GG	0.0394544
GT	0.0434822
TA	0.0326803
TC	0.137221
TG	0.0773984
TT	0.0859575
