kmer	count
sequence	0
AA	0.0441997
AC	0.0995094
AG	0.0780589
AT	0.0517507
CA	0.0315506
CC	0.115429
CG	0.0174586
CT	0.0550693
GA	0.022701
GC	0.0789727
GG	0.0495864
GT	0.0372259
TA	0.0257311
TC	0.14496
TG	0.0749808
TT	0.0728165
