kmer	count
sequence	0
AA	0.0535333
AC	0.106826
AG	0.0836716
AT	0.0630634
CA	0.0337852
CC	0.0908278
CG	0.0084635
CT	0.0594509
GA	0.021778
GC	0.065162
GG	0.0415606
GT	0.0406317
TA	0.0283837
TC	0.136861
TG	0.0834308
TT	0.0825707
