kmer	count
sequence	0
AA	0.048398
AC	0.0980075
AG	0.0816505
AT	0.0512251
CA	0.0337911
CC	0.10144
CG	0.0179725
CT	0.0515617
GA	0.0224825
GC	0.0711497
GG	0.0493403
GT	0.0337911
TA	0.0317717
TC	0.150983
TG	0.0805735
TT	0.0758616
