kmer	count
sequence	0
AA	0.0526342
AC	0.106472
AG	0.0835631
AT	0.0587498
CA	0.0370445
CC	0.0839641
CG	0.00957441
CT	0.0550404
GA	0.0232593
GC	0.0599028
GG	0.0420071
GT	0.038448
TA	0.0353902
TC	0.143315
TG	0.0893278
TT	0.0813073
