kmer	count
sequence	0
AA	0.050454
AC	0.10903
AG	0.0872697
AT	0.0563537
CA	0.0337509
CC	0.0897215
CG	0.00911773
CT	0.05689
GA	0.0233307
GC	0.0647818
GG	0.0462399
GT	0.0395357
TA	0.0281577
TC	0.141708
TG	0.0852776
TT	0.0783818
