kmer	count
sequence	0
AA	0.0476932
AC	0.0952891
AG	0.0775745
AT	0.0532412
CA	0.0326066
CC	0.104633
CG	0.0182013
CT	0.0583998
GA	0.0215106
GC	0.0812731
GG	0.0520732
GT	0.0392252
TA	0.0267666
TC	0.136753
TG	0.0815651
TT	0.0731945
