kmer	count
sequence	0
AA	0.0516031
AC	0.0972181
AG	0.0835189
AT	0.0497752
CA	0.0315796
CC	0.101021
CG	0.0169559
CT	0.0512249
GA	0.0235324
GC	0.0698828
GG	0.0517292
GT	0.0359499
TA	0.0312014
TC	0.145922
TG	0.0825524
TT	0.0763332
