kmer	count
sequence	0
AA	0.0525999
AC	0.0975769
AG	0.091988
AT	0.0575699
CA	0.0381146
CC	0.0927308
CG	0.0109834
CT	0.0555005
GA	0.0252918
GC	0.0611956
GG	0.0508313
GT	0.0373895
TA	0.0303856
TC	0.127733
TG	0.0966042
TT	0.0735055
