kmer	count
sequence	0
AA	0.0533557
AC	0.109362
AG	0.0925503
AT	0.0527852
CA	0.0308054
CC	0.0822483
CG	0.00926174
CT	0.0494295
GA	0.0210738
GC	0.0617785
GG	0.0420805
GT	0.0357383
TA	0.0308054
TC	0.153691
TG	0.0922819
TT	0.0827517
