kmer	count
sequence	0
AA	0.0474172
AC	0.0942008
AG	0.0799708
AT	0.0560429
CA	0.0332846
CC	0.10999
CG	0.0177875
CT	0.0629142
GA	0.0237817
GC	0.0765107
GG	0.0513645
GT	0.0403996
TA	0.0258772
TC	0.130604
TG	0.0736355
TT	0.0762183
