kmer	count
sequence	0
AA	0.0516315
AC	0.108478
AG	0.0840247
AT	0.0596508
CA	0.036225
CC	0.0854073
CG	0.00813779
CT	0.0548313
GA	0.0228727
GC	0.0621
GG	0.0470886
GT	0.0384372
TA	0.0278897
TC	0.137908
TG	0.0944142
TT	0.0809038
