kmer	count
sequence	0
AA	0.0500322
AC	0.100548
AG	0.0793745
AT	0.0536866
CA	0.0333727
CC	0.099742
CG	0.0183255
CT	0.0541165
GA	0.0250967
GC	0.0746453
GG	0.0522356
GT	0.0361135
TA	0.028966
TC	0.14037
TG	0.0788371
TT	0.0745378
