kmer	count
sequence	0
AA	0.0450652
AC	0.0980333
AG	0.0805985
AT	0.0561052
CA	0.0308277
CC	0.100989
CG	0.0158663
CT	0.0578547
GA	0.0252172
GC	0.0747466
GG	0.0465734
GT	0.0383687
TA	0.0272683
TC	0.148166
TG	0.0792109
TT	0.0751086
