kmer	count
sequence	0
AA	0.0499922
AC	0.0923651
AG	0.0764267
AT	0.0559011
CA	0.03522
CC	0.108381
CG	0.0181931
CT	0.0620432
GA	0.0245685
GC	0.0749495
GG	0.05007
GT	0.0384855
TA	0.0278339
TC	0.128674
TG	0.0758824
TT	0.0810138
