kmer	count
sequence	0
AA	0.0489017
AC	0.10847
AG	0.0811863
AT	0.0574476
CA	0.0387099
CC	0.0932139
CG	0.00940052
CT	0.0571944
GA	0.0227258
GC	0.0608976
GG	0.0457998
GT	0.0392796
TA	0.0304805
TC	0.139868
TG	0.0901753
TT	0.0762487
