kmer	count
sequence	0
AA	0.0524569
AC	0.108312
AG	0.0899604
AT	0.0609332
CA	0.0324657
CC	0.0815641
CG	0.00843629
CT	0.0538963
GA	0.0213106
GC	0.0644516
GG	0.043181
GT	0.0419415
TA	0.0291472
TC	0.142697
TG	0.0868018
TT	0.0824437
