kmer	count
sequence	0
AA	0.0493322
AC	0.0994927
AG	0.0781654
AT	0.0582876
CA	0.0286779
CC	0.103634
CG	0.0149084
CT	0.0561652
GA	0.0203437
GC	0.074956
GG	0.0516099
GT	0.0424475
TA	0.0267626
TC	0.139145
TG	0.0765607
TT	0.0795113
