kmer	count
sequence	0
AA	0.0357204
AC	0.105759
AG	0.0525399
AT	0.0656643
CA	0.0443425
CC	0.100917
CG	0.00959905
CT	0.0617992
GA	0.0245923
GC	0.0660041
GG	0.0402226
GT	0.0453619
TA	0.0307934
TC	0.147681
TG	0.0835882
TT	0.0854145
