kmer	count
sequence	0
AA	0.0517521
AC	0.100139
AG	0.0867371
AT	0.0535507
CA	0.0291831
CC	0.101416
CG	0.0157229
CT	0.0518682
GA	0.0236134
GC	0.073567
GG	0.0467046
GT	0.0364934
TA	0.0294732
TC	0.147888
TG	0.0759457
TT	0.0759457
