kmer	count
sequence	0
AA	0.0495862
AC	0.0941629
AG	0.0884275
AT	0.05416
CA	0.0320168
CC	0.100044
CG	0.0172789
CT	0.0585886
GA	0.0224336
GC	0.0669377
GG	0.0526354
GT	0.0378975
TA	0.0286046
TC	0.134384
TG	0.082329
TT	0.080514
