kmer	count
sequence	0
AA	0.0457417
AC	0.100778
AG	0.0813388
AT	0.0544891
CA	0.0324383
CC	0.10667
CG	0.0159762
CT	0.0549143
GA	0.0247844
GC	0.0731989
GG	0.0550966
GT	0.0360224
TA	0.0292188
TC	0.132912
TG	0.0825538
TT	0.0738671
