kmer	count
sequence	0
AA	0.05061
AC	0.0955852
AG	0.0801799
AT	0.0568135
CA	0.0322581
CC	0.103184
CG	0.0153019
CT	0.0571237
GA	0.026158
GC	0.0737696
GG	0.0475083
GT	0.0376861
TA	0.0287428
TC	0.140819
TG	0.0768714
TT	0.0773883
