kmer	count
sequence	0
AA	0.0533083
AC	0.106271
AG	0.0796745
AT	0.0591035
CA	0.0445195
CC	0.0873503
CG	0.00967148
CT	0.0517347
GA	0.0259441
GC	0.0588348
GG	0.0464384
GT	0.0361529
TA	0.0351934
TC	0.138663
TG	0.0895379
TT	0.0776021
