kmer	count
sequence	0
AA	0.047551
AC	0.0976451
AG	0.0838501
AT	0.0458789
CA	0.0327458
CC	0.108444
CG	0.0186721
CT	0.0559813
GA	0.0245245
GC	0.078346
GG	0.0531596
GT	0.0369261
TA	0.0256741
TC	0.140528
TG	0.0810632
TT	0.06901
