kmer	count
sequence	0
AA	0.0504593
AC	0.0967661
AG	0.0814773
AT	0.0546747
CA	0.0289417
CC	0.105574
CG	0.0157921
CT	0.0542343
GA	0.0217063
GC	0.0744935
GG	0.050648
GT	0.0397005
TA	0.0304517
TC	0.141122
TG	0.075626
TT	0.0783314
