kmer	count
sequence	0
AA	0.0495149
AC	0.108826
AG	0.0764143
AT	0.064886
CA	0.0357818
CC	0.0917538
CG	0.008095
CT	0.0636576
GA	0.0231196
GC	0.0609487
GG	0.0414514
GT	0.0431838
TA	0.0289467
TC	0.137457
TG	0.0789971
TT	0.0869661
