kmer	count
sequence	0
AA	0.0477264
AC	0.104231
AG	0.0802159
AT	0.0472496
CA	0.0305822
CC	0.112315
CG	0.0182063
CT	0.0492436
GA	0.0213707
GC	0.0811912
GG	0.0500455
GT	0.0332047
TA	0.028263
TC	0.149941
TG	0.0767263
TT	0.0694872
