kmer	count
sequence	0
AA	0.0520335
AC	0.110683
AG	0.0855637
AT	0.0590984
CA	0.0362216
CC	0.086872
CG	0.00863487
CT	0.0556594
GA	0.0231758
GC	0.0619019
GG	0.0433239
GT	0.0392494
TA	0.0296053
TC	0.144475
TG	0.0878439
TT	0.0756579
