kmer	count
sequence	0
AA	0.0473928
AC	0.0886582
AG	0.0831562
AT	0.0547705
CA	0.0320745
CC	0.101913
CG	0.0196324
CT	0.0537702
GA	0.0233212
GC	0.0729023
GG	0.0518319
GT	0.040015
TA	0.0300113
TC	0.140303
TG	0.0830311
TT	0.0772165
