kmer	count
sequence	0
AA	0.0537573
AC	0.111492
AG	0.0793879
AT	0.0601693
CA	0.0343623
CC	0.0900688
CG	0.00879344
CT	0.0562974
GA	0.0230905
GC	0.064791
GG	0.0416652
GT	0.0401129
TA	0.0300318
TC	0.143341
TG	0.0811607
TT	0.0814782
