kmer	count
sequence	0
AA	0.0629566
AC	0.0587129
AG	0.120112
AT	0.0147185
CA	0.0602707
CC	0.111517
CG	0.033251
CT	0.0369037
GA	0.0300817
GC	0.0449076
GG	0.0739686
GT	0.00907821
TA	0.0543618
TC	0.108992
TG	0.144822
TT	0.0353459
