kmer	count
sequence	0
AA	0.0490394
AC	0.0946122
AG	0.0818287
AT	0.0514228
CA	0.0351726
CC	0.0987289
CG	0.018128
CT	0.0543117
GA	0.0243392
GC	0.0684674
GG	0.0566229
GT	0.0386393
TA	0.0338004
TC	0.135852
TG	0.0816842
TT	0.0773509
