kmer	count
sequence	0
AA	0.0518546
AC	0.11371
AG	0.0787716
AT	0.0590012
CA	0.0345406
CC	0.0941778
CG	0.00802105
CT	0.05668
GA	0.0232603
GC	0.0643194
GG	0.0408684
GT	0.040145
TA	0.0297947
TC	0.145015
TG	0.0809896
TT	0.0788511
