kmer	count
sequence	0
AA	0.0222508
AC	0.0692885
AG	0.0409847
AT	0.0368592
CA	0.107162
CC	0.123292
CG	0.0210672
CT	0.053226
GA	0.0442987
GC	0.053226
GG	0.0740565
GT	0.0290139
TA	0.0511294
TC	0.107669
TG	0.123529
TT	0.042946
