kmer	count
sequence	0
AA	0.0492464
AC	0.0942867
AG	0.0801496
AT	0.048078
CA	0.0329478
CC	0.101531
CG	0.0185185
CT	0.0518752
GA	0.0239514
GC	0.0763524
GG	0.0537446
GT	0.0368034
TA	0.0322468
TC	0.141372
TG	0.0818437
TT	0.0770534
