kmer	count
sequence	0
AA	0.0339756
AC	0.0704025
AG	0.0535857
AT	0.03808
CA	0.0804355
CC	0.129404
CG	0.0356858
CT	0.0536997
GA	0.0392772
GC	0.0673811
GG	0.0709155
GT	0.0254247
TA	0.0438947
TC	0.119314
TG	0.0895565
TT	0.0489682
