kmer	count
sequence	0
AA	0.0452657
AC	0.090972
AG	0.0839839
AT	0.0499874
CA	0.0330521
CC	0.109104
CG	0.0198942
CT	0.0547721
GA	0.0214681
GC	0.0758625
GG	0.0537018
GT	0.0367036
TA	0.0258751
TC	0.141715
TG	0.0827248
TT	0.0749182
