kmer	count
sequence	0
AA	0.0536159
AC	0.112669
AG	0.0791301
AT	0.0582012
CA	0.036126
CC	0.0866959
CG	0.00831914
CT	0.0558103
GA	0.0239421
GC	0.061411
GG	0.0404166
GT	0.0409079
TA	0.0320647
TC	0.151513
TG	0.0819141
TT	0.0772632
