kmer	count
sequence	0
AA	0.0474051
AC	0.0972334
AG	0.0878938
AT	0.0495759
CA	0.0305937
CC	0.100313
CG	0.0192851
CT	0.0496769
GA	0.0222132
GC	0.0760804
GG	0.0535137
GT	0.0354402
TA	0.0265044
TC	0.142468
TG	0.0874394
TT	0.0743639
