kmer	count
sequence	0
AA	0.0560173
AC	0.113833
AG	0.0793511
AT	0.0595733
CA	0.0338021
CC	0.0845054
CG	0.00795109
CT	0.0556976
GA	0.0228544
GC	0.0612914
GG	0.0404347
GT	0.041114
TA	0.0294071
TC	0.150551
TG	0.082108
TT	0.0815087
