kmer	count
sequence	0
AA	0.0536311
AC	0.106288
AG	0.0829508
AT	0.0624304
CA	0.0357888
CC	0.0866375
CG	0.00862549
CT	0.0613175
GA	0.0239983
GC	0.0641694
GG	0.044623
GT	0.0389886
TA	0.0306761
TC	0.133243
TG	0.0879243
TT	0.0787076
