kmer	count
sequence	0
AA	0.0522076
AC	0.111129
AG	0.0807203
AT	0.0641734
CA	0.0349104
CC	0.0883422
CG	0.0077798
CT	0.0556433
GA	0.0227075
GC	0.0604218
GG	0.0408341
GT	0.0405181
TA	0.0287497
TC	0.143591
TG	0.0848669
TT	0.0834057
