kmer	count
sequence	0
AA	0.0486066
AC	0.105395
AG	0.0870868
AT	0.0555736
CA	0.0351588
CC	0.0845755
CG	0.0102884
CT	0.059057
GA	0.0245463
GC	0.0596241
GG	0.0482826
GT	0.0423688
TA	0.0279488
TC	0.134721
TG	0.0959981
TT	0.080768
