kmer	count
sequence	0
AA	0.0549034
AC	0.108876
AG	0.0804581
AT	0.0605941
CA	0.0365784
CC	0.0860415
CG	0.00858984
CT	0.0581246
GA	0.0216535
GC	0.0582677
GG	0.0420902
GT	0.0421976
TA	0.0329277
TC	0.138547
TG	0.0848246
TT	0.0853257
