kmer	count
sequence	0
AA	0.0574539
AC	0.106365
AG	0.0803059
AT	0.0603836
CA	0.0310862
CC	0.0899895
CG	0.00863505
CT	0.0528588
GA	0.0239623
GC	0.0605378
GG	0.0423734
GT	0.0387652
TA	0.0305619
TC	0.141522
TG	0.0914698
TT	0.0837291
