kmer	count
sequence	0
AA	0.0502374
AC	0.108492
AG	0.0741862
AT	0.0732228
CA	0.0391921
CC	0.0918725
CG	0.00757002
CT	0.0671667
GA	0.0240864
GC	0.059287
GG	0.0430459
GT	0.047003
TA	0.0295231
TC	0.124389
TG	0.0782809
TT	0.0824444
