kmer	count
sequence	0
AA	0.0453152
AC	0.0992875
AG	0.0725706
AT	0.0599785
CA	0.032226
CC	0.122608
CG	0.0175213
CT	0.0684699
GA	0.0244387
GC	0.0829674
GG	0.0495402
GT	0.0446939
TA	0.0215392
TC	0.126502
TG	0.0622566
TT	0.0700853
