kmer	count
sequence	0
AA	0.0486591
AC	0.0944898
AG	0.0846952
AT	0.0506495
CA	0.0303792
CC	0.107427
CG	0.0169705
CT	0.0549969
GA	0.0239367
GC	0.0777813
GG	0.0554159
GT	0.0372931
TA	0.0272365
TC	0.135449
TG	0.0797193
TT	0.0749005
