kmer	count
sequence	0
AA	0.0482952
AC	0.0956077
AG	0.0877469
AT	0.0545347
CA	0.0316891
CC	0.104304
CG	0.0191117
CT	0.053503
GA	0.0226
GC	0.0749238
GG	0.0532082
GT	0.0378304
TA	0.0300678
TC	0.133242
TG	0.0813108
TT	0.0720252
