kmer	count
sequence	0
AA	0.0488519
AC	0.108094
AG	0.0894948
AT	0.0540184
CA	0.0351894
CC	0.0920781
CG	0.00912744
CT	0.0580941
GA	0.0238806
GC	0.0632032
GG	0.0466705
GT	0.0367968
TA	0.0276693
TC	0.144489
TG	0.0896096
TT	0.0727325
