kmer	count
sequence	0
AA	0.050005
AC	0.1057
AG	0.0819317
AT	0.0645584
CA	0.0372646
CC	0.0870178
CG	0.00861114
CT	0.0612851
GA	0.0223084
GC	0.0587672
GG	0.0443146
GT	0.042401
TA	0.0306677
TC	0.133548
TG	0.0858596
TT	0.0857589
