kmer	count
sequence	0
AA	0.0505045
AC	0.0998879
AG	0.0836306
AT	0.0612068
CA	0.0397513
CC	0.0818469
CG	0.00953012
CT	0.0587606
GA	0.024972
GC	0.0570788
GG	0.0468861
GT	0.0398023
TA	0.0327693
TC	0.138161
TG	0.0921415
TT	0.08307
