kmer	count
sequence	0
AA	0.0531238
AC	0.107724
AG	0.0823271
AT	0.0621473
CA	0.034683
CC	0.0878724
CG	0.00859693
CT	0.0546988
GA	0.0232642
GC	0.0642801
GG	0.0407206
GT	0.0405237
TA	0.0273002
TC	0.140274
TG	0.0865927
TT	0.0858708
