kmer	count
sequence	0
AA	0.0516825
AC	0.101878
AG	0.0829615
AT	0.0593977
CA	0.039459
CC	0.0879346
CG	0.010132
CT	0.0568414
GA	0.0265849
GC	0.0570273
GG	0.0447574
GT	0.0396914
TA	0.0352296
TC	0.139292
TG	0.0864008
TT	0.0807306
