kmer	count
sequence	0
AA	0.0442827
AC	0.100033
AG	0.0774236
AT	0.0429001
CA	0.0345641
CC	0.115769
CG	0.0192339
CT	0.0489183
GA	0.0245608
GC	0.0791314
GG	0.0479831
GT	0.0333848
TA	0.0288712
TC	0.155335
TG	0.0775049
TT	0.0701041
