kmer	count
sequence	0
AA	0.0543561
AC	0.106587
AG	0.0765831
AT	0.0656184
CA	0.0371016
CC	0.0849554
CG	0.00824479
CT	0.0589885
GA	0.021972
GC	0.0618785
GG	0.0441564
GT	0.0436464
TA	0.0316192
TC	0.134552
TG	0.0866978
TT	0.0830429
