kmer	count
sequence	0
AA	0.053307
AC	0.107971
AG	0.0838179
AT	0.0627278
CA	0.037722
CC	0.0850973
CG	0.00856788
CT	0.0586958
GA	0.0225246
GC	0.0623013
GG	0.0449717
GT	0.0420253
TA	0.0301621
TC	0.136931
TG	0.085989
TT	0.0771885
