kmer	count
sequence	0
AA	0.0525964
AC	0.11236
AG	0.0803726
AT	0.0583691
CA	0.0364214
CC	0.0901333
CG	0.00814323
CT	0.0573931
GA	0.0233421
GC	0.0635005
GG	0.0406325
GT	0.0397959
TA	0.0312343
TC	0.144403
TG	0.0806793
TT	0.0806236
