kmer	count
sequence	0
AA	0.0502123
AC	0.11407
AG	0.0770118
AT	0.0588755
CA	0.0357327
CC	0.0929884
CG	0.00888409
CT	0.0605934
GA	0.0234128
GC	0.0684713
GG	0.0404447
GT	0.0419417
TA	0.0284929
TC	0.142145
TG	0.0784352
TT	0.078288
