kmer	count
sequence	0
AA	0.0463352
AC	0.106272
AG	0.0838311
AT	0.0580804
CA	0.0390297
CC	0.0931143
CG	0.0114627
CT	0.0652648
GA	0.0249435
GC	0.0655473
GG	0.0476671
GT	0.043187
TA	0.0262754
TC	0.12839
TG	0.0847594
TT	0.0758395
