kmer	count
sequence	0
AA	0.0548288
AC	0.105771
AG	0.0884956
AT	0.0595614
CA	0.0351289
CC	0.0823394
CG	0.00919584
CT	0.0564063
GA	0.0240092
GC	0.0612159
GG	0.0453636
GT	0.0399
TA	0.0302039
TC	0.137976
TG	0.0860331
TT	0.0835706
