kmer	count
sequence	0
AA	0.0510291
AC	0.0974106
AG	0.0843688
AT	0.0517405
CA	0.0314427
CC	0.108508
CG	0.0175472
CT	0.0530684
GA	0.0230485
GC	0.07256
GG	0.0532581
GT	0.0350944
TA	0.026795
TC	0.146116
TG	0.078251
TT	0.0697619
