kmer	count
sequence	0
AA	0.0546355
AC	0.103395
AG	0.0868341
AT	0.0585207
CA	0.0384148
CC	0.0812977
CG	0.00961585
CT	0.0575008
GA	0.0221456
GC	0.0621631
GG	0.0447768
GT	0.0386091
TA	0.0297217
TC	0.140984
TG	0.0899908
TT	0.0813948
