kmer	count
sequence	0
AA	0.0523733
AC	0.10871
AG	0.0849769
AT	0.0621874
CA	0.0353874
CC	0.0843635
CG	0.00910635
CT	0.0547797
GA	0.0225536
GC	0.0618099
GG	0.0427008
GT	0.0410494
TA	0.030386
TC	0.143342
TG	0.0870058
TT	0.0792677
