kmer	count
sequence	0
AA	0.0495095
AC	0.115956
AG	0.0764102
AT	0.0575823
CA	0.0346158
CC	0.0948038
CG	0.00843041
CT	0.0552831
GA	0.0233497
GC	0.0678776
GG	0.0428163
GT	0.0393419
TA	0.0282036
TC	0.150317
TG	0.0770233
TT	0.0784795
