kmer	count
sequence	0
AA	0.0468308
AC	0.097747
AG	0.0778658
AT	0.0503818
CA	0.0324042
CC	0.110114
CG	0.0173431
CT	0.0526861
GA	0.0234098
GC	0.0751609
GG	0.0501481
GT	0.0361333
TA	0.0292985
TC	0.148518
TG	0.0785003
TT	0.0734577
