kmer	count
sequence	0
AA	0.0523819
AC	0.109095
AG	0.0840895
AT	0.0604764
CA	0.0341823
CC	0.0826459
CG	0.00814601
CT	0.0559909
GA	0.0236647
GC	0.0606826
GG	0.0421221
GT	0.0373273
TA	0.0332027
TC	0.146009
TG	0.0886265
TT	0.081357
