kmer	count
sequence	0
AA	0.0518347
AC	0.102387
AG	0.0803906
AT	0.0543007
CA	0.0310712
CC	0.104705
CG	0.01667
CT	0.0508483
GA	0.0215526
GC	0.0776287
GG	0.0474946
GT	0.0358059
TA	0.0283587
TC	0.14707
TG	0.0752614
TT	0.0746202
