kmer	count
sequence	0
AA	0.0534907
AC	0.103759
AG	0.0829566
AT	0.0588482
CA	0.0359116
CC	0.0885234
CG	0.00887326
CT	0.0603549
GA	0.0241085
GC	0.0592248
GG	0.0429432
GT	0.0402227
TA	0.0307634
TC	0.140172
TG	0.0861795
TT	0.0836682
