kmer	count
sequence	0
AA	0.0500191
AC	0.107653
AG	0.0828661
AT	0.0554352
CA	0.0410985
CC	0.0932522
CG	0.00920734
CT	0.0578246
GA	0.0254237
GC	0.0623487
GG	0.0458455
GT	0.0404932
TA	0.0306805
TC	0.138142
TG	0.086052
TT	0.0736587
