kmer	count
sequence	0
AA	0.0491813
AC	0.0969882
AG	0.0779849
AT	0.0525278
CA	0.036393
CC	0.097287
CG	0.014103
CT	0.0574877
GA	0.0256364
GC	0.074997
GG	0.050496
GT	0.0359747
TA	0.0324489
TC	0.142225
TG	0.0770288
TT	0.0792399
