kmer	count
sequence	0
AA	0.0510038
AC	0.100702
AG	0.0839726
AT	0.0557369
CA	0.0297046
CC	0.100457
CG	0.0168108
CT	0.054268
GA	0.024237
GC	0.0715685
GG	0.0496981
GT	0.0398237
TA	0.0260323
TC	0.140281
TG	0.0806267
TT	0.0750775
