kmer	count
sequence	0
AA	0.0464528
AC	0.101968
AG	0.0805372
AT	0.0474733
CA	0.02739
CC	0.111274
CG	0.0173892
CT	0.0542085
GA	0.0224508
GC	0.0814352
GG	0.0496775
GT	0.0351457
TA	0.0253082
TC	0.15038
TG	0.0767001
TT	0.07221
