kmer	count
sequence	0
AA	0.0445825
AC	0.0966863
AG	0.0709614
AT	0.0491062
CA	0.0376608
CC	0.110911
CG	0.0177131
CT	0.0564639
GA	0.0258884
GC	0.0806082
GG	0.0503597
GT	0.0380423
TA	0.029104
TC	0.143776
TG	0.074613
TT	0.073523
