kmer	count
sequence	0
AA	0.04928
AC	0.106373
AG	0.0711878
AT	0.0539781
CA	0.0366153
CC	0.115259
CG	0.0154734
CT	0.0582167
GA	0.0249208
GC	0.0801246
GG	0.0468287
GT	0.0410581
TA	0.0282913
TC	0.132979
TG	0.0690941
TT	0.0703197
