kmer	count
sequence	0
AA	0.0475717
AC	0.092204
AG	0.0836574
AT	0.0525007
CA	0.0306141
CC	0.106765
CG	0.0176359
CT	0.0587863
GA	0.0224292
GC	0.0755178
GG	0.0531338
GT	0.0373519
TA	0.0260468
TC	0.13756
TG	0.0816225
TT	0.0766031
