kmer	count
sequence	0
AA	0.0519446
AC	0.0982419
AG	0.0824188
AT	0.050666
CA	0.0332445
CC	0.105754
CG	0.0173681
CT	0.0528503
GA	0.0241875
GC	0.0751731
GG	0.0501332
GT	0.0362813
TA	0.0314331
TC	0.142248
TG	0.0758125
TT	0.0722429
