kmer	count
sequence	0
AA	0.0514553
AC	0.112786
AG	0.0803015
AT	0.0578547
CA	0.0369673
CC	0.097973
CG	0.00860837
CT	0.0553209
GA	0.0243633
GC	0.0631172
GG	0.0433017
GT	0.0403131
TA	0.030113
TC	0.136305
TG	0.0833875
TT	0.0778326
