kmer	count
sequence	0
AA	0.0473217
AC	0.100148
AG	0.0762406
AT	0.0514295
CA	0.0289188
CC	0.112143
CG	0.0186494
CT	0.0571804
GA	0.0215248
GC	0.0796911
GG	0.0476503
GT	0.0385311
TA	0.0240716
TC	0.149113
TG	0.075419
TT	0.0719685
