kmer	count
sequence	0
AA	0.0500416
AC	0.0927363
AG	0.089964
AT	0.0555864
CA	0.0261991
CC	0.106321
CG	0.018575
CT	0.0540615
GA	0.0238425
GC	0.0688938
GG	0.0550319
GT	0.042972
TA	0.0260604
TC	0.127668
TG	0.0827558
TT	0.0792903
