kmer	count
sequence	0
AA	0.0577359
AC	0.107269
AG	0.0829783
AT	0.0656666
CA	0.0327653
CC	0.0856068
CG	0.00747757
CT	0.0554246
GA	0.0240642
GC	0.057328
GG	0.0430527
GT	0.0386114
TA	0.0314964
TC	0.140488
TG	0.0847004
TT	0.0853349
