kmer	count
sequence	0
AA	0.0548835
AC	0.102883
AG	0.0792047
AT	0.0515378
CA	0.0290825
CC	0.0992794
CG	0.0164072
CT	0.0505083
GA	0.0233561
GC	0.0731566
GG	0.0502509
GT	0.0364174
TA	0.0292112
TC	0.145026
TG	0.0817784
TT	0.0770171
