kmer	count
sequence	0
AA	0.0485017
AC	0.0969488
AG	0.0872703
AT	0.0506343
CA	0.0317695
CC	0.0980971
CG	0.0183727
CT	0.0555556
GA	0.0206146
GC	0.0700459
GG	0.0551181
GT	0.0342301
TA	0.0302384
TC	0.141678
TG	0.0822944
TT	0.0786308
