kmer	count
sequence	0
AA	0.0452
AC	0.10154
AG	0.0839263
AT	0.0468914
CA	0.0246705
CC	0.10708
CG	0.0186632
CT	0.0557564
GA	0.0202963
GC	0.0780357
GG	0.0519655
GT	0.0352852
TA	0.0261869
TC	0.151114
TG	0.0840429
TT	0.0693456
