kmer	count
sequence	0
AA	0.0444102
AC	0.100849
AG	0.0794424
AT	0.0497691
CA	0.0324953
CC	0.121487
CG	0.0176444
CT	0.0574369
GA	0.0242004
GC	0.0844023
GG	0.05547
GT	0.0384528
TA	0.0240009
TC	0.135141
TG	0.073314
TT	0.0614845
