kmer	count
sequence	0
AA	0.0562904
AC	0.110133
AG	0.0773848
AT	0.069489
CA	0.0350213
CC	0.0898258
CG	0.00798322
CT	0.062642
GA	0.0254647
GC	0.0641571
GG	0.0412563
GT	0.0451605
TA	0.02832
TC	0.129771
TG	0.075928
TT	0.0811724
