kmer	count
sequence	0
AA	0.0492467
AC	0.107141
AG	0.0881698
AT	0.0555022
CA	0.0378396
CC	0.0962038
CG	0.00981254
CT	0.0560541
GA	0.0235297
GC	0.0655396
GG	0.0505755
GT	0.0377578
TA	0.0254308
TC	0.133778
TG	0.0903776
TT	0.0730421
