kmer	count
sequence	0
AA	0.054795
AC	0.110446
AG	0.0796412
AT	0.0621474
CA	0.0369525
CC	0.0878177
CG	0.00903214
CT	0.0560626
GA	0.0247829
GC	0.0616404
GG	0.0401217
GT	0.0389174
TA	0.0327058
TC	0.141218
TG	0.0807188
TT	0.0830006
