kmer	count
sequence	0
AA	0.0516629
AC	0.0949817
AG	0.0817256
AT	0.0509528
CA	0.0316014
CC	0.10664
CG	0.0179903
CT	0.0543851
GA	0.0229021
GC	0.0703634
GG	0.0514262
GT	0.0375784
TA	0.0301811
TC	0.143035
TG	0.0769322
TT	0.0776423
