kmer	count
sequence	0
AA	0.051209
AC	0.0948952
AG	0.0896292
AT	0.0475013
CA	0.0296077
CC	0.099194
CG	0.0172488
CT	0.0535733
GA	0.0227834
GC	0.0744224
GG	0.0550779
GT	0.0350887
TA	0.0297152
TC	0.142988
TG	0.0868888
TT	0.0701773
