kmer	count
sequence	0
AA	0.0465715
AC	0.0976107
AG	0.0820707
AT	0.053176
CA	0.0316142
CC	0.108537
CG	0.0173854
CT	0.0538073
GA	0.0222416
GC	0.075709
GG	0.0534188
GT	0.03885
TA	0.0268551
TC	0.136218
TG	0.080371
TT	0.0755633
