kmer	count
sequence	0
AA	0.0517767
AC	0.107429
AG	0.0863961
AT	0.0614875
CA	0.0367532
CC	0.0921878
CG	0.00801254
CT	0.0590054
GA	0.0230361
GC	0.0627939
GG	0.0446351
GT	0.0410207
TA	0.0298293
TC	0.134907
TG	0.0840881
TT	0.0766417
