kmer	count
sequence	0
AA	0.0464586
AC	0.0998083
AG	0.0804126
AT	0.0496532
CA	0.033452
CC	0.112176
CG	0.0185287
CT	0.0577766
GA	0.0234118
GC	0.0761227
GG	0.0517525
GT	0.0378788
TA	0.024644
TC	0.143027
TG	0.0748448
TT	0.0700529
