kmer	count
sequence	0
AA	0.0575977
AC	0.105038
AG	0.0813382
AT	0.0634422
CA	0.0349456
CC	0.0838372
CG	0.00814188
CT	0.0602983
GA	0.0226119
GC	0.0619105
GG	0.0405885
GT	0.0439339
TA	0.0326884
TC	0.137042
TG	0.0810157
TT	0.0855703
