kmer	count
sequence	0
AA	0.0513696
AC	0.102276
AG	0.083523
AT	0.0578592
CA	0.0367467
CC	0.0870206
CG	0.00830173
CT	0.0608512
GA	0.0219975
GC	0.0597977
GG	0.04193
GT	0.0402866
TA	0.0292035
TC	0.147577
TG	0.0867678
TT	0.0844922
