kmer	count
sequence	0
AA	0.0514069
AC	0.0952381
AG	0.0836039
AT	0.0526515
CA	0.030303
CC	0.0987554
CG	0.0194805
CT	0.0559524
GA	0.0220238
GC	0.0752706
GG	0.0507576
GT	0.0373918
TA	0.0285173
TC	0.142695
TG	0.0796537
TT	0.0762987
