kmer	count
sequence	0
AA	0.0495878
AC	0.0994977
AG	0.0785677
AT	0.0542246
CA	0.0305255
CC	0.10246
CG	0.0162287
CT	0.0551262
GA	0.0215095
GC	0.0752834
GG	0.049137
GT	0.0383823
TA	0.0274343
TC	0.142839
TG	0.0835265
TT	0.0756698
