kmer	count
sequence	0
AA	0.0565808
AC	0.10672
AG	0.0830867
AT	0.0594098
CA	0.0406511
CC	0.0888318
CG	0.0104892
CT	0.0550139
GA	0.024765
GC	0.0610202
GG	0.0449164
GT	0.0426532
TA	0.0309018
TC	0.133487
TG	0.083609
TT	0.0778639
