kmer	count
sequence	0
AA	0.0560953
AC	0.107628
AG	0.0844152
AT	0.0608054
CA	0.0367835
CC	0.0834437
CG	0.00886102
CT	0.0535488
GA	0.0228002
GC	0.0601136
GG	0.0428185
GT	0.0382113
TA	0.0318526
TC	0.141585
TG	0.0868144
TT	0.0842239
