kmer	count
sequence	0
AA	0.0534928
AC	0.0972263
AG	0.0783681
AT	0.0538597
CA	0.0296448
CC	0.103317
CG	0.0165835
CT	0.0537129
GA	0.0224538
GC	0.0697094
GG	0.0507778
GT	0.0342677
TA	0.0273701
TC	0.147344
TG	0.0802025
TT	0.0816701
