kmer	count
sequence	0
AA	0.0474992
AC	0.0973634
AG	0.0846332
AT	0.052229
CA	0.0352219
CC	0.102898
CG	0.0176109
CT	0.0545436
GA	0.0250579
GC	0.0758277
GG	0.0543424
GT	0.0348697
TA	0.0273221
TC	0.134246
TG	0.0827211
TT	0.0736138
