kmer	count
sequence	0
AA	0.0464506
AC	0.0987218
AG	0.078578
AT	0.0502168
CA	0.0322415
CC	0.0954691
CG	0.0195161
CT	0.0554097
GA	0.0212851
GC	0.0754394
GG	0.0498745
GT	0.0380621
TA	0.0275622
TC	0.151507
TG	0.0815453
TT	0.0781214
