kmer	count
sequence	0
AA	0.0519554
AC	0.11095
AG	0.079356
AT	0.0604926
CA	0.0372525
CC	0.0915377
CG	0.00823764
CT	0.0563655
GA	0.023806
GC	0.0630637
GG	0.0426777
GT	0.0387835
TA	0.0297887
TC	0.143235
TG	0.082468
TT	0.08003
