kmer	count
sequence	0
AA	0.0469441
AC	0.0988986
AG	0.0840029
AT	0.0465379
CA	0.0279859
CC	0.105444
CG	0.0174235
CT	0.0492913
GA	0.0213505
GC	0.0812043
GG	0.0486594
GT	0.0326352
TA	0.0287081
TC	0.154464
TG	0.0817008
TT	0.0747495
