kmer	count
sequence	0
AA	0.0543347
AC	0.101258
AG	0.0852723
AT	0.063728
CA	0.0352034
CC	0.0835488
CG	0.00866081
CT	0.0550672
GA	0.0249052
GC	0.0589452
GG	0.0477852
GT	0.0403309
TA	0.0333506
TC	0.138056
TG	0.087082
TT	0.0824716
