kmer	count
sequence	0
AA	0.0507147
AC	0.0962264
AG	0.076215
AT	0.0531732
CA	0.0314465
CC	0.105546
CG	0.0178959
CT	0.0554603
GA	0.0225843
GC	0.073928
GG	0.0481418
GT	0.0350486
TA	0.030303
TC	0.143854
TG	0.0789022
TT	0.0805603
