kmer	count
sequence	0
AA	0.0553463
AC	0.111231
AG	0.0800144
AT	0.0644062
CA	0.0362397
CC	0.084948
CG	0.00780409
CT	0.0601902
GA	0.0222461
GC	0.0618048
GG	0.0455687
GT	0.0418012
TA	0.0290635
TC	0.128992
TG	0.0806423
TT	0.0897022
