kmer	count
sequence	0
AA	0.0491194
AC	0.0958904
AG	0.0855838
AT	0.0519896
CA	0.0302674
CC	0.10561
CG	0.0180039
CT	0.0532942
GA	0.025636
GC	0.0714286
GG	0.053229
GT	0.0377038
TA	0.0277234
TC	0.136399
TG	0.0825832
TT	0.0755382
