kmer	count
sequence	0
AA	0.0505486
AC	0.0988767
AG	0.0747126
AT	0.0566876
CA	0.0337644
CC	0.107106
CG	0.0154781
CT	0.058255
GA	0.0237722
GC	0.0763454
GG	0.0447362
GT	0.0361155
TA	0.0292581
TC	0.145376
TG	0.0732106
TT	0.0757576
