kmer	count
sequence	0
AA	0.0488911
AC	0.109476
AG	0.083619
AT	0.0582157
CA	0.034375
CC	0.0947581
CG	0.00917339
CT	0.058619
GA	0.0204133
GC	0.0672883
GG	0.0451613
GT	0.0386089
TA	0.0274194
TC	0.140272
TG	0.0858367
TT	0.077873
