kmer	count
sequence	0
AA	0.0536025
AC	0.110146
AG	0.0867531
AT	0.0616228
CA	0.0351557
CC	0.0876888
CG	0.00802032
CT	0.0622911
GA	0.0234594
GC	0.0652319
GG	0.0397006
GT	0.0423072
TA	0.0278706
TC	0.133204
TG	0.0834113
TT	0.0795348
