kmer	count
sequence	0
AA	0.0527034
AC	0.102081
AG	0.0869862
AT	0.0570953
CA	0.0379072
CC	0.0859628
CG	0.0104469
CT	0.0543237
GA	0.0249872
GC	0.0583319
GG	0.04635
GT	0.0370544
TA	0.0314259
TC	0.140585
TG	0.0896725
TT	0.0840866
