kmer	count
sequence	0
AA	0.0507705
AC	0.107835
AG	0.074115
AT	0.0646933
CA	0.037191
CC	0.088343
CG	0.00816295
CT	0.058018
GA	0.0247177
GC	0.0625954
GG	0.0357797
GT	0.0415014
TA	0.0336817
TC	0.149451
TG	0.0771285
TT	0.0860162
