kmer	count
sequence	0
AA	0.0550844
AC	0.105928
AG	0.0842878
AT	0.0589315
CA	0.0371601
CC	0.0872169
CG	0.00948675
CT	0.0594124
GA	0.0247443
GC	0.0616858
GG	0.0434992
GT	0.0361546
TA	0.0308647
TC	0.13946
TG	0.0857305
TT	0.0803532
