kmer	count
sequence	0
AA	0.0550294
AC	0.109879
AG	0.0853015
AT	0.0604244
CA	0.0348879
CC	0.083743
CG	0.00947129
CT	0.0580866
GA	0.0236183
GC	0.0597051
GG	0.0462774
GT	0.0410622
TA	0.0290133
TC	0.136015
TG	0.0863805
TT	0.0811054
