kmer	count
sequence	0
AA	0.0531461
AC	0.106724
AG	0.0769636
AT	0.0626348
CA	0.0369962
CC	0.0914362
CG	0.00843437
CT	0.0586093
GA	0.0254469
GC	0.063737
GG	0.0414051
GT	0.0407342
TA	0.031581
TC	0.13725
TG	0.0807495
TT	0.084152
