kmer	count
sequence	0
AA	0.0490249
AC	0.0981934
AG	0.0812772
AT	0.0562439
CA	0.0316237
CC	0.103796
CG	0.0168983
CT	0.0569623
GA	0.0228962
GC	0.0715261
GG	0.0480911
GT	0.037891
TA	0.0277628
TC	0.141795
TG	0.0783141
TT	0.0777036
