kmer	count
sequence	0
AA	0.0563467
AC	0.102424
AG	0.0727783
AT	0.0555936
CA	0.029303
CC	0.0983158
CG	0.0142407
CT	0.0560044
GA	0.0212926
GC	0.0770916
GG	0.0464193
GT	0.0375188
TA	0.0291661
TC	0.151513
TG	0.0707244
TT	0.081268
