kmer	count
sequence	0
AA	0.0504852
AC	0.113451
AG	0.0761228
AT	0.0586098
CA	0.034552
CC	0.0911758
CG	0.00828255
CT	0.0559919
GA	0.0225683
GC	0.0674566
GG	0.041142
GT	0.0383435
TA	0.0311668
TC	0.151253
TG	0.0787858
TT	0.0806139
