kmer	count
sequence	0
AA	0.049194
AC	0.108726
AG	0.0880936
AT	0.0609339
CA	0.0326354
CC	0.0836254
CG	0.00919923
CT	0.0577799
GA	0.0215087
GC	0.0596636
GG	0.0461714
GT	0.040389
TA	0.0308831
TC	0.143289
TG	0.0861661
TT	0.0817417
