kmer	count
sequence	0
AA	0.0522469
AC	0.108796
AG	0.081273
AT	0.0579268
CA	0.0379218
CC	0.0865352
CG	0.00885399
CT	0.0567992
GA	0.0228867
GC	0.0605997
GG	0.0418059
GT	0.0404277
TA	0.0293184
TC	0.146174
TG	0.082693
TT	0.0857417
