kmer	count
sequence	0
AA	0.0468655
AC	0.094403
AG	0.0777832
AT	0.051998
CA	0.0309789
CC	0.111084
CG	0.0152756
CT	0.0538922
GA	0.0228523
GC	0.0797385
GG	0.0503483
GT	0.0386166
TA	0.0276182
TC	0.14689
TG	0.0766834
TT	0.0749725
