kmer	count
sequence	0
AA	0.0523634
AC	0.111692
AG	0.0795006
AT	0.0635537
CA	0.0315327
CC	0.0932815
CG	0.00783539
CT	0.0592857
GA	0.0223383
GC	0.0655073
GG	0.0397291
GT	0.0410668
TA	0.0269036
TC	0.141993
TG	0.0769737
TT	0.0864441
