kmer	count
sequence	0
AA	0.057281
AC	0.106746
AG	0.0853558
AT	0.0587207
CA	0.0368675
CC	0.0883896
CG	0.00812423
CT	0.0569724
GA	0.0255039
GC	0.0588749
GG	0.0422666
GT	0.0409297
TA	0.0306972
TC	0.133998
TG	0.0886981
TT	0.0805738
