kmer	count
sequence	0
AA	0.0502973
AC	0.107174
AG	0.0835513
AT	0.0641696
CA	0.0335711
CC	0.0841459
CG	0.00804598
CT	0.0606817
GA	0.0219184
GC	0.0597701
GG	0.0438367
GT	0.0399128
TA	0.0295283
TC	0.138605
TG	0.0875545
TT	0.0872374
