kmer	count
sequence	0
AA	0.0466838
AC	0.103885
AG	0.0761966
AT	0.0508156
CA	0.0321958
CC	0.108231
CG	0.0170637
CT	0.0559669
GA	0.0224297
GC	0.0778064
GG	0.0497424
GT	0.03783
TA	0.0240395
TC	0.149818
TG	0.0729234
TT	0.0743722
