kmer	count
sequence	0
AA	0.0533789
AC	0.105073
AG	0.0729207
AT	0.0584328
CA	0.0438487
CC	0.0861571
CG	0.00856758
CT	0.0538121
GA	0.0270504
GC	0.0631979
GG	0.0433673
GT	0.0358106
TA	0.038169
TC	0.148826
TG	0.0836061
TT	0.0777821
