kmer	count
sequence	0
AA	0.0548139
AC	0.111777
AG	0.0773978
AT	0.0620371
CA	0.0387218
CC	0.0877297
CG	0.00758892
CT	0.058837
GA	0.0239554
GC	0.0598427
GG	0.0417391
GT	0.0395904
TA	0.0307671
TC	0.141081
TG	0.0793179
TT	0.0848039
