kmer	count
sequence	0
AA	0.046545
AC	0.0955346
AG	0.0798566
AT	0.0486962
CA	0.0320078
CC	0.109778
CG	0.0187744
CT	0.052249
GA	0.0220991
GC	0.0766297
GG	0.0520535
GT	0.0351695
TA	0.0270535
TC	0.151597
TG	0.0791069
TT	0.0728488
