kmer	count
sequence	0
AA	0.0521186
AC	0.108243
AG	0.0825968
AT	0.0596349
CA	0.0377468
CC	0.0853225
CG	0.00825968
CT	0.0562485
GA	0.0235814
GC	0.0592632
GG	0.0432394
GT	0.0390683
TA	0.0323367
TC	0.142686
TG	0.0881308
TT	0.0815231
