kmer	count
sequence	0
AA	0.0492238
AC	0.0979743
AG	0.0804146
AT	0.0525369
CA	0.0317115
CC	0.100577
CG	0.0180803
CT	0.0573173
GA	0.0234286
GC	0.0723211
GG	0.0532942
GT	0.0382904
TA	0.0283983
TC	0.141566
TG	0.0777168
TT	0.0771488
