kmer	count
sequence	0
AA	0.0540608
AC	0.108371
AG	0.0834579
AT	0.0598263
CA	0.0342017
CC	0.0897929
CG	0.00871948
CT	0.0553776
GA	0.0242722
GC	0.0609296
GG	0.0437754
GT	0.0406435
TA	0.0298598
TC	0.138978
TG	0.085273
TT	0.0824614
