kmer	count
sequence	0
AA	0.0491829
AC	0.102027
AG	0.0845183
AT	0.0499257
CA	0.0301358
CC	0.104361
CG	0.0175085
CT	0.0516766
GA	0.0207449
GC	0.0762946
GG	0.0531091
GT	0.0369801
TA	0.0266341
TC	0.141766
TG	0.082396
TT	0.0727398
