kmer	count
sequence	0
AA	0.0501592
AC	0.0995223
AG	0.0811604
AT	0.0497114
CA	0.0317974
CC	0.104548
CG	0.0164212
CT	0.0528961
GA	0.0230892
GC	0.0771298
GG	0.0530951
GT	0.0386146
TA	0.0286127
TC	0.144407
TG	0.0767814
TT	0.0720541
