kmer	count
sequence	0
AA	0.0484364
AC	0.0973613
AG	0.0750061
AT	0.0511849
CA	0.034388
CC	0.105302
CG	0.0200953
CT	0.0552773
GA	0.0249206
GC	0.0793428
GG	0.0534449
GT	0.0359761
TA	0.0278524
TC	0.143538
TG	0.0730516
TT	0.0748229
