kmer	count
sequence	0
AA	0.0509621
AC	0.108566
AG	0.0713842
AT	0.0532588
CA	0.0291124
CC	0.102048
CG	0.0152079
CT	0.0513346
GA	0.0248293
GC	0.0774053
GG	0.0432651
GT	0.0353197
TA	0.033023
TC	0.156611
TG	0.0715084
TT	0.0761639
