kmer	count
sequence	0
AA	0.0468155
AC	0.0976116
AG	0.0829007
AT	0.049974
CA	0.0332728
CC	0.109034
CG	0.0176964
CT	0.0514019
GA	0.0239702
GC	0.0755019
GG	0.0536951
GT	0.0363015
TA	0.0264365
TC	0.143865
TG	0.0804777
TT	0.0710453
