kmer	count
sequence	0
AA	0.0559813
AC	0.104555
AG	0.085398
AT	0.0643252
CA	0.0333333
CC	0.084504
CG	0.00808855
CT	0.0546616
GA	0.0235845
GC	0.0613027
GG	0.0433802
GT	0.0389527
TA	0.0313751
TC	0.138655
TG	0.0846318
TT	0.0872712
