kmer	count
sequence	0
AA	0.050306
AC	0.104916
AG	0.0788542
AT	0.0633129
CA	0.0372035
CC	0.087653
CG	0.00889441
CT	0.0607785
GA	0.0223795
GC	0.060635
GG	0.0405509
GT	0.0415551
TA	0.032039
TC	0.13992
TG	0.0852621
TT	0.0857402
