kmer	count
sequence	0
AA	0.052442
AC	0.0987277
AG	0.0769301
AT	0.0655981
CA	0.0375986
CC	0.0896074
CG	0.00918875
CT	0.0781157
GA	0.0276802
GC	0.0634548
GG	0.0453281
GT	0.0502987
TA	0.0285923
TC	0.119317
TG	0.0769757
TT	0.080145
