kmer	count
sequence	0
AA	0.0443096
AC	0.0932592
AG	0.0814297
AT	0.0510402
CA	0.0321742
CC	0.108454
CG	0.0219254
CT	0.0597083
GA	0.0248317
GC	0.0798491
GG	0.0585866
GT	0.0392617
TA	0.0252396
TC	0.134408
TG	0.0741893
TT	0.0713339
