kmer	count
sequence	0
AA	0.0483519
AC	0.109566
AG	0.0876352
AT	0.0556767
CA	0.0349669
CC	0.0957883
CG	0.00937391
CT	0.0588158
GA	0.0212766
GC	0.0680589
GG	0.0458668
GT	0.0408964
TA	0.0270317
TC	0.136205
TG	0.0841036
TT	0.0763865
