kmer	count
sequence	0
AA	0.0539697
AC	0.110883
AG	0.0826048
AT	0.0628011
CA	0.0344781
CC	0.0901873
CG	0.00695807
CT	0.059322
GA	0.0243533
GC	0.0624442
GG	0.0425959
GT	0.0443354
TA	0.0279661
TC	0.133229
TG	0.0840767
TT	0.0797948
