kmer	count
sequence	0
AA	0.0496661
AC	0.099296
AG	0.0837814
AT	0.0503653
CA	0.0297755
CC	0.101128
CG	0.0170818
CT	0.053174
GA	0.0225908
GC	0.0759095
GG	0.0507028
GT	0.0370687
TA	0.0274731
TC	0.145309
TG	0.0811775
TT	0.0754997
