kmer	count
sequence	0
AA	0.0530465
AC	0.105397
AG	0.0855977
AT	0.0569415
CA	0.035658
CC	0.0876843
CG	0.00913475
CT	0.0561996
GA	0.0234165
GC	0.0592136
GG	0.0459983
GT	0.037791
TA	0.0308356
TC	0.141983
TG	0.0884726
TT	0.0826301
