kmer	count
sequence	0
AA	0.0486926
AC	0.0988653
AG	0.0820918
AT	0.0512087
CA	0.0296497
CC	0.104095
CG	0.0180562
CT	0.0540207
GA	0.022151
GC	0.0767637
GG	0.0544647
GT	0.0344845
TA	0.0269857
TC	0.148249
TG	0.077257
TT	0.072965
