kmer	count
sequence	0
AA	0.0488516
AC	0.105541
AG	0.0756015
AT	0.051358
CA	0.027479
CC	0.115886
CG	0.0156763
CT	0.0512669
GA	0.0234688
GC	0.0823915
GG	0.0491706
GT	0.037459
TA	0.0244258
TC	0.153573
TG	0.0673988
TT	0.0704521
