kmer	count
sequence	0
AA	0.0451234
AC	0.101755
AG	0.0817602
AT	0.0537755
CA	0.0293095
CC	0.109828
CG	0.0195811
CT	0.0551416
GA	0.0215681
GC	0.0781586
GG	0.0524921
GT	0.0376304
TA	0.0254595
TC	0.138102
TG	0.0797317
TT	0.0705829
