kmer	count
sequence	0
AA	0.0527569
AC	0.0966165
AG	0.0884085
AT	0.0498747
CA	0.0286967
CC	0.100501
CG	0.0185464
CT	0.0525689
GA	0.0223058
GC	0.0721178
GG	0.0529449
GT	0.0340852
TA	0.0278195
TC	0.151378
TG	0.0764411
TT	0.0749373
