kmer	count
sequence	0
AA	0.0586084
AC	0.106105
AG	0.0852401
AT	0.0615623
CA	0.0371343
CC	0.0798012
CG	0.00904914
CT	0.0549981
GA	0.0279914
GC	0.0603901
GG	0.0454801
GT	0.0432764
TA	0.0314141
TC	0.128938
TG	0.0915229
TT	0.0784884
