kmer	count
sequence	0
AA	0.0562828
AC	0.103039
AG	0.0798069
AT	0.0639946
CA	0.0387532
CC	0.0831767
CG	0.00816538
CT	0.0571577
GA	0.0231352
GC	0.0603331
GG	0.0400817
GT	0.0422526
TA	0.0324995
TC	0.14001
TG	0.0860281
TT	0.0852829
