kmer	count
sequence	0
AA	0.0499705
AC	0.114498
AG	0.0791915
AT	0.0577717
CA	0.0340196
CC	0.0933998
CG	0.00868586
CT	0.0548496
GA	0.0240738
GC	0.0676639
GG	0.0424642
GT	0.0373438
TA	0.0301324
TC	0.149965
TG	0.0800225
TT	0.0759477
