kmer	count
sequence	0
AA	0.0476478
AC	0.0958399
AG	0.0821139
AT	0.048313
CA	0.0314427
CC	0.10491
CG	0.0180796
CT	0.0524852
GA	0.022796
GC	0.0708671
GG	0.0541178
GT	0.034587
TA	0.0331358
TC	0.149776
TG	0.0816907
TT	0.0721974
