kmer	count
sequence	0
AA	0.0567373
AC	0.107478
AG	0.0705116
AT	0.0603917
CA	0.042916
CC	0.0910795
CG	0.00805847
CT	0.0525206
GA	0.0279235
GC	0.0625
GG	0.0427286
GT	0.0390274
TA	0.0383246
TC	0.139196
TG	0.0799288
TT	0.0806784
