kmer	count
sequence	0
AA	0.0555139
AC	0.109395
AG	0.0823441
AT	0.0606769
CA	0.034994
CC	0.0873748
CG	0.00820793
CT	0.0572349
GA	0.0232999
GC	0.0609858
GG	0.0399806
GT	0.0406425
TA	0.0305812
TC	0.140947
TG	0.0804466
TT	0.0873748
