kmer	count
sequence	0
AA	0.0461873
AC	0.10268
AG	0.0745868
AT	0.0517992
CA	0.0315285
CC	0.107884
CG	0.0155432
CT	0.0591456
GA	0.0233998
GC	0.0795524
GG	0.0516291
GT	0.0357799
TA	0.0244201
TC	0.145092
TG	0.0734644
TT	0.0773077
