kmer	count
sequence	0
AA	0.0447238
AC	0.0941411
AG	0.0818947
AT	0.0524385
CA	0.0333945
CC	0.105686
CG	0.0192059
CT	0.0574018
GA	0.0228744
GC	0.0797367
GG	0.0536793
GT	0.0377104
TA	0.0263811
TC	0.141077
TG	0.0774169
TT	0.0722378
