kmer	count
sequence	0
AA	0.0479084
AC	0.0965259
AG	0.0868024
AT	0.0508964
CA	0.0280057
CC	0.110301
CG	0.016611
CT	0.055353
GA	0.0228907
GC	0.0771802
GG	0.0541882
GT	0.0368176
TA	0.0249164
TC	0.141801
TG	0.0792059
TT	0.0705966
