kmer	count
sequence	0
AA	0.0484988
AC	0.0995696
AG	0.0818287
AT	0.0507033
CA	0.0287109
CC	0.105501
CG	0.0182133
CT	0.0501785
GA	0.0228322
GC	0.0756351
GG	0.0505459
GT	0.034852
TA	0.0289208
TC	0.146546
TG	0.0790993
TT	0.0783645
