kmer	count
sequence	0
AA	0.0483982
AC	0.112643
AG	0.0611097
AT	0.0645882
CA	0.0402388
CC	0.0964957
CG	0.00678519
CT	0.0547539
GA	0.0249506
GC	0.0652323
GG	0.0410977
GT	0.0399382
TA	0.0310487
TC	0.143305
TG	0.0873916
TT	0.0820235
