kmer	count
sequence	0
AA	0.0550555
AC	0.105766
AG	0.0856677
AT	0.0619229
CA	0.0342593
CC	0.0865213
CG	0.00861333
CT	0.0597113
GA	0.0242492
GC	0.0592846
GG	0.0414759
GT	0.0417087
TA	0.0307674
TC	0.138318
TG	0.0820594
TT	0.0846202
