kmer	count
sequence	0
AA	0.055176
AC	0.110005
AG	0.0784507
AT	0.0679713
CA	0.0371121
CC	0.089509
CG	0.00897406
CT	0.0610815
GA	0.0246642
GC	0.0594025
GG	0.0408175
GT	0.0433071
TA	0.0291223
TC	0.133221
TG	0.079377
TT	0.0818087
