kmer	count
sequence	0
AA	0.0537048
AC	0.110905
AG	0.0782439
AT	0.059634
CA	0.037494
CC	0.0916787
CG	0.00860237
CT	0.0569607
GA	0.0251902
GC	0.0620673
GG	0.0412982
GT	0.0391733
TA	0.0311879
TC	0.141922
TG	0.0796833
TT	0.0822538
