kmer	count
sequence	0
AA	0.0541028
AC	0.113436
AG	0.0765555
AT	0.0644725
CA	0.0365645
CC	0.0854373
CG	0.00793508
CT	0.0588819
GA	0.0239856
GC	0.0608656
GG	0.0412985
GT	0.0421551
TA	0.0306583
TC	0.141163
TG	0.0785392
TT	0.0839495
