kmer	count
sequence	0
AA	0.0539288
AC	0.0973808
AG	0.0841504
AT	0.0529214
CA	0.0312962
CC	0.100269
CG	0.0184688
CT	0.055272
GA	0.0228341
GC	0.0740094
GG	0.0484889
GT	0.0382807
TA	0.0268637
TC	0.142445
TG	0.0783747
TT	0.0750168
