kmer	count
sequence	0
AA	0.0470743
AC	0.0982371
AG	0.0782446
AT	0.0493623
CA	0.0322581
CC	0.105326
CG	0.0191298
CT	0.0507877
GA	0.0216804
GC	0.075994
GG	0.0509752
GT	0.0351463
TA	0.0292573
TC	0.151163
TG	0.0804201
TT	0.0749437
