kmer	count
sequence	0
AA	0.0492135
AC	0.110063
AG	0.0818692
AT	0.0629197
CA	0.0373011
CC	0.090654
CG	0.00942876
CT	0.0578604
GA	0.0212952
GC	0.0626897
GG	0.0435563
GT	0.0413945
TA	0.0277803
TC	0.136786
TG	0.0854107
TT	0.0817772
