kmer	count
sequence	0
AA	0.0520089
AC	0.0920631
AG	0.0799852
AT	0.0544737
CA	0.0372812
CC	0.0971777
CG	0.0193493
CT	0.0555829
GA	0.0258812
GC	0.0700641
GG	0.0525635
GT	0.0354326
TA	0.0305645
TC	0.132918
TG	0.0870101
TT	0.0776436
