kmer	count
sequence	0
AA	0.0514738
AC	0.0942954
AG	0.0792638
AT	0.0509606
CA	0.0346092
CC	0.101261
CG	0.0166447
CT	0.0566065
GA	0.0255903
GC	0.0726646
GG	0.0484675
GT	0.0372489
TA	0.033436
TC	0.13763
TG	0.0841032
TT	0.0757442
