kmer	count
sequence	0
AA	0.0486076
AC	0.100119
AG	0.0726773
AT	0.0496691
CA	0.0293144
CC	0.112232
CG	0.0166396
CT	0.0541646
GA	0.0224775
GC	0.0813249
GG	0.0476399
GT	0.0366821
TA	0.0270355
TC	0.153596
TG	0.0742695
TT	0.0735514
