kmer	count
sequence	0
AA	0.0435133
AC	0.0955617
AG	0.0780082
AT	0.0514365
CA	0.0316929
CC	0.119976
CG	0.0199691
CT	0.0597301
GA	0.0232543
GC	0.0882343
GG	0.0569763
GT	0.0391491
TA	0.0219016
TC	0.133197
TG	0.0719209
TT	0.0654793
