kmer	count
sequence	0
AA	0.0464666
AC	0.0978426
AG	0.0884387
AT	0.044081
CA	0.0295257
CC	0.10538
CG	0.0193957
CT	0.0517218
GA	0.0231642
GC	0.078689
GG	0.0555594
GT	0.0330521
TA	0.02593
TC	0.146245
TG	0.0848085
TT	0.0696999
