kmer	count
sequence	0
AA	0.0527839
AC	0.111641
AG	0.0757724
AT	0.0617103
CA	0.0377843
CC	0.0897122
CG	0.00705144
CT	0.0544143
GA	0.0250673
GC	0.0623217
GG	0.0379066
GT	0.0402299
TA	0.0340344
TC	0.146368
TG	0.079237
TT	0.0839651
