kmer	count
sequence	0
AA	0.0513292
AC	0.0992282
AG	0.07779
AT	0.0496754
CA	0.0293397
CC	0.103516
CG	0.0188044
CT	0.0564743
GA	0.023827
GC	0.0774838
GG	0.0482053
GT	0.0365674
TA	0.0286659
TC	0.142778
TG	0.0771163
TT	0.0791988
