kmer	count
sequence	0
AA	0.052366
AC	0.106299
AG	0.0856586
AT	0.0579849
CA	0.0378411
CC	0.0848559
CG	0.00894427
CT	0.0546594
GA	0.0257243
GC	0.0605841
GG	0.0459063
GT	0.0417017
TA	0.0307698
TC	0.136993
TG	0.0875698
TT	0.082142
