kmer	count
sequence	0
AA	0.0480113
AC	0.100846
AG	0.0811041
AT	0.0467964
CA	0.0288286
CC	0.112156
CG	0.0168501
CT	0.050854
GA	0.0219161
GC	0.0802415
GG	0.0499915
GT	0.0338582
TA	0.0272129
TC	0.152684
TG	0.0777753
TT	0.0708749
