kmer	count
sequence	0
AA	0.0533895
AC	0.116232
AG	0.0653409
AT	0.0611285
CA	0.0387931
CC	0.0991869
CG	0.00847375
CT	0.0562304
GA	0.0253723
GC	0.0648021
GG	0.0380584
GT	0.039136
TA	0.0334542
TC	0.149001
TG	0.0742065
TT	0.0771944
