kmer	count
sequence	0
AA	0.0464078
AC	0.0986963
AG	0.084526
AT	0.0481791
CA	0.0335837
CC	0.103018
CG	0.0179963
CT	0.0536347
GA	0.0199802
GC	0.0760238
GG	0.0490293
GT	0.0371263
TA	0.0265694
TC	0.147017
TG	0.0803458
TT	0.0778659
