kmer	count
sequence	0
AA	0.0540599
AC	0.100325
AG	0.0797185
AT	0.0568748
CA	0.0453988
CC	0.0876579
CG	0.0108264
CT	0.0538434
GA	0.0277517
GC	0.055323
GG	0.047131
GT	0.0399134
TA	0.0356189
TC	0.135619
TG	0.0906893
TT	0.0792494
