kmer	count
sequence	0
AA	0.0508633
AC	0.109426
AG	0.0813812
AT	0.0648623
CA	0.035511
CC	0.0886141
CG	0.00863276
CT	0.0585628
GA	0.0207653
GC	0.060616
GG	0.044797
GT	0.0414839
TA	0.0304246
TC	0.139711
TG	0.0840411
TT	0.080308
