kmer	count
sequence	0
AA	0.0466556
AC	0.0995627
AG	0.0780365
AT	0.0492424
CA	0.0293176
CC	0.112836
CG	0.0168453
CT	0.0504127
GA	0.0221422
GC	0.0780365
GG	0.0464092
GT	0.0355075
TA	0.0290712
TC	0.157428
TG	0.0748645
TT	0.0736327
