kmer	count
sequence	0
AA	0.0501851
AC	0.102463
AG	0.081093
AT	0.0482936
CA	0.030103
CC	0.107896
CG	0.0184321
CT	0.0522778
GA	0.0208065
GC	0.0753783
GG	0.0528413
GT	0.035858
TA	0.0265615
TC	0.145927
TG	0.0789198
TT	0.0729636
