kmer	count
sequence	0
AA	0.0508958
AC	0.098636
AG	0.084945
AT	0.0518119
CA	0.030741
CC	0.0985851
CG	0.0161849
CT	0.0547638
GA	0.0225977
GC	0.0713559
GG	0.0518628
GT	0.0355252
TA	0.0309446
TC	0.142305
TG	0.0787866
TT	0.080059
