kmer	count
sequence	0
AA	0.0529931
AC	0.105065
AG	0.0907905
AT	0.0597084
CA	0.0353415
CC	0.0836531
CG	0.00955487
CT	0.0562164
GA	0.0213738
GC	0.0578281
GG	0.0443592
GT	0.0404835
TA	0.0296623
TC	0.137567
TG	0.0936685
TT	0.0817345
