kmer	count
sequence	0
AA	0.0451793
AC	0.098401
AG	0.0860062
AT	0.0483489
CA	0.0300407
CC	0.110938
CG	0.0192544
CT	0.0544044
GA	0.0242691
GC	0.0822689
GG	0.0545936
GT	0.0355284
TA	0.0280537
TC	0.134071
TG	0.082127
TT	0.0665153
