kmer	count
sequence	0
AA	0.0506974
AC	0.106488
AG	0.0951262
AT	0.0597085
CA	0.0322833
CC	0.08588
CG	0.00893277
CT	0.0553988
GA	0.0224886
GC	0.0581414
GG	0.0463094
GT	0.0390221
TA	0.028052
TC	0.141122
TG	0.0904247
TT	0.0799248
