kmer	count
sequence	0
AA	0.0479318
AC	0.0985302
AG	0.0789542
AT	0.0539802
CA	0.0332986
CC	0.0987253
CG	0.0172997
CT	0.058923
GA	0.0276405
GC	0.073231
GG	0.048192
GT	0.0379162
TA	0.0289412
TC	0.139178
TG	0.0775884
TT	0.0796696
