kmer	count
sequence	0
AA	0.0517241
AC	0.113084
AG	0.0745409
AT	0.0672687
CA	0.0337252
CC	0.0943276
CG	0.00787831
CT	0.0589661
GA	0.0255136
GC	0.0665414
GG	0.0373311
GT	0.0441185
TA	0.0297861
TC	0.134113
TG	0.079783
TT	0.0812981
