kmer	count
sequence	0
AA	0.0545935
AC	0.1066
AG	0.0834741
AT	0.0604541
CA	0.0355333
CC	0.0866948
CG	0.00908131
CT	0.0544879
GA	0.0249736
GC	0.06283
GG	0.0430306
GT	0.039018
TA	0.0285111
TC	0.141658
TG	0.0865892
TT	0.082471
