kmer	count
sequence	0
AA	0.0546989
AC	0.108258
AG	0.0886721
AT	0.0591147
CA	0.0317296
CC	0.0854314
CG	0.0079057
CT	0.0513514
GA	0.0225775
GC	0.0598982
GG	0.0414515
GT	0.0388163
TA	0.032976
TC	0.14679
TG	0.0883872
TT	0.0819415
