kmer	count
sequence	0
AA	0.04805
AC	0.0929472
AG	0.0896777
AT	0.0512027
CA	0.0306516
CC	0.102697
CG	0.01734
CT	0.055348
GA	0.022653
GC	0.0748482
GG	0.0513779
GT	0.0355558
TA	0.0253386
TC	0.143975
TG	0.0827884
TT	0.0755488
