kmer	count
sequence	0
AA	0.05368
AC	0.0964946
AG	0.080908
AT	0.0532919
CA	0.0340189
CC	0.100246
CG	0.0159746
CT	0.0514164
GA	0.0243177
GC	0.0748933
GG	0.0498642
GT	0.0380287
TA	0.0305911
TC	0.139503
TG	0.08052
TT	0.0762515
