kmer	count
sequence	0
AA	0.0511647
AC	0.104696
AG	0.0815583
AT	0.0624066
CA	0.0385837
CC	0.0880045
CG	0.00940458
CT	0.0567078
GA	0.0267501
GC	0.0608495
GG	0.0482374
GT	0.0431614
TA	0.0307673
TC	0.133159
TG	0.0855755
TT	0.0789736
