kmer	count
sequence	0
AA	0.047825
AC	0.0950691
AG	0.0749968
AT	0.0545372
CA	0.0334968
CC	0.104105
CG	0.0163289
CT	0.0577643
GA	0.0235575
GC	0.0742223
GG	0.0491158
GT	0.0427262
TA	0.0310443
TC	0.146702
TG	0.0733832
TT	0.0751259
