kmer	count
sequence	0
AA	0.0533478
AC	0.106449
AG	0.0755843
AT	0.0625678
CA	0.0402327
CC	0.0875653
CG	0.00917069
CT	0.0606942
GA	0.0257864
GC	0.0574401
GG	0.0419584
GT	0.0401341
TA	0.0324919
TC	0.133517
TG	0.0874174
TT	0.0856424
