kmer	count
sequence	0
AA	0.0474757
AC	0.0956667
AG	0.0837754
AT	0.0453597
CA	0.0333194
CC	0.101657
CG	0.0192227
CT	0.0493533
GA	0.0240806
GC	0.0743279
GG	0.0552542
GT	0.0340645
TA	0.0281934
TC	0.152262
TG	0.0827919
TT	0.0731954
