kmer	count
sequence	0
AA	0.0483054
AC	0.100506
AG	0.077834
AT	0.0509544
CA	0.0310479
CC	0.104714
CG	0.016829
CT	0.053097
GA	0.0233346
GC	0.077873
GG	0.0479159
GT	0.0369692
TA	0.0288274
TC	0.149669
TG	0.0781067
TT	0.0740164
