kmer	count
sequence	0
AA	0.0501382
AC	0.100151
AG	0.0818673
AT	0.0483162
CA	0.0330485
CC	0.103355
CG	0.0157075
CT	0.0511435
GA	0.0222418
GC	0.0735109
GG	0.0486303
GT	0.0378236
TA	0.0304725
TC	0.149472
TG	0.0794169
TT	0.0747047
