kmer	count
sequence	0
AA	0.0512492
AC	0.111722
AG	0.0766876
AT	0.0643614
CA	0.0393365
CC	0.088228
CG	0.0079004
CT	0.0579914
GA	0.0231221
GC	0.0598941
GG	0.0397915
GT	0.0374338
TA	0.0327598
TC	0.138278
TG	0.0839676
TT	0.0872766
