kmer	count
sequence	0
AA	0.0568563
AC	0.109162
AG	0.0800495
AT	0.0625994
CA	0.0386994
CC	0.0880898
CG	0.00711256
CT	0.0573865
GA	0.0235466
GC	0.0628645
GG	0.0404223
GT	0.0407758
TA	0.0329122
TC	0.136994
TG	0.0807121
TT	0.0818166
