kmer	count
sequence	0
AA	0.0526427
AC	0.11128
AG	0.077001
AT	0.0636187
CA	0.0339835
CC	0.0883148
CG	0.00793651
CT	0.065054
GA	0.0235984
GC	0.0624789
GG	0.0401891
GT	0.0413289
TA	0.0319149
TC	0.140831
TG	0.078183
TT	0.0816447
