kmer	count
sequence	0
AA	0.0493929
AC	0.0953826
AG	0.0796082
AT	0.0504047
CA	0.0296174
CC	0.103155
CG	0.0187178
CT	0.0549117
GA	0.0216611
GC	0.0768488
GG	0.0498068
GT	0.0361019
TA	0.0279157
TC	0.147167
TG	0.0810338
TT	0.0782745
