kmer	count
sequence	0
AA	0.052377
AC	0.109207
AG	0.0819772
AT	0.0571502
CA	0.0355267
CC	0.086366
CG	0.00999487
CT	0.053306
GA	0.0233854
GC	0.0625641
GG	0.0440159
GT	0.0391786
TA	0.030337
TC	0.147809
TG	0.086366
TT	0.0804395
