kmer	count
sequence	0
AA	0.0335452
AC	0.0946328
AG	0.0544962
AT	0.0579096
CA	0.0396657
CC	0.11835
CG	0.0187735
CT	0.0586747
GA	0.0220104
GC	0.072799
GG	0.0514948
GT	0.0391361
TA	0.0304849
TC	0.150365
TG	0.0788018
TT	0.0788606
