kmer	count
sequence	0
AA	0.0529338
AC	0.108682
AG	0.079781
AT	0.0539605
CA	0.040651
CC	0.0871202
CG	0.00931665
CT	0.051869
GA	0.025212
GC	0.063011
GG	0.0466213
GT	0.036468
TA	0.0309541
TC	0.1461
TG	0.0912271
TT	0.0760923
