kmer	count
sequence	0
AA	0.0568978
AC	0.114146
AG	0.0732376
AT	0.0610411
CA	0.0388072
CC	0.0899276
CG	0.00776144
CT	0.0498366
GA	0.0267857
GC	0.0662348
GG	0.0396242
GT	0.0379902
TA	0.0349556
TC	0.142332
TG	0.0811158
TT	0.0793067
