kmer	count
sequence	0
AA	0.0505169
AC	0.105513
AG	0.0829083
AT	0.0583046
CA	0.0358374
CC	0.0939008
CG	0.0089938
CT	0.0615093
GA	0.0227085
GC	0.0620606
GG	0.0462095
GT	0.0413163
TA	0.0292212
TC	0.135355
TG	0.0861819
TT	0.0794624
