kmer	count
sequence	0
AA	0.0514253
AC	0.114683
AG	0.0825001
AT	0.0562575
CA	0.0330612
CC	0.091792
CG	0.00882395
CT	0.0544621
GA	0.0229003
GC	0.0647663
GG	0.0425154
GT	0.0386191
TA	0.0293272
TC	0.148995
TG	0.0843719
TT	0.0755002
