kmer	count
sequence	0
AA	0.045632
AC	0.10159
AG	0.0768278
AT	0.0496799
CA	0.0319599
CC	0.110058
CG	0.0171417
CT	0.057342
GA	0.0226869
GC	0.0800805
GG	0.0500516
GT	0.0380938
TA	0.0270653
TC	0.145219
TG	0.0744114
TT	0.0721603
