kmer	count
sequence	0
AA	0.0525981
AC	0.101261
AG	0.0822821
AT	0.0519037
CA	0.0329244
CC	0.0955329
CG	0.0157389
CT	0.054739
GA	0.0223354
GC	0.0719824
GG	0.0469853
GT	0.0370906
TA	0.0277746
TC	0.149809
TG	0.0775373
TT	0.0795047
