kmer	count
sequence	0
AA	0.0492338
AC	0.100516
AG	0.0806403
AT	0.0546199
CA	0.0349719
CC	0.104385
CG	0.019117
CT	0.0553027
GA	0.0231376
GC	0.0700956
GG	0.0499924
GT	0.0383098
TA	0.033303
TC	0.137308
TG	0.0751024
TT	0.0739645
