kmer	count
sequence	0
AA	0.0435735
AC	0.0999865
AG	0.0738694
AT	0.0520995
CA	0.0312732
CC	0.109523
CG	0.0174901
CT	0.0583002
GA	0.0230505
GC	0.0790928
GG	0.0488643
GT	0.0377435
TA	0.0257127
TC	0.150502
TG	0.0723866
TT	0.0765316
