kmer	count
sequence	0
AA	0.0472588
AC	0.0966147
AG	0.0829838
AT	0.0495057
CA	0.0346765
CC	0.102157
CG	0.0193229
CT	0.0551977
GA	0.0215698
GC	0.0724236
GG	0.051453
GT	0.0366237
TA	0.0303325
TC	0.142001
TG	0.0824596
TT	0.0754194
