kmer	count
sequence	0
AA	0.0515916
AC	0.0967568
AG	0.0793994
AT	0.0533934
CA	0.0327327
CC	0.104264
CG	0.017958
CT	0.0574174
GA	0.0240841
GC	0.0712913
GG	0.0498498
GT	0.04
TA	0.0286486
TC	0.137057
TG	0.0805405
TT	0.075015
