kmer	count
sequence	0
AA	0.0536481
AC	0.115638
AG	0.0791876
AT	0.0621411
CA	0.0322795
CC	0.0966572
CG	0.00858369
CT	0.0586955
GA	0.0220637
GC	0.0664329
GG	0.0414979
GT	0.0417397
TA	0.0265369
TC	0.139636
TG	0.077495
TT	0.077767
