kmer	count
sequence	0
AA	0.0502715
AC	0.105597
AG	0.0830065
AT	0.0614346
CA	0.0343189
CC	0.0891914
CG	0.00939056
CT	0.0588701
GA	0.0227033
GC	0.0646402
GG	0.0456328
GT	0.0386182
TA	0.0306607
TC	0.138973
TG	0.0836853
TT	0.0830065
