kmer	count
sequence	0
AA	0.0509118
AC	0.0974629
AG	0.0823989
AT	0.0523276
CA	0.031657
CC	0.103353
CG	0.0179522
CT	0.0552724
GA	0.0234455
GC	0.0705063
GG	0.0513082
GT	0.0360743
TA	0.0289387
TC	0.143618
TG	0.0813229
TT	0.0734511
