kmer	count
sequence	0
AA	0.048891
AC	0.107498
AG	0.0798256
AT	0.0607361
CA	0.0366683
CC	0.1007
CG	0.00913273
CT	0.0625558
GA	0.0236215
GC	0.0639978
GG	0.0440157
GT	0.0398956
TA	0.0284625
TC	0.131154
TG	0.084186
TT	0.0786582
