kmer	count
sequence	0
AA	0.0484801
AC	0.0961691
AG	0.0750932
AT	0.054978
CA	0.0339021
CC	0.101876
CG	0.0185897
CT	0.0598938
GA	0.0215844
GC	0.0738502
GG	0.0500057
GT	0.039722
TA	0.0265002
TC	0.140863
TG	0.078879
TT	0.0796135
