kmer	count
sequence	0
AA	0.0435663
AC	0.0989185
AG	0.0866057
AT	0.0495563
CA	0.0330837
CC	0.112368
CG	0.019218
CT	0.0509706
GA	0.0237105
GC	0.0765114
GG	0.0591791
GT	0.0369107
TA	0.0273433
TC	0.134859
TG	0.0838602
TT	0.0633389
