kmer	count
sequence	0
AA	0.0522697
AC	0.108754
AG	0.0798038
AT	0.059041
CA	0.0384855
CC	0.0854695
CG	0.00849858
CT	0.0585228
GA	0.0234575
GC	0.0636703
GG	0.0417674
GT	0.0408001
TA	0.0321288
TC	0.14299
TG	0.0854695
TT	0.078871
