kmer	count
sequence	0
AA	0.0418167
AC	0.0879996
AG	0.0688243
AT	0.0441574
CA	0.0502341
CC	0.112982
CG	0.0239017
CT	0.0590115
GA	0.0315538
GC	0.0771966
GG	0.0587865
GT	0.0338495
TA	0.0325891
TC	0.134948
TG	0.0777818
TT	0.064368
