kmer	count
sequence	0
AA	0.0532635
AC	0.100162
AG	0.085673
AT	0.0640516
CA	0.034215
CC	0.0838223
CG	0.00943396
CT	0.0590413
GA	0.0243748
GC	0.059944
GG	0.0464025
GT	0.04234
TA	0.0332671
TC	0.132301
TG	0.0889681
TT	0.082739
