kmer	count
sequence	0
AA	0.0492416
AC	0.11283
AG	0.0755436
AT	0.0607861
CA	0.0345214
CC	0.0889188
CG	0.00844355
CT	0.054771
GA	0.0216693
GC	0.063364
GG	0.0426287
GT	0.039341
TA	0.0304864
TC	0.15034
TG	0.0815213
TT	0.0855937
