kmer	count
sequence	0
AA	0.0492605
AC	0.102713
AG	0.0711541
AT	0.051939
CA	0.03121
CC	0.107313
CG	0.0154885
CT	0.0530453
GA	0.0227087
GC	0.0750553
GG	0.0454175
GT	0.0364504
TA	0.0306277
TC	0.153022
TG	0.0763945
TT	0.0781996
