kmer	count
sequence	0
AA	0.047952
AC	0.090678
AG	0.0816384
AT	0.0528249
CA	0.0338277
CC	0.100565
CG	0.0175847
CT	0.0553672
GA	0.0212571
GC	0.069209
GG	0.0518362
GT	0.0411017
TA	0.0313559
TC	0.142585
TG	0.0808616
TT	0.0813559
