kmer	count
sequence	0
AA	0.0533829
AC	0.110123
AG	0.0787055
AT	0.0654413
CA	0.0381306
CC	0.0994329
CG	0.00795203
CT	0.0630948
GA	0.0232695
GC	0.0639747
GG	0.0394668
GT	0.0437687
TA	0.0295268
TC	0.13261
TG	0.0739147
TT	0.0772064
