kmer	count
sequence	0
AA	0.0525825
AC	0.0961292
AG	0.0828961
AT	0.0503673
CA	0.0291477
CC	0.103824
CG	0.0178967
CT	0.0534569
GA	0.0218025
GC	0.0742101
GG	0.0484435
GT	0.03591
TA	0.0306051
TC	0.145913
TG	0.0800979
TT	0.0767168
