kmer	count
sequence	0
AA	0.0513245
AC	0.110691
AG	0.0786107
AT	0.0588144
CA	0.0336051
CC	0.0963523
CG	0.0089702
CT	0.0558759
GA	0.0231104
GC	0.0657299
GG	0.043216
GT	0.0401007
TA	0.0287223
TC	0.145843
TG	0.083361
TT	0.0756722
