kmer	count
sequence	0
AA	0.0475139
AC	0.100954
AG	0.079254
AT	0.0502711
CA	0.0317401
CC	0.107788
CG	0.0164334
CT	0.0536238
GA	0.02236
GC	0.0790525
GG	0.0497582
GT	0.0365125
TA	0.0289829
TC	0.147012
TG	0.0765792
TT	0.072164
