kmer	count
sequence	0
AA	0.0494555
AC	0.114192
AG	0.0748187
AT	0.0550019
CA	0.038016
CC	0.0962244
CG	0.00912846
CT	0.0514198
GA	0.0245255
GC	0.0653725
GG	0.0427824
GT	0.0390271
TA	0.0301586
TC	0.152295
TG	0.0817517
TT	0.0758298
