kmer	count
sequence	0
AA	0.0474916
AC	0.103537
AG	0.0809194
AT	0.0532641
CA	0.0334278
CC	0.104796
CG	0.015848
CT	0.0545235
GA	0.0230898
GC	0.0768787
GG	0.048856
GT	0.0366289
TA	0.0295445
TC	0.148247
TG	0.0731528
TT	0.0697943
