kmer	count
sequence	0
AA	0.042948
AC	0.103929
AG	0.0757878
AT	0.0524867
CA	0.0303246
CC	0.113326
CG	0.0161826
CT	0.0594628
GA	0.0226841
GC	0.08153
GG	0.0508257
GT	0.0389617
TA	0.0262908
TC	0.14104
TG	0.0728455
TT	0.0713743
