kmer	count
sequence	0
AA	0.0514847
AC	0.101772
AG	0.0725575
AT	0.0547573
CA	0.0333653
CC	0.102969
CG	0.0158844
CT	0.0530013
GA	0.0257822
GC	0.0719987
GG	0.0493295
GT	0.0355204
TA	0.0292146
TC	0.150223
TG	0.070961
TT	0.0811782
