kmer	count
sequence	0
AA	0.0488885
AC	0.0986071
AG	0.0754543
AT	0.0542847
CA	0.0332534
CC	0.11046
CG	0.0172032
CT	0.0534545
GA	0.0233835
GC	0.0784522
GG	0.0496264
GT	0.0360668
TA	0.0265658
TC	0.14293
TG	0.0773453
TT	0.0740245
