kmer	count
sequence	0
AA	0.052136
AC	0.0989173
AG	0.0780864
AT	0.0537837
CA	0.0329528
CC	0.0996822
CG	0.0157114
CT	0.0571378
GA	0.0241262
GC	0.0745557
GG	0.0483112
GT	0.0386019
TA	0.0288337
TC	0.144522
TG	0.0756149
TT	0.0770272
