kmer	count
sequence	0
AA	0.0512305
AC	0.10359
AG	0.0876496
AT	0.0549108
CA	0.0390382
CC	0.0864981
CG	0.00988937
CT	0.052811
GA	0.0251072
GC	0.0616844
GG	0.0458794
GT	0.0371867
TA	0.0315421
TC	0.144931
TG	0.0899977
TT	0.0780537
