kmer	count
sequence	0
AA	0.0527052
AC	0.10559
AG	0.0743757
AT	0.0628229
CA	0.0380669
CC	0.0963332
CG	0.00853904
CT	0.0597015
GA	0.0254557
GC	0.064868
GG	0.0461036
GT	0.0434307
TA	0.0289358
TC	0.130687
TG	0.0853904
TT	0.0769948
