kmer	count
sequence	0
AA	0.0473946
AC	0.0995545
AG	0.0876411
AT	0.0520564
CA	0.0296799
CC	0.101316
CG	0.0181809
CT	0.0519528
GA	0.0219103
GC	0.0771263
GG	0.0514348
GT	0.0362064
TA	0.0293691
TC	0.140267
TG	0.082565
TT	0.0733451
