kmer	count
sequence	0
AA	0.0515982
AC	0.110414
AG	0.0778055
AT	0.0634559
CA	0.0353583
CC	0.0846365
CG	0.00786218
CT	0.0608782
GA	0.0232428
GC	0.0597182
GG	0.0396546
GT	0.0424042
TA	0.031062
TC	0.143195
TG	0.0807269
TT	0.0879876
