kmer	count
sequence	0
AA	0.0490964
AC	0.0983192
AG	0.0758246
AT	0.0525085
CA	0.0339315
CC	0.101226
CG	0.0162391
CT	0.0597119
GA	0.0231897
GC	0.077973
GG	0.0464426
GT	0.0393024
TA	0.0293188
TC	0.14413
TG	0.072602
TT	0.0801845
