kmer	count
sequence	0
AA	0.0493601
AC	0.0999898
AG	0.0733293
AT	0.0555556
CA	0.034024
CC	0.112685
CG	0.0179768
CT	0.0576376
GA	0.0247816
GC	0.0769856
GG	0.0477351
GT	0.0402702
TA	0.0297075
TC	0.138584
TG	0.0730754
TT	0.0683018
