kmer	count
sequence	0
AA	0.0480094
AC	0.0965108
AG	0.0848036
AT	0.0463042
CA	0.0313176
CC	0.102086
CG	0.0189873
CT	0.0552896
GA	0.0232505
GC	0.0750312
GG	0.0540762
GT	0.0354168
TA	0.0253492
TC	0.148423
TG	0.0819178
TT	0.0732275
