kmer	count
sequence	0
AA	0.0465195
AC	0.101138
AG	0.0739491
AT	0.0516294
CA	0.038469
CC	0.119022
CG	0.0186078
CT	0.0589568
GA	0.0243444
GC	0.0805052
GG	0.050376
GT	0.0404454
TA	0.0232356
TC	0.137871
TG	0.0658022
TT	0.0691284
