kmer	count
sequence	0
AA	0.0432124
AC	0.101589
AG	0.0758549
AT	0.0516062
CA	0.0299136
CC	0.108014
CG	0.0173057
CT	0.0576857
GA	0.0212781
GC	0.0806218
GG	0.0475302
GT	0.0404836
TA	0.0260104
TC	0.148877
TG	0.0731261
TT	0.0768912
