kmer	count
sequence	0
AA	0.0543939
AC	0.103654
AG	0.0937942
AT	0.0578168
CA	0.0364238
CC	0.0865392
CG	0.00974775
CT	0.0565518
GA	0.0223231
GC	0.0592678
GG	0.0492596
GT	0.0405164
TA	0.0285736
TC	0.132711
TG	0.0936826
TT	0.0747451
