kmer	count
sequence	0
AA	0.0524659
AC	0.108735
AG	0.0812011
AT	0.0577889
CA	0.0368881
CC	0.089354
CG	0.00864422
CT	0.0540582
GA	0.0234941
GC	0.0623658
GG	0.0434486
GT	0.0382075
TA	0.0314923
TC	0.147288
TG	0.0840218
TT	0.080546
