kmer	count
sequence	0
AA	0.0430421
AC	0.0922792
AG	0.0792418
AT	0.0557559
CA	0.0327323
CC	0.111789
CG	0.0198798
CT	0.0583911
GA	0.0231623
GC	0.0737864
GG	0.0536755
GT	0.039251
TA	0.0262136
TC	0.133241
TG	0.0833564
TT	0.0742025
