kmer	count
sequence	0
AA	0.0531889
AC	0.104328
AG	0.088518
AT	0.0579954
CA	0.0350852
CC	0.0885668
CG	0.00900307
CT	0.055092
GA	0.0225443
GC	0.0603377
GG	0.0439906
GT	0.0388181
TA	0.030181
TC	0.141073
TG	0.0911775
TT	0.0801005
