kmer	count
sequence	0
AA	0.0424693
AC	0.103773
AG	0.0765915
AT	0.0509998
CA	0.0271816
CC	0.113129
CG	0.0177949
CT	0.0556473
GA	0.0226258
GC	0.0819422
GG	0.0499297
GT	0.0379441
TA	0.02657
TC	0.149055
TG	0.0716077
TT	0.0727389
