kmer	count
sequence	0
AA	0.0510888
AC	0.106073
AG	0.0788045
AT	0.0607957
CA	0.0382528
CC	0.0851268
CG	0.00823807
CT	0.0591353
GA	0.023437
GC	0.0598378
GG	0.0431062
GT	0.0421483
TA	0.0291845
TC	0.141133
TG	0.0874896
TT	0.0861485
