kmer	count
sequence	0
AA	0.0533827
AC	0.101664
AG	0.079315
AT	0.0684441
CA	0.0392324
CC	0.0861776
CG	0.0095348
CT	0.0665614
GA	0.0246569
GC	0.0653468
GG	0.0403863
GT	0.0431799
TA	0.0305478
TC	0.130694
TG	0.0755496
TT	0.0853273
