kmer	count
sequence	0
AA	0.044883
AC	0.0956861
AG	0.0808169
AT	0.0536485
CA	0.0321707
CC	0.104314
CG	0.0182194
CT	0.0581
GA	0.0231758
GC	0.0814135
GG	0.0538779
GT	0.0372648
TA	0.0254704
TC	0.137816
TG	0.0800367
TT	0.0731069
