kmer	count
sequence	0
AA	0.055853
AC	0.109664
AG	0.0787205
AT	0.0662432
CA	0.0348911
CC	0.0920599
CG	0.00866606
CT	0.057441
GA	0.0225499
GC	0.0616606
GG	0.0425136
GT	0.0385662
TA	0.031216
TC	0.135027
TG	0.0842105
TT	0.0807169
