kmer	count
sequence	0
AA	0.0507303
AC	0.113615
AG	0.0808016
AT	0.0576617
CA	0.0347824
CC	0.0926081
CG	0.00833116
CT	0.0562136
GA	0.0236806
GC	0.0653653
GG	0.0408835
GT	0.0394355
TA	0.0305637
TC	0.144593
TG	0.0813905
TT	0.0793439
