kmer	count
sequence	0
AA	0.048113
AC	0.102848
AG	0.0775316
AT	0.0518636
CA	0.0307079
CC	0.100973
CG	0.0184599
CT	0.0574895
GA	0.0226793
GC	0.0780591
GG	0.0477028
GT	0.0392053
TA	0.0324074
TC	0.13631
TG	0.0741913
TT	0.081458
