kmer	count
sequence	0
AA	0.0531031
AC	0.106075
AG	0.0813374
AT	0.0642483
CA	0.0339161
CC	0.0901224
CG	0.00909091
CT	0.0612762
GA	0.022771
GC	0.0596591
GG	0.0437063
GT	0.0417395
TA	0.0298077
TC	0.137544
TG	0.0825175
TT	0.0830857
