kmer	count
sequence	0
AA	0.0483218
AC	0.0984579
AG	0.0729886
AT	0.0527179
CA	0.0317494
CC	0.110913
CG	0.0171307
CT	0.057428
GA	0.0206894
GC	0.0763031
GG	0.0474496
GT	0.0376457
TA	0.025225
TC	0.152746
TG	0.0737911
TT	0.0764427
