kmer	count
sequence	0
AA	0.0517399
AC	0.0932687
AG	0.0857387
AT	0.0523674
CA	0.0313748
CC	0.0995436
CG	0.0174558
CT	0.0541928
GA	0.022761
GC	0.0756988
GG	0.0520251
GT	0.0375357
TA	0.0297775
TC	0.143411
TG	0.0808899
TT	0.0722191
