kmer	count
sequence	0
AA	0.0461116
AC	0.0973002
AG	0.0774698
AT	0.04868
CA	0.0361964
CC	0.109485
CG	0.0203679
CT	0.0569227
GA	0.0246685
GC	0.0769323
GG	0.0504121
GT	0.036734
TA	0.0269382
TC	0.145741
TG	0.0763947
TT	0.0696452
