kmer	count
sequence	0
AA	0.0556369
AC	0.1093
AG	0.087243
AT	0.05952
CA	0.0328792
CC	0.085938
CG	0.00910306
CT	0.0551276
GA	0.0217073
GC	0.0600929
GG	0.0420778
GT	0.0395951
TA	0.0305876
TC	0.142689
TG	0.0852378
TT	0.0832644
