kmer	count
sequence	0
AA	0.0517188
AC	0.0985379
AG	0.0801447
AT	0.052341
CA	0.0308757
CC	0.101999
CG	0.0182766
CT	0.0525743
GA	0.0227096
GC	0.0724063
GG	0.0495023
GT	0.0377586
TA	0.0303313
TC	0.142518
TG	0.0798725
TT	0.0784337
