kmer	count
sequence	0
AA	0.0547174
AC	0.109396
AG	0.0828187
AT	0.0610881
CA	0.0376378
CC	0.087626
CG	0.00852028
CT	0.056828
GA	0.0236848
GC	0.0605018
GG	0.0406472
GT	0.0385758
TA	0.0306027
TC	0.143164
TG	0.0829751
TT	0.0812163
