kmer	count
sequence	0
AA	0.0531354
AC	0.106906
AG	0.0846357
AT	0.0618285
CA	0.035798
CC	0.0853194
CG	0.00893729
CT	0.0585075
GA	0.0243212
GC	0.0618285
GG	0.0439051
GT	0.0386306
TA	0.0291561
TC	0.140604
TG	0.0853682
TT	0.0811194
