kmer	count
sequence	0
AA	0.0374396
AC	0.0996089
AG	0.0542903
AT	0.0607315
CA	0.0283529
CC	0.117495
CG	0.0147228
CT	0.0619393
GA	0.0208765
GC	0.0782149
GG	0.0404302
GT	0.0416954
TA	0.0246722
TC	0.154072
TG	0.0706234
TT	0.0948355
