kmer	count
sequence	0
AA	0.0480195
AC	0.090728
AG	0.0887364
AT	0.0508962
CA	0.0277716
CC	0.0982518
CG	0.0191414
CT	0.053773
GA	0.0223501
GC	0.0771188
GG	0.0601903
GT	0.0402744
TA	0.0250055
TC	0.134211
TG	0.0868555
TT	0.0766763
