kmer	count
sequence	0
AA	0.0508433
AC	0.105827
AG	0.0711502
AT	0.0730378
CA	0.0377215
CC	0.103392
CG	0.00755039
CT	0.0733727
GA	0.0260306
GC	0.0680753
GG	0.0400049
GT	0.0514827
TA	0.0247823
TC	0.117305
TG	0.0685319
TT	0.0808927
