kmer	count
sequence	0
AA	0.0637887
AC	0.0925681
AG	0.106572
AT	0.0388687
CA	0.0459257
CC	0.0858419
CG	0.0111368
CT	0.0420112
GA	0.0271805
GC	0.0508325
GG	0.0549123
GT	0.0247547
TA	0.044823
TC	0.138549
TG	0.116496
TT	0.0557393
