kmer	count
sequence	0
AA	0.0517321
AC	0.105498
AG	0.0862321
AT	0.0621856
CA	0.0332156
CC	0.0841985
CG	0.00806308
CT	0.0609369
GA	0.022227
GC	0.0615434
GG	0.0397802
GT	0.0435977
TA	0.0313604
TC	0.137715
TG	0.0860894
TT	0.0856256
