kmer	count
sequence	0
AA	0.0544297
AC	0.110873
AG	0.0791115
AT	0.0579371
CA	0.0369577
CC	0.089861
CG	0.00821642
CT	0.0586516
GA	0.0232853
GC	0.0626461
GG	0.040595
GT	0.0398805
TA	0.0304625
TC	0.14546
TG	0.0826189
TT	0.079014
