kmer	count
sequence	0
AA	0.0502604
AC	0.0959792
AG	0.0784789
AT	0.0531065
CA	0.031549
CC	0.106395
CG	0.0194986
CT	0.0555286
GA	0.0233136
GC	0.0755117
GG	0.0518348
GT	0.0354245
TA	0.0255541
TC	0.141395
TG	0.0802955
TT	0.075875
