kmer	count
sequence	0
AA	0.0491202
AC	0.101833
AG	0.071261
AT	0.0545821
CA	0.0454912
CC	0.0960411
CG	0.00887097
CT	0.0637463
GA	0.0298387
GC	0.0636364
GG	0.041239
GT	0.0427786
TA	0.0303519
TC	0.139919
TG	0.0819648
TT	0.0793255
