kmer	count
sequence	0
AA	0.0461095
AC	0.101188
AG	0.0778392
AT	0.0491678
CA	0.0300241
CC	0.111039
CG	0.0172617
CT	0.052079
GA	0.0218785
GC	0.0775451
GG	0.0523437
GT	0.0356408
TA	0.0260248
TC	0.153267
TG	0.0784273
TT	0.0701641
