kmer	count
sequence	0
AA	0.0376048
AC	0.0966926
AG	0.0566337
AT	0.0658084
CA	0.0440233
CC	0.0942007
CG	0.00838179
CT	0.0649777
GA	0.0246168
GC	0.061693
GG	0.0441365
GT	0.0446274
TA	0.0305822
TC	0.141093
TG	0.092615
TT	0.0923129
