kmer	count
sequence	0
AA	0.0560169
AC	0.102038
AG	0.0820069
AT	0.0599769
CA	0.0429066
CC	0.0851596
CG	0.00868897
CT	0.0569012
GA	0.027451
GC	0.0593618
GG	0.0460592
GT	0.0370242
TA	0.0326797
TC	0.135179
TG	0.0865436
TT	0.0820069
