kmer	count
sequence	0
AA	0.0532864
AC	0.109898
AG	0.0735979
AT	0.0607681
CA	0.035746
CC	0.0926624
CG	0.00878408
CT	0.0601862
GA	0.0246065
GC	0.0652571
GG	0.041288
GT	0.0413434
TA	0.0283197
TC	0.143399
TG	0.0784194
TT	0.0824374
