kmer	count
sequence	0
AA	0.0466327
AC	0.0951484
AG	0.0816349
AT	0.0491803
CA	0.0337284
CC	0.108108
CG	0.0180549
CT	0.0542756
GA	0.0230394
GC	0.0762074
GG	0.0516172
GT	0.039156
TA	0.0265286
TC	0.142501
TG	0.0828533
TT	0.0713336
