kmer	count
sequence	0
AA	0.0437321
AC	0.100164
AG	0.07613
AT	0.0522327
CA	0.0328759
CC	0.124505
CG	0.0189813
CT	0.0561245
GA	0.0224635
GC	0.0887956
GG	0.0527106
GT	0.0396695
TA	0.0221904
TC	0.13024
TG	0.0720333
TT	0.0671514
