kmer	count
sequence	0
AA	0.0489785
AC	0.112151
AG	0.0782258
AT	0.0600269
CA	0.0327688
CC	0.094086
CG	0.00822581
CT	0.0554032
GA	0.0228495
GC	0.0662097
GG	0.0420161
GT	0.0405914
TA	0.0290591
TC	0.152366
TG	0.0788978
TT	0.0781452
