kmer	count
sequence	0
AA	0.048037
AC	0.101182
AG	0.0815013
AT	0.046785
CA	0.0303345
CC	0.108468
CG	0.0169012
CT	0.0501778
GA	0.0221844
GC	0.0788597
GG	0.0488883
GT	0.0358055
TA	0.0272047
TC	0.155253
TG	0.0779834
TT	0.0704342
