kmer	count
sequence	0
AA	0.0523142
AC	0.108706
AG	0.0909643
AT	0.0579534
CA	0.034399
CC	0.0854553
CG	0.00897931
CT	0.0573027
GA	0.0204312
GC	0.0586475
GG	0.0430313
GT	0.0406888
TA	0.0284995
TC	0.140502
TG	0.0899666
TT	0.0821585
