kmer	count
sequence	0
AA	0.0493971
AC	0.0987257
AG	0.080433
AT	0.0502192
CA	0.0343245
CC	0.10496
CG	0.0163058
CT	0.0528912
GA	0.0263771
GC	0.0736503
GG	0.0481639
GT	0.0377501
TA	0.0292546
TC	0.143327
TG	0.0750206
TT	0.0791998
