kmer	count
sequence	0
AA	0.0559493
AC	0.103599
AG	0.0831313
AT	0.0600056
CA	0.0401436
CC	0.0842503
CG	0.0100242
CT	0.0526389
GA	0.0257833
GC	0.0600988
GG	0.0428944
GT	0.0352947
TA	0.0364137
TC	0.135863
TG	0.0918034
TT	0.0821056
