kmer	count
sequence	0
AA	0.0418058
AC	0.096712
AG	0.0878179
AT	0.0449525
CA	0.0287375
CC	0.109845
CG	0.0201965
CT	0.0508284
GA	0.0220588
GC	0.0809145
GG	0.0568328
GT	0.0346134
TA	0.0236322
TC	0.145004
TG	0.086662
TT	0.0693874
