kmer	count
sequence	0
AA	0.051454
AC	0.108893
AG	0.08138
AT	0.0581599
CA	0.0379794
CC	0.0914076
CG	0.00927551
CT	0.0581913
GA	0.0240662
GC	0.0629857
GG	0.0490098
GT	0.0420218
TA	0.0285473
TC	0.132583
TG	0.0855478
TT	0.0784971
