kmer	count
sequence	0
AA	0.0520468
AC	0.104197
AG	0.0874593
AT	0.0577153
CA	0.0347529
CC	0.0881807
CG	0.00890465
CT	0.0555716
GA	0.0237457
GC	0.0618997
GG	0.0449767
GT	0.0399472
TA	0.0305067
TC	0.142412
TG	0.0886754
TT	0.0790081
