kmer	count
sequence	0
AA	0.0457356
AC	0.0925999
AG	0.0766022
AT	0.0512808
CA	0.0379821
CC	0.10791
CG	0.0191874
CT	0.0519678
GA	0.0276769
GC	0.0739032
GG	0.0553047
GT	0.03651
TA	0.0291982
TC	0.134017
TG	0.0876926
TT	0.0724311
