kmer	count
sequence	0
AA	0.0497243
AC	0.0976108
AG	0.058301
AT	0.0627935
CA	0.0608536
CC	0.0939861
CG	0.0111803
CT	0.0658566
GA	0.0328262
GC	0.0606494
GG	0.045436
GT	0.042475
TA	0.0386461
TC	0.126608
TG	0.0777517
TT	0.0753012
