kmer	count
sequence	0
AA	0.0520209
AC	0.104042
AG	0.083004
AT	0.0631774
CA	0.042777
CC	0.0842152
CG	0.00905266
CT	0.0603086
GA	0.0243529
GC	0.0587785
GG	0.043032
GT	0.0399719
TA	0.0311105
TC	0.137511
TG	0.0822389
TT	0.0844065
