kmer	count
sequence	0
AA	0.0504192
AC	0.0993851
AG	0.0822247
AT	0.0514813
CA	0.0319732
CC	0.103018
CG	0.0181107
CT	0.0519843
GA	0.024986
GC	0.0754053
GG	0.0497485
GT	0.036389
TA	0.0290106
TC	0.14019
TG	0.0806596
TT	0.075014
