kmer	count
sequence	0
AA	0.052903
AC	0.103993
AG	0.0791329
AT	0.0616463
CA	0.0347315
CC	0.0896088
CG	0.00934768
CT	0.0628148
GA	0.0238124
GC	0.0631371
GG	0.046134
GT	0.0449656
TA	0.0297756
TC	0.134534
TG	0.0809863
TT	0.0824771
