kmer	count
sequence	0
AA	0.0564482
AC	0.107247
AG	0.0717633
AT	0.0640221
CA	0.0382877
CC	0.0938154
CG	0.00828521
CT	0.0605908
GA	0.0248138
GC	0.0607582
GG	0.0423885
GT	0.0407984
TA	0.0338104
TC	0.140221
TG	0.0763662
TT	0.0803833
