kmer	count
sequence	0
AA	0.0537173
AC	0.108969
AG	0.0826107
AT	0.0580373
CA	0.0349663
CC	0.0877133
CG	0.00832681
CT	0.0573799
GA	0.0233839
GC	0.0629833
GG	0.041728
GT	0.0411332
TA	0.0310847
TC	0.144091
TG	0.0846768
TT	0.0791986
