kmer	count
sequence	0
AA	0.0492299
AC	0.0978261
AG	0.085348
AT	0.0510821
CA	0.030659
CC	0.0978748
CG	0.0188146
CT	0.0519107
GA	0.0210567
GC	0.0724313
GG	0.0511796
GT	0.0377267
TA	0.0292942
TC	0.149396
TG	0.0816436
TT	0.0745272
