kmer	count
sequence	0
AA	0.0516339
AC	0.10014
AG	0.0794613
AT	0.0550804
CA	0.0306357
CC	0.0996936
CG	0.0171688
CT	0.0546336
GA	0.0255297
GC	0.0745468
GG	0.0476768
GT	0.040337
TA	0.0293592
TC	0.140733
TG	0.0712918
TT	0.0820781
