kmer	count
sequence	0
AA	0.0503057
AC	0.111404
AG	0.0819437
AT	0.0581805
CA	0.0372429
CC	0.0869928
CG	0.0086159
CT	0.0552159
GA	0.0241801
GC	0.0607282
GG	0.0424773
GT	0.0396053
TA	0.0310821
TC	0.143228
TG	0.0890773
TT	0.0797202
