kmer	count
sequence	0
AA	0.0456625
AC	0.0992508
AG	0.0821372
AT	0.0533912
CA	0.0324527
CC	0.108399
CG	0.018612
CT	0.0552839
GA	0.0216877
GC	0.0766956
GG	0.0503943
GT	0.0397871
TA	0.026183
TC	0.141128
TG	0.0770505
TT	0.0718849
