kmer	count
sequence	0
AA	0.0549997
AC	0.111122
AG	0.0779389
AT	0.0591178
CA	0.0387652
CC	0.0865836
CG	0.00827037
CT	0.058267
GA	0.0243006
GC	0.0630658
GG	0.0412497
GT	0.0387993
TA	0.0309713
TC	0.144714
TG	0.0818869
TT	0.0799469
