kmer	count
sequence	0
AA	0.0444945
AC	0.0846607
AG	0.0588643
AT	0.0487361
CA	0.0624134
CC	0.106562
CG	0.0229398
CT	0.0572195
GA	0.0347992
GC	0.0641447
GG	0.0566136
GT	0.0334141
TA	0.0439751
TC	0.128116
TG	0.0842278
TT	0.0688193
