kmer	count
sequence	0
AA	0.05346
AC	0.109082
AG	0.08316
AT	0.0618636
CA	0.0355852
CC	0.0924669
CG	0.00933428
CT	0.0584693
GA	0.0243348
GC	0.0626574
GG	0.0441804
GT	0.0428665
TA	0.031096
TC	0.131255
TG	0.0809975
TT	0.0791908
