kmer	count
sequence	0
AA	0.0235538
AC	0.0672286
AG	0.0426891
AT	0.0370131
CA	0.106145
CC	0.127014
CG	0.0216505
CT	0.0520359
GA	0.0427911
GC	0.0513561
GG	0.0767793
GT	0.0291958
TA	0.0494528
TC	0.108388
TG	0.12059
TT	0.0441166
