kmer	count
sequence	0
AA	0.0414891
AC	0.0964527
AG	0.0811607
AT	0.0443094
CA	0.0305841
CC	0.117636
CG	0.0205565
CT	0.0515793
GA	0.022186
GC	0.0864252
GG	0.058348
GT	0.0384181
TA	0.022186
TC	0.147468
TG	0.0784031
TT	0.0627977
