kmer	count
sequence	0
AA	0.0511293
AC	0.0954517
AG	0.0826114
AT	0.0529858
CA	0.0266089
CC	0.105043
CG	0.0174814
CT	0.0539913
GA	0.0217358
GC	0.0753403
GG	0.0507426
GT	0.0374381
TA	0.0307859
TC	0.147819
TG	0.0745668
TT	0.0762686
