kmer	count
sequence	0
AA	0.0560409
AC	0.108788
AG	0.0874982
AT	0.0633443
CA	0.0325075
CC	0.0831543
CG	0.00906965
CT	0.0592868
GA	0.0226741
GC	0.0610053
GG	0.0419113
GT	0.0416249
TA	0.0308368
TC	0.135472
TG	0.0834885
TT	0.0832975
