kmer	count
sequence	0
AA	0.0541108
AC	0.111677
AG	0.0838508
AT	0.0592465
CA	0.035109
CC	0.0860918
CG	0.00957094
CT	0.0570055
GA	0.0224567
GC	0.0610206
GG	0.0415052
GT	0.0397311
TA	0.0321677
TC	0.14095
TG	0.0852047
TT	0.0803025
