kmer	count
sequence	0
AA	0.0588626
AC	0.109487
AG	0.0865444
AT	0.0631588
CA	0.0360971
CC	0.0858801
CG	0.00810524
CT	0.0550536
GA	0.0212153
GC	0.0580654
GG	0.0416777
GT	0.0391974
TA	0.0307822
TC	0.138232
TG	0.0845513
TT	0.0830897
