kmer	count
sequence	0
AA	0.0253829
AC	0.0638856
AG	0.0412338
AT	0.0343794
CA	0.086109
CC	0.129271
CG	0.0375924
CT	0.0659205
GA	0.0413945
GC	0.0766306
GG	0.0682767
GT	0.0303631
TA	0.0431616
TC	0.125843
TG	0.0812359
TT	0.0493199
