kmer	count
sequence	0
AA	0.0517595
AC	0.0939883
AG	0.084262
AT	0.0489736
CA	0.0327957
CC	0.1
CG	0.0195992
CT	0.0527859
GA	0.020088
GC	0.0741935
GG	0.0501466
GT	0.0372434
TA	0.0282991
TC	0.14868
TG	0.0811339
TT	0.0760508
