kmer	count
sequence	0
AA	0.0493803
AC	0.100939
AG	0.0812355
AT	0.0508327
CA	0.0333559
CC	0.101181
CG	0.0160728
CT	0.0564485
GA	0.0230442
GC	0.0771689
GG	0.048751
GT	0.0397463
TA	0.0292409
TC	0.142816
TG	0.0745062
TT	0.0752808
