kmer	count
sequence	0
AA	0.0532342
AC	0.11177
AG	0.0850116
AT	0.0601669
CA	0.0333145
CC	0.0900307
CG	0.00853253
CT	0.0521363
GA	0.0222724
GC	0.0642763
GG	0.0456741
GT	0.0392434
TA	0.029707
TC	0.142794
TG	0.0859213
TT	0.0759144
