kmer	count
sequence	0
AA	0.0551811
AC	0.108857
AG	0.0824467
AT	0.060689
CA	0.0338339
CC	0.0892546
CG	0.00875783
CT	0.056618
GA	0.0222709
GC	0.0623653
GG	0.040676
GT	0.0406076
TA	0.0300708
TC	0.146317
TG	0.0835757
TT	0.0784783
