kmer	count
sequence	0
AA	0.0506747
AC	0.0993963
AG	0.0824219
AT	0.0491122
CA	0.0322443
CC	0.109233
CG	0.0173651
CT	0.0512784
GA	0.0231889
GC	0.0754972
GG	0.053125
GT	0.0341974
TA	0.0272372
TC	0.146413
TG	0.0774858
TT	0.0711293
