kmer	count
sequence	0
AA	0.0438327
AC	0.0952268
AG	0.0840028
AT	0.0473181
CA	0.0288871
CC	0.114308
CG	0.0209712
CT	0.0539934
GA	0.0202032
GC	0.0852434
GG	0.0555293
GT	0.0342037
TA	0.0251654
TC	0.14538
TG	0.0795723
TT	0.0661626
