kmer	count
sequence	0
AA	0.0521115
AC	0.106118
AG	0.0822054
AT	0.0589695
CA	0.0370421
CC	0.0873489
CG	0.00803104
CT	0.0599621
GA	0.0224689
GC	0.0584281
GG	0.0440805
GT	0.0406515
TA	0.0304548
TC	0.144423
TG	0.0867623
TT	0.0809421
