kmer	count
sequence	0
AA	0.0524231
AC	0.0977836
AG	0.078491
AT	0.0539734
CA	0.0307189
CC	0.103583
CG	0.0161346
CT	0.0549495
GA	0.0233693
GC	0.0710266
GG	0.0533418
GT	0.0431213
TA	0.0265273
TC	0.142455
TG	0.0738401
TT	0.0782614
