kmer	count
sequence	0
AA	0.0530089
AC	0.111033
AG	0.0829295
AT	0.0592017
CA	0.0332862
CC	0.0920504
CG	0.00821217
CT	0.0555668
GA	0.0226508
GC	0.0618605
GG	0.0422052
GT	0.0398156
TA	0.0293148
TC	0.144521
TG	0.0825256
TT	0.0818188
