kmer	count
sequence	0
AA	0.0536022
AC	0.112823
AG	0.0763875
AT	0.0640469
CA	0.0394691
CC	0.0972079
CG	0.00803171
CT	0.0620131
GA	0.0249569
GC	0.0626336
GG	0.0392623
GT	0.0429507
TA	0.0273009
TC	0.136677
TG	0.0749397
TT	0.0776973
