kmer	count
sequence	0
AA	0.0504242
AC	0.111096
AG	0.0843909
AT	0.0597218
CA	0.036885
CC	0.0892772
CG	0.00950119
CT	0.0604683
GA	0.0224296
GC	0.0625721
GG	0.0433661
GT	0.0407533
TA	0.0271123
TC	0.137326
TG	0.0892772
TT	0.0753987
