kmer	count
sequence	0
AA	0.054581
AC	0.0993855
AG	0.0813966
AT	0.0640223
CA	0.0409497
CC	0.0864804
CG	0.0103911
CT	0.0601117
GA	0.027095
GC	0.0588827
GG	0.0430168
GT	0.0422905
TA	0.0334078
TC	0.130447
TG	0.0851397
TT	0.0824022
