kmer	count
sequence	0
AA	0.0502095
AC	0.0933731
AG	0.0841691
AT	0.0524946
CA	0.0325632
CC	0.104291
CG	0.0187889
CT	0.0570649
GA	0.0245652
GC	0.0707757
GG	0.0512251
GT	0.0399898
TA	0.0284372
TC	0.139076
TG	0.0742669
TT	0.0787102
