kmer	count
sequence	0
AA	0.0536475
AC	0.111593
AG	0.0878157
AT	0.0580859
CA	0.0336398
CC	0.0886611
CG	0.00954595
CT	0.0517806
GA	0.0213463
GC	0.0602698
GG	0.042446
GT	0.0373736
TA	0.0308922
TC	0.148825
TG	0.0855261
TT	0.0785516
