kmer	count
sequence	0
AA	0.0438017
AC	0.0971562
AG	0.0781388
AT	0.0515936
CA	0.0334566
CC	0.110407
CG	0.0193696
CT	0.0555115
GA	0.022275
GC	0.0775665
GG	0.0539267
GT	0.0374186
TA	0.0258848
TC	0.144216
TG	0.0768621
TT	0.0724159
