kmer	count
sequence	0
AA	0.0491143
AC	0.0957595
AG	0.0807837
AT	0.0516908
CA	0.0323671
CC	0.105582
CG	0.0185722
CT	0.0519592
GA	0.0246914
GC	0.0738057
GG	0.0564144
GT	0.03489
TA	0.0278583
TC	0.141331
TG	0.0800322
TT	0.0751476
