kmer	count
sequence	0
AA	0.0532257
AC	0.107567
AG	0.0811993
AT	0.0630856
CA	0.0371643
CC	0.0896761
CG	0.00990452
CT	0.0571518
GA	0.0226644
GC	0.0638886
GG	0.0445257
GT	0.0432319
TA	0.029892
TC	0.128759
TG	0.0869992
TT	0.0810654
