kmer	count
sequence	0
AA	0.05098
AC	0.100083
AG	0.077721
AT	0.0556714
CA	0.0335696
CC	0.103941
CG	0.0170976
CT	0.0560363
GA	0.0246038
GC	0.0739158
GG	0.050146
GT	0.0352898
TA	0.030025
TC	0.140325
TG	0.0775646
TT	0.0730296
