kmer	count
sequence	0
AA	0.0482615
AC	0.0989395
AG	0.079071
AT	0.0568533
CA	0.031078
CC	0.110082
CG	0.0147
CT	0.0547725
GA	0.0224191
GC	0.0682642
GG	0.0527588
GT	0.0378574
TA	0.025641
TC	0.142368
TG	0.0807491
TT	0.0761847
