kmer	count
sequence	0
AA	0.0509253
AC	0.0924662
AG	0.0809161
AT	0.0510566
CA	0.0341908
CC	0.101457
CG	0.0168657
CT	0.0578816
GA	0.0234283
GC	0.0712036
GG	0.0522378
GT	0.0383252
TA	0.0292033
TC	0.145098
TG	0.0790786
TT	0.0756661
