kmer	count
sequence	0
AA	0.0490323
AC	0.0997758
AG	0.0800094
AT	0.0538707
CA	0.0303281
CC	0.10308
CG	0.0172292
CT	0.058591
GA	0.0247817
GC	0.0784163
GG	0.0514515
GT	0.0388836
TA	0.0267878
TC	0.143262
TG	0.0726929
TT	0.0718079
