kmer	count
sequence	0
AA	0.0480875
AC	0.0942488
AG	0.0808338
AT	0.0540039
CA	0.0306136
CC	0.0990644
CG	0.0186434
CT	0.0531095
GA	0.023115
GC	0.0703082
GG	0.0501513
GT	0.0372867
TA	0.0319895
TC	0.145363
TG	0.0853054
TT	0.0778756
