kmer	count
sequence	0
AA	0.053439
AC	0.110178
AG	0.0848357
AT	0.0562963
CA	0.0335737
CC	0.0898701
CG	0.00908225
CT	0.0580992
GA	0.0217022
GC	0.0624192
GG	0.0441867
GT	0.0424519
TA	0.0294578
TC	0.137186
TG	0.0874889
TT	0.0797333
