kmer	count
sequence	0
AA	0.0487162
AC	0.101875
AG	0.0749567
AT	0.0502221
CA	0.0326406
CC	0.111964
CG	0.0170168
CT	0.0554175
GA	0.0221369
GC	0.0771779
GG	0.0462691
GT	0.037196
TA	0.0272193
TC	0.146375
TG	0.074279
TT	0.0765379
