kmer	count
sequence	0
AA	0.0356999
AC	0.0714669
AG	0.052342
AT	0.0447591
CA	0.0991142
CC	0.106697
CG	0.0164407
CT	0.0564354
GA	0.0426788
GC	0.0530801
GG	0.0622064
GT	0.0324789
TA	0.0536841
TC	0.117501
TG	0.0976379
TT	0.0577775
