kmer	count
sequence	0
AA	0.0486273
AC	0.0968653
AG	0.081727
AT	0.0519373
CA	0.033197
CC	0.103339
CG	0.0172313
CT	0.0538357
GA	0.0236565
GC	0.076178
GG	0.0505744
GT	0.0370911
TA	0.0279887
TC	0.143594
TG	0.077979
TT	0.076178
