kmer	count
sequence	0
AA	0.0512316
AC	0.107638
AG	0.0839035
AT	0.0629918
CA	0.0349812
CC	0.085272
CG	0.00992131
CT	0.0587154
GA	0.0236059
GC	0.0615806
GG	0.0420801
GT	0.0413958
TA	0.0303626
TC	0.137102
TG	0.0856141
TT	0.0836042
