kmer	count
sequence	0
AA	0.0525076
AC	0.11102
AG	0.0803682
AT	0.0600633
CA	0.0352778
CC	0.091527
CG	0.0085192
CT	0.0581959
GA	0.0232282
GC	0.0650983
GG	0.0419757
GT	0.040227
TA	0.0290946
TC	0.141791
TG	0.0811073
TT	0.0799987
