kmer	count
sequence	0
AA	0.0457674
AC	0.0946047
AG	0.0847442
AT	0.0459535
CA	0.0295814
CC	0.10186
CG	0.0194884
CT	0.0565116
GA	0.0236744
GC	0.0718605
GG	0.0564186
GT	0.0370698
TA	0.0306047
TC	0.142791
TG	0.0817674
TT	0.0773023
