kmer	count
sequence	0
AA	0.0456064
AC	0.096833
AG	0.0783018
AT	0.0524037
CA	0.0345941
CC	0.108035
CG	0.0191008
CT	0.0560872
GA	0.0240753
GC	0.0764031
GG	0.0503532
GT	0.0380497
TA	0.0291638
TC	0.139971
TG	0.0793651
TT	0.0716564
