kmer	count
sequence	0
AA	0.0497999
AC	0.0957092
AG	0.0853713
AT	0.0581369
CA	0.0293464
CC	0.106158
CG	0.0193419
CT	0.0556914
GA	0.0221209
GC	0.0743664
GG	0.0474655
GT	0.0442419
TA	0.0280124
TC	0.137394
TG	0.0725878
TT	0.0742552
