kmer	count
sequence	0
AA	0.0531694
AC	0.106527
AG	0.0835453
AT	0.0609871
CA	0.0358387
CC	0.0857116
CG	0.00894791
CT	0.0598097
GA	0.0236413
GC	0.0605162
GG	0.0417255
GT	0.0416313
TA	0.028963
TC	0.137892
TG	0.0874541
TT	0.0836394
