kmer	count
sequence	0
AA	0.0512178
AC	0.10494
AG	0.0859959
AT	0.0604677
CA	0.0335259
CC	0.0882175
CG	0.00896716
CT	0.0582058
GA	0.0217312
GC	0.0576403
GG	0.0437452
GT	0.0397059
TA	0.0289615
TC	0.140809
TG	0.0889041
TT	0.0869653
