kmer	count
sequence	0
AA	0.0527003
AC	0.103168
AG	0.0738057
AT	0.0628107
CA	0.0403572
CC	0.0865279
CG	0.00956273
CT	0.0579661
GA	0.0280142
GC	0.0668548
GG	0.0478136
GT	0.041958
TA	0.0328587
TC	0.132867
TG	0.0839161
TT	0.0788188
