kmer	count
sequence	0
AA	0.0543114
AC	0.109168
AG	0.0803137
AT	0.0620701
CA	0.0381647
CC	0.0850948
CG	0.00842979
CT	0.0587569
GA	0.0242409
GC	0.061483
GG	0.0420651
GT	0.0382906
TA	0.0314545
TC	0.141419
TG	0.0822429
TT	0.0824945
