kmer	count
sequence	0
AA	0.0462716
AC	0.10065
AG	0.0752672
AT	0.049247
CA	0.031121
CC	0.112673
CG	0.0178528
CT	0.0493988
GA	0.024411
GC	0.078273
GG	0.0503401
GT	0.0363432
TA	0.0260505
TC	0.150868
TG	0.0778783
TT	0.0733544
