kmer	count
sequence	0
AA	0.0538169
AC	0.110157
AG	0.0847802
AT	0.0623393
CA	0.0364545
CC	0.0917473
CG	0.00891922
CT	0.0576734
GA	0.0240755
GC	0.0623076
GG	0.0424218
GT	0.0420092
TA	0.0301063
TC	0.13336
TG	0.0834788
TT	0.076353
