kmer	count
sequence	0
AA	0.0500521
AC	0.103167
AG	0.0798873
AT	0.0645102
CA	0.0389022
CC	0.0889542
CG	0.00937328
CT	0.0622435
GA	0.0238314
GC	0.0610795
GG	0.0447222
GT	0.0435582
TA	0.0297127
TC	0.133186
TG	0.0871163
TT	0.0797035
