kmer	count
sequence	0
AA	0.0521167
AC	0.106303
AG	0.0843838
AT	0.0562088
CA	0.0370179
CC	0.0862183
CG	0.00959548
CT	0.0574788
GA	0.0239887
GC	0.0609125
GG	0.046143
GT	0.0380056
TA	0.0305738
TC	0.141016
TG	0.0879586
TT	0.082079
