kmer	count
sequence	0
AA	0.0488861
AC	0.10121
AG	0.0756326
AT	0.0543867
CA	0.0311469
CC	0.105886
CG	0.0174642
CT	0.0539741
GA	0.0246837
GC	0.0770765
GG	0.050055
GT	0.0366474
TA	0.0301843
TC	0.147277
TG	0.0719884
TT	0.0735011
