kmer	count
sequence	0
AA	0.0466967
AC	0.0939969
AG	0.0724868
AT	0.0443371
CA	0.0388499
CC	0.112818
CG	0.0184921
CT	0.0562994
GA	0.0270522
GC	0.0801141
GG	0.0511962
GT	0.0395083
TA	0.0280948
TC	0.149473
TG	0.0706212
TT	0.0699627
