kmer	count
sequence	0
AA	0.0530706
AC	0.108316
AG	0.0889688
AT	0.0599929
CA	0.0339013
CC	0.0845314
CG	0.00878594
CT	0.0550231
GA	0.0240504
GC	0.0600816
GG	0.0436191
GT	0.0373181
TA	0.0306177
TC	0.144347
TG	0.090655
TT	0.0767217
