kmer	count
sequence	0
AA	0.0518017
AC	0.109688
AG	0.085031
AT	0.0584158
CA	0.0373036
CC	0.0884174
CG	0.00915392
CT	0.0547648
GA	0.0237579
GC	0.0592095
GG	0.0440235
GT	0.0393672
TA	0.030372
TC	0.139743
TG	0.0889994
TT	0.0799513
