kmer	count
sequence	0
AA	0.046084
AC	0.0950985
AG	0.07909
AT	0.0490146
CA	0.034215
CC	0.110521
CG	0.0183896
CT	0.0531907
GA	0.0258261
GC	0.0784673
GG	0.0522016
GT	0.0351674
TA	0.0277676
TC	0.145102
TG	0.0770752
TT	0.0727892
