kmer	count
sequence	0
AA	0.0531713
AC	0.106042
AG	0.0862269
AT	0.0582407
CA	0.0356019
CC	0.0904167
CG	0.00828704
CT	0.0563426
GA	0.0247454
GC	0.0646065
GG	0.0474074
GT	0.0404861
TA	0.0293981
TC	0.13456
TG	0.0870833
TT	0.0773843
