kmer	count
sequence	0
AA	0.0510271
AC	0.098386
AG	0.0780486
AT	0.0473997
CA	0.029956
CC	0.109757
CG	0.0160988
CT	0.0514754
GA	0.0211933
GC	0.0785784
GG	0.0498859
GT	0.0352136
TA	0.0273883
TC	0.154834
TG	0.0756847
TT	0.0750734
