kmer	count
sequence	0
AA	0.0526732
AC	0.11586
AG	0.0735638
AT	0.0598887
CA	0.0348062
CC	0.0953134
CG	0.00752474
CT	0.0578271
GA	0.0222993
GC	0.0676539
GG	0.0368334
GT	0.0405099
TA	0.0292743
TC	0.149258
TG	0.0737012
TT	0.0830126
