kmer	count
sequence	0
AA	0.0399018
AC	0.089494
AG	0.0682277
AT	0.0487591
CA	0.0543717
CC	0.119091
CG	0.0253442
CT	0.0579234
GA	0.0308691
GC	0.0777427
GG	0.0576603
GT	0.0408226
TA	0.0319214
TC	0.12352
TG	0.0760326
TT	0.058318
