kmer	count
sequence	0
AA	0.0489496
AC	0.0937114
AG	0.0800494
AT	0.0574626
CA	0.0313744
CC	0.0992036
CG	0.0184677
CT	0.0562268
GA	0.0231361
GC	0.070644
GG	0.0527942
GT	0.0378278
TA	0.0298641
TC	0.136345
TG	0.082315
TT	0.0816284
