kmer	count
sequence	0
AA	0.0479303
AC	0.0983115
AG	0.0791394
AT	0.053976
CA	0.0316449
CC	0.105174
CG	0.0166122
CT	0.0506536
GA	0.022658
GC	0.0744009
GG	0.0496732
GT	0.0403595
TA	0.0289216
TC	0.143464
TG	0.0778322
TT	0.0792484
