kmer	count
sequence	0
AA	0.0513117
AC	0.095963
AG	0.0863124
AT	0.0542341
CA	0.0310589
CC	0.0982058
CG	0.0159032
CT	0.0499524
GA	0.0251461
GC	0.0731956
GG	0.054302
GT	0.0354085
TA	0.0270491
TC	0.143537
TG	0.0793122
TT	0.0791083
