kmer	count
sequence	0
AA	0.0549425
AC	0.111609
AG	0.0770977
AT	0.0666954
CA	0.0372414
CC	0.0912644
CG	0.00810345
CT	0.0608046
GA	0.0246839
GC	0.0606322
GG	0.0400575
GT	0.044569
TA	0.0299713
TC	0.135287
TG	0.0752874
TT	0.0817529
