kmer	count
sequence	0
AA	0.0487994
AC	0.0981638
AG	0.0805085
AT	0.0527542
CA	0.0325565
CC	0.10339
CG	0.0155367
CT	0.0536723
GA	0.0214689
GC	0.0753531
GG	0.0517655
GT	0.0379237
TA	0.0278249
TC	0.144703
TG	0.0842514
TT	0.0713277
