kmer	count
sequence	0
AA	0.0476522
AC	0.0983806
AG	0.0833769
AT	0.0495676
CA	0.0305589
CC	0.102734
CG	0.018051
CT	0.0516281
GA	0.0229265
GC	0.0757444
GG	0.0539788
GT	0.0359278
TA	0.0271635
TC	0.146526
TG	0.0817807
TT	0.0740031
