kmer	count
sequence	0
AA	0.049886
AC	0.0967912
AG	0.0789497
AT	0.0534368
CA	0.0326583
CC	0.106917
CG	0.0163072
CT	0.0538752
GA	0.0218745
GC	0.0807908
GG	0.0473435
GT	0.0346747
TA	0.0284499
TC	0.15185
TG	0.0732071
TT	0.0729879
