kmer	count
sequence	0
AA	0.0459888
AC	0.10373
AG	0.0632345
AT	0.0577414
CA	0.0316811
CC	0.106796
CG	0.0147547
CT	0.051418
GA	0.0249106
GC	0.0779254
GG	0.0498212
GT	0.0388988
TA	0.0300204
TC	0.148889
TG	0.0776699
TT	0.0765202
