kmer	count
sequence	0
AA	0.0520013
AC	0.104679
AG	0.0752367
AT	0.06716
CA	0.0364447
CC	0.0927031
CG	0.00827564
CT	0.0676772
GA	0.0279303
GC	0.0655686
GG	0.0439644
GT	0.0496936
TA	0.0256624
TC	0.127437
TG	0.0744012
TT	0.081165
