kmer	count
sequence	0
AA	0.0503893
AC	0.0980591
AG	0.0796097
AT	0.0541751
CA	0.0320998
CC	0.106377
CG	0.0175429
CT	0.0586008
GA	0.0239949
GC	0.0739042
GG	0.0480964
GT	0.0351392
TA	0.0264477
TC	0.141463
TG	0.0753439
TT	0.0787565
