kmer	count
sequence	0
AA	0.0589787
AC	0.100511
AG	0.0822553
AT	0.0623404
CA	0.0377872
CC	0.082766
CG	0.00940426
CT	0.0581702
GA	0.0251915
GC	0.0570638
GG	0.0453617
GT	0.042
TA	0.0329362
TC	0.136298
TG	0.0843404
TT	0.0845957
