kmer	count
sequence	0
AA	0.0527711
AC	0.106991
AG	0.0816839
AT	0.065743
CA	0.0350629
CC	0.091722
CG	0.00972006
CT	0.0624205
GA	0.0224799
GC	0.0633395
GG	0.0420967
GT	0.0431217
TA	0.0279938
TC	0.133607
TG	0.0803761
TT	0.0808709
