kmer	count
sequence	0
AA	0.0519408
AC	0.112631
AG	0.0814111
AT	0.0621619
CA	0.0329701
CC	0.0911549
CG	0.00914731
CT	0.0573099
GA	0.0246977
GC	0.0608495
GG	0.0463729
GT	0.0417197
TA	0.0293509
TC	0.134903
TG	0.084036
TT	0.079343
