kmer	count
sequence	0
AA	0.0251665
AC	0.062793
AG	0.0505798
AT	0.0317666
CA	0.093696
CC	0.124661
CG	0.042191
CT	0.0388601
GA	0.0431779
GC	0.056563
GG	0.0869109
GT	0.0262768
TA	0.0532322
TC	0.104367
TG	0.119911
TT	0.039847
