kmer	count
sequence	0
AA	0.0489819
AC	0.109007
AG	0.0821782
AT	0.0545865
CA	0.0387013
CC	0.0967368
CG	0.00865557
CT	0.0557803
GA	0.0227499
GC	0.0652981
GG	0.0461299
GT	0.039862
TA	0.0289845
TC	0.144094
TG	0.0838363
TT	0.074418
