kmer	count
sequence	0
AA	0.0483803
AC	0.109129
AG	0.0759361
AT	0.0620109
CA	0.036138
CC	0.0880522
CG	0.00954985
CT	0.0596971
GA	0.0236432
GC	0.0618427
GG	0.0424485
GT	0.0416071
TA	0.0313841
TC	0.14106
TG	0.0880942
TT	0.0810265
