kmer	count
sequence	0
AA	0.0321763
AC	0.0962757
AG	0.0523182
AT	0.0617558
CA	0.0295794
CC	0.10888
CG	0.0148214
CT	0.0603623
GA	0.0217254
GC	0.0751837
GG	0.046681
GT	0.0426273
TA	0.028946
TC	0.152584
TG	0.0840512
TT	0.0920319
