kmer	count
sequence	0
AA	0.0513733
AC	0.107436
AG	0.0863241
AT	0.0572308
CA	0.0373752
CC	0.0900757
CG	0.00929072
CT	0.0540454
GA	0.0229171
GC	0.0651589
GG	0.047073
GT	0.0395165
TA	0.0292525
TC	0.137113
TG	0.0899696
TT	0.0758477
