kmer	count
sequence	0
AA	0.0471109
AC	0.100633
AG	0.0798977
AT	0.0458124
CA	0.0342477
CC	0.106395
CG	0.0187875
CT	0.0503165
GA	0.0258075
GC	0.0734459
GG	0.051899
GT	0.0329898
TA	0.0301899
TC	0.152289
TG	0.0804253
TT	0.0697533
