kmer	count
sequence	0
AA	0.0514186
AC	0.107491
AG	0.0912577
AT	0.0572641
CA	0.0384243
CC	0.0883163
CG	0.010239
CT	0.0545461
GA	0.0235312
GC	0.0608757
GG	0.0492963
GT	0.0410678
TA	0.0282225
TC	0.127895
TG	0.0947948
TT	0.0753593
