kmer	count
sequence	0
AA	0.0527034
AC	0.1073
AG	0.0868704
AT	0.0623899
CA	0.0317453
CC	0.0834361
CG	0.00898204
CT	0.0525713
GA	0.0230275
GC	0.0604526
GG	0.0411236
GT	0.0404192
TA	0.0330662
TC	0.140498
TG	0.0866502
TT	0.0887636
