kmer	count
sequence	0
AA	0.0475661
AC	0.110916
AG	0.06566
AT	0.0666866
CA	0.0375567
CC	0.0970143
CG	0.00718624
CT	0.0553512
GA	0.0250663
GC	0.0621952
GG	0.0425186
GT	0.0417914
TA	0.0333219
TC	0.141586
TG	0.0849089
TT	0.0806741
