kmer	count
sequence	0
AA	0.0534183
AC	0.109397
AG	0.0771348
AT	0.0634362
CA	0.0382473
CC	0.0923697
CG	0.00732941
CT	0.0556907
GA	0.0244527
GC	0.0644284
GG	0.0422481
GT	0.0396876
TA	0.0297657
TC	0.139227
TG	0.0799834
TT	0.083184
