kmer	count
sequence	0
AA	0.0470151
AC	0.101802
AG	0.072716
AT	0.0525939
CA	0.0300877
CC	0.111911
CG	0.0175949
CT	0.0598417
GA	0.0236029
GC	0.0795346
GG	0.0493515
GT	0.041913
TA	0.0246519
TC	0.14157
TG	0.0705703
TT	0.0752432
