kmer	count
sequence	0
AA	0.0505831
AC	0.102739
AG	0.0727297
AT	0.0508452
CA	0.0347268
CC	0.106343
CG	0.0163806
CT	0.0553663
GA	0.023457
GC	0.0796095
GG	0.0471105
GT	0.0353165
TA	0.0285677
TC	0.146049
TG	0.0727952
TT	0.0773817
