kmer	count
sequence	0
AA	0.0471276
AC	0.0983832
AG	0.081642
AT	0.0586515
CA	0.0319917
CC	0.105607
CG	0.0169705
CT	0.0601422
GA	0.0260865
GC	0.0712648
GG	0.0501089
GT	0.0416237
TA	0.0260291
TC	0.130432
TG	0.0731567
TT	0.080782
