kmer	count
sequence	0
AA	0.0436554
AC	0.097389
AG	0.0793946
AT	0.051555
CA	0.0326293
CC	0.120805
CG	0.0209047
CT	0.0588891
GA	0.0232829
GC	0.0838517
GG	0.0541493
GT	0.0400466
TA	0.0224347
TC	0.132014
TG	0.0738733
TT	0.0651256
