kmer	count
sequence	0
AA	0.0557463
AC	0.107181
AG	0.0797466
AT	0.0672314
CA	0.0337302
CC	0.0861951
CG	0.0078602
CT	0.0606303
GA	0.0223214
GC	0.0592186
GG	0.0426587
GT	0.0422772
TA	0.0298001
TC	0.137553
TG	0.0824557
TT	0.0853938
