kmer	count
sequence	0
AA	0.0481922
AC	0.0976281
AG	0.079284
AT	0.0552989
CA	0.0322466
CC	0.111397
CG	0.0172781
CT	0.0586302
GA	0.024829
GC	0.0780847
GG	0.0505463
GT	0.0426846
TA	0.0267833
TC	0.134716
TG	0.0725771
TT	0.0698232
