kmer	count
sequence	0
AA	0.0439934
AC	0.092651
AG	0.0759486
AT	0.0489726
CA	0.0392033
CC	0.100592
CG	0.0194126
CT	0.056599
GA	0.0257784
GC	0.0719778
GG	0.0560948
GT	0.0371234
TA	0.0301273
TC	0.139355
TG	0.08597
TT	0.0762007
