kmer	count
sequence	0
AA	0.0489343
AC	0.100696
AG	0.0908003
AT	0.0639408
CA	0.0367551
CC	0.0835146
CG	0.00782949
CT	0.057525
GA	0.0216398
GC	0.0598086
GG	0.0450196
GT	0.042301
TA	0.0282732
TC	0.129404
TG	0.0947151
TT	0.088843
