kmer	count
sequence	0
AA	0.0513344
AC	0.103275
AG	0.0811094
AT	0.0514446
CA	0.0274592
CC	0.0959969
CG	0.014667
CT	0.0518858
GA	0.0205668
GC	0.0818813
GG	0.0451588
GT	0.0370534
TA	0.028176
TC	0.158249
TG	0.0757058
TT	0.0760366
