kmer	count
sequence	0
AA	0.0541834
AC	0.112538
AG	0.0771407
AT	0.0601676
CA	0.0368839
CC	0.0958909
CG	0.00754361
CT	0.0555253
GA	0.0239727
GC	0.0633591
GG	0.0407282
GT	0.0415624
TA	0.0313713
TC	0.14195
TG	0.0771407
TT	0.0800421
