kmer	count
sequence	0
AA	0.0513612
AC	0.111099
AG	0.08123
AT	0.0554668
CA	0.0341398
CC	0.0937397
CG	0.0083765
CT	0.0557423
GA	0.0234762
GC	0.0659925
GG	0.0414967
GT	0.0405875
TA	0.0303097
TC	0.145018
TG	0.0826904
TT	0.0792737
