kmer	count
sequence	0
AA	0.0483468
AC	0.104485
AG	0.0811607
AT	0.0502947
CA	0.0313156
CC	0.110429
CG	0.0183798
CT	0.0529418
GA	0.0244231
GC	0.0764159
GG	0.0516931
GT	0.0387074
TA	0.0262711
TC	0.135601
TG	0.0783638
TT	0.0711717
