kmer	count
sequence	0
AA	0.0477831
AC	0.094955
AG	0.0830092
AT	0.0509501
CA	0.0307812
CC	0.105234
CG	0.0193355
CT	0.0565618
GA	0.0213913
GC	0.0762863
GG	0.054895
GT	0.038282
TA	0.0246694
TC	0.135126
TG	0.0820091
TT	0.078731
