kmer	count
sequence	0
AA	0.0495289
AC	0.111196
AG	0.0791529
AT	0.0663356
CA	0.035014
CC	0.0910364
CG	0.00814871
CT	0.0629403
GA	0.024531
GC	0.0607758
GG	0.0414651
GT	0.042611
TA	0.0270351
TC	0.135472
TG	0.0800441
TT	0.0847127
