kmer	count
sequence	0
AA	0.0453704
AC	0.0979718
AG	0.0758377
AT	0.0476631
CA	0.0345238
CC	0.110626
CG	0.0190035
CT	0.0567019
GA	0.0248236
GC	0.079806
GG	0.0539242
GT	0.0383598
TA	0.0272487
TC	0.138933
TG	0.0791887
TT	0.0700176
