kmer	count
sequence	0
AA	0.0529901
AC	0.0992842
AG	0.0843916
AT	0.057377
CA	0.043408
CC	0.0839298
CG	0.0107366
CT	0.053221
GA	0.0270145
GC	0.0604941
GG	0.0496421
GT	0.0437543
TA	0.0317479
TC	0.129762
TG	0.0875087
TT	0.0847379
