kmer	count
sequence	0
AA	0.0493622
AC	0.0885597
AG	0.0817167
AT	0.0588626
CA	0.0350784
CC	0.100452
CG	0.0199973
CT	0.0538799
GA	0.0251129
GC	0.075206
GG	0.0534148
GT	0.0379352
TA	0.0270396
TC	0.136128
TG	0.0795908
TT	0.0776641
