kmer	count
sequence	0
AA	0.0478919
AC	0.0998237
AG	0.0841413
AT	0.0514544
CA	0.0325768
CC	0.110658
CG	0.0192082
CT	0.0535845
GA	0.022183
GC	0.0780079
GG	0.0542824
GT	0.0363596
TA	0.0268474
TC	0.137946
TG	0.0767225
TT	0.068312
