kmer	count
sequence	0
AA	0.0480617
AC	0.0960245
AG	0.0840585
AT	0.0472211
CA	0.0317445
CC	0.10443
CG	0.0175534
CT	0.053303
GA	0.0234869
GC	0.0766911
GG	0.0532041
GT	0.0382714
TA	0.0256626
TC	0.1429
TG	0.080004
TT	0.0773833
