kmer	count
sequence	0
AA	0.0480733
AC	0.104151
AG	0.0741344
AT	0.0521221
CA	0.0309475
CC	0.113505
CG	0.0162416
CT	0.0533321
GA	0.0224311
GC	0.0783693
GG	0.0454207
GT	0.034624
TA	0.0270849
TC	0.156273
TG	0.0685499
TT	0.0747394
