kmer	count
sequence	0
AA	0.0468646
AC	0.0953865
AG	0.0772902
AT	0.0530956
CA	0.0340713
CC	0.0987008
CG	0.0182951
CT	0.0552168
GA	0.0224712
GC	0.070065
GG	0.0513721
GT	0.0399045
TA	0.0265809
TC	0.150802
TG	0.0804057
TT	0.0794777
