kmer	count
sequence	0
AA	0.0380181
AC	0.107231
AG	0.0536153
AT	0.0706959
CA	0.0331864
CC	0.0945156
CG	0.00771383
CT	0.0661185
GA	0.0206408
GC	0.0714588
GG	0.0372552
GT	0.0451386
TA	0.0260236
TC	0.154912
TG	0.0779012
TT	0.0955751
