kmer	count
sequence	0
AA	0.0500329
AC	0.0983275
AG	0.0826365
AT	0.0493752
CA	0.0287513
CC	0.0954618
CG	0.0163018
CT	0.0502208
GA	0.0225031
GC	0.0716433
GG	0.0485295
GT	0.0349526
TA	0.0298788
TC	0.158931
TG	0.0846566
TT	0.0777976
