kmer	count
sequence	0
AA	0.0437357
AC	0.0963517
AG	0.0876193
AT	0.0501739
CA	0.0329683
CC	0.110079
CG	0.0186857
CT	0.0573522
GA	0.0245319
GC	0.0811071
GG	0.0576482
GT	0.0385925
TA	0.025272
TC	0.126397
TG	0.079442
TT	0.0700437
