kmer	count
sequence	0
AA	0.0544062
AC	0.105764
AG	0.0842044
AT	0.0621008
CA	0.0329922
CC	0.0872895
CG	0.00827526
CT	0.0598142
GA	0.0235555
GC	0.0610482
GG	0.0399245
GT	0.0417393
TA	0.0289271
TC	0.140825
TG	0.0831882
TT	0.0859466
