kmer	count
sequence	0
AA	0.051112
AC	0.11052
AG	0.067525
AT	0.0708551
CA	0.0390699
CC	0.100589
CG	0.00844434
CT	0.0734122
GA	0.0260764
GC	0.0682683
GG	0.0399917
GT	0.0513499
TA	0.0257493
TC	0.11715
TG	0.0712714
TT	0.0786156
