kmer	count
sequence	0
AA	0.0483454
AC	0.102084
AG	0.0823165
AT	0.0615482
CA	0.0385103
CC	0.0907848
CG	0.009713
CT	0.0707975
GA	0.0257712
GC	0.0650625
GG	0.0471984
GT	0.0445627
TA	0.025698
TC	0.126025
TG	0.0802665
TT	0.0813159
