kmer	count
sequence	0
AA	0.0517622
AC	0.0988588
AG	0.0796293
AT	0.0639304
CA	0.0399723
CC	0.0907257
CG	0.0096463
CT	0.0614715
GA	0.0242103
GC	0.0569951
GG	0.0459618
GT	0.042242
TA	0.0329109
TC	0.134607
TG	0.0841687
TT	0.0829078
