kmer	count
sequence	0
AA	0.0545122
AC	0.105124
AG	0.0831648
AT	0.0610132
CA	0.038043
CC	0.0905326
CG	0.00963113
CT	0.0576423
GA	0.0250409
GC	0.0560532
GG	0.0460368
GT	0.0379948
TA	0.0298565
TC	0.13628
TG	0.0876433
TT	0.0814312
