kmer	count
sequence	0
AA	0.0457791
AC	0.0862025
AG	0.0683499
AT	0.0524101
CA	0.0396583
CC	0.100931
CG	0.0167049
CT	0.0485845
GA	0.0246748
GC	0.0764473
GG	0.0540041
GT	0.037618
TA	0.0358327
TC	0.145052
TG	0.0904106
TT	0.07734
