kmer	count
sequence	0
AA	0.0480594
AC	0.0984399
AG	0.0788813
AT	0.0501522
CA	0.029414
CC	0.106963
CG	0.0187595
CT	0.0568874
GA	0.0231355
GC	0.0792237
GG	0.0512557
GT	0.039003
TA	0.0243151
TC	0.14083
TG	0.0800609
TT	0.0746195
