kmer	count
sequence	0
AA	0.0488791
AC	0.103093
AG	0.0826687
AT	0.0476396
CA	0.0339513
CC	0.102986
CG	0.0186463
CT	0.0460228
GA	0.0251132
GC	0.0732378
GG	0.0541604
GT	0.0349213
TA	0.0279155
TC	0.147068
TG	0.084986
TT	0.0687109
