kmer	count
sequence	0
AA	0.052454
AC	0.103944
AG	0.0781506
AT	0.0514897
CA	0.0334105
CC	0.102112
CG	0.0162472
CT	0.0509594
GA	0.0239128
GC	0.0756436
GG	0.0470061
GT	0.0378941
TA	0.0297464
TC	0.14608
TG	0.0776685
TT	0.0732813
