kmer	count
sequence	0
AA	0.0516615
AC	0.110225
AG	0.0799478
AT	0.0562546
CA	0.0387357
CC	0.0954504
CG	0.00926979
CT	0.0550917
GA	0.0246804
GC	0.0659678
GG	0.0458135
GT	0.0370875
TA	0.0290727
TC	0.143096
TG	0.0850512
TT	0.0725939
