kmer	count
sequence	0
AA	0.0467368
AC	0.0972577
AG	0.0844309
AT	0.0510615
CA	0.0320425
CC	0.107971
CG	0.0184785
CT	0.0542559
GA	0.0221643
GC	0.0771083
GG	0.0528307
GT	0.034598
TA	0.0276194
TC	0.144584
TG	0.0780912
TT	0.0707686
