kmer	count
sequence	0
AA	0.050422
AC	0.10058
AG	0.0836997
AT	0.0483559
CA	0.0290135
CC	0.105504
CG	0.0163531
CT	0.0527079
GA	0.0222437
GC	0.075611
GG	0.049323
GT	0.0364428
TA	0.0276947
TC	0.149288
TG	0.0790399
TT	0.0737208
