kmer	count
sequence	0
AA	0.0503223
AC	0.101383
AG	0.078958
AT	0.0522022
CA	0.031657
CC	0.104035
CG	0.0172217
CT	0.0544179
GA	0.0209816
GC	0.0745938
GG	0.049013
GT	0.0381026
TA	0.0292735
TC	0.147576
TG	0.0762052
TT	0.0740567
