kmer	count
sequence	0
AA	0.04814
AC	0.0946389
AG	0.0890591
AT	0.0462801
CA	0.028884
CC	0.1
CG	0.0191466
CT	0.0554705
GA	0.0246171
GC	0.0675055
GG	0.0598468
GT	0.0380744
TA	0.0293217
TC	0.142998
TG	0.0820569
TT	0.0739606
