kmer	count
sequence	0
AA	0.0525916
AC	0.109888
AG	0.0812021
AT	0.061281
CA	0.0341884
CC	0.089512
CG	0.00842377
CT	0.0574865
GA	0.0214768
GC	0.0609775
GG	0.0441679
GT	0.0395765
TA	0.0315322
TC	0.137892
TG	0.0852243
TT	0.0845792
