kmer	count
sequence	0
AA	0.0497509
AC	0.103272
AG	0.0813249
AT	0.0560118
CA	0.0291504
CC	0.0962704
CG	0.017773
CT	0.0563485
GA	0.0239666
GC	0.0705534
GG	0.0449711
GT	0.0385081
TA	0.0276693
TC	0.1473
TG	0.0771509
TT	0.0799785
