kmer	count
sequence	0
AA	0.0431034
AC	0.0915948
AG	0.0865148
AT	0.0508005
CA	0.0340209
CC	0.0985222
CG	0.0206281
CT	0.0515702
GA	0.02617
GC	0.0689655
GG	0.054803
GT	0.03633
TA	0.0281712
TC	0.144704
TG	0.0849754
TT	0.0791256
