kmer	count
sequence	0
AA	0.0453214
AC	0.0993146
AG	0.0793125
AT	0.0462249
CA	0.0324644
CC	0.11482
CG	0.0190778
CT	0.0494652
GA	0.0240939
GC	0.0803199
GG	0.0543255
GT	0.0341988
TA	0.0279468
TC	0.147897
TG	0.077277
TT	0.0679406
