kmer	count
sequence	0
AA	0.0455777
AC	0.0967256
AG	0.0687618
AT	0.0549492
CA	0.0548739
CC	0.0957471
CG	0.0116297
CT	0.0635303
GA	0.0289424
GC	0.0611216
GG	0.0471961
GT	0.0380881
TA	0.0350019
TC	0.138201
TG	0.0863756
TT	0.0732781
