kmer	count
sequence	0
AA	0.0470926
AC	0.0994543
AG	0.0812476
AT	0.0523146
CA	0.0332612
CC	0.113333
CG	0.0188653
CT	0.0590422
GA	0.0226289
GC	0.0767783
GG	0.0491155
GT	0.0368837
TA	0.026816
TC	0.136903
TG	0.0766372
TT	0.0696274
