kmer	count
sequence	0
AA	0.0446173
AC	0.0988357
AG	0.0645147
AT	0.0606916
CA	0.0467026
CC	0.0969676
CG	0.0102094
CT	0.055739
GA	0.0278912
GC	0.063559
GG	0.0478756
GT	0.041663
TA	0.0348857
TC	0.133113
TG	0.095447
TT	0.0772873
