kmer	count
sequence	0
AA	0.0475286
AC	0.1031
AG	0.0786967
AT	0.048219
CA	0.0305467
CC	0.11373
CG	0.0163261
CT	0.0527751
GA	0.0219522
GC	0.0841502
GG	0.048219
GT	0.0341364
TA	0.0273367
TC	0.15194
TG	0.0707925
TT	0.0705509
