kmer	count
sequence	0
AA	0.0517455
AC	0.110835
AG	0.0838727
AT	0.0561052
CA	0.0323955
CC	0.0802508
CG	0.00952413
CT	0.0546631
GA	0.0228378
GC	0.0604983
GG	0.0424562
GT	0.0409135
TA	0.0302156
TC	0.153392
TG	0.0906469
TT	0.0796472
