kmer	count
sequence	0
AA	0.0476017
AC	0.0987766
AG	0.0834545
AT	0.0476623
CA	0.0318556
CC	0.101623
CG	0.0168968
CT	0.0537791
GA	0.0230741
GC	0.0763687
GG	0.0494186
GT	0.0342175
TA	0.033188
TC	0.146802
TG	0.0809109
TT	0.0743702
