kmer	count
sequence	0
AA	0.0476924
AC	0.0971137
AG	0.0788485
AT	0.0477676
CA	0.0318701
CC	0.110906
CG	0.0162733
CT	0.052954
GA	0.0253683
GC	0.0778713
GG	0.0500601
GT	0.0353277
TA	0.0278863
TC	0.150519
TG	0.07727
TT	0.0722715
