kmer	count
sequence	0
AA	0.0486354
AC	0.0998736
AG	0.0830669
AT	0.0487097
CA	0.0292258
CC	0.103927
CG	0.0170298
CT	0.0542128
GA	0.0219752
GC	0.0738827
GG	0.0491931
GT	0.0358444
TA	0.028854
TC	0.155128
TG	0.0778984
TT	0.0725441
