kmer	count
sequence	0
AA	0.0380714
AC	0.0862871
AG	0.0608665
AT	0.0395035
CA	0.0841986
CC	0.106636
CG	0.015336
CT	0.0488722
GA	0.0355054
GC	0.0563313
GG	0.0600907
GT	0.0292398
TA	0.0479771
TC	0.126268
TG	0.10759
TT	0.0572264
