kmer	count
sequence	0
AA	0.0326962
AC	0.0918637
AG	0.052251
AT	0.0577842
CA	0.0365317
CC	0.112299
CG	0.0167254
CT	0.0637575
GA	0.0251509
GC	0.0796655
GG	0.047661
GT	0.0406816
TA	0.0297409
TC	0.149899
TG	0.0809859
TT	0.0823063
