kmer	count
sequence	0
AA	0.0518629
AC	0.11248
AG	0.0810276
AT	0.0623323
CA	0.0334756
CC	0.0843707
CG	0.0083139
CT	0.0600009
GA	0.0231382
GC	0.0649276
GG	0.0430651
GT	0.0403378
TA	0.0267892
TC	0.140149
TG	0.0848986
TT	0.0828311
