kmer	count
sequence	0
AA	0.0457755
AC	0.0991942
AG	0.0768464
AT	0.0523802
CA	0.0302816
CC	0.108873
CG	0.0171139
CT	0.0574063
GA	0.0219739
GC	0.0790479
GG	0.0490155
GT	0.0375509
TA	0.0261693
TC	0.150162
TG	0.0711971
TT	0.0770125
