kmer	count
sequence	0
AA	0.0518347
AC	0.109494
AG	0.0794661
AT	0.0629444
CA	0.0357256
CC	0.0904171
CG	0.00901473
CT	0.057453
GA	0.0240604
GC	0.0627698
GG	0.0443594
GT	0.0395823
TA	0.0306152
TC	0.136332
TG	0.0831323
TT	0.082799
