kmer	count
sequence	0
AA	0.05094
AC	0.107664
AG	0.0851332
AT	0.0614825
CA	0.0357326
CC	0.0898913
CG	0.00872324
CT	0.0555115
GA	0.0249569
GC	0.0641881
GG	0.0433363
GT	0.0399776
TA	0.029575
TC	0.138592
TG	0.085553
TT	0.0787424
