kmer	count
sequence	0
AA	0.0511882
AC	0.105337
AG	0.0838333
AT	0.0598753
CA	0.0343592
CC	0.0887807
CG	0.0087651
CT	0.0608882
GA	0.0231399
GC	0.0640826
GG	0.0469809
GT	0.0430464
TA	0.0281652
TC	0.137748
TG	0.0856642
TT	0.0781457
