kmer	count
sequence	0
AA	0.0528808
AC	0.109379
AG	0.0804377
AT	0.0617686
CA	0.0381867
CC	0.0860652
CG	0.00933452
CT	0.0586869
GA	0.023314
GC	0.0631979
GG	0.0445288
GT	0.0408218
TA	0.0313979
TC	0.13649
TG	0.0818222
TT	0.0816883
