kmer	count
sequence	0
AA	0.0473806
AC	0.0959214
AG	0.0777262
AT	0.050983
CA	0.0352912
CC	0.110636
CG	0.0179509
CT	0.0549518
GA	0.0246062
GC	0.0758945
GG	0.0536696
GT	0.0366956
TA	0.0289413
TC	0.142203
TG	0.0746733
TT	0.0724753
