kmer	count
sequence	0
AA	0.0489319
AC	0.0997103
AG	0.0836172
AT	0.0527045
CA	0.0313744
CC	0.101907
CG	0.017462
CT	0.05202
GA	0.0237974
GC	0.0729522
GG	0.0491866
GT	0.0365
TA	0.0302283
TC	0.144997
TG	0.078603
TT	0.0760084
