kmer	count
sequence	0
AA	0.0500175
AC	0.0989286
AG	0.0743566
AT	0.0525213
CA	0.0329568
CC	0.104344
CG	0.016129
CT	0.0552579
GA	0.0247467
GC	0.0762199
GG	0.0494934
GT	0.0406428
TA	0.0315593
TC	0.147199
TG	0.0721439
TT	0.0734832
