kmer	count
AA	0.695659
AC	2.006
AG	1.09171
AT	1.26984
CA	0.44243
CC	1.1261
CG	0.539841
CT	0.75025
GA	0.385676
GC	0.976481
GG	0.594592
GT	0.742931
TA	0.727993
TC	2.37661
TG	1.10971
TT	1.15532
