kmer	count
AA	0.71322
AC	2.08347
AG	1.01701
AT	1.23613
CA	0.46168
CC	1.25549
CG	0.425878
CT	0.728164
GA	0.361081
GC	1.10582
GG	0.560824
GT	0.790831
TA	0.729432
TC	2.32602
TG	1.04641
TT	1.10695
