kmer	count
AA	0.797929
AC	2.07938
AG	1.03668
AT	1.19933
CA	0.478181
CC	1.21197
CG	0.457347
CT	0.755685
GA	0.356602
GC	1.05189
GG	0.572601
GT	0.814565
TA	0.826346
TC	2.22571
TG	1.09954
TT	1.16974
