kmer	count
AA	0.664221
AC	1.75219
AG	0.871815
AT	1.08184
CA	0.799792
CC	1.22243
CG	0.640555
CT	0.673394
GA	0.481612
GC	0.974328
GG	0.68218
GT	0.663026
TA	1.04692
TC	2.25943
TG	1.30747
TT	1.00362
