kmer	count
AA	0.765988
AC	2.01993
AG	1.09791
AT	1.31362
CA	0.45545
CC	1.16125
CG	0.448435
CT	0.762063
GA	0.380562
GC	0.991269
GG	0.54904
GT	0.783523
TA	0.774677
TC	2.32099
TG	1.13556
TT	1.19311
