kmer	count
AA	0.679351
AC	1.90954
AG	1.01239
AT	1.14197
CA	0.560882
CC	1.12866
CG	0.524355
CT	0.761809
GA	0.42476
GC	0.997409
GG	0.631273
GT	0.774694
TA	0.840041
TC	2.30184
TG	1.25131
TT	1.19554
