kmer	count
AA	0.77186
AC	1.96863
AG	1.14826
AT	1.29156
CA	0.443399
CC	1.10918
CG	0.437879
CT	0.701654
GA	0.42686
GC	1.02519
GG	0.558034
GT	0.776086
TA	0.824259
TC	2.3023
TG	1.11847
TT	1.29166
