kmer	count
AA	0.698998
AC	1.87494
AG	1.1195
AT	1.16563
CA	0.472877
CC	1.22417
CG	0.537363
CT	0.73722
GA	0.353737
GC	1.05124
GG	0.604343
GT	0.765933
TA	0.721476
TC	2.34082
TG	1.20408
TT	1.17542
