kmer	count
AA	0.736083
AC	2.07012
AG	1.07928
AT	1.06999
CA	0.493242
CC	1.19033
CG	0.49857
CT	0.673153
GA	0.428951
GC	1.01788
GG	0.592514
GT	0.682174
TA	0.842401
TC	2.49276
TG	1.16617
TT	1.07103
