kmer	count
AA	0.677906
AC	2.17849
AG	1.01313
AT	1.25194
CA	0.389369
CC	1.24662
CG	0.480446
CT	0.803427
GA	0.350933
GC	1.09873
GG	0.523624
GT	0.818441
TA	0.705163
TC	2.39911
TG	0.990312
TT	1.10341
