kmer	count
AA	0.750491
AC	2.00598
AG	1.07455
AT	1.1348
CA	0.453352
CC	1.1226
CG	0.48659
CT	0.754452
GA	0.354489
GC	0.996726
GG	0.624233
GT	0.804593
TA	0.773325
TC	2.36977
TG	1.20727
TT	1.21391
