kmer	count
AA	0.784864
AC	2.12013
AG	1.03367
AT	1.24869
CA	0.453323
CC	1.22904
CG	0.452532
CT	0.763779
GA	0.36336
GC	1.04306
GG	0.562602
GT	0.830442
TA	0.683659
TC	2.27485
TG	1.00785
TT	1.10868
