kmer	count
AA	0.829739
AC	2.03038
AG	1.12218
AT	1.23399
CA	0.464744
CC	1.1156
CG	0.420088
CT	0.714986
GA	0.404791
GC	0.959112
GG	0.570756
GT	0.759596
TA	0.900415
TC	2.33094
TG	1.13886
TT	1.19039
