kmer	count
AA	0.766892
AC	2.03848
AG	1.13015
AT	1.22308
CA	0.468588
CC	1.12737
CG	0.457201
CT	0.786817
GA	0.374946
GC	0.997156
GG	0.558947
GT	0.817599
TA	0.774711
TC	2.34025
TG	1.12956
TT	1.14855
