kmer	count
AA	0.724223
AC	1.92869
AG	1.08398
AT	1.26702
CA	0.517991
CC	1.18343
CG	0.476984
CT	0.795417
GA	0.401767
GC	0.980321
GG	0.57948
GT	0.735855
TA	0.775018
TC	2.23174
TG	1.11247
TT	1.12193
