kmer	count
AA	0.770471
AC	2.1166
AG	1.01623
AT	1.34503
CA	0.475837
CC	1.25976
CG	0.47224
CT	0.766148
GA	0.412553
GC	1.10469
GG	0.53581
GT	0.848711
TA	0.683344
TC	2.14064
TG	0.964119
TT	1.0918
