kmer	count
AA	0.830248
AC	1.97155
AG	1.05491
AT	1.32792
CA	0.458146
CC	1.212
CG	0.412097
CT	0.7632
GA	0.390525
GC	1.07346
GG	0.539868
GT	0.831693
TA	0.738195
TC	2.32329
TG	1.03491
TT	1.18083
