kmer	count
AA	0.745806
AC	2.00611
AG	1.05482
AT	1.21658
CA	0.492817
CC	1.18748
CG	0.4882
CT	0.740669
GA	0.384451
GC	1.02868
GG	0.615841
GT	0.742852
TA	0.702913
TC	2.27202
TG	1.09895
TT	1.13686
