kmer	count
AA	0.806752
AC	2.05998
AG	1.07338
AT	1.28645
CA	0.441221
CC	1.11535
CG	0.455614
CT	0.730909
GA	0.424334
GC	1.03313
GG	0.54431
GT	0.834102
TA	0.819222
TC	2.30361
TG	1.03374
TT	1.26027
