kmer	count
AA	0.759902
AC	2.0545
AG	1.12209
AT	1.13765
CA	0.420915
CC	1.16272
CG	0.451925
CT	0.725279
GA	0.365254
GC	1.02393
GG	0.561621
GT	0.741202
TA	0.805125
TC	2.53923
TG	1.12953
TT	1.11388
