kmer	count
AA	0.717161
AC	2.05504
AG	1.09475
AT	1.07572
CA	0.44321
CC	1.22321
CG	0.481942
CT	0.696795
GA	0.368985
GC	1.02409
GG	0.608197
GT	0.757622
TA	0.791672
TC	2.41753
TG	1.20064
TT	1.1311
