kmer	count
AA	0.484823
AC	2.00336
AG	0.677078
AT	1.3059
CA	0.572291
CC	1.38707
CG	0.536512
CT	0.804651
GA	0.396387
GC	1.1345
GG	0.543017
GT	0.855085
TA	0.749197
TC	2.41227
TG	1.07474
TT	1.16561
