kmer	count
AA	0.812164
AC	2.06733
AG	1.05344
AT	1.26095
CA	0.429195
CC	1.19623
CG	0.4607
CT	0.772125
GA	0.369597
GC	1.07155
GG	0.535096
GT	0.796545
TA	0.764589
TC	2.33264
TG	1.06725
TT	1.18483
