kmer	count
AA	0.669421
AC	1.97996
AG	1.09062
AT	1.21891
CA	0.473886
CC	1.2505
CG	0.512467
CT	0.783467
GA	0.397726
GC	1.05456
GG	0.632396
GT	0.77596
TA	0.696943
TC	2.16208
TG	1.10659
TT	1.11045
