kmer	count
AA	0.747449
AC	2.0211
AG	1.01642
AT	1.24596
CA	0.469466
CC	1.14543
CG	0.456749
CT	0.765721
GA	0.416387
GC	1.07056
GG	0.558864
GT	0.789702
TA	0.893911
TC	2.33002
TG	1.10344
TT	1.19534
