kmer	count
AA	0.788095
AC	2.05351
AG	1.04708
AT	1.15509
CA	0.420892
CC	1.1654
CG	0.446302
CT	0.690592
GA	0.387892
GC	1.08244
GG	0.537998
GT	0.730106
TA	0.82408
TC	2.53761
TG	1.12131
TT	1.15417
