kmer	count
AA	0.73765
AC	1.95599
AG	1.05716
AT	1.15862
CA	0.580083
CC	1.19384
CG	0.589898
CT	0.684129
GA	0.413538
GC	1.01394
GG	0.616409
GT	0.723225
TA	0.849308
TC	2.24741
TG	1.22054
TT	1.08345
