kmer	count
AA	0.754774
AC	1.98599
AG	1.03073
AT	1.26716
CA	0.510554
CC	1.14614
CG	0.428917
CT	0.814127
GA	0.413759
GC	1.02179
GG	0.564701
GT	0.742643
TA	0.811254
TC	2.16538
TG	1.07494
TT	1.18514
