kmer	count
AA	0.676869
AC	1.96263
AG	1.11976
AT	1.10339
CA	0.413288
CC	1.28256
CG	0.566454
CT	0.726738
GA	0.332895
GC	1.18123
GG	0.624909
GT	0.713765
TA	0.701688
TC	2.40136
TG	1.15819
TT	1.03805
