kmer	count
AA	0.700749
AC	1.88471
AG	1.03971
AT	1.21844
CA	0.544913
CC	1.18397
CG	0.443751
CT	0.775608
GA	0.417937
GC	0.945001
GG	0.626378
GT	0.754358
TA	0.878731
TC	2.24512
TG	1.16538
TT	1.08533
