kmer	count
AA	0.692314
AC	1.91843
AG	1.09997
AT	1.19209
CA	0.463379
CC	1.21336
CG	0.581841
CT	0.7988
GA	0.412732
GC	1.10662
GG	0.668864
GT	0.811866
TA	0.704271
TC	2.20007
TG	1.07575
TT	1.0953
