kmer	count
AA	0.656652
AC	2.0672
AG	0.978583
AT	1.23325
CA	0.466402
CC	1.21025
CG	0.533762
CT	0.777281
GA	0.381089
GC	1.06297
GG	0.573067
GT	0.784306
TA	0.763568
TC	2.30412
TG	1.13268
TT	1.10573
