kmer	count
AA	0.745719
AC	2.11418
AG	0.993553
AT	1.32641
CA	0.480643
CC	1.2544
CG	0.452919
CT	0.791701
GA	0.397863
GC	1.04216
GG	0.540788
GT	0.840138
TA	0.729195
TC	2.20982
TG	0.968012
TT	1.11564
