kmer	count
AA	0.805133
AC	1.67673
AG	1.43095
AT	0.702754
CA	0.578312
CC	1.22226
CG	0.70347
CT	0.546131
GA	0.380233
GC	0.872809
GG	0.763527
GT	0.464471
TA	1.01722
TC	2.25826
TG	1.56842
TT	0.87743
