kmer	count
AA	0.698883
AC	2.00029
AG	1.23291
AT	1.21635
CA	0.414837
CC	1.15462
CG	0.490203
CT	0.715641
GA	0.365315
GC	0.983958
GG	0.622678
GT	0.73148
TA	0.698699
TC	2.3092
TG	1.15059
TT	1.11122
