kmer	count
AA	0.787997
AC	2.00764
AG	1.12463
AT	1.20651
CA	0.449851
CC	1.21748
CG	0.473968
CT	0.714288
GA	0.379778
GC	1.00548
GG	0.59935
GT	0.732352
TA	0.747126
TC	2.41351
TG	1.13896
TT	1.09452
