kmer	count
AA	0.711546
AC	1.98808
AG	1.10201
AT	1.22193
CA	0.472538
CC	1.17968
CG	0.52147
CT	0.678149
GA	0.366878
GC	1.0384
GG	0.549588
GT	0.758022
TA	0.799016
TC	2.48
TG	1.11617
TT	1.20314
