kmer	count
AA	0.747449
AC	2.01336
AG	1.11723
AT	1.24642
CA	0.445029
CC	1.10927
CG	0.513444
CT	0.69594
GA	0.376952
GC	0.985146
GG	0.565574
GT	0.759135
TA	0.824644
TC	2.34335
TG	1.21673
TT	1.23076
