kmer	count
AA	0.74578
AC	1.97048
AG	1.16966
AT	1.27167
CA	0.453376
CC	1.17031
CG	0.516227
CT	0.720138
GA	0.372388
GC	1.03823
GG	0.598788
GT	0.789447
TA	0.838382
TC	2.20086
TG	1.18349
TT	1.13003
