kmer	count
AA	0.722723
AC	1.9721
AG	1.0729
AT	1.0865
CA	0.481945
CC	1.25489
CG	0.553356
CT	0.722981
GA	0.406857
GC	1.10437
GG	0.643375
GT	0.764652
TA	0.758145
TC	2.30407
TG	1.0994
TT	1.10275
