kmer	count
AA	0.477057
AC	1.29322
AG	0.707524
AT	1.03512
CA	1.42121
CC	1.39415
CG	0.889352
CT	1.17689
GA	0.623518
GC	0.957534
GG	0.737294
GT	0.758338
TA	0.990423
TC	1.6084
TG	0.999546
TT	0.871357
