kmer	count
AA	0.718974
AC	1.98586
AG	1.07204
AT	1.23892
CA	0.453643
CC	1.23651
CG	0.54359
CT	0.724449
GA	0.388861
GC	1.09187
GG	0.617938
GT	0.811646
TA	0.733993
TC	2.20093
TG	1.09023
TT	1.09238
