kmer	count
AA	0.736076
AC	2.16598
AG	1.04021
AT	1.16871
CA	0.440327
CC	1.23994
CG	0.424626
CT	0.695247
GA	0.376378
GC	1.09047
GG	0.528874
GT	0.770324
TA	0.726538
TC	2.48471
TG	1.11451
TT	1.09903
