kmer	count
AA	0.69906
AC	1.86438
AG	1.08941
AT	1.26274
CA	0.532098
CC	1.22162
CG	0.509416
CT	0.766187
GA	0.39931
GC	1.0104
GG	0.632568
GT	0.812909
TA	0.738168
TC	2.19216
TG	1.04997
TT	1.14945
