kmer	count
AA	0.734484
AC	1.95228
AG	1.09695
AT	1.10433
CA	0.499584
CC	1.20749
CG	0.487748
CT	0.722368
GA	0.401543
GC	1.07092
GG	0.593007
GT	0.759084
TA	0.760305
TC	2.27511
TG	1.16277
TT	1.07844
