kmer	count
AA	0.719554
AC	1.99041
AG	1.1072
AT	1.21601
CA	0.45796
CC	1.25701
CG	0.53301
CT	0.745906
GA	0.397556
GC	1.09368
GG	0.618546
GT	0.755517
TA	0.708617
TC	2.22067
TG	1.09089
TT	1.04045
