kmer	count
AA	0.733247
AC	1.95978
AG	1.07286
AT	1.22677
CA	0.462555
CC	1.15687
CG	0.506637
CT	0.716542
GA	0.41893
GC	1.00751
GG	0.654958
GT	0.820678
TA	0.803013
TC	2.20906
TG	1.21368
TT	1.15596
