kmer	count
AA	0.734635
AC	2.0934
AG	1.06877
AT	1.15397
CA	0.455713
CC	1.18414
CG	0.426491
CT	0.667929
GA	0.391942
GC	1.01632
GG	0.573838
GT	0.75456
TA	0.853834
TC	2.36533
TG	1.2058
TT	1.21504
