kmer	count
AA	0.781504
AC	1.9246
AG	1.07991
AT	1.24105
CA	0.473335
CC	1.16481
CG	0.448815
CT	0.790314
GA	0.413685
GC	0.953346
GG	0.605958
GT	0.785018
TA	0.838409
TC	2.28144
TG	1.14616
TT	1.18516
