kmer	count
AA	0.718475
AC	2.03326
AG	1.07052
AT	1.21485
CA	0.485043
CC	1.14713
CG	0.453266
CT	0.726618
GA	0.383067
GC	1.00294
GG	0.581399
GT	0.732346
TA	0.805419
TC	2.33479
TG	1.1214
TT	1.13344
