kmer	count
AA	0.780745
AC	2.00691
AG	1.08743
AT	1.20967
CA	0.413178
CC	1.23196
CG	0.432258
CT	0.676089
GA	0.399258
GC	1.09852
GG	0.610184
GT	0.759761
TA	0.706598
TC	2.41977
TG	1.09457
TT	1.13791
