kmer	count
AA	0.736355
AC	2.18313
AG	0.918066
AT	1.32019
CA	0.501289
CC	1.32564
CG	0.51055
CT	0.771642
GA	0.453393
GC	1.08301
GG	0.529612
GT	0.824177
TA	0.76087
TC	2.13082
TG	0.954794
TT	1.07066
