kmer	count
AA	0.749954
AC	2.12574
AG	1.0414
AT	1.25548
CA	0.417509
CC	1.2341
CG	0.427389
CT	0.740339
GA	0.381784
GC	1.05745
GG	0.546177
GT	0.785074
TA	0.744073
TC	2.44346
TG	1.05202
TT	1.12861
