kmer	count
AA	0.778075
AC	2.06923
AG	1.07897
AT	1.15459
CA	0.451443
CC	1.18527
CG	0.471632
CT	0.674835
GA	0.41923
GC	1.05596
GG	0.609142
GT	0.776891
TA	0.792882
TC	2.35983
TG	1.091
TT	1.1721
