kmer	count
AA	0.73316
AC	2.05232
AG	0.992229
AT	1.25282
CA	0.510764
CC	1.23921
CG	0.523061
CT	0.723706
GA	0.406853
GC	1.07853
GG	0.549458
GT	0.737493
TA	0.80061
TC	2.24077
TG	1.02638
TT	1.15814
