kmer	count
AA	0.797784
AC	1.95758
AG	1.0894
AT	1.18815
CA	0.452122
CC	1.19652
CG	0.485937
CT	0.732011
GA	0.377366
GC	0.975038
GG	0.578734
GT	0.784189
TA	0.841541
TC	2.36262
TG	1.11976
TT	1.21816
