kmer	count
AA	0.354461
AC	1.8106
AG	0.804651
AT	1.0734
CA	0.477635
CC	1.26815
CG	0.723794
CT	0.618707
GA	0.409034
GC	1.22541
GG	0.896582
GT	0.85535
TA	0.738327
TC	2.02196
TG	1.87068
TT	0.840015
