kmer	count
AA	0.760132
AC	2.07524
AG	1.12159
AT	1.19932
CA	0.422147
CC	1.17981
CG	0.460566
CT	0.74742
GA	0.391033
GC	1.08656
GG	0.562971
GT	0.724596
TA	0.770226
TC	2.3349
TG	1.14403
TT	1.11585
