kmer	count
AA	0.641322
AC	2.12643
AG	1.03269
AT	1.21549
CA	0.456417
CC	1.24796
CG	0.461968
CT	0.807493
GA	0.374263
GC	1.09099
GG	0.560004
GT	0.771709
TA	0.676848
TC	2.34778
TG	1.06224
TT	1.0734
