kmer	count
AA	0.734218
AC	2.13373
AG	1.04242
AT	1.18833
CA	0.434041
CC	1.18569
CG	0.485021
CT	0.722768
GA	0.398886
GC	1.07174
GG	0.563201
GT	0.745546
TA	0.801115
TC	2.35357
TG	1.03074
TT	1.12731
