kmer	count
AA	0.755173
AC	2.05735
AG	1.06961
AT	1.18035
CA	0.473699
CC	1.13163
CG	0.447585
CT	0.735846
GA	0.400672
GC	0.967093
GG	0.612063
GT	0.739828
TA	0.806732
TC	2.2557
TG	1.13421
TT	1.15542
