kmer	count
AA	0.794495
AC	1.95891
AG	1.10058
AT	1.23891
CA	0.501821
CC	1.163
CG	0.450824
CT	0.752176
GA	0.357279
GC	1.00262
GG	0.546887
GT	0.690631
TA	0.827138
TC	2.40904
TG	1.11101
TT	1.21019
