kmer	count
AA	0.723494
AC	2.12805
AG	0.992895
AT	1.27358
CA	0.444162
CC	1.28528
CG	0.433851
CT	0.791963
GA	0.380233
GC	1.11218
GG	0.515369
GT	0.763614
TA	0.692713
TC	2.2664
TG	1.00506
TT	1.15155
