kmer	count
AA	0.76403
AC	2.04114
AG	1.04147
AT	1.26654
CA	0.4469
CC	1.25916
CG	0.503278
CT	0.766731
GA	0.398566
GC	1.06427
GG	0.592015
GT	0.727841
TA	0.675388
TC	2.21851
TG	1.05733
TT	1.11721
