kmer	count
AA	0.709932
AC	2.04409
AG	1.05675
AT	1.1653
CA	0.445955
CC	1.1688
CG	0.527593
CT	0.76889
GA	0.387423
GC	1.1169
GG	0.581356
GT	0.754488
TA	0.736483
TC	2.37337
TG	1.1625
TT	1.0965
