kmer	count
AA	0.766025
AC	2.08727
AG	1.0093
AT	1.1982
CA	0.455293
CC	1.22514
CG	0.436114
CT	0.786037
GA	0.355944
GC	1.08388
GG	0.511368
GT	0.810231
TA	0.802212
TC	2.39404
TG	1.07716
TT	1.14063
