kmer	count
AA	0.758581
AC	1.98849
AG	0.950231
AT	1.2818
CA	0.497884
CC	1.22988
CG	0.448764
CT	0.856756
GA	0.483793
GC	1.06362
GG	0.594057
GT	0.881501
TA	0.71805
TC	2.02719
TG	1.01944
TT	1.13935
