kmer	count
AA	0.760335
AC	2.05027
AG	1.09847
AT	1.1654
CA	0.396723
CC	1.13507
CG	0.476785
CT	0.713688
GA	0.370099
GC	1.07918
GG	0.580846
GT	0.685815
TA	0.818522
TC	2.44331
TG	1.16801
TT	1.17931
