kmer	count
AA	0.717329
AC	2.10157
AG	1.07356
AT	1.10701
CA	0.391869
CC	1.24851
CG	0.4697
CT	0.729634
GA	0.36993
GC	1.12846
GG	0.559055
GT	0.733423
TA	0.705669
TC	2.48394
TG	1.11638
TT	1.13293
