kmer	count
AA	0.787189
AC	2.06203
AG	1.0426
AT	1.22392
CA	0.444205
CC	1.17171
CG	0.415205
CT	0.715089
GA	0.396927
GC	1.02297
GG	0.553826
GT	0.775553
TA	0.749913
TC	2.44586
TG	1.11915
TT	1.19659
