kmer	count
AA	0.738781
AC	2.09817
AG	1.1153
AT	1.18812
CA	0.436225
CC	1.16339
CG	0.427163
CT	0.689096
GA	0.370715
GC	1.05399
GG	0.543499
GT	0.724386
TA	0.776947
TC	2.47037
TG	1.08876
TT	1.07331
