kmer	count
AA	0.797636
AC	1.9029
AG	1.01269
AT	1.24017
CA	0.446781
CC	1.18513
CG	0.466645
CT	0.75823
GA	0.403575
GC	0.972742
GG	0.569477
GT	0.803181
TA	0.879272
TC	2.40572
TG	1.13888
TT	1.21115
