kmer	count
AA	0.692997
AC	2.0268
AG	1.05436
AT	1.26826
CA	0.455187
CC	1.15892
CG	0.481354
CT	0.806301
GA	0.428341
GC	1.04748
GG	0.618984
GT	0.820215
TA	0.684474
TC	2.18715
TG	1.08412
TT	1.13273
