kmer	count
AA	0.76663
AC	2.05544
AG	1.01812
AT	1.28753
CA	0.419082
CC	1.18162
CG	0.472119
CT	0.808464
GA	0.428399
GC	1.06486
GG	0.52018
GT	0.804241
TA	0.726882
TC	2.25425
TG	1.03174
TT	1.14845
