kmer	count
AA	0.703596
AC	2.04732
AG	1.04962
AT	1.28645
CA	0.480994
CC	1.2605
CG	0.449494
CT	0.749776
GA	0.459978
GC	1.08511
GG	0.615813
GT	0.804029
TA	0.737084
TC	2.10844
TG	1.01422
TT	1.10024
