kmer	count
AA	0.691741
AC	2.0122
AG	1.03486
AT	1.35028
CA	0.467156
CC	1.19356
CG	0.487995
CT	0.830663
GA	0.399375
GC	1.02121
GG	0.572728
GT	0.796344
TA	0.753806
TC	2.13251
TG	1.05877
TT	1.17402
