kmer	count
AA	0.806438
AC	1.95788
AG	1.08644
AT	1.23178
CA	0.43923
CC	1.22953
CG	0.46922
CT	0.741147
GA	0.33664
GC	1.04462
GG	0.546516
GT	0.774032
TA	0.778335
TC	2.39204
TG	1.13223
TT	1.15703
