kmer	count
AA	0.788399
AC	1.99057
AG	1.10062
AT	1.27697
CA	0.416824
CC	1.18114
CG	0.41908
CT	0.725567
GA	0.360784
GC	1.03239
GG	0.578232
GT	0.82094
TA	0.849707
TC	2.30997
TG	1.09658
TT	1.20274
