kmer	count
AA	0.763018
AC	2.07785
AG	1.07206
AT	1.18037
CA	0.37968
CC	1.20282
CG	0.424562
CT	0.68258
GA	0.347619
GC	1.09829
GG	0.556656
GT	0.740554
TA	0.781043
TC	2.43629
TG	1.06141
TT	1.15289
