kmer	count
AA	0.732664
AC	2.06526
AG	1.06207
AT	1.15867
CA	0.429799
CC	1.22146
CG	0.454305
CT	0.734835
GA	0.374485
GC	1.1155
GG	0.596995
GT	0.762747
TA	0.730207
TC	2.42084
TG	1.10302
TT	1.09138
