kmer	count
AA	0.737251
AC	2.0474
AG	1.09246
AT	1.29968
CA	0.479934
CC	1.21075
CG	0.497117
CT	0.777845
GA	0.38874
GC	0.976405
GG	0.551703
GT	0.767319
TA	0.797544
TC	2.19966
TG	1.03986
TT	1.12611
