kmer	count
AA	0.79359
AC	2.02148
AG	1.00334
AT	1.34598
CA	0.46357
CC	1.17503
CG	0.375813
CT	0.717866
GA	0.393449
GC	1.0161
GG	0.514159
GT	0.838333
TA	0.824816
TC	2.41825
TG	1.0837
TT	1.24976
