kmer	count
AA	0.748716
AC	2.05434
AG	1.00148
AT	1.23728
CA	0.480072
CC	1.29999
CG	0.43457
CT	0.800907
GA	0.41274
GC	1.06096
GG	0.566492
GT	0.7929
TA	0.669183
TC	2.20811
TG	1.09967
TT	1.15554
