kmer	count
AA	0.74846
AC	1.99447
AG	1.0687
AT	1.20183
CA	0.464274
CC	1.2292
CG	0.460684
CT	0.727223
GA	0.41778
GC	1.08394
GG	0.6141
GT	0.742999
TA	0.760195
TC	2.26333
TG	1.15545
TT	1.13806
