kmer	count
AA	0.800781
AC	2.09177
AG	1.04028
AT	1.22461
CA	0.516003
CC	1.14393
CG	0.468242
CT	0.759113
GA	0.360223
GC	0.992048
GG	0.584668
GT	0.76539
TA	0.828481
TC	2.17397
TG	1.08571
TT	1.12733
