kmer	count
AA	0.727508
AC	2.11735
AG	1.0094
AT	1.24341
CA	0.477108
CC	1.27338
CG	0.498238
CT	0.754096
GA	0.416778
GC	1.10556
GG	0.570167
GT	0.843767
TA	0.727621
TC	2.30627
TG	1.03209
TT	1.02436
