kmer	count
AA	0.74926
AC	1.98547
AG	1.05768
AT	1.20495
CA	0.492482
CC	1.17939
CG	0.509164
CT	0.749787
GA	0.36567
GC	0.997445
GG	0.597554
GT	0.736213
TA	0.787832
TC	2.28251
TG	1.13499
TT	1.11701
