kmer	count
AA	0.678427
AC	2.06744
AG	1.06109
AT	1.28177
CA	0.479316
CC	1.21881
CG	0.517421
CT	0.74744
GA	0.345929
GC	1.06093
GG	0.58566
GT	0.775951
TA	0.691932
TC	2.23825
TG	1.08679
TT	1.13697
