kmer	count
AA	0.7686
AC	2.03979
AG	1.10326
AT	1.18252
CA	0.423172
CC	1.13599
CG	0.490452
CT	0.704007
GA	0.409275
GC	1.02147
GG	0.632365
GT	0.764339
TA	0.795167
TC	2.26617
TG	1.17464
TT	1.20818
