kmer	count
AA	0.68762
AC	2.02602
AG	1.07025
AT	1.26878
CA	0.511011
CC	1.20069
CG	0.50621
CT	0.733947
GA	0.41291
GC	1.04189
GG	0.635322
GT	0.808858
TA	0.729263
TC	2.1087
TG	1.10332
TT	1.11293
