kmer	count
AA	0.723475
AC	2.08135
AG	1.04723
AT	1.22987
CA	0.450191
CC	1.2253
CG	0.528785
CT	0.754625
GA	0.349616
GC	1.03915
GG	0.600717
GT	0.754679
TA	0.704573
TC	2.22318
TG	1.13682
TT	1.1205
