kmer	count
AA	0.695591
AC	2.11632
AG	0.988268
AT	1.27999
CA	0.507682
CC	1.21267
CG	0.44157
CT	0.755072
GA	0.372689
GC	1.02948
GG	0.537197
GT	0.705638
TA	0.797039
TC	2.25868
TG	1.07962
TT	1.19102
