kmer	count
AA	0.770269
AC	1.99532
AG	1.02912
AT	1.2623
CA	0.485002
CC	1.17906
CG	0.477595
CT	0.769586
GA	0.367953
GC	1.06577
GG	0.572914
GT	0.840194
TA	0.817969
TC	2.23381
TG	1.10308
TT	1.18503
