kmer	count
AA	0.756163
AC	2.015
AG	1.14556
AT	1.17791
CA	0.50534
CC	1.20207
CG	0.499464
CT	0.686578
GA	0.393738
GC	0.978544
GG	0.621714
GT	0.74357
TA	0.761306
TC	2.27775
TG	1.11661
TT	1.04549
