kmer	count
AA	0.759478
AC	1.97825
AG	1.00211
AT	1.13263
CA	0.485398
CC	1.25019
CG	0.487873
CT	0.745757
GA	0.391121
GC	1.08655
GG	0.538375
GT	0.79586
TA	0.852415
TC	2.41901
TG	1.04181
TT	1.18522
