kmer	count
AA	0.749362
AC	2.02739
AG	1.10421
AT	1.21819
CA	0.461336
CC	1.21403
CG	0.489972
CT	0.719174
GA	0.355897
GC	1.10026
GG	0.588668
GT	0.738391
TA	0.719487
TC	2.29647
TG	1.06354
TT	1.09845
