kmer	count
AA	0.671252
AC	1.97592
AG	1.05474
AT	1.28168
CA	0.476974
CC	1.22653
CG	0.40848
CT	0.81533
GA	0.391546
GC	1.06704
GG	0.602641
GT	0.868074
TA	0.686997
TC	2.19084
TG	1.07315
TT	1.10443
