kmer	count
AA	0.812578
AC	2.0361
AG	1.11506
AT	1.28562
CA	0.469194
CC	1.07798
CG	0.454831
CT	0.706437
GA	0.377028
GC	0.93805
GG	0.529522
GT	0.784961
TA	0.850045
TC	2.41127
TG	1.14738
TT	1.27194
