kmer	count
AA	0.722459
AC	2.00673
AG	1.04557
AT	1.26107
CA	0.465071
CC	1.23034
CG	0.516199
CT	0.795043
GA	0.393651
GC	1.05445
GG	0.540251
GT	0.791793
TA	0.740802
TC	2.28094
TG	1.03618
TT	1.11227
