kmer	count
AA	0.756438
AC	2.06035
AG	0.965207
AT	1.18287
CA	0.486601
CC	1.3107
CG	0.4319
CT	0.75932
GA	0.410335
GC	1.11446
GG	0.552331
GT	0.76326
TA	0.727191
TC	2.39931
TG	1.01965
TT	1.10557
