kmer	count
AA	0.702122
AC	2.08664
AG	1.09856
AT	1.10487
CA	0.494265
CC	1.15916
CG	0.549759
CT	0.659915
GA	0.374332
GC	0.983865
GG	0.614767
GT	0.748518
TA	0.788835
TC	2.36906
TG	1.13294
TT	1.13099
