kmer	count
AA	0.791904
AC	2.03041
AG	1.05727
AT	1.29023
CA	0.46865
CC	1.20584
CG	0.412572
CT	0.676208
GA	0.385099
GC	1.04809
GG	0.568138
GT	0.798778
TA	0.766262
TC	2.37807
TG	1.1107
TT	1.16549
