kmer	count
AA	0.735213
AC	2.06239
AG	1.09416
AT	1.2092
CA	0.430745
CC	1.15526
CG	0.487437
CT	0.678476
GA	0.356959
GC	0.954212
GG	0.558737
GT	0.7232
TA	0.822419
TC	2.44429
TG	1.09926
TT	1.18125
