kmer	count
AA	0.780822
AC	2.03383
AG	1.04177
AT	1.25845
CA	0.499079
CC	1.15617
CG	0.459799
CT	0.732544
GA	0.383697
GC	1.02249
GG	0.562909
GT	0.829259
TA	0.823475
TC	2.38082
TG	1.04371
TT	1.18021
