kmer	count
AA	0.706232
AC	1.94585
AG	1.136
AT	1.11861
CA	0.501637
CC	1.16293
CG	0.542698
CT	0.682212
GA	0.407853
GC	1.04392
GG	0.616897
GT	0.697075
TA	0.785628
TC	2.37152
TG	1.14516
TT	1.08521
