kmer	count
AA	0.793539
AC	1.99448
AG	1.09462
AT	1.2841
CA	0.479364
CC	1.08146
CG	0.462099
CT	0.787252
GA	0.380819
GC	0.966155
GG	0.587748
GT	0.777331
TA	0.865832
TC	2.36624
TG	1.15389
TT	1.14961
