kmer	count
AA	0.666696
AC	2.05568
AG	1.05992
AT	1.27187
CA	0.472019
CC	1.36255
CG	0.476727
CT	0.815128
GA	0.380299
GC	1.18366
GG	0.593932
GT	0.853761
TA	0.65016
TC	2.06912
TG	1.00456
TT	1.02259
