kmer	count
AA	0.747879
AC	2.05065
AG	1.10949
AT	1.18137
CA	0.447417
CC	1.17777
CG	0.479794
CT	0.734573
GA	0.371711
GC	1.04687
GG	0.592048
GT	0.737673
TA	0.729646
TC	2.29699
TG	1.10989
TT	1.11135
