kmer	count
AA	0.694444
AC	2.04569
AG	1.04417
AT	1.08581
CA	0.498348
CC	1.30553
CG	0.538428
CT	0.70695
GA	0.40142
GC	1.13974
GG	0.611721
GT	0.735992
TA	0.750063
TC	2.32239
TG	1.07827
TT	1.01261
