kmer	count
AA	0.722049
AC	2.01569
AG	1.06842
AT	1.23866
CA	0.465878
CC	1.23902
CG	0.429039
CT	0.715864
GA	0.386272
GC	1.05849
GG	0.529977
GT	0.750236
TA	0.738561
TC	2.38494
TG	1.02728
TT	1.16133
