kmer	count
AA	0.722783
AC	2.09108
AG	0.95507
AT	1.26615
CA	0.468814
CC	1.322
CG	0.46332
CT	0.795591
GA	0.417781
GC	1.08191
GG	0.540496
GT	0.819581
TA	0.746552
TC	2.22169
TG	1.05089
TT	1.17237
