kmer	count
AA	0.760831
AC	1.92698
AG	1.12378
AT	1.27874
CA	0.424596
CC	1.18402
CG	0.486647
CT	0.731032
GA	0.397264
GC	0.994998
GG	0.574566
GT	0.771674
TA	0.774772
TC	2.33043
TG	1.19726
TT	1.18424
