kmer	count
AA	0.704173
AC	2.13937
AG	0.974508
AT	1.14741
CA	0.484823
CC	1.22455
CG	0.397487
CT	0.708046
GA	0.407429
GC	1.11787
GG	0.528393
GT	0.756904
TA	0.788956
TC	2.44032
TG	1.03652
TT	1.10625
