kmer	count
AA	0.751203
AC	1.97209
AG	1.06229
AT	1.18412
CA	0.505885
CC	1.09152
CG	0.517033
CT	0.708896
GA	0.396135
GC	1.00252
GG	0.596379
GT	0.749223
TA	0.782954
TC	2.32927
TG	1.12892
TT	1.18535
