kmer	count
AA	0.760955
AC	2.09021
AG	1.03898
AT	1.14528
CA	0.437202
CC	1.19967
CG	0.439759
CT	0.698844
GA	0.351771
GC	1.05269
GG	0.540913
GT	0.748577
TA	0.815978
TC	2.57534
TG	1.11206
TT	1.15682
