kmer	count
AA	0.692196
AC	2.14271
AG	0.99813
AT	1.19938
CA	0.459162
CC	1.25019
CG	0.487531
CT	0.782745
GA	0.380329
GC	1.15878
GG	0.543821
GT	0.786208
TA	0.709681
TC	2.32594
TG	0.998034
TT	1.08846
