kmer	count
AA	0.681763
AC	2.145
AG	0.969706
AT	1.12047
CA	0.488502
CC	1.2937
CG	0.500942
CT	0.664241
GA	0.398404
GC	1.10633
GG	0.575254
GT	0.731573
TA	0.751169
TC	2.49202
TG	1.04023
TT	1.05429
