kmer	count
AA	0.719985
AC	1.99651
AG	1.10309
AT	1.13243
CA	0.460207
CC	1.20519
CG	0.510561
CT	0.731742
GA	0.377435
GC	1.01778
GG	0.62099
GT	0.712371
TA	0.750223
TC	2.3192
TG	1.13754
TT	1.12761
