kmer	count
AA	0.736936
AC	1.98991
AG	1.08718
AT	1.20644
CA	0.489207
CC	1.17094
CG	0.52649
CT	0.718232
GA	0.365607
GC	1.02197
GG	0.561071
GT	0.767791
TA	0.753544
TC	2.3172
TG	1.09924
TT	1.16257
