kmer	count
AA	0.728829
AC	2.04242
AG	1.10138
AT	1.22198
CA	0.444943
CC	1.18959
CG	0.480551
CT	0.718321
GA	0.371038
GC	1.05467
GG	0.609333
GT	0.746883
TA	0.79792
TC	2.27593
TG	1.10358
TT	1.08154
