kmer	count
AA	0.711768
AC	2.0873
AG	1.08385
AT	1.20719
CA	0.434144
CC	1.15046
CG	0.521063
CT	0.736439
GA	0.366095
GC	1.03707
GG	0.570165
GT	0.737688
TA	0.732287
TC	2.2956
TG	1.1388
TT	1.16426
