kmer	count
AA	0.719293
AC	1.996
AG	1.10901
AT	1.21887
CA	0.459639
CC	1.1845
CG	0.531415
CT	0.783046
GA	0.369195
GC	1.01374
GG	0.597124
GT	0.788187
TA	0.707116
TC	2.20933
TG	1.1136
TT	1.14618
