kmer	count
AA	0.732492
AC	2.00814
AG	1.09694
AT	1.25954
CA	0.460001
CC	1.14708
CG	0.490451
CT	0.7558
GA	0.395085
GC	1.04636
GG	0.59035
GT	0.724141
TA	0.726199
TC	2.30072
TG	1.08625
TT	1.12783
