kmer	count
AA	0.796266
AC	2.0617
AG	1.05562
AT	1.19446
CA	0.460508
CC	1.11628
CG	0.445657
CT	0.738117
GA	0.416833
GC	1.01785
GG	0.586428
GT	0.77972
TA	0.865969
TC	2.31492
TG	1.12273
TT	1.20265
