kmer	count
AA	0.867109
AC	1.94388
AG	1.18289
AT	1.15901
CA	0.457137
CC	1.05426
CG	0.457057
CT	0.722153
GA	0.439825
GC	1.0005
GG	0.631329
GT	0.776426
TA	0.843325
TC	2.20135
TG	1.23816
TT	1.13685
