kmer	count
AA	0.767825
AC	2.03543
AG	1.08828
AT	1.26858
CA	0.460106
CC	1.17371
CG	0.459666
CT	0.715267
GA	0.387769
GC	1.0251
GG	0.559026
GT	0.761285
TA	0.780886
TC	2.26775
TG	1.08342
TT	1.12802
