kmer	count
AA	0.752427
AC	1.89107
AG	0.864343
AT	1.28443
CA	0.689284
CC	1.18313
CG	0.520649
CT	0.813281
GA	0.52497
GC	1.00213
GG	0.581185
GT	0.782199
TA	1.0638
TC	2.1069
TG	1.03772
TT	1.16506
