kmer	count
AA	0.74557
AC	2.00446
AG	1.09252
AT	1.27232
CA	0.490861
CC	1.17963
CG	0.505498
CT	0.764193
GA	0.412012
GC	1.05381
GG	0.565511
GT	0.713346
TA	0.822264
TC	2.16698
TG	1.0986
TT	1.09715
