kmer	count
AA	0.749017
AC	2.08004
AG	1.03077
AT	1.34513
CA	0.503919
CC	1.24587
CG	0.472546
CT	0.741889
GA	0.389
GC	1.02165
GG	0.573465
GT	0.691575
TA	0.743007
TC	2.19118
TG	1.08969
TT	1.09292
