kmer	count
AA	0.40658
AC	1.21012
AG	0.535689
AT	0.73005
CA	1.22627
CC	1.48459
CG	1.03419
CT	0.882166
GA	0.751815
GC	1.08815
GG	0.782628
GT	0.605136
TA	1.21498
TC	2.03038
TG	1.18181
TT	0.803633
