kmer	count
AA	0.739879
AC	1.99134
AG	1.07174
AT	1.2134
CA	0.490988
CC	1.24434
CG	0.538305
CT	0.750526
GA	0.403617
GC	0.963459
GG	0.62151
GT	0.716213
TA	0.726402
TC	2.22604
TG	1.12688
TT	1.11125
