kmer	count
AA	0.727333
AC	2.00649
AG	1.0804
AT	1.20553
CA	0.489104
CC	1.18409
CG	0.486453
CT	0.718289
GA	0.393681
GC	1.09373
GG	0.57882
GT	0.730175
TA	0.733592
TC	2.42884
TG	1.14504
TT	1.07845
