kmer	count
AA	0.701273
AC	1.96836
AG	1.0917
AT	1.253
CA	0.463328
CC	1.16705
CG	0.483494
CT	0.777284
GA	0.385209
GC	1.1283
GG	0.615106
GT	0.770574
TA	0.710711
TC	2.25586
TG	1.16054
TT	1.12252
