kmer	count
AA	0.558431
AC	1.47641
AG	0.815989
AT	0.999366
CA	1.02588
CC	1.35664
CG	0.86495
CT	0.875025
GA	0.571988
GC	0.927636
GG	0.719179
GT	0.699923
TA	1.15265
TC	1.89573
TG	1.21946
TT	0.93335
