kmer	count
AA	0.757377
AC	2.02233
AG	1.08126
AT	1.24308
CA	0.463241
CC	1.16083
CG	0.452267
CT	0.702231
GA	0.38369
GC	1.05125
GG	0.561782
GT	0.797265
TA	0.755226
TC	2.39807
TG	1.12825
TT	1.17328
