kmer	count
AA	0.840622
AC	2.08362
AG	0.948402
AT	1.2375
CA	0.486563
CC	1.18525
CG	0.506733
CT	0.667694
GA	0.459438
GC	1.10864
GG	0.55599
GT	0.730477
TA	0.81004
TC	2.34343
TG	0.985046
TT	1.11185
