kmer	count
AA	0.745013
AC	2.08974
AG	1.09181
AT	1.27382
CA	0.42978
CC	1.18697
CG	0.422912
CT	0.698224
GA	0.388356
GC	1.05591
GG	0.599465
GT	0.77199
TA	0.774208
TC	2.37995
TG	1.10201
TT	1.11723
