kmer	count
AA	0.73747
AC	1.9181
AG	1.0989
AT	1.26739
CA	0.45434
CC	1.14835
CG	0.484071
CT	0.716997
GA	0.40143
GC	1.01317
GG	0.645114
GT	0.760249
TA	0.811413
TC	2.25505
TG	1.11966
TT	1.12545
