kmer	count
AA	0.712026
AC	1.97497
AG	0.989433
AT	1.42521
CA	0.475665
CC	1.28805
CG	0.431198
CT	0.820411
GA	0.395806
GC	1.14373
GG	0.573338
GT	0.868211
TA	0.673316
TC	2.04304
TG	0.977347
TT	1.1556
