kmer	count
AA	0.693817
AC	2.103
AG	1.05754
AT	1.20693
CA	0.51539
CC	1.23042
CG	0.516319
CT	0.773458
GA	0.389938
GC	1.04668
GG	0.577145
GT	0.797271
TA	0.731708
TC	2.21738
TG	1.07111
TT	1.06108
