kmer	count
AA	0.728191
AC	2.12338
AG	1.03222
AT	1.26493
CA	0.443273
CC	1.26388
CG	0.46598
CT	0.772411
GA	0.362661
GC	1.13347
GG	0.588478
GT	0.831679
TA	0.645066
TC	2.21213
TG	1.00799
TT	1.08269
