kmer	count
AA	0.682671
AC	2.03017
AG	1.07672
AT	1.27618
CA	0.433273
CC	1.15656
CG	0.449707
CT	0.790101
GA	0.353288
GC	1.02735
GG	0.591808
GT	0.752368
TA	0.718417
TC	2.26402
TG	1.12574
TT	1.19048
