kmer	count
AA	0.732334
AC	2.02091
AG	1.04915
AT	1.26434
CA	0.480239
CC	1.23102
CG	0.556634
CT	0.784688
GA	0.399111
GC	1.03353
GG	0.604566
GT	0.797216
TA	0.687905
TC	2.16714
TG	1.06035
TT	1.1189
