kmer	count
AA	0.734782
AC	1.95692
AG	1.16909
AT	1.08813
CA	0.466483
CC	1.23098
CG	0.52433
CT	0.74162
GA	0.415186
GC	1.07671
GG	0.6225
GT	0.682663
TA	0.776456
TC	2.36862
TG	1.16007
TT	1.01038
