kmer	count
AA	0.6551
AC	1.99003
AG	0.827117
AT	1.26715
CA	0.539869
CC	1.3798
CG	0.455792
CT	0.950498
GA	0.553484
GC	1.27122
GG	0.597551
GT	1.02558
TA	0.659159
TC	1.92423
TG	0.863444
TT	1.04246
