kmer	count
AA	0.663342
AC	2.04801
AG	1.0218
AT	1.29367
CA	0.494709
CC	1.16154
CG	0.517735
CT	0.740308
GA	0.391092
GC	1.05214
GG	0.62434
GT	0.826802
TA	0.747586
TC	2.13635
TG	1.13279
TT	1.15324
