kmer	count
AA	0.763911
AC	1.95184
AG	1.02847
AT	1.2727
CA	0.500154
CC	1.14324
CG	0.456381
CT	0.744217
GA	0.372901
GC	1.03702
GG	0.541114
GT	0.796473
TA	0.790706
TC	2.28697
TG	1.10611
TT	1.16381
