kmer	count
AA	0.777459
AC	2.02206
AG	1.09997
AT	1.16781
CA	0.475817
CC	1.21489
CG	0.454081
CT	0.741804
GA	0.41108
GC	1.01196
GG	0.570611
GT	0.771536
TA	0.746856
TC	2.18877
TG	1.14044
TT	1.09955
