kmer	count
AA	0.80116
AC	2.03386
AG	1.03267
AT	1.18348
CA	0.469722
CC	1.18376
CG	0.453572
CT	0.686916
GA	0.412321
GC	1.05982
GG	0.569566
GT	0.730284
TA	0.788226
TC	2.44037
TG	1.15291
TT	1.14091
