kmer	count
AA	0.715422
AC	1.99234
AG	1.1207
AT	1.2392
CA	0.433495
CC	1.22378
CG	0.48451
CT	0.757034
GA	0.372717
GC	1.04185
GG	0.612085
GT	0.764584
TA	0.713899
TC	2.24327
TG	1.10489
TT	1.10748
