kmer	count
AA	0.713012
AC	2.0543
AG	1.0506
AT	1.24846
CA	0.498489
CC	1.14894
CG	0.43596
CT	0.784333
GA	0.371111
GC	1.02571
GG	0.55823
GT	0.804251
TA	0.659631
TC	2.29104
TG	1.07781
TT	1.18113
