kmer	count
AA	0.696396
AC	2.0702
AG	1.04368
AT	1.17918
CA	0.424058
CC	1.24146
CG	0.492128
CT	0.724251
GA	0.378106
GC	1.07098
GG	0.592394
GT	0.798099
TA	0.770168
TC	2.34526
TG	1.16203
TT	1.14091
