kmer	count
AA	0.685652
AC	1.9987
AG	1.06843
AT	1.15954
CA	0.462523
CC	1.29064
CG	0.502683
CT	0.800876
GA	0.366023
GC	1.06672
GG	0.623842
GT	0.778824
TA	0.710945
TC	2.21093
TG	1.10809
TT	1.08438
