kmer	count
AA	0.698446
AC	2.02766
AG	1.00589
AT	1.17893
CA	0.472755
CC	1.27044
CG	0.496969
CT	0.759438
GA	0.429403
GC	1.10036
GG	0.653418
GT	0.779329
TA	0.748928
TC	2.2116
TG	1.14822
TT	1.05363
