kmer	count
AA	0.718836
AC	2.10611
AG	1.05826
AT	1.25238
CA	0.415002
CC	1.17625
CG	0.562119
CT	0.788097
GA	0.362878
GC	0.988828
GG	0.563031
GT	0.782675
TA	0.709376
TC	2.33455
TG	1.03508
TT	1.1817
