kmer	count
AA	0.70195
AC	1.90251
AG	1.10726
AT	1.19039
CA	0.48306
CC	1.14849
CG	0.490503
CT	0.757863
GA	0.38567
GC	1.00626
GG	0.603017
GT	0.718267
TA	0.784713
TC	2.31501
TG	1.15103
TT	1.16484
