kmer	count
AA	0.733498
AC	2.05559
AG	1.06406
AT	1.21749
CA	0.490844
CC	1.09341
CG	0.522591
CT	0.70962
GA	0.371904
GC	1.03422
GG	0.578421
GT	0.706004
TA	0.864219
TC	2.32826
TG	1.19611
TT	1.23102
