kmer	count
AA	0.766766
AC	1.96294
AG	1.1216
AT	1.15776
CA	0.500935
CC	1.1332
CG	0.438489
CT	0.767068
GA	0.363897
GC	0.957204
GG	0.584793
GT	0.825152
TA	0.806858
TC	2.40309
TG	1.09733
TT	1.22035
