kmer	count
AA	0.709422
AC	1.98209
AG	1.05124
AT	1.24829
CA	0.467603
CC	1.15063
CG	0.474543
CT	0.782521
GA	0.39602
GC	1.02591
GG	0.560569
GT	0.818043
TA	0.779122
TC	2.38008
TG	1.09728
TT	1.22484
