kmer	count
AA	0.775629
AC	2.08523
AG	1.00228
AT	1.3061
CA	0.464642
CC	1.16226
CG	0.461338
CT	0.770658
GA	0.387478
GC	1.02419
GG	0.537951
GT	0.749963
TA	0.784582
TC	2.3228
TG	1.00849
TT	1.16107
