kmer	count
AA	0.781873
AC	1.90768
AG	1.21526
AT	1.29827
CA	0.377324
CC	1.1895
CG	0.49293
CT	0.723255
GA	0.39629
GC	0.954788
GG	0.628281
GT	0.888589
TA	0.727174
TC	2.08975
TG	1.19997
TT	1.21747
