kmer	count
AA	0.720107
AC	1.96101
AG	1.08819
AT	1.14681
CA	0.482553
CC	1.21299
CG	0.487682
CT	0.730537
GA	0.379628
GC	1.05602
GG	0.580884
GT	0.81711
TA	0.739698
TC	2.3538
TG	1.20595
TT	1.11918
