kmer	count
AA	0.761779
AC	2.05694
AG	1.04258
AT	1.18008
CA	0.431082
CC	1.23727
CG	0.451171
CT	0.74315
GA	0.3693
GC	1.08633
GG	0.556483
GT	0.75094
TA	0.729381
TC	2.43482
TG	1.1018
TT	1.16452
