kmer	count
AA	0.752736
AC	2.09983
AG	1.00101
AT	1.25909
CA	0.487155
CC	1.12213
CG	0.475379
CT	0.744978
GA	0.373145
GC	1.06246
GG	0.540512
GT	0.769954
TA	0.762444
TC	2.33407
TG	1.05334
TT	1.16515
