kmer	count
AA	0.747837
AC	1.99967
AG	1.03035
AT	1.23584
CA	0.459254
CC	1.15928
CG	0.43202
CT	0.770351
GA	0.414137
GC	1.0155
GG	0.560678
GT	0.709404
TA	0.839101
TC	2.45871
TG	1.13885
TT	1.19524
