kmer	count
AA	0.726494
AC	1.93793
AG	0.956576
AT	1.27955
CA	0.518586
CC	1.16333
CG	0.524773
CT	0.748806
GA	0.455076
GC	1.13142
GG	0.642904
GT	0.786514
TA	0.818421
TC	2.17412
TG	1.06777
TT	1.09584
