kmer	count
AA	0.705029
AC	2.0932
AG	1.10444
AT	1.25597
CA	0.422121
CC	1.22874
CG	0.51963
CT	0.737705
GA	0.358487
GC	1.08319
GG	0.599285
GT	0.778134
TA	0.710407
TC	2.26054
TG	1.15612
TT	1.08377
