kmer	count
AA	0.798968
AC	2.01359
AG	1.12095
AT	1.18309
CA	0.454341
CC	1.14016
CG	0.479975
CT	0.726719
GA	0.355555
GC	0.970169
GG	0.565963
GT	0.685882
TA	0.824931
TC	2.38024
TG	1.24421
TT	1.17544
