kmer	count
AA	0.735797
AC	2.04587
AG	1.09751
AT	1.22185
CA	0.479034
CC	1.26795
CG	0.500634
CT	0.789889
GA	0.376119
GC	1.06406
GG	0.560736
GT	0.762693
TA	0.748258
TC	2.24091
TG	1.11125
TT	1.0691
