kmer	count
AA	0.725241
AC	1.91715
AG	1.06806
AT	1.23721
CA	0.474841
CC	1.1283
CG	0.524287
CT	0.782909
GA	0.381498
GC	1.0392
GG	0.5495
GT	0.763695
TA	0.775732
TC	2.32775
TG	1.13641
TT	1.1393
