kmer	count
AA	0.767845
AC	2.03413
AG	1.06486
AT	1.23699
CA	0.480847
CC	1.20306
CG	0.501333
CT	0.798404
GA	0.38538
GC	0.979248
GG	0.568753
GT	0.816509
TA	0.722079
TC	2.32314
TG	1.10068
TT	1.16185
