kmer	count
AA	0.697664
AC	2.02805
AG	1.14646
AT	1.12743
CA	0.429793
CC	1.24474
CG	0.520081
CT	0.73227
GA	0.39989
GC	1.14001
GG	0.614379
GT	0.741409
TA	0.782222
TC	2.21456
TG	1.19537
TT	1.04358
