kmer	count
AA	0.518009
AC	1.95039
AG	0.726433
AT	1.35037
CA	0.567498
CC	1.32791
CG	0.507092
CT	0.789748
GA	0.362673
GC	1.00879
GG	0.579506
GT	0.816695
TA	0.850012
TC	2.4837
TG	1.14698
TT	1.23727
