kmer	count
AA	0.659879
AC	1.64734
AG	0.843981
AT	1.05208
CA	0.801832
CC	1.22499
CG	0.65515
CT	0.729032
GA	0.569244
GC	1.01942
GG	0.699176
GT	0.653539
TA	1.09844
TC	2.28933
TG	1.20603
TT	0.963654
