kmer	count
AA	0.75042
AC	2.04104
AG	0.973171
AT	1.34909
CA	0.462567
CC	1.28473
CG	0.382888
CT	0.829621
GA	0.386004
GC	1.11895
GG	0.548326
GT	0.835798
TA	0.723851
TC	2.26142
TG	1.04534
TT	1.08949
