kmer	count
AA	0.675034
AC	2.02756
AG	1.13007
AT	1.19221
CA	0.468933
CC	1.29298
CG	0.542012
CT	0.712926
GA	0.378191
GC	1.09083
GG	0.617024
GT	0.730359
TA	0.727634
TC	2.20071
TG	1.11558
TT	1.0522
