kmer	count
AA	0.725598
AC	2.06631
AG	1.07168
AT	1.23032
CA	0.459268
CC	1.27093
CG	0.521713
CT	0.761294
GA	0.392236
GC	1.07697
GG	0.596448
GT	0.808046
TA	0.756559
TC	2.14396
TG	1.04143
TT	1.08068
