kmer	count
AA	0.745198
AC	2.06428
AG	1.04679
AT	1.18303
CA	0.444463
CC	1.22339
CG	0.471929
CT	0.743853
GA	0.338692
GC	1.03964
GG	0.593018
GT	0.762348
TA	0.754194
TC	2.36586
TG	1.13349
TT	1.20056
