kmer	count
AA	0.744189
AC	2.01212
AG	1.05685
AT	1.28949
CA	0.461352
CC	1.24989
CG	0.466699
CT	0.789149
GA	0.409116
GC	1.08203
GG	0.568832
GT	0.890745
TA	0.7468
TC	2.22521
TG	1.05637
TT	1.09548
