kmer	count
AA	0.702227
AC	2.02238
AG	1.10339
AT	1.25249
CA	0.45916
CC	1.20855
CG	0.478704
CT	0.717097
GA	0.405412
GC	1.08629
GG	0.582702
GT	0.749391
TA	0.736633
TC	2.2678
TG	1.0886
TT	1.09478
