kmer	count
AA	0.764553
AC	2.01594
AG	1.03577
AT	1.19401
CA	0.486466
CC	1.18739
CG	0.444592
CT	0.718384
GA	0.364762
GC	1.11972
GG	0.531897
GT	0.749023
TA	0.777262
TC	2.37804
TG	1.03406
TT	1.15212
