kmer	count
AA	0.704331
AC	2.1256
AG	0.953528
AT	1.11878
CA	0.461709
CC	1.29424
CG	0.470162
CT	0.687994
GA	0.409708
GC	1.08134
GG	0.585384
GT	0.735339
TA	0.79124
TC	2.45889
TG	1.05862
TT	1.05834
