kmer	count
AA	0.692663
AC	1.93227
AG	1.05707
AT	1.20996
CA	0.445261
CC	1.28991
CG	0.545963
CT	0.84226
GA	0.402398
GC	1.16717
GG	0.628805
GT	0.870178
TA	0.64697
TC	2.18433
TG	1.09942
TT	1.00611
