kmer	count
AA	0.760302
AC	1.93288
AG	1.05682
AT	1.19279
CA	0.553759
CC	1.17049
CG	0.485645
CT	0.740877
GA	0.442464
GC	1.02033
GG	0.621812
GT	0.697917
TA	0.79509
TC	2.20806
TG	1.11274
TT	1.11911
