kmer	count
AA	0.703945
AC	2.0684
AG	0.944226
AT	1.21486
CA	0.543141
CC	1.25239
CG	0.527282
CT	0.712681
GA	0.440407
GC	1.02375
GG	0.575011
GT	0.744129
TA	0.819081
TC	2.26831
TG	1.07337
TT	1.11512
