kmer	count
AA	0.708333
AC	1.94638
AG	1.13763
AT	1.26862
CA	0.42627
CC	1.19829
CG	0.532266
CT	0.721333
GA	0.371558
GC	1.01849
GG	0.601499
GT	0.73586
TA	0.70244
TC	2.31539
TG	1.13406
TT	1.13454
