kmer	count
AA	0.71951
AC	2.0202
AG	1.07042
AT	1.28103
CA	0.467627
CC	1.15975
CG	0.466745
CT	0.776905
GA	0.388823
GC	1.01623
GG	0.593686
GT	0.829405
TA	0.797598
TC	2.21233
TG	1.07633
TT	1.10239
