kmer	count
AA	0.754818
AC	2.06336
AG	1.04448
AT	1.18907
CA	0.469413
CC	1.15915
CG	0.527235
CT	0.735102
GA	0.373684
GC	1.04462
GG	0.582892
GT	0.749304
TA	0.758164
TC	2.28135
TG	1.10123
TT	1.15535
