kmer	count
AA	0.707295
AC	2.01016
AG	1.05938
AT	1.17276
CA	0.478071
CC	1.20058
CG	0.448872
CT	0.780731
GA	0.362161
GC	1.00428
GG	0.595099
GT	0.766292
TA	0.740958
TC	2.35905
TG	1.11555
TT	1.10457
