kmer	count
AA	0.746312
AC	2.05363
AG	1.08658
AT	1.23672
CA	0.428059
CC	1.13907
CG	0.465409
CT	0.725321
GA	0.372085
GC	1.04701
GG	0.582385
GT	0.809873
TA	0.814046
TC	2.33453
TG	1.13947
TT	1.1859
