kmer	count
AA	0.555856
AC	2.10838
AG	0.680807
AT	1.40887
CA	0.414777
CC	1.26986
CG	0.36126
CT	0.837767
GA	0.359013
GC	1.0909
GG	0.469017
GT	0.865767
TA	0.698936
TC	2.60958
TG	1.05189
TT	1.41859
