kmer	count
AA	0.70712
AC	2.0202
AG	1.04565
AT	1.19101
CA	0.496396
CC	1.20225
CG	0.500101
CT	0.785112
GA	0.38207
GC	1.09036
GG	0.601867
GT	0.773752
TA	0.74938
TC	2.25433
TG	1.06111
TT	1.09607
