kmer	count
AA	0.701975
AC	2.06453
AG	0.96347
AT	1.24036
CA	0.47743
CC	1.35336
CG	0.45362
CT	0.750821
GA	0.425295
GC	1.19859
GG	0.568514
GT	0.79311
TA	0.708767
TC	2.26973
TG	0.962019
TT	1.04795
