kmer	count
AA	0.58871
AC	1.85359
AG	0.905529
AT	1.0998
CA	0.741281
CC	1.3981
CG	0.624306
CT	0.809307
GA	0.512238
GC	1.12394
GG	0.674261
GT	0.816924
TA	0.794279
TC	2.05328
TG	1.08373
TT	0.920621
