kmer	count
AA	0.710322
AC	2.03956
AG	1.06019
AT	1.12238
CA	0.429992
CC	1.20903
CG	0.48021
CT	0.743063
GA	0.35091
GC	1.14154
GG	0.557251
GT	0.787298
TA	0.719045
TC	2.41602
TG	1.14838
TT	1.17209
