kmer	count
AA	0.744418
AC	2.13741
AG	1.14569
AT	1.13252
CA	0.41233
CC	1.12727
CG	0.438887
CT	0.678259
GA	0.370213
GC	1.02557
GG	0.566536
GT	0.724606
TA	0.766028
TC	2.41998
TG	1.11197
TT	1.13409
