kmer	count
AA	0.721654
AC	2.05967
AG	1.09353
AT	1.19262
CA	0.465156
CC	1.20946
CG	0.506869
CT	0.730546
GA	0.396667
GC	1.08671
GG	0.578208
GT	0.720553
TA	0.752158
TC	2.32635
TG	1.05212
TT	1.08463
