kmer	count
AA	0.670625
AC	1.86996
AG	0.979191
AT	1.29122
CA	0.541886
CC	1.31928
CG	0.594966
CT	1.06551
GA	0.442446
GC	1.07034
GG	0.626682
GT	0.975116
TA	0.672867
TC	1.82592
TG	0.952436
TT	1.07982
