kmer	count
AA	0.713835
AC	2.06201
AG	1.13068
AT	1.4453
CA	0.402652
CC	1.11382
CG	0.420725
CT	0.816478
GA	0.368352
GC	0.975741
GG	0.593604
GT	0.983507
TA	0.746818
TC	2.02865
TG	1.12718
TT	1.2826
