kmer	count
AA	0.740361
AC	1.92887
AG	1.07662
AT	1.23662
CA	0.441673
CC	1.17754
CG	0.496927
CT	0.804771
GA	0.376624
GC	0.985935
GG	0.544255
GT	0.748924
TA	0.769455
TC	2.45292
TG	1.16644
TT	1.19502
