kmer	count
AA	0.753998
AC	2.01147
AG	1.06845
AT	1.22157
CA	0.49159
CC	1.14348
CG	0.436474
CT	0.792259
GA	0.414288
GC	0.982985
GG	0.592817
GT	0.785201
TA	0.754738
TC	2.25382
TG	1.19892
TT	1.21546
