kmer	count
AA	0.770072
AC	2.13685
AG	1.05208
AT	1.11846
CA	0.468821
CC	1.17888
CG	0.463278
CT	0.718082
GA	0.417614
GC	1.0473
GG	0.534606
GT	0.766862
TA	0.750873
TC	2.45498
TG	1.15939
TT	1.08332
