kmer	count
AA	0.734682
AC	2.04567
AG	1.00241
AT	1.2727
CA	0.473951
CC	1.16052
CG	0.405703
CT	0.777136
GA	0.391958
GC	1.02429
GG	0.550556
GT	0.823884
TA	0.75679
TC	2.30977
TG	1.04976
TT	1.16285
