kmer	count
AA	0.736264
AC	2.00296
AG	1.05141
AT	1.28479
CA	0.490956
CC	1.2491
CG	0.510881
CT	0.726781
GA	0.39818
GC	1.07281
GG	0.599838
GT	0.781768
TA	0.729138
TC	2.18418
TG	1.05517
TT	1.10094
