kmer	count
AA	0.705591
AC	2.05352
AG	1.05681
AT	1.32391
CA	0.495963
CC	1.20846
CG	0.501847
CT	0.772142
GA	0.384661
GC	1.05511
GG	0.583493
GT	0.79455
TA	0.680731
TC	2.19737
TG	1.06187
TT	1.09403
