kmer	count
AA	0.683982
AC	2.08232
AG	1.01968
AT	1.29745
CA	0.437286
CC	1.2104
CG	0.445918
CT	0.742934
GA	0.394738
GC	1.08837
GG	0.547402
GT	0.801452
TA	0.737117
TC	2.22531
TG	1.04982
TT	1.21829
