kmer	count
AA	0.702459
AC	2.09973
AG	1.07236
AT	1.14279
CA	0.443117
CC	1.23751
CG	0.477728
CT	0.754721
GA	0.40535
GC	1.07256
GG	0.619578
GT	0.751921
TA	0.72806
TC	2.22084
TG	1.06808
TT	1.13105
