kmer	count
AA	0.74966
AC	2.07293
AG	1.00961
AT	1.23847
CA	0.497493
CC	1.2182
CG	0.494886
CT	0.717555
GA	0.39844
GC	1.0032
GG	0.577544
GT	0.741038
TA	0.775508
TC	2.24401
TG	1.11089
TT	1.12357
