kmer	count
AA	0.699651
AC	2.13572
AG	0.984947
AT	1.25329
CA	0.463361
CC	1.30435
CG	0.484612
CT	0.80583
GA	0.387721
GC	1.1462
GG	0.527736
GT	0.780324
TA	0.69163
TC	2.28311
TG	0.990391
TT	1.05862
