kmer	count
AA	0.703993
AC	2.11272
AG	1.01433
AT	1.2479
CA	0.463502
CC	1.20563
CG	0.478892
CT	0.771241
GA	0.362009
GC	1.08166
GG	0.556605
GT	0.757387
TA	0.722604
TC	2.28823
TG	1.06087
TT	1.15472
