kmer	count
AA	0.707622
AC	2.02364
AG	1.09716
AT	1.17233
CA	0.437072
CC	1.22312
CG	0.474919
CT	0.683342
GA	0.394731
GC	1.07279
GG	0.558974
GT	0.739556
TA	0.836491
TC	2.42139
TG	1.14042
TT	1.16205
