kmer	count
AA	0.675536
AC	2.04666
AG	1.01204
AT	1.172
CA	0.517867
CC	1.40931
CG	0.5378
CT	0.825875
GA	0.438947
GC	1.24559
GG	0.623587
GT	0.877477
TA	0.6102
TC	2.01547
TG	0.970159
TT	0.96735
