kmer	count
AA	0.726491
AC	2.03305
AG	1.06292
AT	1.24343
CA	0.500425
CC	1.1795
CG	0.530945
CT	0.742715
GA	0.407816
GC	1.04797
GG	0.634445
GT	0.811829
TA	0.713359
TC	2.15667
TG	1.08399
TT	1.10563
