kmer	count
AA	0.708201
AC	2.0181
AG	1.11882
AT	1.16587
CA	0.480268
CC	1.21103
CG	0.509846
CT	0.698158
GA	0.372276
GC	1.10272
GG	0.632946
GT	0.740747
TA	0.7286
TC	2.2436
TG	1.1448
TT	1.05453
