kmer	count
AA	0.76049
AC	2.09643
AG	1.03211
AT	1.29188
CA	0.451274
CC	1.14711
CG	0.418354
CT	0.70309
GA	0.400718
GC	1.03475
GG	0.577429
GT	0.757881
TA	0.767461
TC	2.28021
TG	1.02151
TT	1.22427
