kmer	count
AA	0.754234
AC	1.97906
AG	1.07052
AT	1.29463
CA	0.500528
CC	1.16674
CG	0.480737
CT	0.704755
GA	0.434541
GC	1.05036
GG	0.630497
GT	0.774882
TA	0.787058
TC	2.13035
TG	1.11518
TT	1.08801
