kmer	count
AA	0.817314
AC	2.03363
AG	0.958465
AT	1.2579
CA	0.509025
CC	1.19075
CG	0.450306
CT	0.676819
GA	0.386362
GC	1.05647
GG	0.55826
GT	0.745289
TA	1.00149
TC	2.43916
TG	1.07319
TT	1.1228
