kmer	count
AA	0.757851
AC	1.9788
AG	1.04333
AT	1.26603
CA	0.472465
CC	1.16733
CG	0.497182
CT	0.695469
GA	0.420945
GC	1.03962
GG	0.6011
GT	0.797795
TA	0.795529
TC	2.38304
TG	1.12316
TT	1.11885
