kmer	count
AA	0.720095
AC	2.13774
AG	1.01938
AT	1.22095
CA	0.443574
CC	1.24287
CG	0.477854
CT	0.756461
GA	0.361755
GC	1.09984
GG	0.548885
GT	0.761188
TA	0.694883
TC	2.34432
TG	1.03264
TT	1.12298
