kmer	count
AA	0.822123
AC	2.10606
AG	1.05009
AT	1.2067
CA	0.410511
CC	1.19037
CG	0.460298
CT	0.74285
GA	0.37268
GC	1.1411
GG	0.574155
GT	0.775301
TA	0.746648
TC	2.235
TG	1.12029
TT	1.14733
