kmer	count
AA	0.671937
AC	1.96953
AG	1.03985
AT	1.19942
CA	0.453431
CC	1.34615
CG	0.539386
CT	0.803953
GA	0.383169
GC	1.22268
GG	0.641193
GT	0.816966
TA	0.610683
TC	2.20012
TG	1.04682
TT	1.02733
