kmer	count
AA	0.708891
AC	2.04723
AG	1.0775
AT	1.21885
CA	0.478778
CC	1.22513
CG	0.495852
CT	0.697636
GA	0.358168
GC	1.0527
GG	0.595746
GT	0.735058
TA	0.724695
TC	2.2469
TG	1.1231
TT	1.15053
