kmer	count
AA	0.75073
AC	1.95758
AG	1.14431
AT	1.13683
CA	0.474104
CC	1.12232
CG	0.482536
CT	0.746133
GA	0.37188
GC	0.982644
GG	0.616935
GT	0.742747
TA	0.851738
TC	2.29307
TG	1.21574
TT	1.23238
