kmer	count
AA	0.8581
AC	2.04746
AG	1.14194
AT	1.35932
CA	0.442729
CC	1.03909
CG	0.435241
CT	0.650737
GA	0.37386
GC	1.0261
GG	0.568159
GT	0.81977
TA	0.881299
TC	2.25203
TG	1.13473
TT	1.24045
