kmer	count
AA	0.66958
AC	2.06042
AG	1.07503
AT	1.27268
CA	0.459119
CC	1.24166
CG	0.518672
CT	0.799367
GA	0.383495
GC	1.07449
GG	0.567613
GT	0.78337
TA	0.741074
TC	2.18392
TG	1.06351
TT	1.0984
