kmer	count
AA	0.725313
AC	2.08707
AG	1.09327
AT	1.1196
CA	0.433307
CC	1.23524
CG	0.507626
CT	0.756475
GA	0.349803
GC	1.07288
GG	0.596533
GT	0.80023
TA	0.716702
TC	2.24084
TG	1.12489
TT	1.08808
