kmer	count
AA	0.718753
AC	1.96897
AG	1.06449
AT	1.13553
CA	0.457936
CC	1.23173
CG	0.507116
CT	0.703259
GA	0.364134
GC	1.06187
GG	0.585794
GT	0.73392
TA	0.754334
TC	2.50405
TG	1.15142
TT	1.14295
