kmer	count
AA	0.816431
AC	1.96179
AG	0.99161
AT	1.21908
CA	0.545588
CC	1.13769
CG	0.482053
CT	0.715985
GA	0.447155
GC	0.995835
GG	0.540776
GT	0.759569
TA	0.973637
TC	2.30907
TG	1.1486
TT	1.18981
