kmer	count
AA	0.783971
AC	2.10264
AG	1.01319
AT	1.18036
CA	0.433585
CC	1.1615
CG	0.418679
CT	0.696877
GA	0.361966
GC	1.11978
GG	0.548038
GT	0.736984
TA	0.731792
TC	2.52997
TG	1.09733
TT	1.19139
