kmer	count
AA	0.707915
AC	1.93076
AG	1.18147
AT	1.25485
CA	0.407668
CC	1.08327
CG	0.516722
CT	0.758354
GA	0.353908
GC	0.953435
GG	0.61781
GT	0.737745
TA	0.699153
TC	2.31802
TG	1.20453
TT	1.18171
