kmer	count
AA	0.754013
AC	1.89912
AG	1.0553
AT	1.23003
CA	0.468388
CC	1.12754
CG	0.506693
CT	0.713925
GA	0.420818
GC	0.998363
GG	0.582093
GT	0.793986
TA	0.911379
TC	2.40756
TG	1.17842
TT	1.15336
