kmer	count
AA	0.735901
AC	1.90967
AG	1.02798
AT	1.39431
CA	0.504133
CC	1.15862
CG	0.52324
CT	0.85984
GA	0.400538
GC	1.1059
GG	0.543036
GT	0.809419
TA	0.760863
TC	2.13856
TG	0.961317
TT	1.18633
