kmer	count
AA	0.782026
AC	2.11959
AG	1.11528
AT	1.12443
CA	0.460837
CC	1.15934
CG	0.426513
CT	0.705934
GA	0.397658
GC	1.0354
GG	0.598231
GT	0.701115
TA	0.819122
TC	2.3569
TG	1.15673
TT	1.13137
