kmer	count
AA	0.740885
AC	2.02748
AG	1.1069
AT	1.20053
CA	0.45378
CC	1.21221
CG	0.445677
CT	0.738609
GA	0.338997
GC	1.03023
GG	0.533913
GT	0.694049
TA	0.722628
TC	2.4852
TG	1.04451
TT	1.14147
