kmer	count
AA	0.794441
AC	1.98413
AG	1.15121
AT	1.2639
CA	0.432076
CC	1.18301
CG	0.450803
CT	0.67962
GA	0.384128
GC	1.00071
GG	0.603408
GT	0.729729
TA	0.79037
TC	2.37519
TG	1.1506
TT	1.15463
