kmer	count
AA	0.812743
AC	1.98599
AG	1.0576
AT	1.18608
CA	0.441124
CC	1.12158
CG	0.427903
CT	0.729556
GA	0.377526
GC	1.03684
GG	0.556201
GT	0.714454
TA	0.899864
TC	2.40479
TG	1.17958
TT	1.24993
