kmer	count
AA	0.830097
AC	1.90845
AG	0.949689
AT	1.25234
CA	0.500434
CC	1.19517
CG	0.505855
CT	0.769549
GA	0.367361
GC	0.997546
GG	0.544731
GT	0.843656
TA	0.816432
TC	2.32169
TG	1.1127
TT	1.28491
