kmer	count
AA	0.781737
AC	2.02269
AG	1.11628
AT	1.1532
CA	0.414082
CC	1.06801
CG	0.432606
CT	0.671873
GA	0.374028
GC	0.992893
GG	0.554045
GT	0.722761
TA	0.833721
TC	2.60148
TG	1.22753
TT	1.19455
