kmer	count
AA	0.741698
AC	2.08016
AG	1.05366
AT	1.19662
CA	0.473699
CC	1.23607
CG	0.457484
CT	0.716796
GA	0.383698
GC	1.07214
GG	0.556095
GT	0.775257
TA	0.742205
TC	2.31368
TG	1.06679
TT	1.08548
