kmer	count
AA	0.698462
AC	1.99977
AG	1.03064
AT	1.19228
CA	0.468958
CC	1.24606
CG	0.557901
CT	0.757608
GA	0.369358
GC	1.10997
GG	0.566141
GT	0.758944
TA	0.718935
TC	2.34626
TG	1.05099
TT	1.13624
