kmer	count
AA	0.739552
AC	2.05737
AG	1.1216
AT	1.19984
CA	0.466077
CC	1.2416
CG	0.518833
CT	0.721235
GA	0.365517
GC	1.08097
GG	0.610877
GT	0.758755
TA	0.748587
TC	2.27856
TG	1.11671
TT	1.07177
