kmer	count
AA	0.672286
AC	1.82061
AG	0.838784
AT	1.23507
CA	0.748844
CC	1.27147
CG	0.524588
CT	0.859131
GA	0.52814
GC	1.02604
GG	0.610371
GT	0.856674
TA	0.923106
TC	1.93645
TG	1.04399
TT	1.08955
