kmer	count
AA	0.769258
AC	2.03036
AG	1.00732
AT	1.23322
CA	0.511495
CC	1.25762
CG	0.502638
CT	0.728424
GA	0.390191
GC	1.13055
GG	0.564689
GT	0.731304
TA	0.756887
TC	2.2854
TG	0.994938
TT	1.10379
