kmer	count
AA	0.697698
AC	2.10013
AG	1.02047
AT	1.23494
CA	0.446556
CC	1.27208
CG	0.463944
CT	0.739047
GA	0.373759
GC	1.11273
GG	0.575192
GT	0.776472
TA	0.707773
TC	2.3396
TG	1.024
TT	1.08952
