kmer	count
AA	0.714914
AC	1.96364
AG	1.05379
AT	1.1452
CA	0.511314
CC	1.18403
CG	0.532834
CT	0.672861
GA	0.400215
GC	1.03814
GG	0.605194
GT	0.737394
TA	0.756033
TC	2.37354
TG	1.16158
TT	1.10394
