kmer	count
AA	0.748924
AC	2.21829
AG	1.07892
AT	1.19352
CA	0.394064
CC	1.14512
CG	0.476501
CT	0.743542
GA	0.364493
GC	1.03652
GG	0.55355
GT	0.757158
TA	0.729794
TC	2.40565
TG	1.14501
TT	1.16847
