kmer	count
AA	0.727442
AC	2.06259
AG	1.07314
AT	1.19678
CA	0.439892
CC	1.23798
CG	0.461399
CT	0.749363
GA	0.382738
GC	1.12228
GG	0.587881
GT	0.768785
TA	0.708934
TC	2.345
TG	1.10063
TT	1.08469
