kmer	count
AA	0.494781
AC	1.86075
AG	0.651598
AT	1.27723
CA	0.615731
CC	1.41235
CG	0.640423
CT	0.788424
GA	0.411436
GC	1.1193
GG	0.596734
GT	0.785557
TA	0.813505
TC	2.38715
TG	1.13193
TT	1.14518
