kmer	count
AA	0.693886
AC	2.07456
AG	1.07313
AT	1.1624
CA	0.468003
CC	1.35917
CG	0.468235
CT	0.768412
GA	0.402239
GC	1.16972
GG	0.633283
GT	0.79514
TA	0.669707
TC	2.21207
TG	1.06306
TT	0.944068
