kmer	count
AA	0.800485
AC	2.04524
AG	1.18084
AT	1.34242
CA	0.451942
CC	1.09263
CG	0.471605
CT	0.779656
GA	0.306026
GC	0.894191
GG	0.60867
GT	0.897187
TA	0.817537
TC	2.12273
TG	1.24897
TT	1.14557
