kmer	count
AA	0.762523
AC	2.07717
AG	0.983452
AT	1.27803
CA	0.48904
CC	1.24454
CG	0.415105
CT	0.749967
GA	0.404729
GC	1.11853
GG	0.543512
GT	0.769236
TA	0.755978
TC	2.32311
TG	1.00401
TT	1.05037
