kmer	count
AA	0.689101
AC	2.03532
AG	1.01837
AT	1.24989
CA	0.483965
CC	1.38661
CG	0.522267
CT	0.84848
GA	0.421165
GC	1.14776
GG	0.600444
GT	0.839313
TA	0.623857
TC	2.08862
TG	0.981538
TT	1.02711
