kmer	count
AA	0.733661
AC	2.01859
AG	1.06583
AT	1.29883
CA	0.516573
CC	1.17435
CG	0.522729
CT	0.783784
GA	0.406886
GC	1.02105
GG	0.591715
GT	0.74702
TA	0.814721
TC	2.10247
TG	1.0741
TT	1.12594
