kmer	count
AA	0.711599
AC	2.08209
AG	1.07187
AT	1.17712
CA	0.498926
CC	1.20378
CG	0.475797
CT	0.751754
GA	0.384193
GC	1.05092
GG	0.590848
GT	0.71078
TA	0.772412
TC	2.28942
TG	1.09453
TT	1.08242
