kmer	count
AA	0.8134
AC	2.01815
AG	1.10467
AT	1.21688
CA	0.409578
CC	1.19492
CG	0.446928
CT	0.685632
GA	0.363548
GC	1.05297
GG	0.566599
GT	0.797898
TA	0.81257
TC	2.38404
TG	1.12395
TT	1.14043
