kmer	count
AA	0.746844
AC	2.07749
AG	0.981429
AT	1.30595
CA	0.445747
CC	1.2534
CG	0.393696
CT	0.757379
GA	0.413243
GC	1.07468
GG	0.530685
GT	0.784536
TA	0.737097
TC	2.22442
TG	1.0386
TT	1.17622
