kmer	count
AA	0.730117
AC	2.1085
AG	0.987112
AT	1.32203
CA	0.466511
CC	1.26338
CG	0.485566
CT	0.728686
GA	0.399457
GC	1.10393
GG	0.550295
GT	0.76252
TA	0.73129
TC	2.27429
TG	1.00281
TT	1.11357
