kmer	count
AA	0.717059
AC	2.07491
AG	1.05812
AT	1.19252
CA	0.490926
CC	1.14731
CG	0.519206
CT	0.695904
GA	0.37326
GC	1.00569
GG	0.609219
GT	0.737779
TA	0.778716
TC	2.28109
TG	1.16779
TT	1.1313
