kmer	count
AA	0.682507
AC	2.17814
AG	0.990333
AT	1.17304
CA	0.44481
CC	1.2746
CG	0.462635
CT	0.714147
GA	0.379304
GC	1.14873
GG	0.57571
GT	0.737474
TA	0.702475
TC	2.45966
TG	0.980069
TT	1.09113
