kmer	count
AA	0.72723
AC	2.05752
AG	1.03391
AT	1.19784
CA	0.45446
CC	1.23211
CG	0.456664
CT	0.731562
GA	0.394179
GC	1.09878
GG	0.574819
GT	0.738798
TA	0.715957
TC	2.3809
TG	1.04005
TT	1.10996
