kmer	count
AA	0.725743
AC	2.03735
AG	1.05755
AT	1.29815
CA	0.460066
CC	1.12535
CG	0.441586
CT	0.796018
GA	0.348684
GC	1.02092
GG	0.552988
GT	0.819115
TA	0.72083
TC	2.24228
TG	1.07751
TT	1.21358
