kmer	count
AA	0.695902
AC	2.02047
AG	1.07438
AT	1.30829
CA	0.441052
CC	1.13312
CG	0.428565
CT	0.778711
GA	0.415512
GC	1.03578
GG	0.524122
GT	0.800681
TA	0.760323
TC	2.44737
TG	1.15293
TT	1.17841
