kmer	count
AA	0.819466
AC	1.72301
AG	1.45431
AT	0.677687
CA	0.581739
CC	1.17238
CG	0.767231
CT	0.534102
GA	0.438906
GC	0.833903
GG	0.765004
GT	0.458631
TA	1.06884
TC	2.17485
TG	1.62088
TT	0.834958
