kmer	count
AA	0.664071
AC	1.97044
AG	1.0989
AT	1.18645
CA	0.465899
CC	1.29242
CG	0.569904
CT	0.853324
GA	0.402924
GC	1.14838
GG	0.676624
GT	0.793631
TA	0.636204
TC	2.08326
TG	1.09111
TT	1.00545
