kmer	count
AA	0.710943
AC	2.0879
AG	1.05704
AT	1.23653
CA	0.450034
CC	1.15736
CG	0.459444
CT	0.729404
GA	0.379939
GC	1.0882
GG	0.538654
GT	0.73315
TA	0.732282
TC	2.43686
TG	1.0712
TT	1.10819
