kmer	count
AA	0.814867
AC	1.75713
AG	1.287
AT	0.746052
CA	0.594348
CC	1.25478
CG	0.779517
CT	0.55635
GA	0.435899
GC	0.877875
GG	0.755232
GT	0.449336
TA	1.05181
TC	2.24783
TG	1.48971
TT	0.835111
