kmer	count
AA	0.727749
AC	2.02768
AG	1.08829
AT	1.36767
CA	0.457706
CC	1.18493
CG	0.458391
CT	0.8095
GA	0.429836
GC	0.987529
GG	0.56391
GT	0.868606
TA	0.72577
TC	2.15445
TG	1.06481
TT	1.26742
