kmer	count
AA	0.750937
AC	2.00656
AG	1.04303
AT	1.25996
CA	0.480288
CC	1.13953
CG	0.471626
CT	0.696287
GA	0.375085
GC	1.01565
GG	0.601308
GT	0.79033
TA	0.804908
TC	2.35271
TG	1.18914
TT	1.20881
