kmer	count
AA	0.592736
AC	1.75391
AG	0.875581
AT	1.04992
CA	0.765209
CC	1.35635
CG	0.665217
CT	0.798828
GA	0.548321
GC	1.07977
GG	0.69669
GT	0.73724
TA	0.907464
TC	2.10174
TG	1.13626
TT	0.953616
