kmer	count
AA	0.755059
AC	1.93179
AG	1.14183
AT	1.17176
CA	0.438806
CC	1.16326
CG	0.579492
CT	0.702285
GA	0.366374
GC	1.02825
GG	0.619409
GT	0.731317
TA	0.807278
TC	2.31802
TG	1.2051
TT	1.17482
