kmer	count
AA	0.738259
AC	2.13817
AG	1.16561
AT	1.16167
CA	0.392626
CC	1.13893
CG	0.398383
CT	0.67852
GA	0.367919
GC	1.0839
GG	0.549324
GT	0.744199
TA	0.81612
TC	2.49954
TG	1.14049
TT	1.14697
