kmer	count
AA	0.710462
AC	2.01026
AG	1.10742
AT	1.22605
CA	0.451703
CC	1.16444
CG	0.5463
CT	0.765473
GA	0.351222
GC	1.09924
GG	0.584797
GT	0.778756
TA	0.787298
TC	2.3211
TG	1.09743
TT	1.137
