kmer	count
AA	0.745828
AC	2.1308
AG	0.992216
AT	1.3134
CA	0.46985
CC	1.14867
CG	0.435453
CT	0.760636
GA	0.389633
GC	1.03006
GG	0.555302
GT	0.790209
TA	0.763615
TC	2.30987
TG	0.999357
TT	1.16718
