kmer	count
AA	0.740418
AC	1.95044
AG	1.17882
AT	1.14747
CA	0.427031
CC	1.20948
CG	0.473925
CT	0.726803
GA	0.35972
GC	1.03401
GG	0.65307
GT	0.741756
TA	0.700098
TC	2.3002
TG	1.28791
TT	1.06236
