kmer	count
AA	0.708117
AC	2.07544
AG	1.0797
AT	1.19907
CA	0.414709
CC	1.16951
CG	0.468442
CT	0.720083
GA	0.353854
GC	1.09165
GG	0.555954
GT	0.754952
TA	0.738742
TC	2.36995
TG	1.11975
TT	1.1469
