kmer	count
AA	0.678885
AC	2.01256
AG	1.14275
AT	1.13066
CA	0.486235
CC	1.29342
CG	0.538482
CT	0.724107
GA	0.382228
GC	1.10916
GG	0.680041
GT	0.70778
TA	0.633412
TC	2.18903
TG	1.14999
TT	1.01553
