kmer	count
AA	0.703755
AC	2.15582
AG	1.01396
AT	1.20524
CA	0.446799
CC	1.24243
CG	0.456527
CT	0.727976
GA	0.371426
GC	1.07613
GG	0.544386
GT	0.740665
TA	0.743978
TC	2.40456
TG	1.0437
TT	1.11544
