kmer	count
AA	0.713424
AC	2.01215
AG	1.00177
AT	1.1519
CA	0.537373
CC	1.22406
CG	0.486872
CT	0.687397
GA	0.419726
GC	1.06491
GG	0.577776
GT	0.749168
TA	0.769342
TC	2.47166
TG	1.07682
TT	1.14898
