kmer	count
AA	0.697124
AC	2.13292
AG	1.04279
AT	1.23423
CA	0.47212
CC	1.24365
CG	0.480693
CT	0.760653
GA	0.389989
GC	1.03632
GG	0.583994
GT	0.782984
TA	0.777752
TC	2.19644
TG	1.06711
TT	1.08705
