kmer	count
AA	0.726145
AC	2.03927
AG	1.06543
AT	1.21018
CA	0.454222
CC	1.20445
CG	0.474227
CT	0.770771
GA	0.385866
GC	1.07003
GG	0.599665
GT	0.821346
TA	0.724677
TC	2.19567
TG	1.0797
TT	1.11755
