kmer	count
AA	0.758081
AC	2.0986
AG	1.0202
AT	1.19131
CA	0.48336
CC	1.27383
CG	0.480075
CT	0.703445
GA	0.39284
GC	1.1403
GG	0.564799
GT	0.761394
TA	0.783748
TC	2.32985
TG	1.05301
TT	1.09514
