kmer	count
AA	0.754045
AC	2.03354
AG	1.14926
AT	1.20425
CA	0.407722
CC	1.14859
CG	0.43384
CT	0.663357
GA	0.36676
GC	1.01369
GG	0.557359
GT	0.727622
TA	0.821343
TC	2.40194
TG	1.12467
TT	1.13926
