kmer	count
AA	0.739325
AC	1.99653
AG	1.0751
AT	1.2718
CA	0.459883
CC	1.16481
CG	0.47334
CT	0.792099
GA	0.38984
GC	1.08597
GG	0.600003
GT	0.730852
TA	0.764058
TC	2.18027
TG	1.11878
TT	1.0943
