kmer	count
AA	0.708026
AC	2.04244
AG	0.980302
AT	1.40085
CA	0.464125
CC	1.37172
CG	0.464968
CT	0.916016
GA	0.4062
GC	1.14983
GG	0.565584
GT	0.924195
TA	0.601017
TC	2.07066
TG	0.902726
TT	1.07613
