kmer	count
AA	0.820806
AC	1.98868
AG	1.05395
AT	1.34131
CA	0.530513
CC	1.06766
CG	0.484635
CT	0.756873
GA	0.430125
GC	0.990841
GG	0.551848
GT	0.790624
TA	0.882552
TC	2.21335
TG	1.1967
TT	1.15028
