kmer	count
AA	0.6741
AC	1.91632
AG	1.0344
AT	1.21521
CA	0.466845
CC	1.21147
CG	0.534151
CT	0.942602
GA	0.389889
GC	1.10603
GG	0.612009
GT	0.870408
TA	0.653573
TC	2.0791
TG	1.08839
TT	1.12848
