kmer	count
AA	0.725363
AC	1.8883
AG	1.10337
AT	1.1893
CA	0.486973
CC	1.14512
CG	0.565501
CT	0.712324
GA	0.407905
GC	0.999396
GG	0.619282
GT	0.768734
TA	0.804575
TC	2.29256
TG	1.13783
TT	1.13683
