kmer	count
AA	0.732059
AC	2.06236
AG	1.05724
AT	1.26964
CA	0.444748
CC	1.15261
CG	0.462022
CT	0.723694
GA	0.411502
GC	1.04779
GG	0.576244
GT	0.830128
TA	0.77848
TC	2.27899
TG	1.16266
TT	1.17559
