kmer	count
AA	0.814891
AC	2.11053
AG	1.00396
AT	1.26809
CA	0.45902
CC	1.25647
CG	0.409325
CT	0.749741
GA	0.387134
GC	1.10031
GG	0.530667
GT	0.793604
TA	0.772547
TC	2.25894
TG	1.06438
TT	1.16935
