kmer	count
AA	0.698299
AC	2.07391
AG	1.10178
AT	1.24053
CA	0.463284
CC	1.2221
CG	0.496492
CT	0.74468
GA	0.387986
GC	1.07457
GG	0.58335
GT	0.806074
TA	0.685864
TC	2.2314
TG	1.07296
TT	1.08488
