kmer	count
AA	0.740982
AC	2.0193
AG	1.07572
AT	1.20228
CA	0.458598
CC	1.19159
CG	0.507574
CT	0.709455
GA	0.402533
GC	1.07994
GG	0.580925
GT	0.7355
TA	0.693669
TC	2.31389
TG	1.11333
TT	1.12544
