kmer	count
AA	0.830264
AC	2.05214
AG	0.906357
AT	1.24441
CA	0.566333
CC	1.17474
CG	0.45313
CT	0.658777
GA	0.42866
GC	1.08306
GG	0.538721
GT	0.791151
TA	0.883721
TC	2.41342
TG	1.09002
TT	1.11183
