kmer	count
AA	0.674412
AC	2.09473
AG	1.04746
AT	1.14869
CA	0.459376
CC	1.26996
CG	0.503253
CT	0.699363
GA	0.375544
GC	1.09787
GG	0.593976
GT	0.769853
TA	0.704255
TC	2.43489
TG	1.05107
TT	1.06732
