kmer	count
AA	0.7722
AC	2.11136
AG	1.0351
AT	1.295
CA	0.445084
CC	1.20737
CG	0.467745
CT	0.759759
GA	0.35742
GC	0.998578
GG	0.543607
GT	0.800082
TA	0.813212
TC	2.31337
TG	1.0816
TT	1.22308
