kmer	count
AA	0.695772
AC	2.03526
AG	1.09841
AT	1.27562
CA	0.437141
CC	1.12483
CG	0.45344
CT	0.759227
GA	0.39311
GC	1.00313
GG	0.568844
GT	0.725451
TA	0.815434
TC	2.2561
TG	1.15002
TT	1.16454
