kmer	count
AA	0.769472
AC	2.06022
AG	1.07227
AT	1.13663
CA	0.433948
CC	1.12349
CG	0.439596
CT	0.665444
GA	0.39514
GC	1.05356
GG	0.582692
GT	0.760069
TA	0.851995
TC	2.50777
TG	1.1471
TT	1.15558
