kmer	count
AA	0.73325
AC	1.97619
AG	1.0591
AT	1.3659
CA	0.485102
CC	1.15061
CG	0.453735
CT	0.794075
GA	0.407934
GC	1.02041
GG	0.563331
GT	0.800547
TA	0.717788
TC	2.21795
TG	1.08699
TT	1.30083
