kmer	count
AA	0.771834
AC	2.12351
AG	1.09092
AT	1.1798
CA	0.434286
CC	1.12014
CG	0.478339
CT	0.754355
GA	0.41002
GC	1.00727
GG	0.537842
GT	0.756827
TA	0.747218
TC	2.33109
TG	1.05945
TT	1.16505
