kmer	count
AA	0.663585
AC	2.07377
AG	1.07759
AT	1.15777
CA	0.443649
CC	1.30242
CG	0.51272
CT	0.763243
GA	0.329028
GC	1.15657
GG	0.609691
GT	0.727789
TA	0.667108
TC	2.29125
TG	1.10365
TT	1.06269
