kmer	count
AA	0.683643
AC	1.9332
AG	1.06561
AT	1.2445
CA	0.512913
CC	1.16732
CG	0.493339
CT	0.742732
GA	0.429642
GC	1.05295
GG	0.608259
GT	0.754939
TA	0.747885
TC	2.18561
TG	1.1332
TT	1.17456
