kmer	count
AA	0.706417
AC	1.97378
AG	1.12708
AT	1.14782
CA	0.448526
CC	1.21202
CG	0.4977
CT	0.723565
GA	0.382741
GC	1.06395
GG	0.607198
GT	0.753016
TA	0.742221
TC	2.3262
TG	1.14015
TT	1.07818
