kmer	count
AA	0.74911
AC	2.15736
AG	0.992954
AT	1.2145
CA	0.479233
CC	1.30363
CG	0.472637
CT	0.720669
GA	0.393162
GC	1.15536
GG	0.538292
GT	0.780967
TA	0.738796
TC	2.34004
TG	1.03646
TT	1.03406
