kmer	count
AA	0.739807
AC	1.9894
AG	1.15707
AT	1.18683
CA	0.400678
CC	1.2376
CG	0.44868
CT	0.745038
GA	0.377178
GC	1.0695
GG	0.609817
GT	0.768312
TA	0.694745
TC	2.34224
TG	1.15286
TT	1.10762
