kmer	count
AA	0.750604
AC	2.06346
AG	0.968787
AT	1.15821
CA	0.419401
CC	1.25926
CG	0.449453
CT	0.729043
GA	0.370369
GC	1.12693
GG	0.536124
GT	0.765485
TA	0.753832
TC	2.53707
TG	1.08101
TT	1.15398
