kmer	count
AA	0.765831
AC	2.06936
AG	1.02829
AT	1.14287
CA	0.469783
CC	1.20957
CG	0.495265
CT	0.700734
GA	0.392072
GC	1.06615
GG	0.576439
GT	0.749197
TA	0.750333
TC	2.34848
TG	1.09352
TT	1.11261
