kmer	count
AA	0.714836
AC	2.13595
AG	1.02094
AT	1.20194
CA	0.443843
CC	1.26618
CG	0.44017
CT	0.732192
GA	0.377851
GC	1.08851
GG	0.549518
GT	0.752529
TA	0.742105
TC	2.3729
TG	1.03054
TT	1.09629
