kmer	count
AA	0.677689
AC	1.95993
AG	1.0431
AT	1.26437
CA	0.487307
CC	1.20684
CG	0.526508
CT	0.79144
GA	0.413643
GC	1.08876
GG	0.560506
GT	0.78555
TA	0.719631
TC	2.26057
TG	1.05767
TT	1.14479
