kmer	count
AA	0.754353
AC	2.00812
AG	1.05968
AT	1.22474
CA	0.465732
CC	1.1725
CG	0.45133
CT	0.748689
GA	0.400002
GC	1.04783
GG	0.599383
GT	0.75662
TA	0.754909
TC	2.21621
TG	1.08807
TT	1.1734
