kmer	count
AA	0.746576
AC	2.15344
AG	1.08187
AT	1.1728
CA	0.448033
CC	1.23903
CG	0.496458
CT	0.712584
GA	0.402428
GC	1.05891
GG	0.581738
GT	0.807749
TA	0.732518
TC	2.23983
TG	1.1406
TT	1.11664
