kmer	count
AA	0.743997
AC	2.02494
AG	1.08243
AT	1.26623
CA	0.463027
CC	1.24177
CG	0.492698
CT	0.7047
GA	0.380342
GC	1.12282
GG	0.60439
GT	0.785851
TA	0.728638
TC	2.23027
TG	1.05571
TT	1.05745
