kmer	count
AA	0.715258
AC	2.02903
AG	1.14274
AT	1.20174
CA	0.460225
CC	1.17469
CG	0.459748
CT	0.703807
GA	0.362055
GC	0.967939
GG	0.582698
GT	0.747161
TA	0.733433
TC	2.32325
TG	1.16977
TT	1.12929
