kmer	count
AA	0.700168
AC	2.07822
AG	1.04672
AT	1.19081
CA	0.463294
CC	1.26376
CG	0.473331
CT	0.755289
GA	0.375785
GC	1.10963
GG	0.572651
GT	0.762927
TA	0.717673
TC	2.3352
TG	1.0526
TT	1.05629
