kmer	count
AA	0.731093
AC	2.01721
AG	1.2145
AT	1.32836
CA	0.468063
CC	1.1558
CG	0.497139
CT	0.7497
GA	0.309652
GC	1.00772
GG	0.630621
GT	0.797784
TA	0.667515
TC	2.01355
TG	1.16833
TT	1.13226
