kmer	count
AA	0.686579
AC	1.96846
AG	1.099
AT	1.14174
CA	0.47198
CC	1.15355
CG	0.573787
CT	0.695226
GA	0.41605
GC	1.03294
GG	0.611547
GT	0.739969
TA	0.73312
TC	2.40269
TG	1.2152
TT	1.17812
