kmer	count
AA	0.815211
AC	1.96505
AG	1.10425
AT	1.28549
CA	0.495012
CC	1.18305
CG	0.408805
CT	0.691806
GA	0.396294
GC	0.989151
GG	0.585946
GT	0.753949
TA	0.864015
TC	2.26434
TG	1.1438
TT	1.18386
