kmer	count
AA	0.682572
AC	2.0977
AG	1.04366
AT	1.27576
CA	0.463
CC	1.18075
CG	0.441383
CT	0.790971
GA	0.348922
GC	1.05197
GG	0.545744
GT	0.759956
TA	0.748063
TC	2.31042
TG	1.04828
TT	1.16997
