kmer	count
AA	0.759353
AC	1.9434
AG	1.1305
AT	1.19178
CA	0.450752
CC	1.15607
CG	0.484278
CT	0.732968
GA	0.387356
GC	1.06645
GG	0.560089
GT	0.808051
TA	0.785131
TC	2.42446
TG	1.09852
TT	1.16602
