kmer	count
AA	0.767911
AC	2.06713
AG	1.05767
AT	1.26062
CA	0.448714
CC	1.21677
CG	0.405236
CT	0.785095
GA	0.428343
GC	1.06008
GG	0.624396
GT	0.77729
TA	0.751891
TC	2.19718
TG	1.11253
TT	1.12618
