kmer	count
AA	0.761447
AC	2.0876
AG	1.02914
AT	1.19433
CA	0.489571
CC	1.17064
CG	0.428498
CT	0.68263
GA	0.37007
GC	1.05968
GG	0.602672
GT	0.745159
TA	0.7733
TC	2.34344
TG	1.07198
TT	1.13503
