kmer	count
AA	0.716024
AC	2.11568
AG	1.05515
AT	1.26633
CA	0.423663
CC	1.22554
CG	0.501976
CT	0.740329
GA	0.401201
GC	1.02979
GG	0.623532
GT	0.782047
TA	0.731051
TC	2.20744
TG	1.0693
TT	1.10313
