kmer	count
AA	0.76297
AC	2.08938
AG	1.03705
AT	1.31205
CA	0.465677
CC	1.14209
CG	0.428264
CT	0.777537
GA	0.361376
GC	1.04596
GG	0.612719
GT	0.783575
TA	0.723893
TC	2.11071
TG	1.02612
TT	1.24716
