kmer	count
AA	0.721778
AC	2.14415
AG	1.01466
AT	1.3181
CA	0.444691
CC	1.29208
CG	0.423757
CT	0.760535
GA	0.394151
GC	1.015
GG	0.577608
GT	0.804496
TA	0.717059
TC	2.1838
TG	1.00503
TT	1.14441
