kmer	count
AA	0.725583
AC	1.99999
AG	1.08304
AT	1.19682
CA	0.476018
CC	1.12886
CG	0.525414
CT	0.711012
GA	0.377835
GC	1.01377
GG	0.564829
GT	0.720718
TA	0.881474
TC	2.34508
TG	1.13663
TT	1.13044
