kmer	count
AA	0.783189
AC	1.91797
AG	1.08846
AT	1.32341
CA	0.42547
CC	1.1357
CG	0.473128
CT	0.716417
GA	0.383553
GC	1.01041
GG	0.592352
GT	0.805818
TA	0.743715
TC	2.27916
TG	1.07388
TT	1.20267
