kmer	count
AA	0.749389
AC	2.09872
AG	1.06443
AT	1.25687
CA	0.502788
CC	1.21171
CG	0.497661
CT	0.75423
GA	0.381532
GC	1.00103
GG	0.588453
GT	0.726775
TA	0.781683
TC	2.14418
TG	1.11827
TT	1.08305
