kmer	count
AA	0.749021
AC	2.07817
AG	1.05839
AT	1.21393
CA	0.46507
CC	1.15873
CG	0.481486
CT	0.75325
GA	0.380818
GC	1.0425
GG	0.573283
GT	0.710989
TA	0.789912
TC	2.31206
TG	1.07979
TT	1.12393
