kmer	count
AA	0.751072
AC	2.14555
AG	0.934203
AT	1.28122
CA	0.484731
CC	1.30837
CG	0.410675
CT	0.771333
GA	0.408695
GC	1.0983
GG	0.538931
GT	0.804442
TA	0.735017
TC	2.2182
TG	0.987744
TT	1.09804
