kmer	count
AA	0.705236
AC	2.1027
AG	1.05633
AT	1.17422
CA	0.482599
CC	1.18753
CG	0.443455
CT	0.729005
GA	0.386479
GC	1.06002
GG	0.579153
GT	0.77611
TA	0.722818
TC	2.35526
TG	1.06583
TT	1.1162
