kmer	count
AA	0.709151
AC	2.0158
AG	1.09143
AT	1.18101
CA	0.435102
CC	1.14973
CG	0.52483
CT	0.731431
GA	0.378346
GC	1.03569
GG	0.613057
GT	0.786378
TA	0.776515
TC	2.37164
TG	1.17548
TT	1.17731
