kmer	count
AA	0.734436
AC	2.08898
AG	1.01795
AT	1.18052
CA	0.458799
CC	1.21493
CG	0.478107
CT	0.782283
GA	0.387702
GC	1.09784
GG	0.565338
GT	0.793407
TA	0.727905
TC	2.35923
TG	1.08499
TT	1.12284
