kmer	count
AA	0.714935
AC	2.14712
AG	0.973225
AT	1.25923
CA	0.536772
CC	1.37112
CG	0.409217
CT	0.850462
GA	0.380257
GC	1.09823
GG	0.504739
GT	0.840217
TA	0.677064
TC	2.13052
TG	0.941807
TT	1.09442
