kmer	count
AA	0.715328
AC	2.03255
AG	1.11949
AT	1.24078
CA	0.409709
CC	1.1468
CG	0.502026
CT	0.6845
GA	0.371165
GC	1.03908
GG	0.55518
GT	0.761913
TA	0.804493
TC	2.29494
TG	1.11411
TT	1.21131
