kmer	count
AA	0.671908
AC	2.07686
AG	1.1355
AT	1.14094
CA	0.46471
CC	1.32875
CG	0.519725
CT	0.728838
GA	0.409362
GC	1.10965
GG	0.682148
GT	0.721596
TA	0.619407
TC	2.15721
TG	1.15661
TT	0.971274
