kmer	count
AA	0.750279
AC	1.86636
AG	1.19867
AT	1.18872
CA	0.399972
CC	1.09922
CG	0.507961
CT	0.719395
GA	0.371485
GC	1.06878
GG	0.687173
GT	0.832807
TA	0.697739
TC	2.19685
TG	1.25941
TT	1.17733
