kmer	count
AA	0.723974
AC	2.04695
AG	0.973488
AT	1.23955
CA	0.459304
CC	1.2549
CG	0.458677
CT	0.769073
GA	0.372573
GC	1.08382
GG	0.517053
GT	0.769489
TA	0.735388
TC	2.41281
TG	1.00582
TT	1.15494
