kmer	count
AA	0.731441
AC	2.03042
AG	1.16716
AT	1.16411
CA	0.416396
CC	1.19778
CG	0.476052
CT	0.724551
GA	0.348943
GC	1.10146
GG	0.625799
GT	0.766605
TA	0.705364
TC	2.27644
TG	1.12718
TT	1.04784
