kmer	count
AA	0.769974
AC	2.1882
AG	0.961623
AT	1.2607
CA	0.52734
CC	1.2895
CG	0.410622
CT	0.778845
GA	0.414213
GC	1.11043
GG	0.534628
GT	0.849013
TA	0.789424
TC	2.17668
TG	1.00187
TT	1.07973
