kmer	count
AA	0.766101
AC	2.0094
AG	1.02863
AT	1.27889
CA	0.441393
CC	1.18356
CG	0.426722
CT	0.733564
GA	0.412558
GC	1.07572
GG	0.593285
GT	0.809721
TA	0.785376
TC	2.21269
TG	1.04436
TT	1.15749
