kmer	count
AA	0.726894
AC	2.03245
AG	1.12626
AT	1.27096
CA	0.508987
CC	1.08664
CG	0.456034
CT	0.724206
GA	0.412519
GC	0.993024
GG	0.566633
GT	0.68399
TA	0.801663
TC	2.26818
TG	1.14597
TT	1.13192
