kmer	count
AA	0.706236
AC	2.09664
AG	1.10265
AT	1.17532
CA	0.467481
CC	1.19403
CG	0.482621
CT	0.724708
GA	0.373555
GC	1.06399
GG	0.584885
GT	0.739862
TA	0.72029
TC	2.3599
TG	1.12946
TT	1.03246
