kmer	count
AA	0.702434
AC	2.05692
AG	1.06497
AT	1.25938
CA	0.416709
CC	1.22859
CG	0.448141
CT	0.805141
GA	0.361792
GC	1.10276
GG	0.568987
GT	0.763498
TA	0.69509
TC	2.30036
TG	1.07474
TT	1.0819
