kmer	count
AA	0.73139
AC	2.03127
AG	1.04552
AT	1.20122
CA	0.46223
CC	1.24409
CG	0.482496
CT	0.707555
GA	0.398207
GC	1.10397
GG	0.556785
GT	0.813217
TA	0.716155
TC	2.4483
TG	1.03489
TT	1.11978
