kmer	count
AA	0.726113
AC	2.14269
AG	1.06531
AT	1.15349
CA	0.437394
CC	1.25093
CG	0.458991
CT	0.701545
GA	0.351022
GC	1.10785
GG	0.551616
GT	0.722641
TA	0.713132
TC	2.43746
TG	1.08476
TT	1.05621
