kmer	count
AA	0.695116
AC	2.06797
AG	1.08937
AT	1.21619
CA	0.484043
CC	1.28058
CG	0.507244
CT	0.74168
GA	0.373498
GC	1.06641
GG	0.581337
GT	0.744618
TA	0.693977
TC	2.23622
TG	1.04631
TT	1.11838
