kmer	count
AA	0.5984
AC	1.76216
AG	0.847073
AT	1.1661
CA	0.832587
CC	1.40749
CG	0.671237
CT	0.809019
GA	0.563121
GC	1.09117
GG	0.735662
GT	0.797182
TA	0.807033
TC	1.94646
TG	1.05529
TT	0.92592
