kmer	count
AA	0.672052
AC	2.06146
AG	0.984746
AT	1.29042
CA	0.461805
CC	1.26113
CG	0.452447
CT	0.828848
GA	0.372649
GC	1.0476
GG	0.559606
GT	0.814027
TA	0.704267
TC	2.24527
TG	1.01571
TT	1.18678
