kmer	count
AA	0.720558
AC	2.04285
AG	1.03432
AT	1.20275
CA	0.494535
CC	1.1491
CG	0.466376
CT	0.755997
GA	0.381055
GC	1.07753
GG	0.561606
GT	0.764809
TA	0.800241
TC	2.33976
TG	1.08754
TT	1.09657
