kmer	count
AA	0.730021
AC	2.11488
AG	1.11485
AT	1.26449
CA	0.439634
CC	1.14511
CG	0.430029
CT	0.713038
GA	0.38719
GC	0.95663
GG	0.53358
GT	0.745702
TA	0.798651
TC	2.38051
TG	1.20214
TT	1.24782
