kmer	count
AA	0.716634
AC	2.03414
AG	1.12673
AT	1.12347
CA	0.480482
CC	1.15588
CG	0.486099
CT	0.72191
GA	0.329221
GC	1.05347
GG	0.55176
GT	0.774754
TA	0.740836
TC	2.4284
TG	1.16945
TT	1.22167
