kmer	count
AA	0.657814
AC	2.05769
AG	1.11797
AT	1.23697
CA	0.47394
CC	1.19684
CG	0.519994
CT	0.837634
GA	0.38033
GC	1.02257
GG	0.613625
GT	0.80767
TA	0.666763
TC	2.17767
TG	1.08568
TT	1.08171
