kmer	count
AA	0.709226
AC	1.98494
AG	1.18453
AT	1.07462
CA	0.440782
CC	1.2342
CG	0.549362
CT	0.703883
GA	0.372662
GC	1.08183
GG	0.651708
GT	0.745216
TA	0.700465
TC	2.31007
TG	1.1608
TT	1.07926
