kmer	count
AA	0.714919
AC	2.1947
AG	0.948012
AT	1.19104
CA	0.449214
CC	1.31005
CG	0.420574
CT	0.752933
GA	0.359427
GC	1.16286
GG	0.497261
GT	0.763623
TA	0.712237
TC	2.43803
TG	0.947617
TT	1.13283
