kmer	count
AA	0.735306
AC	2.01287
AG	1.20174
AT	1.19166
CA	0.466876
CC	1.17069
CG	0.513152
CT	0.720436
GA	0.393872
GC	1.03644
GG	0.610996
GT	0.768055
TA	0.723449
TC	2.25867
TG	1.15389
TT	1.10895
