kmer	count
AA	0.740145
AC	2.02621
AG	1.05493
AT	1.25864
CA	0.452744
CC	1.18007
CG	0.448713
CT	0.681786
GA	0.373344
GC	1.03099
GG	0.559006
GT	0.842225
TA	0.806422
TC	2.36971
TG	1.13286
TT	1.24336
