kmer	count
AA	0.756679
AC	2.10124
AG	1.02476
AT	1.13468
CA	0.393991
CC	1.1728
CG	0.459573
CT	0.700187
GA	0.394833
GC	1.06092
GG	0.507407
GT	0.865163
TA	0.767612
TC	2.59765
TG	1.04667
TT	1.20013
