kmer	count
AA	0.719716
AC	2.12122
AG	1.00265
AT	1.23126
CA	0.436504
CC	1.25883
CG	0.447719
CT	0.784531
GA	0.363191
GC	1.03581
GG	0.547945
GT	0.774083
TA	0.759456
TC	2.36808
TG	1.07938
TT	1.18518
