kmer	count
AA	0.710238
AC	2.01382
AG	1.02243
AT	1.20277
CA	0.458955
CC	1.24437
CG	0.516559
CT	0.820188
GA	0.366502
GC	1.08424
GG	0.572751
GT	0.814612
TA	0.762584
TC	2.32838
TG	1.07251
TT	1.13834
