kmer	count
AA	0.741782
AC	1.96796
AG	1.13166
AT	1.05941
CA	0.479872
CC	1.13732
CG	0.510119
CT	0.660267
GA	0.400248
GC	1.0301
GG	0.630819
GT	0.704397
TA	0.786692
TC	2.49232
TG	1.20049
TT	1.12388
