kmer	count
AA	0.741887
AC	2.06921
AG	1.09881
AT	1.26994
CA	0.468437
CC	1.2335
CG	0.489459
CT	0.745025
GA	0.391094
GC	1.05447
GG	0.570406
GT	0.787474
TA	0.749866
TC	2.18219
TG	1.06221
TT	1.06156
