kmer	count
AA	0.68276
AC	2.06434
AG	1.08063
AT	1.26061
CA	0.44079
CC	1.12301
CG	0.518293
CT	0.791086
GA	0.389695
GC	1.04725
GG	0.564357
GT	0.756327
TA	0.730187
TC	2.30579
TG	1.08784
TT	1.15239
