kmer	count
AA	0.826051
AC	1.8303
AG	1.01464
AT	1.22351
CA	0.501429
CC	1.10724
CG	0.521848
CT	0.774152
GA	0.455449
GC	1.01864
GG	0.631192
GT	0.749939
TA	0.998479
TC	2.20307
TG	1.12888
TT	1.20777
