kmer	count
AA	0.66646
AC	1.91756
AG	1.06688
AT	1.25383
CA	0.494854
CC	1.22056
CG	0.533019
CT	0.914562
GA	0.41864
GC	1.10109
GG	0.634632
GT	0.83534
TA	0.640067
TC	2.06216
TG	1.02134
TT	1.13056
