kmer	count
AA	0.755687
AC	1.84305
AG	0.999052
AT	1.28945
CA	0.505241
CC	1.24515
CG	0.530786
CT	0.865034
GA	0.480993
GC	1.09381
GG	0.582769
GT	0.965747
TA	0.792762
TC	2.01102
TG	1.03906
TT	1.15205
