kmer	count
AA	0.718449
AC	1.99681
AG	1.09368
AT	1.14505
CA	0.475676
CC	1.15917
CG	0.52657
CT	0.742511
GA	0.389684
GC	1.03085
GG	0.620441
GT	0.712425
TA	0.76151
TC	2.30746
TG	1.11921
TT	1.14117
