kmer	count
AA	0.726209
AC	1.9795
AG	1.07665
AT	1.2533
CA	0.467571
CC	1.17196
CG	0.498949
CT	0.68587
GA	0.406649
GC	1.04229
GG	0.613298
GT	0.818632
TA	0.847237
TC	2.27475
TG	1.15232
TT	1.1494
