kmer	count
AA	0.524094
AC	2.01425
AG	0.694894
AT	1.44018
CA	0.426442
CC	1.27072
CG	0.423311
CT	0.854118
GA	0.335299
GC	1.20934
GG	0.500935
GT	0.846135
TA	0.648177
TC	2.53485
TG	0.991239
TT	1.32881
