kmer	count
AA	0.697022
AC	2.15989
AG	1.0234
AT	1.1982
CA	0.45963
CC	1.29611
CG	0.455507
CT	0.782523
GA	0.376086
GC	1.0957
GG	0.533541
GT	0.794781
TA	0.612047
TC	2.35057
TG	1.00001
TT	1.10809
