kmer	count
AA	0.810864
AC	2.01254
AG	1.13403
AT	1.07799
CA	0.443852
CC	1.14008
CG	0.449425
CT	0.669989
GA	0.421631
GC	1.01237
GG	0.60245
GT	0.757513
TA	0.829518
TC	2.3688
TG	1.18674
TT	1.17185
