kmer	count
AA	0.686389
AC	1.71162
AG	0.954858
AT	1.21617
CA	0.532839
CC	1.26804
CG	0.64078
CT	1.1082
GA	0.509626
GC	1.11472
GG	0.673648
GT	0.973725
TA	0.697274
TC	1.83491
TG	0.966816
TT	1.12947
