kmer	count
AA	0.79522
AC	2.02904
AG	1.14746
AT	1.21011
CA	0.442738
CC	1.10295
CG	0.429504
CT	0.732651
GA	0.3756
GC	0.98891
GG	0.592101
GT	0.734602
TA	0.86346
TC	2.32934
TG	1.14241
TT	1.22927
