kmer	count
AA	0.662042
AC	2.03716
AG	1.06917
AT	1.20757
CA	0.488006
CC	1.22653
CG	0.521303
CT	0.755311
GA	0.384978
GC	1.07129
GG	0.580237
GT	0.738901
TA	0.753598
TC	2.30325
TG	1.12143
TT	1.06468
