kmer	count
AA	0.789876
AC	2.1646
AG	1.16629
AT	1.24374
CA	0.446872
CC	1.06524
CG	0.442791
CT	0.695326
GA	0.378827
GC	0.979093
GG	0.561755
GT	0.741448
TA	0.78456
TC	2.37324
TG	1.17162
TT	1.18724
