kmer	count
AA	0.739275
AC	1.79666
AG	0.978059
AT	1.29993
CA	0.498425
CC	1.16515
CG	0.553583
CT	1.02705
GA	0.416476
GC	1.07018
GG	0.621976
GT	0.97842
TA	0.714539
TC	1.99852
TG	1.04615
TT	1.21118
