kmer	count
AA	0.709742
AC	2.01503
AG	1.11214
AT	1.21211
CA	0.436944
CC	1.13449
CG	0.515415
CT	0.733688
GA	0.375837
GC	1.04233
GG	0.574247
GT	0.735118
TA	0.748957
TC	2.33306
TG	1.16256
TT	1.12192
