kmer	count
AA	0.739551
AC	2.09618
AG	1.13816
AT	1.18329
CA	0.432268
CC	1.19201
CG	0.523852
CT	0.668901
GA	0.346759
GC	1.01998
GG	0.570731
GT	0.700578
TA	0.769441
TC	2.43524
TG	1.08826
TT	1.09213
