kmer	count
AA	0.716277
AC	2.00812
AG	1.09714
AT	1.20437
CA	0.442661
CC	1.16843
CG	0.491603
CT	0.710145
GA	0.377826
GC	1.00329
GG	0.54542
GT	0.759977
TA	0.775088
TC	2.40457
TG	1.13955
TT	1.12792
