kmer	count
AA	0.498513
AC	1.39332
AG	0.711261
AT	0.859291
CA	1.15791
CC	1.41636
CG	0.955534
CT	0.699581
GA	0.640587
GC	0.932003
GG	0.816657
GT	0.637312
TA	1.24202
TC	1.92811
TG	1.38004
TT	0.767728
