kmer	count
AA	0.672322
AC	2.01062
AG	1.11902
AT	1.23649
CA	0.468892
CC	1.2301
CG	0.550113
CT	0.768914
GA	0.409612
GC	1.07883
GG	0.652033
GT	0.868859
TA	0.673246
TC	2.1058
TG	1.12338
TT	1.01066
