kmer	count
AA	0.698006
AC	2.06934
AG	0.963916
AT	1.21881
CA	0.449554
CC	1.26916
CG	0.475541
CT	0.730005
GA	0.38861
GC	1.10574
GG	0.559347
GT	0.754735
TA	0.764611
TC	2.44447
TG	1.00293
TT	1.11797
