kmer	count
AA	0.738167
AC	1.96442
AG	1.05407
AT	1.24308
CA	0.462954
CC	1.19273
CG	0.499423
CT	0.755673
GA	0.416149
GC	0.985754
GG	0.639695
GT	0.794404
TA	0.762984
TC	2.17389
TG	1.12569
TT	1.13672
