kmer	count
AA	0.753258
AC	2.0115
AG	1.0758
AT	1.0679
CA	0.487802
CC	1.22288
CG	0.490826
CT	0.655519
GA	0.40539
GC	1.10278
GG	0.599092
GT	0.688056
TA	0.876138
TC	2.43383
TG	1.16678
TT	1.0644
