kmer	count
AA	0.657298
AC	2.05586
AG	1.14992
AT	1.16155
CA	0.466347
CC	1.15568
CG	0.537054
CT	0.76443
GA	0.367865
GC	1.05744
GG	0.589907
GT	0.758609
TA	0.782169
TC	2.30757
TG	1.14632
TT	1.15503
