kmer	count
AA	0.729628
AC	1.91735
AG	1.12285
AT	1.18634
CA	0.451997
CC	1.07803
CG	0.479972
CT	0.709894
GA	0.404322
GC	1.05243
GG	0.652567
GT	0.79101
TA	0.803621
TC	2.32408
TG	1.28114
TT	1.11279
