kmer	count
AA	0.760468
AC	1.94325
AG	1.06839
AT	1.12111
CA	0.471385
CC	1.1392
CG	0.500204
CT	0.698228
GA	0.394655
GC	1.05803
GG	0.604825
GT	0.768016
TA	0.899139
TC	2.33515
TG	1.19125
TT	1.20892
