kmer	count
AA	0.727025
AC	2.06848
AG	1.10353
AT	1.19579
CA	0.500753
CC	1.21421
CG	0.546533
CT	0.694438
GA	0.412424
GC	1.03298
GG	0.63355
GT	0.813228
TA	0.715985
TC	2.1241
TG	1.12228
TT	1.06525
