kmer	count
AA	0.739084
AC	2.02795
AG	1.0492
AT	1.08574
CA	0.466151
CC	1.24101
CG	0.472234
CT	0.723456
GA	0.383901
GC	1.0997
GG	0.561383
GT	0.7847
TA	0.746329
TC	2.50894
TG	1.1062
TT	1.08642
