kmer	count
AA	0.705176
AC	2.1017
AG	1.02266
AT	1.20305
CA	0.480786
CC	1.25816
CG	0.460419
CT	0.733902
GA	0.383713
GC	1.08396
GG	0.576161
GT	0.73108
TA	0.724752
TC	2.33965
TG	1.06034
TT	1.09213
