kmer	count
AA	0.689703
AC	2.02273
AG	1.10617
AT	1.21866
CA	0.463678
CC	1.15332
CG	0.471374
CT	0.732712
GA	0.374319
GC	1.0367
GG	0.605356
GT	0.790359
TA	0.784764
TC	2.35456
TG	1.20119
TT	1.10963
