kmer	count
AA	0.743024
AC	1.98734
AG	0.971572
AT	1.35751
CA	0.506575
CC	1.17349
CG	0.50647
CT	0.844062
GA	0.389313
GC	1.04706
GG	0.598745
GT	0.823546
TA	0.818617
TC	2.14419
TG	1.02576
TT	1.24726
