kmer	count
AA	0.706243
AC	1.86103
AG	0.989404
AT	1.29135
CA	0.504258
CC	1.18183
CG	0.495836
CT	1.02385
GA	0.43467
GC	1.06614
GG	0.627061
GT	0.951154
TA	0.688048
TC	2.02028
TG	1.03173
TT	1.17763
