kmer	count
AA	0.724946
AC	2.10206
AG	1.10624
AT	1.20112
CA	0.405374
CC	1.17724
CG	0.449133
CT	0.7133
GA	0.357728
GC	1.03316
GG	0.560504
GT	0.721913
TA	0.756427
TC	2.39337
TG	1.07379
TT	1.1771
