kmer	count
AA	0.717758
AC	2.04229
AG	1.01358
AT	1.21663
CA	0.49414
CC	1.17082
CG	0.523053
CT	0.769441
GA	0.348405
GC	1.05578
GG	0.558392
GT	0.809753
TA	0.816239
TC	2.26522
TG	1.17419
TT	1.19214
