kmer	count
AA	0.742106
AC	1.9467
AG	1.00325
AT	1.32615
CA	0.494277
CC	1.24905
CG	0.413255
CT	0.818921
GA	0.414135
GC	1.09901
GG	0.588749
GT	0.881825
TA	0.783824
TC	2.11373
TG	1.08212
TT	1.13302
