kmer	count
AA	0.732608
AC	2.12152
AG	1.02375
AT	1.21424
CA	0.433094
CC	1.21982
CG	0.485547
CT	0.766135
GA	0.371922
GC	1.0906
GG	0.550761
GT	0.765712
TA	0.729387
TC	2.33765
TG	1.02225
TT	1.12759
