kmer	count
AA	0.747207
AC	1.9849
AG	1.10546
AT	1.34371
CA	0.442957
CC	1.1038
CG	0.48171
CT	0.771302
GA	0.374884
GC	0.970337
GG	0.565945
GT	0.831771
TA	0.83633
TC	2.28224
TG	1.16039
TT	1.21766
