kmer	count
AA	0.641395
AC	2.08343
AG	1.03609
AT	1.34772
CA	0.454519
CC	1.3477
CG	0.463562
CT	0.826212
GA	0.381172
GC	1.12642
GG	0.596401
GT	0.827928
TA	0.62719
TC	2.17078
TG	0.988532
TT	1.03389
