kmer	count
AA	0.705125
AC	2.04556
AG	1.09489
AT	1.24501
CA	0.464301
CC	1.21626
CG	0.502729
CT	0.744108
GA	0.357356
GC	1.06278
GG	0.567121
GT	0.83028
TA	0.730062
TC	2.33112
TG	1.12148
TT	1.12783
