kmer	count
AA	0.78342
AC	2.00998
AG	1.05953
AT	1.3008
CA	0.444712
CC	1.15154
CG	0.428795
CT	0.735894
GA	0.367667
GC	1.01606
GG	0.529078
GT	0.829349
TA	0.855867
TC	2.39571
TG	1.0632
TT	1.27145
