kmer	count
AA	0.70149
AC	2.04386
AG	1.11886
AT	1.24215
CA	0.480363
CC	1.18079
CG	0.526706
CT	0.731916
GA	0.409168
GC	1.0698
GG	0.636601
GT	0.742912
TA	0.779356
TC	2.1365
TG	1.10457
TT	1.08412
