kmer	count
AA	0.75196
AC	1.95746
AG	1.05516
AT	1.24475
CA	0.465909
CC	1.18936
CG	0.443229
CT	0.747363
GA	0.386955
GC	1.06626
GG	0.569761
GT	0.778401
TA	0.76824
TC	2.24865
TG	1.05378
TT	1.19943
