kmer	count
AA	0.674381
AC	2.09249
AG	1.04622
AT	1.12048
CA	0.43705
CC	1.23374
CG	0.446317
CT	0.766699
GA	0.409489
GC	1.13616
GG	0.615282
GT	0.801689
TA	0.651921
TC	2.32947
TG	1.0811
TT	1.07438
