kmer	count
AA	0.737872
AC	1.95703
AG	1.10651
AT	1.18808
CA	0.440387
CC	1.18074
CG	0.522272
CT	0.761309
GA	0.352472
GC	1.05711
GG	0.617771
GT	0.798871
TA	0.687858
TC	2.23198
TG	1.19366
TT	1.23524
