kmer	count
AA	0.760865
AC	2.11566
AG	1.1643
AT	1.16085
CA	0.400759
CC	1.14373
CG	0.470815
CT	0.674418
GA	0.355145
GC	1.04702
GG	0.538728
GT	0.689325
TA	0.732978
TC	2.43623
TG	1.12894
TT	1.12654
