kmer	count
AA	0.743742
AC	2.19664
AG	1.00958
AT	1.27521
CA	0.4228
CC	1.19981
CG	0.377869
CT	0.732829
GA	0.348913
GC	1.1097
GG	0.546048
GT	0.725316
TA	0.719153
TC	2.43207
TG	1.01605
TT	1.10041
