kmer	count
AA	0.684366
AC	2.07473
AG	1.14071
AT	1.21406
CA	0.430307
CC	1.22145
CG	0.550262
CT	0.756661
GA	0.347903
GC	1.0534
GG	0.600361
GT	0.764621
TA	0.704958
TC	2.26489
TG	1.09727
TT	1.07479
