kmer	count
AA	0.612329
AC	1.83046
AG	0.875408
AT	1.15101
CA	0.55453
CC	1.24608
CG	0.525925
CT	0.744615
GA	0.43769
GC	1.02137
GG	0.608482
GT	0.768622
TA	0.810157
TC	2.38411
TG	1.25404
TT	1.13281
