kmer	count
AA	0.711634
AC	1.95999
AG	1.05427
AT	1.14295
CA	0.489514
CC	1.24007
CG	0.496722
CT	0.715934
GA	0.425545
GC	1.08733
GG	0.58746
GT	0.733876
TA	0.774245
TC	2.39676
TG	1.12184
TT	1.14202
