kmer	count
AA	0.740023
AC	2.0488
AG	1.07994
AT	1.19643
CA	0.417262
CC	1.17252
CG	0.441249
CT	0.775199
GA	0.390824
GC	1.15219
GG	0.540729
GT	0.76059
TA	0.674855
TC	2.48389
TG	1.04233
TT	1.15017
