kmer	count
AA	0.728199
AC	2.06677
AG	1.08605
AT	1.22258
CA	0.461985
CC	1.15954
CG	0.498199
CT	0.761256
GA	0.406536
GC	1.04285
GG	0.57632
GT	0.762792
TA	0.778415
TC	2.28941
TG	1.04528
TT	1.10695
