kmer	count
AA	0.763857
AC	2.02844
AG	1.01926
AT	1.26786
CA	0.478922
CC	1.23581
CG	0.456527
CT	0.715134
GA	0.388661
GC	1.08726
GG	0.566568
GT	0.745801
TA	0.741277
TC	2.33957
TG	1.12151
TT	1.13661
