kmer	count
AA	0.715353
AC	2.00016
AG	0.958474
AT	1.24939
CA	0.491297
CC	1.32407
CG	0.477265
CT	0.777338
GA	0.410303
GC	1.11497
GG	0.622412
GT	0.818681
TA	0.704002
TC	2.13468
TG	1.09791
TT	1.05071
