kmer	count
AA	0.7067
AC	1.90398
AG	1.04353
AT	1.18642
CA	0.453074
CC	1.13879
CG	0.490564
CT	0.740411
GA	0.398645
GC	1.03029
GG	0.573309
GT	0.825036
TA	0.839123
TC	2.44214
TG	1.14422
TT	1.26733
