kmer	count
AA	0.750616
AC	2.07789
AG	1.02714
AT	1.17841
CA	0.431222
CC	1.26468
CG	0.430194
CT	0.741458
GA	0.372248
GC	1.11342
GG	0.551633
GT	0.769804
TA	0.740484
TC	2.43254
TG	1.07968
TT	1.13373
