kmer	count
AA	0.819083
AC	2.0115
AG	1.06028
AT	1.26059
CA	0.442419
CC	1.15887
CG	0.428169
CT	0.735135
GA	0.388425
GC	0.984346
GG	0.608986
GT	0.891677
TA	0.740202
TC	2.33179
TG	1.07069
TT	1.20167
