kmer	count
AA	0.709394
AC	2.05417
AG	1.06069
AT	1.12008
CA	0.488225
CC	1.19584
CG	0.500463
CT	0.722681
GA	0.412291
GC	1.05779
GG	0.586301
GT	0.709787
TA	0.78909
TC	2.41209
TG	1.10178
TT	1.05594
