kmer	count
AA	0.734877
AC	2.07933
AG	0.978737
AT	1.21522
CA	0.466621
CC	1.19883
CG	0.475649
CT	0.722301
GA	0.384669
GC	1.02776
GG	0.541589
GT	0.725301
TA	0.770415
TC	2.45743
TG	1.0755
TT	1.13656
