kmer	count
AA	0.690082
AC	2.00465
AG	0.916908
AT	1.45254
CA	0.486839
CC	1.42109
CG	0.422008
CT	0.955343
GA	0.41957
GC	1.1701
GG	0.540078
GT	0.970463
TA	0.602948
TC	1.9161
TG	0.881152
TT	1.1039
