kmer	count
AA	0.741993
AC	1.91565
AG	1.1954
AT	1.19397
CA	0.438533
CC	1.15228
CG	0.468371
CT	0.744971
GA	0.373261
GC	1.03718
GG	0.578191
GT	0.741981
TA	0.706517
TC	2.37815
TG	1.205
TT	1.18531
