kmer	count
AA	0.819255
AC	2.05518
AG	1.09466
AT	1.17484
CA	0.466061
CC	1.11473
CG	0.420146
CT	0.740167
GA	0.371935
GC	0.999336
GG	0.513352
GT	0.735531
TA	0.855739
TC	2.45076
TG	1.18308
TT	1.19803
