kmer	count
AA	0.722622
AC	2.03389
AG	0.997361
AT	1.27711
CA	0.495234
CC	1.20065
CG	0.535725
CT	0.756108
GA	0.38129
GC	1.01139
GG	0.557017
GT	0.763019
TA	0.802403
TC	2.2975
TG	1.03966
TT	1.16549
