kmer	count
AA	0.691713
AC	2.03434
AG	1.12926
AT	1.11238
CA	0.42879
CC	1.24699
CG	0.564136
CT	0.742715
GA	0.359266
GC	1.13949
GG	0.622987
GT	0.730056
TA	0.650196
TC	2.25193
TG	1.15175
TT	1.08312
