kmer	count
AA	0.658387
AC	2.01096
AG	1.02898
AT	1.23945
CA	0.483926
CC	1.37568
CG	0.524523
CT	0.836352
GA	0.388767
GC	1.17439
GG	0.596972
GT	0.850087
TA	0.62264
TC	2.1144
TG	1.0148
TT	1.04037
