kmer	count
AA	0.762536
AC	2.08036
AG	1.08287
AT	1.18535
CA	0.477223
CC	1.13527
CG	0.434143
CT	0.759784
GA	0.379707
GC	1.06934
GG	0.548628
GT	0.829429
TA	0.815325
TC	2.359
TG	1.08445
TT	1.18111
