kmer	count
AA	0.731891
AC	2.0249
AG	0.952412
AT	1.41766
CA	0.47148
CC	1.32974
CG	0.427163
CT	0.894769
GA	0.39555
GC	1.01436
GG	0.56002
GT	0.89124
TA	0.664071
TC	2.11869
TG	1.02272
TT	1.1975
