kmer	count
AA	0.759824
AC	2.14746
AG	0.928158
AT	1.3347
CA	0.427348
CC	1.15836
CG	0.475744
CT	0.730731
GA	0.349776
GC	1.06512
GG	0.525944
GT	0.773159
TA	0.717991
TC	2.40408
TG	1.01083
TT	1.2356
