kmer	count
AA	0.748863
AC	2.0343
AG	1.03649
AT	1.26114
CA	0.458499
CC	1.25692
CG	0.431749
CT	0.718863
GA	0.388816
GC	1.0835
GG	0.572792
GT	0.816513
TA	0.753351
TC	2.32192
TG	1.09857
TT	1.11199
