kmer	count
AA	0.718359
AC	2.08446
AG	0.98574
AT	1.20392
CA	0.550376
CC	1.33545
CG	0.502616
CT	0.793545
GA	0.401131
GC	1.11557
GG	0.566916
GT	0.844017
TA	0.647879
TC	2.27732
TG	0.957764
TT	1.08458
