kmer	count
AA	0.672713
AC	2.02407
AG	1.08743
AT	1.2671
CA	0.466236
CC	1.17846
CG	0.561951
CT	0.788253
GA	0.349123
GC	1.03766
GG	0.577392
GT	0.767032
TA	0.70114
TC	2.2514
TG	1.08905
TT	1.17003
