kmer	count
AA	0.741924
AC	2.07775
AG	1.12137
AT	1.18017
CA	0.394737
CC	1.10667
CG	0.459448
CT	0.737878
GA	0.38244
GC	1.03246
GG	0.550488
GT	0.781327
TA	0.763206
TC	2.3724
TG	1.17999
TT	1.25905
