kmer	count
AA	0.726567
AC	2.06366
AG	1.00986
AT	1.26517
CA	0.482359
CC	1.24699
CG	0.476778
CT	0.744534
GA	0.379857
GC	1.08599
GG	0.530915
GT	0.755619
TA	0.738706
TC	2.30732
TG	1.01267
TT	1.16261
