kmer	count
AA	0.764137
AC	1.91154
AG	1.0963
AT	1.20546
CA	0.483185
CC	1.17144
CG	0.495318
CT	0.756584
GA	0.375037
GC	0.973653
GG	0.621691
GT	0.711499
TA	0.8646
TC	2.35544
TG	1.23327
TT	1.10456
