kmer	count
AA	0.696669
AC	1.97177
AG	1.04168
AT	1.18872
CA	0.508252
CC	1.28925
CG	0.537801
CT	0.76415
GA	0.430356
GC	1.11062
GG	0.608644
GT	0.727321
TA	0.751148
TC	2.18321
TG	1.1155
TT	1.04003
