kmer	count
AA	0.656711
AC	2.03647
AG	1.01843
AT	1.35558
CA	0.484562
CC	1.20005
CG	0.465059
CT	0.803893
GA	0.389372
GC	1.12954
GG	0.560308
GT	0.86761
TA	0.698184
TC	2.15966
TG	1.02792
TT	1.13572
