kmer	count
AA	0.687842
AC	1.86144
AG	1.0708
AT	1.22347
CA	0.402249
CC	1.21759
CG	0.479897
CT	0.746628
GA	0.357736
GC	1.15527
GG	0.58557
GT	0.775493
TA	0.75166
TC	2.39315
TG	1.17817
TT	1.18312
