kmer	count
AA	0.655681
AC	2.07415
AG	1.1131
AT	1.15287
CA	0.427997
CC	1.31786
CG	0.502588
CT	0.76845
GA	0.383867
GC	1.13321
GG	0.596557
GT	0.753925
TA	0.661742
TC	2.25852
TG	1.10269
TT	1.01686
