kmer	count
AA	0.66849
AC	2.08224
AG	0.965014
AT	1.28656
CA	0.482379
CC	1.29255
CG	0.482227
CT	0.753451
GA	0.373246
GC	1.06586
GG	0.56233
GT	0.78395
TA	0.735978
TC	2.35156
TG	1.00474
TT	1.11826
