kmer	count
AA	0.729726
AC	2.03753
AG	1.04893
AT	1.24383
CA	0.446728
CC	1.21366
CG	0.470473
CT	0.741052
GA	0.365571
GC	1.04825
GG	0.54516
GT	0.774834
TA	0.773277
TC	2.39572
TG	1.11151
TT	1.21503
