kmer	count
AA	0.807236
AC	2.09867
AG	1.01729
AT	1.41495
CA	0.451284
CC	1.18349
CG	0.433134
CT	0.767262
GA	0.388911
GC	1.01308
GG	0.562754
GT	0.904243
TA	0.755627
TC	2.27257
TG	0.982252
TT	1.17392
