kmer	count
AA	0.742174
AC	1.97907
AG	1.1205
AT	1.10113
CA	0.454169
CC	1.17172
CG	0.474136
CT	0.717446
GA	0.387002
GC	1.06272
GG	0.598742
GT	0.79865
TA	0.715551
TC	2.36039
TG	1.16447
TT	1.2141
