kmer	count
AA	0.729891
AC	2.27525
AG	0.996629
AT	1.28727
CA	0.40882
CC	1.31163
CG	0.375274
CT	0.746143
GA	0.366159
GC	1.15284
GG	0.50987
GT	0.769133
TA	0.653532
TC	2.43776
TG	0.944838
TT	1.01198
