kmer	count
AA	0.77844
AC	2.09099
AG	1.088
AT	1.19226
CA	0.421115
CC	1.15258
CG	0.498046
CT	0.707539
GA	0.363747
GC	1.0695
GG	0.534462
GT	0.663655
TA	0.847834
TC	2.47983
TG	1.15723
TT	1.15517
