kmer	count
AA	0.700189
AC	2.08181
AG	1.04259
AT	1.26313
CA	0.460596
CC	1.212
CG	0.506496
CT	0.766419
GA	0.365223
GC	1.04922
GG	0.557396
GT	0.767744
TA	0.742103
TC	2.27531
TG	1.04798
TT	1.15792
