kmer	count
AA	0.660675
AC	2.02229
AG	0.977071
AT	1.20707
CA	0.503985
CC	1.47029
CG	0.543227
CT	0.822721
GA	0.441842
GC	1.24138
GG	0.634496
GT	0.859825
TA	0.565172
TC	2.0548
TG	0.996919
TT	0.931718
