kmer	count
AA	0.709844
AC	2.11835
AG	1.00673
AT	1.22129
CA	0.451015
CC	1.28344
CG	0.440105
CT	0.748556
GA	0.371198
GC	1.11096
GG	0.577203
GT	0.773229
TA	0.698228
TC	2.32885
TG	1.03483
TT	1.08432
