kmer	count
AA	0.738393
AC	1.98746
AG	1.12097
AT	1.15625
CA	0.499417
CC	1.14291
CG	0.512778
CT	0.738455
GA	0.358516
GC	1.00371
GG	0.587422
GT	0.757317
TA	0.846381
TC	2.32436
TG	1.19567
TT	1.15803
