kmer	count
AA	0.707658
AC	1.95437
AG	1.13514
AT	1.07874
CA	0.467656
CC	1.25019
CG	0.463532
CT	0.742993
GA	0.398268
GC	1.11495
GG	0.665365
GT	0.783744
TA	0.687353
TC	2.27999
TG	1.15273
TT	1.04788
