kmer	count
AA	0.643845
AC	1.78566
AG	1.06383
AT	1.20572
CA	0.479933
CC	1.21935
CG	0.643543
CT	0.967947
GA	0.412446
GC	1.09223
GG	0.701968
GT	0.908965
TA	0.680622
TC	2.01598
TG	1.0914
TT	1.11338
