kmer	count
AA	0.779426
AC	2.11152
AG	1.00961
AT	1.37921
CA	0.516991
CC	1.22997
CG	0.407602
CT	0.858356
GA	0.443942
GC	1.092
GG	0.545247
GT	0.867492
TA	0.751241
TC	2.05803
TG	0.988804
TT	1.1348
