kmer	count
AA	0.742313
AC	1.99805
AG	1.1069
AT	1.24653
CA	0.473834
CC	1.11029
CG	0.453802
CT	0.834203
GA	0.351005
GC	0.983592
GG	0.581681
GT	0.803521
TA	0.827078
TC	2.28248
TG	1.18641
TT	1.18932
