kmer	count
AA	0.731845
AC	1.82725
AG	1.10847
AT	1.27717
CA	0.45889
CC	1.14348
CG	0.530292
CT	0.723734
GA	0.384271
GC	1.01022
GG	0.5833
GT	0.835036
TA	0.836806
TC	2.31749
TG	1.20853
TT	1.21148
