kmer	count
AA	0.703709
AC	2.01234
AG	1.06856
AT	1.23865
CA	0.478656
CC	1.16294
CG	0.512314
CT	0.765043
GA	0.37428
GC	1.04064
GG	0.578112
GT	0.828478
TA	0.718205
TC	2.28115
TG	1.08365
TT	1.13411
