kmer	count
AA	0.573769
AC	1.59006
AG	0.754583
AT	1.01743
CA	1.00144
CC	1.3502
CG	0.743377
CT	0.758805
GA	0.62801
GC	0.932455
GG	0.769635
GT	0.693883
TA	1.16949
TC	2.00933
TG	1.16158
TT	0.930852
