kmer	count
AA	0.72892
AC	2.15294
AG	1.02993
AT	1.238
CA	0.500747
CC	1.19197
CG	0.44182
CT	0.739045
GA	0.379398
GC	1.09335
GG	0.588364
GT	0.8102
TA	0.717366
TC	2.31691
TG	1.09787
TT	1.08759
