kmer	count
AA	0.72284
AC	1.96181
AG	1.00562
AT	1.18161
CA	0.503255
CC	1.30589
CG	0.513115
CT	0.75728
GA	0.381157
GC	1.1619
GG	0.605543
GT	0.787152
TA	0.700118
TC	2.18033
TG	1.14171
TT	1.1141
