kmer	count
AA	0.638749
AC	1.99623
AG	1.08651
AT	1.18318
CA	0.501528
CC	1.25188
CG	0.629038
CT	0.84309
GA	0.405194
GC	1.10929
GG	0.640934
GT	0.809552
TA	0.654449
TC	2.10086
TG	1.07851
TT	1.05442
