kmer	count
AA	0.487713
AC	1.36848
AG	0.674502
AT	0.930726
CA	1.17814
CC	1.44101
CG	0.926021
CT	0.848182
GA	0.716177
GC	0.985624
GG	0.848943
GT	0.734137
TA	1.16348
TC	1.89527
TG	1.16126
TT	0.778855
