kmer	count
AA	0.664849
AC	2.14638
AG	0.852996
AT	1.41709
CA	0.477015
CC	1.48821
CG	0.407199
CT	0.928928
GA	0.393339
GC	1.23443
GG	0.562145
GT	0.910525
TA	0.597328
TC	2.02691
TG	0.84001
TT	1.04068
