kmer	count
AA	0.781466
AC	2.00886
AG	0.974626
AT	1.27594
CA	0.488716
CC	1.19358
CG	0.451371
CT	0.738619
GA	0.405636
GC	0.994912
GG	0.483487
GT	0.78104
TA	0.839285
TC	2.50162
TG	1.06958
TT	1.25713
