kmer	count
AA	0.754154
AC	2.02045
AG	0.966982
AT	1.21908
CA	0.47433
CC	1.17718
CG	0.428022
CT	0.739947
GA	0.354737
GC	1.05157
GG	0.553256
GT	0.803661
TA	0.814871
TC	2.48175
TG	1.11069
TT	1.23239
