kmer	count
AA	0.792799
AC	2.08137
AG	1.01184
AT	1.30481
CA	0.455341
CC	1.26402
CG	0.418361
CT	0.806759
GA	0.4088
GC	1.05243
GG	0.521265
GT	0.799842
TA	0.762009
TC	2.25619
TG	1.06739
TT	1.12104
