kmer	count
AA	0.700396
AC	2.01527
AG	1.06722
AT	1.11837
CA	0.475917
CC	1.19095
CG	0.517767
CT	0.707245
GA	0.387667
GC	1.11063
GG	0.586677
GT	0.725218
TA	0.764872
TC	2.44753
TG	1.11171
TT	1.15033
