kmer	count
AA	0.745213
AC	2.06198
AG	1.11932
AT	1.18674
CA	0.438852
CC	1.13367
CG	0.458505
CT	0.724685
GA	0.354011
GC	1.03149
GG	0.596406
GT	0.71381
TA	0.788303
TC	2.24731
TG	1.17435
TT	1.14237
