kmer	count
AA	0.703022
AC	1.9883
AG	1.07948
AT	1.21802
CA	0.467568
CC	1.17623
CG	0.544529
CT	0.699912
GA	0.366145
GC	0.99801
GG	0.582946
GT	0.793657
TA	0.764697
TC	2.29509
TG	1.18466
TT	1.12975
