kmer	count
AA	0.840354
AC	1.93803
AG	1.10303
AT	1.21043
CA	0.501448
CC	1.1656
CG	0.465525
CT	0.80175
GA	0.411459
GC	0.989742
GG	0.547959
GT	0.835971
TA	0.795111
TC	2.24613
TG	1.15562
TT	1.10613
