kmer	count
AA	0.678817
AC	2.04056
AG	1.17509
AT	1.20102
CA	0.421666
CC	1.16692
CG	0.513577
CT	0.725375
GA	0.359862
GC	1.0218
GG	0.618038
GT	0.786851
TA	0.651106
TC	2.31581
TG	1.15767
TT	1.08815
