kmer	count
AA	0.721319
AC	2.04534
AG	1.09176
AT	1.13087
CA	0.453223
CC	1.24856
CG	0.521178
CT	0.735705
GA	0.389109
GC	1.05433
GG	0.557434
GT	0.805299
TA	0.722692
TC	2.37273
TG	1.16277
TT	1.08982
