kmer	count
AA	0.695862
AC	2.08455
AG	0.95969
AT	1.20509
CA	0.534282
CC	1.2643
CG	0.467844
CT	0.717893
GA	0.426752
GC	1.0728
GG	0.536154
GT	0.703176
TA	0.789151
TC	2.29982
TG	1.11601
TT	1.10255
