kmer	count
AA	0.745526
AC	1.99083
AG	1.09883
AT	1.23248
CA	0.434841
CC	1.15739
CG	0.457848
CT	0.682534
GA	0.38534
GC	1.00406
GG	0.600918
GT	0.759515
TA	0.810511
TC	2.47328
TG	1.17854
TT	1.12174
