kmer	count
AA	0.710011
AC	2.13125
AG	0.962188
AT	1.30067
CA	0.479295
CC	1.34535
CG	0.469695
CT	0.798791
GA	0.424431
GC	1.12932
GG	0.568968
GT	0.778004
TA	0.68443
TC	2.17059
TG	1.00883
TT	1.0163
