kmer	count
AA	0.786593
AC	1.70089
AG	1.35981
AT	0.727552
CA	0.614
CC	1.20878
CG	0.765741
CT	0.588023
GA	0.42394
GC	0.843752
GG	0.757595
GT	0.464461
TA	1.01166
TC	2.26045
TG	1.55814
TT	0.782834
