kmer	count
AA	0.631787
AC	1.74923
AG	0.888929
AT	1.0793
CA	0.784537
CC	1.27506
CG	0.61044
CT	0.806758
GA	0.519385
GC	1.11016
GG	0.691447
GT	0.750669
TA	0.888981
TC	2.09792
TG	1.09595
TT	0.986276
