kmer	count
AA	0.865786
AC	1.75349
AG	1.37339
AT	0.773003
CA	0.592724
CC	1.17987
CG	0.62246
CT	0.547003
GA	0.438104
GC	0.873724
GG	0.741332
GT	0.466633
TA	1.09053
TC	2.2631
TG	1.49785
TT	0.760645
