kmer	count
AA	0.69192
AC	2.02477
AG	0.970609
AT	1.24854
CA	0.560076
CC	1.41
CG	0.531053
CT	0.882401
GA	0.44645
GC	1.21584
GG	0.622146
GT	0.906037
TA	0.606759
TC	1.93185
TG	0.944694
TT	0.956523
