kmer	count
AA	0.610579
AC	1.84818
AG	0.752441
AT	1.26886
CA	0.470776
CC	1.18866
CG	0.482701
CT	0.834664
GA	0.373803
GC	1.04392
GG	0.555158
GT	0.854151
TA	0.82202
TC	2.53997
TG	1.2032
TT	1.36495
