kmer	count
AA	0.761808
AC	1.97415
AG	1.13996
AT	1.19705
CA	0.452809
CC	1.23
CG	0.48736
CT	0.73308
GA	0.380733
GC	1.1073
GG	0.584564
GT	0.801829
TA	0.750571
TC	2.24969
TG	1.13537
TT	1.06972
