kmer	count
AA	0.684472
AC	2.08224
AG	1.0213
AT	1.11659
CA	0.489285
CC	1.26921
CG	0.476112
CT	0.739184
GA	0.382955
GC	1.06983
GG	0.580148
GT	0.728997
TA	0.756167
TC	2.42632
TG	1.05187
TT	1.0867
