kmer	count
AA	0.735344
AC	2.11174
AG	0.925886
AT	1.20754
CA	0.479382
CC	1.23775
CG	0.469224
CT	0.69144
GA	0.398081
GC	1.02603
GG	0.534397
GT	0.71397
TA	0.812259
TC	2.46274
TG	1.01289
TT	1.20492
