kmer	count
AA	0.736081
AC	2.02711
AG	1.19306
AT	1.12441
CA	0.458834
CC	1.08299
CG	0.506581
CT	0.694544
GA	0.375708
GC	1.04929
GG	0.571348
GT	0.825479
TA	0.743205
TC	2.37887
TG	1.19977
TT	1.15511
