kmer	count
AA	0.701964
AC	2.04472
AG	1.10988
AT	1.13057
CA	0.456834
CC	1.16507
CG	0.493259
CT	0.7393
GA	0.402373
GC	1.10642
GG	0.608513
GT	0.792617
TA	0.748392
TC	2.28669
TG	1.15128
TT	1.16
