kmer	count
AA	0.754755
AC	2.01213
AG	1.03785
AT	1.29159
CA	0.459611
CC	1.13712
CG	0.507545
CT	0.799778
GA	0.452314
GC	1.06175
GG	0.603899
GT	0.793235
TA	0.719693
TC	2.25761
TG	1.09662
TT	1.1495
