kmer	count
AA	0.674955
AC	1.95875
AG	1.07789
AT	1.16048
CA	0.464772
CC	1.31108
CG	0.554309
CT	0.850521
GA	0.367993
GC	1.14531
GG	0.613394
GT	0.833254
TA	0.63684
TC	2.17441
TG	1.07451
TT	1.06879
