kmer	count
AA	0.716421
AC	2.11479
AG	0.976474
AT	1.22727
CA	0.487649
CC	1.23307
CG	0.39412
CT	0.708496
GA	0.404043
GC	1.0712
GG	0.51175
GT	0.758345
TA	0.828049
TC	2.39082
TG	1.01879
TT	1.14583
