kmer	count
AA	0.758952
AC	2.04398
AG	1.09971
AT	1.14004
CA	0.453511
CC	1.2008
CG	0.499223
CT	0.718502
GA	0.350473
GC	1.01872
GG	0.543221
GT	0.749829
TA	0.837788
TC	2.42608
TG	1.1557
TT	1.16719
