kmer	count
AA	0.704599
AC	2.07603
AG	0.875174
AT	1.44342
CA	0.502044
CC	1.35238
CG	0.463399
CT	0.948338
GA	0.423597
GC	1.15534
GG	0.53773
GT	0.962568
TA	0.641345
TC	1.91694
TG	0.90688
TT	1.09302
