kmer	count
AA	0.740868
AC	1.9378
AG	1.08027
AT	1.30893
CA	0.479371
CC	1.23055
CG	0.472032
CT	0.84169
GA	0.39528
GC	1.06035
GG	0.586412
GT	0.835396
TA	0.722062
TC	2.13781
TG	1.06772
TT	1.1703
