kmer	count
AA	0.778097
AC	1.96883
AG	1.15322
AT	1.35783
CA	0.422652
CC	1.18768
CG	0.513282
CT	0.74506
GA	0.367675
GC	1.03063
GG	0.541898
GT	0.914849
TA	0.781642
TC	2.24895
TG	1.05253
TT	1.14016
