kmer	count
AA	0.740427
AC	2.06451
AG	1.04741
AT	1.20407
CA	0.451741
CC	1.18918
CG	0.484678
CT	0.722101
GA	0.353243
GC	1.1084
GG	0.576303
GT	0.757131
TA	0.753773
TC	2.29144
TG	1.07442
TT	1.15863
