kmer	count
AA	0.578146
AC	2.05295
AG	0.723688
AT	1.41617
CA	0.405645
CC	1.31832
CG	0.397678
CT	0.833688
GA	0.343989
GC	1.08384
GG	0.454989
GT	0.870103
TA	0.687936
TC	2.54493
TG	1.02794
TT	1.48791
