kmer	count
AA	0.73108
AC	1.94749
AG	1.01311
AT	1.35586
CA	0.44344
CC	1.30152
CG	0.491539
CT	0.8599
GA	0.448172
GC	1.09363
GG	0.616018
GT	0.957502
TA	0.687849
TC	2.04624
TG	1.03753
TT	1.07258
