kmer	count
AA	0.754427
AC	2.07719
AG	1.06264
AT	1.303
CA	0.464848
CC	1.18906
CG	0.440414
CT	0.803336
GA	0.413384
GC	0.999196
GG	0.548232
GT	0.814947
TA	0.754369
TC	2.16648
TG	1.04171
TT	1.12085
