kmer	count
AA	0.791742
AC	1.98225
AG	1.05175
AT	1.23633
CA	0.48777
CC	1.16891
CG	0.440517
CT	0.744618
GA	0.370727
GC	1.02919
GG	0.541556
GT	0.82148
TA	0.801623
TC	2.37815
TG	1.10662
TT	1.18998
