kmer	count
AA	0.610293
AC	1.77667
AG	0.843071
AT	1.02415
CA	0.880635
CC	1.36123
CG	0.604977
CT	0.704662
GA	0.536458
GC	0.997434
GG	0.655316
GT	0.674124
TA	1.04294
TC	2.20028
TG	1.16669
TT	0.930501
