kmer	count
AA	0.760302
AC	1.88892
AG	1.19921
AT	1.15813
CA	0.475056
CC	1.13997
CG	0.559
CT	0.703435
GA	0.398973
GC	0.946704
GG	0.610231
GT	0.733849
TA	0.814077
TC	2.36726
TG	1.21465
TT	1.13329
