kmer	count
AA	0.742096
AC	2.04498
AG	1.08237
AT	1.16977
CA	0.456457
CC	1.2675
CG	0.461993
CT	0.750675
GA	0.387298
GC	1.08263
GG	0.610534
GT	0.765214
TA	0.712469
TC	2.30894
TG	1.11006
TT	1.06444
