kmer	count
AA	0.793188
AC	1.94927
AG	1.11584
AT	1.18231
CA	0.483601
CC	1.0887
CG	0.477993
CT	0.764516
GA	0.394242
GC	0.997407
GG	0.585508
GT	0.810491
TA	0.896295
TC	2.24207
TG	1.18367
TT	1.22911
