kmer	count
AA	0.754904
AC	2.08594
AG	1.00818
AT	1.26822
CA	0.445619
CC	1.18806
CG	0.471726
CT	0.726479
GA	0.406722
GC	1.06806
GG	0.563303
GT	0.764761
TA	0.84163
TC	2.43269
TG	1.04781
TT	1.15319
