kmer	count
AA	0.672755
AC	2.03872
AG	1.15445
AT	1.15558
CA	0.473329
CC	1.26079
CG	0.519098
CT	0.686052
GA	0.390686
GC	1.06023
GG	0.665983
GT	0.770255
TA	0.762414
TC	2.22757
TG	1.2206
TT	0.993748
