kmer	count
AA	0.721668
AC	1.8981
AG	1.2073
AT	1.08923
CA	0.515523
CC	1.25002
CG	0.618479
CT	0.71734
GA	0.409021
GC	1.02079
GG	0.69098
GT	0.724197
TA	0.745956
TC	2.05861
TG	1.22841
TT	1.00479
