kmer	count
AA	0.831709
AC	2.13918
AG	1.02409
AT	1.24384
CA	0.453652
CC	1.2344
CG	0.506281
CT	0.711977
GA	0.38697
GC	1.08615
GG	0.536088
GT	0.820933
TA	0.739525
TC	2.2443
TG	1.06754
TT	1.16467
