kmer	count
AA	0.704982
AC	2.08953
AG	1.0604
AT	1.15548
CA	0.436009
CC	1.22223
CG	0.518624
CT	0.720039
GA	0.394965
GC	1.07519
GG	0.566592
GT	0.73081
TA	0.751873
TC	2.38151
TG	1.07683
TT	1.11671
