kmer	count
AA	0.765706
AC	1.99754
AG	1.07059
AT	1.19159
CA	0.464617
CC	1.12706
CG	0.506425
CT	0.785022
GA	0.439103
GC	0.957147
GG	0.612852
GT	0.805336
TA	0.81142
TC	2.22484
TG	1.16991
TT	1.21393
