kmer	count
AA	0.750552
AC	2.08141
AG	1.10094
AT	1.0927
CA	0.436883
CC	1.21352
CG	0.448512
CT	0.671297
GA	0.368731
GC	1.0929
GG	0.558142
GT	0.740398
TA	0.759104
TC	2.54128
TG	1.13077
TT	1.08149
