kmer	count
AA	0.751366
AC	2.04361
AG	1.11705
AT	1.11968
CA	0.466733
CC	1.20022
CG	0.44878
CT	0.718104
GA	0.398721
GC	1.06241
GG	0.607279
GT	0.727894
TA	0.750437
TC	2.42853
TG	1.10779
TT	1.08956
