kmer	count
AA	0.766746
AC	2.0296
AG	1.01833
AT	1.13409
CA	0.413364
CC	1.2111
CG	0.428381
CT	0.724335
GA	0.372949
GC	1.12843
GG	0.523027
GT	0.779093
TA	0.757628
TC	2.56464
TG	1.03037
TT	1.21056
