kmer	count
AA	0.472422
AC	1.40868
AG	0.648217
AT	0.910058
CA	1.18384
CC	1.3755
CG	0.888413
CT	0.849461
GA	0.719365
GC	1.01588
GG	0.886429
GT	0.716438
TA	1.2374
TC	1.93808
TG	1.07741
TT	0.812155
