kmer	count
AA	0.701209
AC	2.0784
AG	0.948183
AT	1.27641
CA	0.504824
CC	1.37521
CG	0.471473
CT	0.772735
GA	0.408861
GC	1.11864
GG	0.567375
GT	0.808063
TA	0.771261
TC	2.20066
TG	0.998128
TT	1.01677
