kmer	count
AA	0.726577
AC	1.98436
AG	1.08209
AT	1.23221
CA	0.465624
CC	1.06903
CG	0.439464
CT	0.818059
GA	0.357975
GC	1.03904
GG	0.552138
GT	0.810197
TA	0.728531
TC	2.34104
TG	1.09487
TT	1.17499
