kmer	count
AA	0.722228
AC	2.11086
AG	1.02938
AT	1.16647
CA	0.455123
CC	1.21194
CG	0.4576
CT	0.70706
GA	0.376509
GC	1.0953
GG	0.553594
GT	0.71045
TA	0.742888
TC	2.41962
TG	1.07625
TT	1.12916
