kmer	count
AA	0.702927
AC	1.89002
AG	1.02356
AT	1.32164
CA	0.485925
CC	1.19815
CG	0.504641
CT	0.982842
GA	0.434373
GC	1.11942
GG	0.612862
GT	0.942558
TA	0.694691
TC	1.94568
TG	0.959647
TT	1.13861
