kmer	count
AA	0.730991
AC	2.12638
AG	0.970464
AT	1.2533
CA	0.45971
CC	1.201
CG	0.464213
CT	0.718525
GA	0.37194
GC	1.00887
GG	0.564679
GT	0.741647
TA	0.773911
TC	2.43638
TG	1.03596
TT	1.15444
