kmer	count
AA	0.749118
AC	2.04635
AG	1.01418
AT	1.19212
CA	0.45919
CC	1.20197
CG	0.451459
CT	0.712361
GA	0.395176
GC	1.0741
GG	0.590247
GT	0.755401
TA	0.765197
TC	2.33842
TG	1.07542
TT	1.13039
