kmer	count
AA	0.733561
AC	2.02053
AG	1.09032
AT	1.12941
CA	0.475751
CC	1.17286
CG	0.511912
CT	0.699577
GA	0.388432
GC	1.02132
GG	0.602325
GT	0.731191
TA	0.762821
TC	2.3859
TG	1.15837
TT	1.06951
