kmer	count
AA	0.713069
AC	2.06928
AG	1.03365
AT	1.25694
CA	0.422711
CC	1.24427
CG	0.417974
CT	0.749787
GA	0.402297
GC	1.09881
GG	0.57593
GT	0.779184
TA	0.736219
TC	2.2714
TG	1.04185
TT	1.13591
