kmer	count
AA	0.723702
AC	1.94565
AG	1.03685
AT	1.21252
CA	0.443215
CC	1.24638
CG	0.41261
CT	0.725376
GA	0.376545
GC	1.10495
GG	0.566604
GT	0.805854
TA	0.770079
TC	2.4263
TG	1.11614
TT	1.17627
