kmer	count
sequence	0
AA	0.06764
AC	0.0510217
AG	0.078298
AT	0.0450175
CA	0.0731904
CC	0.0937664
CG	0.0392378
CT	0.0782878
GA	0.0634855
GC	0.0758098
GG	0.0926941
TA	0.0376642
TC	0.0638893
TG	0.0723143
TT	0.0676833
