kmer	count
sequence	0
AA	0.06438392884758799
AC	0.04856559935757546
AG	0.07452892113230761
AT	0.042850449571163296
CA	0.06966720622079563
CC	0.08925267743712935
CG	0.03734894489101809
CT	0.07451918395588257
GA	0.060429489668855814
GC	0.07216049616068862
GG	0.08823199223775206
GT	0.04813773636995772
TA	0.03585113804681405
TC	0.06081382175010281
TG	0.06883324569874551
TT	0.06442516865362344
