kmer	count
sequence	0
AA	0.0536785
AC	0.107477
AG	0.0817673
AT	0.0645142
CA	0.0396042
CC	0.0869852
CG	0.00907637
CT	0.060036
GA	0.0245502
GC	0.0605558
GG	0.0445222
GT	0.0397841
TA	0.0318273
TC	0.129608
TG	0.0841663
TT	0.0818473
