kmer	count
sequence	0
AA	0.0560103
AC	0.10874
AG	0.0796162
AT	0.0594899
CA	0.0326957
CC	0.088568
CG	0.00821607
CT	0.0531285
GA	0.0239738
GC	0.0620497
GG	0.044284
GT	0.0389344
TA	0.0304577
TC	0.142708
TG	0.089687
TT	0.0814403
