kmer	count
sequence	0
AA	0.0473425
AC	0.0980747
AG	0.0770813
AT	0.0530823
CA	0.034055
CC	0.111001
CG	0.0181009
CT	0.0534213
GA	0.0234566
GC	0.0791603
GG	0.0489921
GT	0.0366311
TA	0.0268462
TC	0.142638
TG	0.077714
TT	0.0724035
