kmer	count
sequence	0
AA	0.0488464
AC	0.0987321
AG	0.0780157
AT	0.0534885
CA	0.033465
CC	0.100845
CG	0.0163514
CT	0.0531767
GA	0.0225871
GC	0.0715374
GG	0.0463521
GT	0.0370678
TA	0.0304164
TC	0.152879
TG	0.0753135
TT	0.0809257
