kmer	count
sequence	0
AA	0.0499529
AC	0.101941
AG	0.0757358
AT	0.0532036
CA	0.0317634
CC	0.107747
CG	0.0182391
CT	0.0527073
GA	0.023624
GC	0.0757854
GG	0.049804
GT	0.0378927
TA	0.0288352
TC	0.144449
TG	0.0732294
TT	0.0750906
