kmer	count
sequence	0
AA	0.0568782
AC	0.104991
AG	0.0859688
AT	0.0649563
CA	0.0327387
CC	0.0828892
CG	0.00876507
CT	0.0571388
GA	0.0232393
GC	0.0598868
GG	0.0429015
GT	0.0421908
TA	0.0307014
TC	0.137517
TG	0.0835051
TT	0.0857319
