kmer	count
sequence	0
AA	0.0529235
AC	0.111917
AG	0.0827081
AT	0.0585642
CA	0.0333619
CC	0.088523
CG	0.00866874
CT	0.0548663
GA	0.0238491
GC	0.0625569
GG	0.0415215
GT	0.0389624
TA	0.0301463
TC	0.146297
TG	0.0841685
TT	0.0809663
