kmer	count
sequence	0
AA	0.0491653
AC	0.100581
AG	0.0834947
AT	0.0494008
CA	0.0309278
CC	0.105709
CG	0.018002
CT	0.0525407
GA	0.021011
GC	0.0748862
GG	0.0506568
GT	0.0364488
TA	0.0283636
TC	0.144356
TG	0.0808781
TT	0.0735779
