kmer	count
sequence	0
AA	0.0545032
AC	0.104182
AG	0.0797464
AT	0.062852
CA	0.0385933
CC	0.0872288
CG	0.0088804
CT	0.0565116
GA	0.0276651
GC	0.0625172
GG	0.0472571
GT	0.0414878
TA	0.0303036
TC	0.13039
TG	0.0885283
TT	0.0793526
