kmer	count
sequence	0
AA	0.048487
AC	0.096697
AG	0.0788983
AT	0.0563416
CA	0.033231
CC	0.103318
CG	0.0175721
CT	0.0601682
GA	0.0231106
GC	0.0749459
GG	0.0496199
GT	0.0387191
TA	0.0260057
TC	0.135769
TG	0.0759025
TT	0.0812144
