kmer	count
sequence	0
AA	0.0434729
AC	0.0888466
AG	0.0656079
AT	0.051352
CA	0.03961
CC	0.109571
CG	0.0178736
CT	0.0555215
GA	0.0253541
GC	0.0742841
GG	0.0506162
GT	0.0373107
TA	0.031547
TC	0.142989
TG	0.0906555
TT	0.0753878
