kmer	count
sequence	0
AA	0.0534287
AC	0.109178
AG	0.0809981
AT	0.0600244
CA	0.035561
CC	0.0899668
CG	0.00921305
CT	0.0552958
GA	0.0233991
GC	0.0621358
GG	0.0444251
GT	0.0399581
TA	0.0302391
TC	0.137585
TG	0.0876461
TT	0.0809457
