kmer	count
sequence	0
AA	0.0485008
AC	0.096815
AG	0.0835234
AT	0.0493302
CA	0.0288848
CC	0.103098
CG	0.017418
CT	0.0520673
GA	0.0219176
GC	0.0770331
GG	0.0516319
GT	0.0348567
TA	0.0278273
TC	0.150728
TG	0.0790445
TT	0.0773234
