kmer	count
sequence	0
AA	0.0535475
AC	0.0939313
AG	0.0876203
AT	0.0487984
CA	0.0302161
CC	0.0985211
CG	0.0193791
CT	0.051157
GA	0.0226302
GC	0.0704724
GG	0.0528144
GT	0.0349334
TA	0.0290368
TC	0.150252
TG	0.0786639
TT	0.0780264
