kmer	count
sequence	0
AA	0.0476247
AC	0.0935063
AG	0.0797388
AT	0.050195
CA	0.0317301
CC	0.102665
CG	0.0189376
CT	0.0528835
GA	0.0239896
GC	0.0759868
GG	0.0532085
GT	0.0366639
TA	0.0309029
TC	0.142756
TG	0.0803593
TT	0.0788525
