kmer	count
sequence	0
AA	0.0491842
AC	0.0979368
AG	0.0788372
AT	0.0489252
CA	0.0320054
CC	0.106828
CG	0.0183011
CT	0.0525941
GA	0.0223153
GC	0.0755352
GG	0.0467671
GT	0.0366885
TA	0.0296746
TC	0.150617
TG	0.0779955
TT	0.0757942
