kmer	count
sequence	0
AA	0.0456016
AC	0.100183
AG	0.080686
AT	0.0512648
CA	0.0311742
CC	0.107303
CG	0.0183108
CT	0.0523974
GA	0.0225986
GC	0.0770185
GG	0.0529907
GT	0.0381317
TA	0.0270212
TC	0.142414
TG	0.0794456
TT	0.0734588
