kmer	count
sequence	0
AA	0.0546269
AC	0.109727
AG	0.0778251
AT	0.0626388
CA	0.0371281
CC	0.0906807
CG	0.00854001
CT	0.0580138
GA	0.023526
GC	0.0632215
GG	0.0384391
GT	0.0413708
TA	0.0303726
TC	0.141156
TG	0.0784989
TT	0.0842347
