kmer	count
sequence	0
AA	0.0496143
AC	0.0987414
AG	0.0830694
AT	0.0548112
CA	0.0303289
CC	0.099188
CG	0.0163622
CT	0.0531872
GA	0.0246041
GC	0.0750305
GG	0.0491677
GT	0.0367032
TA	0.0286642
TC	0.142469
TG	0.0773447
TT	0.0807146
