kmer	count
sequence	0
AA	0.0493413
AC	0.111873
AG	0.079066
AT	0.0565794
CA	0.0372412
CC	0.097769
CG	0.00960242
CT	0.0555952
GA	0.0237884
GC	0.0652564
GG	0.0436363
GT	0.0393115
TA	0.0293405
TC	0.145358
TG	0.08274
TT	0.0735022
