kmer	count
sequence	0
AA	0.0351155
AC	0.073595
AG	0.0511965
AT	0.0457541
CA	0.0916997
CC	0.103596
CG	0.0163818
CT	0.0654451
GA	0.0443594
GC	0.0586627
GG	0.0643785
GT	0.0385888
TA	0.0487351
TC	0.117216
TG	0.0875427
TT	0.0577328
