kmer	count
sequence	0
AA	0.0519048
AC	0.095506
AG	0.0815179
AT	0.0524405
CA	0.0339881
CC	0.103542
CG	0.0175
CT	0.054375
GA	0.025506
GC	0.0737202
GG	0.0521131
GT	0.0355952
TA	0.029375
TC	0.138958
TG	0.0786905
TT	0.0752679
