kmer	count
sequence	0
AA	0.0495357
AC	0.100136
AG	0.0788431
AT	0.0545041
CA	0.0322352
CC	0.101023
CG	0.0157331
CT	0.0553321
GA	0.024339
GC	0.0735198
GG	0.0490034
GT	0.0391258
TA	0.0289229
TC	0.143195
TG	0.0767138
TT	0.0778376
