kmer	count
sequence	0
AA	0.0506001
AC	0.101248
AG	0.0776741
AT	0.049338
CA	0.0326936
CC	0.105439
CG	0.0171207
CT	0.0523383
GA	0.0250738
GC	0.0760311
GG	0.0487427
GT	0.0360272
TA	0.0275979
TC	0.148848
TG	0.079579
TT	0.0716497
