kmer	count
sequence	0
AA	0.0487594
AC	0.097886
AG	0.0792373
AT	0.0556051
CA	0.0315795
CC	0.103105
CG	0.0163406
CT	0.0556313
GA	0.0254682
GC	0.0746735
GG	0.0489692
GT	0.0388973
TA	0.0283271
TC	0.140036
TG	0.0785029
TT	0.0769816
