kmer	count
sequence	0
AA	0.0501653
AC	0.0989411
AG	0.0838963
AT	0.0508361
CA	0.0308802
CC	0.106032
CG	0.0171769
CT	0.0529682
GA	0.0223516
GC	0.0762781
GG	0.0528245
GT	0.0361027
TA	0.0278137
TC	0.143884
TG	0.0804945
TT	0.0693546
