kmer	count
sequence	0
AA	0.0422701
AC	0.0923077
AG	0.0821097
AT	0.0473816
CA	0.0329241
CC	0.116061
CG	0.0224505
CT	0.0605863
GA	0.0243548
GC	0.0831621
GG	0.059133
GT	0.0388123
TA	0.023102
TC	0.131797
TG	0.0763718
TT	0.0671761
