kmer	count
sequence	0
AA	0.0539251
AC	0.108681
AG	0.085662
AT	0.0593022
CA	0.034716
CC	0.0868588
CG	0.00879954
CT	0.0565857
GA	0.0229244
GC	0.061403
GG	0.0434725
GT	0.0396108
TA	0.0297135
TC	0.140861
TG	0.0862174
TT	0.0812665
