kmer	count
sequence	0
AA	0.0529894
AC	0.0987104
AG	0.0753419
AT	0.0505275
CA	0.0316139
CC	0.107933
CG	0.0178585
CT	0.0540445
GA	0.0231731
GC	0.0714732
GG	0.0477921
GT	0.0362642
TA	0.0300117
TC	0.149238
TG	0.0759672
TT	0.0770614
