kmer	count
sequence	0
AA	0.0540414
AC	0.104945
AG	0.0837548
AT	0.0581156
CA	0.0385876
CC	0.0852299
CG	0.00981081
CT	0.0550482
GA	0.02489
GC	0.0605039
GG	0.0445116
GT	0.0366442
TA	0.0335066
TC	0.138428
TG	0.0898895
TT	0.0820923
