kmer	count
sequence	0
AA	0.0507371
AC	0.106739
AG	0.0841198
AT	0.0608377
CA	0.0348842
CC	0.0889946
CG	0.00865767
CT	0.0605062
GA	0.0245301
GC	0.0625536
GG	0.0459208
GT	0.0425279
TA	0.0282739
TC	0.135461
TG	0.0838078
TT	0.0814484
