kmer	count
sequence	0
AA	0.0518603
AC	0.0953655
AG	0.0856397
AT	0.0540144
CA	0.0299282
CC	0.100294
CG	0.0166775
CT	0.053329
GA	0.0227807
GC	0.0705614
GG	0.0478786
GT	0.0386097
TA	0.02797
TC	0.142689
TG	0.080124
TT	0.0822781
