kmer	count
sequence	0
AA	0.0545013
AC	0.115452
AG	0.0794777
AT	0.0618138
CA	0.0322694
CC	0.0896526
CG	0.0069989
CT	0.0558932
GA	0.0218985
GC	0.0643036
GG	0.0399545
GT	0.0396016
TA	0.0298385
TC	0.147938
TG	0.0794581
TT	0.0809481
