kmer	count
sequence	0
AA	0.0526784
AC	0.107714
AG	0.0804963
AT	0.064864
CA	0.0356452
CC	0.0904583
CG	0.00907251
CT	0.0593938
GA	0.0240377
GC	0.0622179
GG	0.0423162
GT	0.041738
TA	0.02933
TC	0.138156
TG	0.0815414
TT	0.0803407
