kmer	count
sequence	0
AA	0.0551585
AC	0.108767
AG	0.0852363
AT	0.063856
CA	0.0338731
CC	0.0811879
CG	0.0076855
CT	0.0552533
GA	0.0217281
GC	0.0567082
GG	0.0389968
GT	0.0401986
TA	0.030995
TC	0.142988
TG	0.0850149
TT	0.0923525
