kmer	count
sequence	0
AA	0.0505017
AC	0.110653
AG	0.080057
AT	0.0590487
CA	0.0367397
CC	0.0878732
CG	0.00812585
CT	0.0562368
GA	0.0232008
GC	0.0626781
GG	0.0435774
GT	0.0407407
TA	0.0301623
TC	0.14551
TG	0.0836492
TT	0.0812461
