kmer	count
sequence	0
AA	0.0502042
AC	0.109783
AG	0.0756885
AT	0.0607251
CA	0.0386443
CC	0.0905682
CG	0.00841912
CT	0.0575247
GA	0.0241945
GC	0.0627075
GG	0.0423703
GT	0.0408417
TA	0.030273
TC	0.145275
TG	0.0803817
TT	0.0823999
