kmer	count
sequence	0
AA	0.0531462
AC	0.0967568
AG	0.0798405
AT	0.0526883
CA	0.0338056
CC	0.102063
CG	0.0165392
CT	0.0522842
GA	0.0239737
GC	0.0714363
GG	0.0518532
GT	0.0347753
TA	0.0296035
TC	0.143977
TG	0.0807564
TT	0.0765004
