kmer	count
sequence	0
AA	0.0506476
AC	0.111182
AG	0.077794
AT	0.0602303
CA	0.0366463
CC	0.090884
CG	0.00809146
CT	0.0568336
GA	0.0217061
GC	0.0619425
GG	0.0400707
GT	0.0404297
TA	0.0304604
TC	0.149734
TG	0.0809699
TT	0.0823783
