kmer	count
sequence	0
AA	0.0505256
AC	0.0955803
AG	0.0872935
AT	0.0513838
CA	0.0306265
CC	0.103116
CG	0.0170832
CT	0.051652
GA	0.0230905
GC	0.0736966
GG	0.0520006
GT	0.0362851
TA	0.0286151
TC	0.142754
TG	0.0807498
TT	0.0755471
