kmer	count
sequence	0
AA	0.0507293
AC	0.0930953
AG	0.0779894
AT	0.0542308
CA	0.0342632
CC	0.0996354
CG	0.0185207
CT	0.0566327
GA	0.0246267
GC	0.0704943
GG	0.0501794
GT	0.0408901
TA	0.0324112
TC	0.140149
TG	0.0810568
TT	0.0750955
