kmer	count
sequence	0
AA	0.0507552
AC	0.105406
AG	0.0788737
AT	0.0621187
CA	0.0392498
CC	0.0962479
CG	0.00901598
CT	0.0643372
GA	0.0249197
GC	0.0658076
GG	0.0454024
GT	0.0449896
TA	0.0285442
TC	0.129165
TG	0.0794283
TT	0.0757394
