kmer	count
sequence	0
AA	0.0516379
AC	0.109964
AG	0.080767
AT	0.0567765
CA	0.0370464
CC	0.0899183
CG	0.00862884
CT	0.0539753
GA	0.0238464
GC	0.06364
GG	0.0431487
GT	0.0382308
TA	0.0310701
TC	0.147717
TG	0.085095
TT	0.0785378
