kmer	count
sequence	0
AA	0.0544726
AC	0.106149
AG	0.0825398
AT	0.0598011
CA	0.0369305
CC	0.0872088
CG	0.00917988
CT	0.0562663
GA	0.0237411
GC	0.0608826
GG	0.0437363
GT	0.0391464
TA	0.030072
TC	0.140573
TG	0.0878947
TT	0.0814055
