kmer	count
sequence	0
AA	0.0522508
AC	0.106115
AG	0.0863633
AT	0.0615016
CA	0.0342447
CC	0.0893257
CG	0.00907464
CT	0.0576471
GA	0.0231051
GC	0.0611382
GG	0.0453236
GT	0.0407147
TA	0.029421
TC	0.136775
TG	0.0873985
TT	0.0796013
