kmer	count
sequence	0
AA	0.0487805
AC	0.110923
AG	0.0839501
AT	0.0583677
CA	0.0336794
CC	0.0966917
CG	0.00896627
CT	0.0576474
GA	0.0212111
GC	0.0664647
GG	0.0456013
GT	0.0394417
TA	0.027023
TC	0.138816
TG	0.0863842
TT	0.0760519
