kmer	count
sequence	0
AA	0.0483856
AC	0.0968419
AG	0.0767853
AT	0.050271
CA	0.0322885
CC	0.107448
CG	0.0193024
CT	0.0542776
GA	0.023474
GC	0.0753005
GG	0.0497761
GT	0.036955
TA	0.0307801
TC	0.145062
TG	0.0781758
TT	0.0748763
