kmer	count
sequence	0
AA	0.0414329
AC	0.0818279
AG	0.0637623
AT	0.044743
CA	0.0563285
CC	0.112152
CG	0.0250505
CT	0.0524854
GA	0.032877
GC	0.073272
GG	0.0614621
GT	0.0309134
TA	0.0389643
TC	0.138465
TG	0.0842404
TT	0.0620231
