kmer	count
sequence	0
AA	0.041483
AC	0.0841703
AG	0.065389
AT	0.0464795
CA	0.055268
CC	0.110177
CG	0.024034
CT	0.0508353
GA	0.0289536
GC	0.0695911
GG	0.0590345
GT	0.0323101
TA	0.0401763
TC	0.137055
TG	0.0882956
TT	0.066747
