kmer	count
sequence	0
AA	0.0469362
AC	0.0985878
AG	0.0841757
AT	0.0492093
CA	0.0316656
CC	0.106556
CG	0.018922
CT	0.0512889
GA	0.0230691
GC	0.0759781
GG	0.0549524
GT	0.0361755
TA	0.0271074
TC	0.14336
TG	0.0810562
TT	0.0709605
