kmer	count
sequence	0
AA	0.0428778
AC	0.0982679
AG	0.083649
AT	0.0501766
CA	0.0320254
CC	0.104077
CG	0.0197685
CT	0.0582415
GA	0.021407
GC	0.0754139
GG	0.0527301
GT	0.0376005
TA	0.0278121
TC	0.142188
TG	0.0794144
TT	0.0743499
