kmer	count
sequence	0
AA	0.0536845
AC	0.106499
AG	0.0836676
AT	0.0646533
CA	0.0352984
CC	0.0834501
CG	0.00932592
CT	0.0623339
GA	0.0229282
GC	0.0601111
GG	0.0462189
GT	0.041121
TA	0.0277603
TC	0.132617
TG	0.0853105
TT	0.0850205
