kmer	count
sequence	0
AA	0.0504495
AC	0.0986376
AG	0.0831146
AT	0.0517617
CA	0.0285331
CC	0.100034
CG	0.0166118
CT	0.0543302
GA	0.0215255
GC	0.0756044
GG	0.0507845
GT	0.0367692
TA	0.027221
TC	0.144006
TG	0.0808253
TT	0.0797923
