kmer	count
sequence	0
AA	0.052311
AC	0.111019
AG	0.0786197
AT	0.0570083
CA	0.0352907
CC	0.0926053
CG	0.00896562
CT	0.0539612
GA	0.0238784
GC	0.0651733
GG	0.0437498
GT	0.0393344
TA	0.0291148
TC	0.148543
TG	0.0829821
TT	0.0774434
