kmer	count
sequence	0
AA	0.0499056
AC	0.100372
AG	0.0792705
AT	0.0538602
CA	0.0302208
CC	0.100047
CG	0.0176189
CT	0.0548932
GA	0.0238461
GC	0.0736926
GG	0.0480758
GT	0.0388974
TA	0.0291878
TC	0.145054
TG	0.0762307
TT	0.0788278
