kmer	count
sequence	0
AA	0.0481406
AC	0.0941637
AG	0.073014
AT	0.0606746
CA	0.0322235
CC	0.11653
CG	0.0169149
CT	0.0664914
GA	0.0231698
GC	0.0743283
GG	0.050185
GT	0.0440761
TA	0.0253602
TC	0.126047
TG	0.0716268
TT	0.0770541
