kmer	count
sequence	0
AA	0.0461436
AC	0.104489
AG	0.0747777
AT	0.0475929
CA	0.0315328
CC	0.109914
CG	0.0163344
CT	0.0529398
GA	0.0232089
GC	0.0802812
GG	0.0463786
GT	0.035254
TA	0.0270085
TC	0.154276
TG	0.0745623
TT	0.0753065
