kmer	count
sequence	0
AA	0.0451227
AC	0.0980701
AG	0.084953
AT	0.0542477
CA	0.0310019
CC	0.10991
CG	0.0174514
CT	0.0602929
GA	0.0220139
GC	0.0757596
GG	0.0523086
GT	0.0398531
TA	0.023337
TC	0.132836
TG	0.0784743
TT	0.0743681
