kmer	count
sequence	0
AA	0.05442
AC	0.109014
AG	0.0829319
AT	0.0572191
CA	0.0356073
CC	0.0878141
CG	0.00924359
CT	0.0553747
GA	0.0240637
GC	0.0626872
GG	0.0437226
GT	0.0384065
TA	0.0308337
TC	0.142603
TG	0.0858829
TT	0.0801762
