kmer	count
sequence	0
AA	0.0483362
AC	0.104487
AG	0.078404
AT	0.0536666
CA	0.0316462
CC	0.108575
CG	0.0168193
CT	0.0526316
GA	0.0222274
GC	0.0755317
GG	0.0492677
GT	0.0360451
TA	0.0281789
TC	0.148347
TG	0.074445
TT	0.0713916
