kmer	count
sequence	0
AA	0.0498757
AC	0.0972364
AG	0.0829942
AT	0.052645
CA	0.0330621
CC	0.105233
CG	0.0177461
CT	0.0562903
GA	0.0224935
GC	0.0723974
GG	0.0488866
GT	0.0353792
TA	0.0282582
TC	0.143862
TG	0.076947
TT	0.0766927
