kmer	count
sequence	0
AA	0.0551604
AC	0.101661
AG	0.0869416
AT	0.0616714
CA	0.0358424
CC	0.0818489
CG	0.00863829
CT	0.0542364
GA	0.0244322
GC	0.0607474
GG	0.046694
GT	0.0401616
TA	0.0326837
TC	0.137718
TG	0.0901004
TT	0.0814621
