kmer	count
sequence	0
AA	0.0482753
AC	0.1033
AG	0.0691892
AT	0.0563951
CA	0.0369117
CC	0.116276
CG	0.0154134
CT	0.0589942
GA	0.0245406
GC	0.0794447
GG	0.0471672
GT	0.0397727
TA	0.0284695
TC	0.135074
TG	0.0680408
TT	0.0727353
