kmer	count
sequence	0
AA	0.0488183
AC	0.109626
AG	0.0760369
AT	0.0633119
CA	0.0360307
CC	0.0928314
CG	0.0086242
CT	0.0641258
GA	0.0224761
GC	0.0625763
GG	0.0418688
GT	0.0435123
TA	0.0283143
TC	0.139803
TG	0.0782752
TT	0.083769
