kmer	count
sequence	0
AA	0.0533828
AC	0.109194
AG	0.0816931
AT	0.058197
CA	0.0401329
CC	0.0911938
CG	0.00937287
CT	0.055023
GA	0.0238156
GC	0.0614562
GG	0.0426892
GT	0.0408146
TA	0.0312287
TC	0.140487
TG	0.0857405
TT	0.0755794
