kmer	count
sequence	0
AA	0.0540054
AC	0.103415
AG	0.0848957
AT	0.0593102
CA	0.0405807
CC	0.0867151
CG	0.00917326
CT	0.0564759
GA	0.0262367
GC	0.0591953
GG	0.0480112
GT	0.0373825
TA	0.0324415
TC	0.13599
TG	0.0857575
TT	0.0804144
