kmer	count
sequence	0
AA	0.0499938
AC	0.0992801
AG	0.0791595
AT	0.055224
CA	0.0328575
CC	0.101772
CG	0.0166749
CT	0.0576852
GA	0.0216896
GC	0.0744524
GG	0.0475326
GT	0.0381184
TA	0.0277504
TC	0.143152
TG	0.0781442
TT	0.0765137
