kmer	count
sequence	0
AA	0.0504578
AC	0.106801
AG	0.0794597
AT	0.0640406
CA	0.0381326
CC	0.0858235
CG	0.00877855
CT	0.0612738
GA	0.0225123
GC	0.0595885
GG	0.0434903
GT	0.0407737
TA	0.030989
TC	0.13769
TG	0.0852701
TT	0.084918
