kmer	count
sequence	0
AA	0.0541772
AC	0.109519
AG	0.0819513
AT	0.0599856
CA	0.0367668
CC	0.0925361
CG	0.00809341
CT	0.0560936
GA	0.0241623
GC	0.0619757
GG	0.0401722
GT	0.0393614
TA	0.0302213
TC	0.144885
TG	0.0813468
TT	0.0787522
