kmer	count
sequence	0
AA	0.0476789
AC	0.0990253
AG	0.0782963
AT	0.0532208
CA	0.0308859
CC	0.107227
CG	0.0173451
CT	0.0550698
GA	0.0224869
GC	0.0751657
GG	0.0485198
GT	0.0375778
TA	0.0273601
TC	0.145661
TG	0.0765993
TT	0.0778809
