kmer	count
sequence	0
AA	0.0514654
AC	0.101217
AG	0.0880407
AT	0.0669463
CA	0.0337982
CC	0.0898133
CG	0.0081541
CT	0.0628693
GA	0.0212125
GC	0.0608012
GG	0.0436658
GT	0.045793
TA	0.0261758
TC	0.127748
TG	0.0853226
TT	0.0869771
