kmer	count
sequence	0
AA	0.0481878
AC	0.103713
AG	0.0752476
AT	0.0480244
CA	0.0321416
CC	0.109709
CG	0.0169613
CT	0.049969
GA	0.0232361
GC	0.0793327
GG	0.0502304
GT	0.032256
TA	0.0293474
TC	0.154351
TG	0.0774045
TT	0.0698879
