kmer	count
sequence	0
AA	0.0515269
AC	0.0971139
AG	0.0781284
AT	0.0529116
CA	0.0341812
CC	0.0990817
CG	0.0189126
CT	0.0561548
GA	0.0252168
GC	0.0712412
GG	0.0493769
GT	0.0374244
TA	0.0335981
TC	0.135085
TG	0.0827928
TT	0.0772538
