kmer	count
sequence	0
AA	0.0374193
AC	0.0680642
AG	0.0550265
AT	0.0453761
CA	0.0927654
CC	0.116764
CG	0.0291749
CT	0.0817409
GA	0.0371956
GC	0.066083
GG	0.061098
GT	0.0353422
TA	0.037643
TC	0.105963
TG	0.0718988
TT	0.0584457
