kmer	count
sequence	0
AA	0.0478009
AC	0.0955519
AG	0.0754081
AT	0.0568119
CA	0.0323249
CC	0.114098
CG	0.0178224
CT	0.0623284
GA	0.0279816
GC	0.0799261
GG	0.0533922
GT	0.045829
TA	0.0230143
TC	0.12603
TG	0.0707404
TT	0.07094
