kmer	count
sequence	0
AA	0.0536578
AC	0.108574
AG	0.0858179
AT	0.0584954
CA	0.0389969
CC	0.0885082
CG	0.00881133
CT	0.0554102
GA	0.0240399
GC	0.059458
GG	0.0450193
GT	0.0387008
TA	0.0311482
TC	0.139673
TG	0.0864597
TT	0.0772287
