kmer	count
sequence	0
AA	0.049573
AC	0.105207
AG	0.08329
AT	0.0628731
CA	0.0356454
CC	0.0909731
CG	0.00854021
CT	0.0602253
GA	0.0231106
GC	0.0636842
GG	0.0445989
GT	0.042349
TA	0.0284214
TC	0.138434
TG	0.0833512
TT	0.0797239
