kmer	count
sequence	0
AA	0.0463014
AC	0.0994591
AG	0.0807201
AT	0.0524749
CA	0.0332714
CC	0.109785
CG	0.0197225
CT	0.0547421
GA	0.0245848
GC	0.0781523
GG	0.05171
GT	0.0375874
TA	0.0262511
TC	0.137675
TG	0.0773328
TT	0.0702306
