kmer	count
sequence	0
AA	0.0534495
AC	0.105444
AG	0.0840447
AT	0.0584937
CA	0.0391704
CC	0.0844715
CG	0.00913782
CT	0.055603
GA	0.0240959
GC	0.060104
GG	0.0463488
GT	0.0409747
TA	0.0316623
TC	0.136776
TG	0.0866638
TT	0.0835597
