kmer	count
sequence	0
AA	0.0477753
AC	0.0995489
AG	0.0806848
AT	0.0575149
CA	0.0306541
CC	0.105905
CG	0.0157884
CT	0.0536874
GA	0.0226915
GC	0.0698175
GG	0.0497574
GT	0.0397102
TA	0.0255963
TC	0.142232
TG	0.0816759
TT	0.0769599
