kmer	count
sequence	0
AA	0.0530513
AC	0.102913
AG	0.0826828
AT	0.0597876
CA	0.0364308
CC	0.0862293
CG	0.00921262
CT	0.0604801
GA	0.0237975
GC	0.0603123
GG	0.041908
GT	0.040481
TA	0.0309536
TC	0.141211
TG	0.0877403
TT	0.0828087
