kmer	count
sequence	0
AA	0.0527672
AC	0.107824
AG	0.082042
AT	0.063645
CA	0.0349809
CC	0.0935115
CG	0.00927481
CT	0.0563359
GA	0.0234733
GC	0.0641603
GG	0.0452099
GT	0.0419656
TA	0.0294466
TC	0.134981
TG	0.0837595
TT	0.0766221
