kmer	count
sequence	0
AA	0.054922
AC	0.107472
AG	0.0837971
AT	0.0634522
CA	0.0369036
CC	0.0872411
CG	0.00889517
CT	0.0566098
GA	0.0245187
GC	0.0597117
GG	0.0421951
GT	0.0399142
TA	0.0318858
TC	0.135982
TG	0.0846182
TT	0.0818812
