kmer	count
sequence	0
AA	0.0494261
AC	0.107
AG	0.0861069
AT	0.0647408
CA	0.0340946
CC	0.0912963
CG	0.00848561
CT	0.0637942
GA	0.0229213
GC	0.0619686
GG	0.0446762
GT	0.043307
TA	0.0267922
TC	0.131003
TG	0.0845518
TT	0.0798357
