kmer	count
sequence	0
AA	0.0469813
AC	0.0944467
AG	0.082419
AT	0.0460866
CA	0.0339416
CC	0.104069
CG	0.0196403
CT	0.0504576
GA	0.0239087
GC	0.0742343
GG	0.0555621
GT	0.0330615
TA	0.0288078
TC	0.151901
TG	0.0816856
TT	0.0727969
