kmer	count
sequence	0
AA	0.0488196
AC	0.0931262
AG	0.0848377
AT	0.0515102
CA	0.0341955
CC	0.0981166
CG	0.0174883
CT	0.0556327
GA	0.0211769
GC	0.0724701
GG	0.05138
GT	0.0377105
TA	0.0334577
TC	0.140818
TG	0.0802812
TT	0.0789793
