kmer	count
sequence	0
AA	0.047604
AC	0.0946349
AG	0.0746303
AT	0.0498968
CA	0.0417861
CC	0.103519
CG	0.0192594
CT	0.0551416
GA	0.0253926
GC	0.0720509
GG	0.051817
GT	0.0349077
TA	0.0318984
TC	0.140061
TG	0.0836295
TT	0.0737705
