kmer	count
sequence	0
AA	0.0473117
AC	0.107646
AG	0.0811252
AT	0.0601531
CA	0.0382978
CC	0.0962314
CG	0.00935363
CT	0.0680346
GA	0.0257961
GC	0.067174
GG	0.0468134
GT	0.0445486
TA	0.024709
TC	0.126919
TG	0.0810572
TT	0.074829
