kmer	count
sequence	0
AA	0.0487578
AC	0.0923964
AG	0.084986
AT	0.0534832
CA	0.0329348
CC	0.100308
CG	0.017434
CT	0.0569557
GA	0.0218372
GC	0.0680891
GG	0.0522303
GT	0.0395217
TA	0.0299993
TC	0.138541
TG	0.0815852
TT	0.0809408
