kmer	count
sequence	0
AA	0.0545698
AC	0.109698
AG	0.0789507
AT	0.0603459
CA	0.036348
CC	0.0886042
CG	0.00863224
CT	0.055607
GA	0.0245564
GC	0.0625479
GG	0.0419964
GT	0.039603
TA	0.0317207
TC	0.142057
TG	0.0826047
TT	0.0821579
