kmer	count
sequence	0
AA	0.0491526
AC	0.0978345
AG	0.0808319
AT	0.0526418
CA	0.0313192
CC	0.108856
CG	0.0179442
CT	0.0553002
GA	0.0238979
GC	0.0798903
GG	0.054331
GT	0.0390452
TA	0.0250609
TC	0.135551
TG	0.076235
TT	0.072109
