kmer	count
sequence	0
AA	0.0480011
AC	0.0972843
AG	0.0759403
AT	0.0502104
CA	0.0358167
CC	0.108548
CG	0.0191675
CT	0.0528998
GA	0.0243359
GC	0.0757562
GG	0.05144
GT	0.0347777
TA	0.0302604
TC	0.145772
TG	0.0778012
TT	0.0719884
