kmer	count
sequence	0
AA	0.0555083
AC	0.109952
AG	0.0750674
AT	0.0625325
CA	0.0379121
CC	0.0912918
CG	0.00794664
CT	0.0584409
GA	0.0250461
GC	0.065276
GG	0.0407266
GT	0.0413888
TA	0.0313372
TC	0.140462
TG	0.0785914
TT	0.0785204
