kmer	count
sequence	0
AA	0.0538534
AC	0.111539
AG	0.0869286
AT	0.0583426
CA	0.0320491
CC	0.0853254
CG	0.00883395
CT	0.0553284
GA	0.0220608
GC	0.0609238
GG	0.0411717
GT	0.0387828
TA	0.0301573
TC	0.146025
TG	0.0838824
TT	0.0847963
