kmer	count
sequence	0
AA	0.0510463
AC	0.106997
AG	0.0793199
AT	0.062952
CA	0.0376596
CC	0.0882059
CG	0.00944376
CT	0.0603747
GA	0.0243499
GC	0.0635867
GG	0.0427566
GT	0.0434105
TA	0.0291391
TC	0.136713
TG	0.0817433
TT	0.0823011
