kmer	count
sequence	0
AA	0.0526326
AC	0.110271
AG	0.0826299
AT	0.0624485
CA	0.0353763
CC	0.0880875
CG	0.0088539
CT	0.0580117
GA	0.0235973
GC	0.0615847
GG	0.0456634
GT	0.0418744
TA	0.0297617
TC	0.13593
TG	0.0850249
TT	0.078252
