kmer	count
sequence	0
AA	0.0346412
AC	0.107069
AG	0.0551552
AT	0.0701594
CA	0.0328491
CC	0.0991955
CG	0.00766415
CT	0.0596164
GA	0.0204377
GC	0.0648593
GG	0.0408755
GT	0.0470525
TA	0.0291123
TC	0.149298
TG	0.0865553
TT	0.0954587
