kmer	count
sequence	0
AA	0.0489522
AC	0.0989522
AG	0.0789456
AT	0.0540602
CA	0.0330059
CC	0.10871
CG	0.0155861
CT	0.0586117
GA	0.0264244
GC	0.0737721
GG	0.0544204
GT	0.0387033
TA	0.0273739
TC	0.131434
TG	0.0769483
TT	0.0740995
