kmer	count
sequence	0
AA	0.0493798
AC	0.0965258
AG	0.0805067
AT	0.0520839
CA	0.0308918
CC	0.103521
CG	0.0171066
CT	0.0530833
GA	0.023573
GC	0.0764505
GG	0.0514961
GT	0.0366528
TA	0.0271589
TC	0.141526
TG	0.0840045
TT	0.076039
