kmer	count
sequence	0
AA	0.0530577
AC	0.10563
AG	0.085227
AT	0.0621435
CA	0.0331048
CC	0.0857307
CG	0.00816826
CT	0.0603803
GA	0.0228855
GC	0.0612979
GG	0.0398517
GT	0.0426765
TA	0.0301542
TC	0.139256
TG	0.0846512
TT	0.0857847
