kmer	count
sequence	0
AA	0.0520263
AC	0.108158
AG	0.0800592
AT	0.0632615
CA	0.0379878
CC	0.0917358
CG	0.00852022
CT	0.0590235
GA	0.027768
GC	0.0640341
GG	0.0455368
GT	0.041652
TA	0.0291365
TC	0.130827
TG	0.0794632
TT	0.0808096
