kmer	count
sequence	0
AA	0.0470884
AC	0.0954324
AG	0.0869565
AT	0.0540731
CA	0.0327264
CC	0.0981008
CG	0.0192278
CT	0.054858
GA	0.022367
GC	0.066787
GG	0.0540731
GT	0.0397897
TA	0.0287239
TC	0.137341
TG	0.0855439
TT	0.076911
