kmer	count
sequence	0
AA	0.0487095
AC	0.0988651
AG	0.0814937
AT	0.0499725
CA	0.0301666
CC	0.10615
CG	0.0172616
CT	0.0529013
GA	0.0229361
GC	0.0737141
GG	0.0497346
GT	0.0353835
TA	0.0287022
TC	0.153194
TG	0.0777046
TT	0.07311
