kmer	count
sequence	0
AA	0.0474753
AC	0.0983181
AG	0.0784815
AT	0.0479354
CA	0.0324231
CC	0.108016
CG	0.0182909
CT	0.0522965
GA	0.0225048
GC	0.0777087
GG	0.0504195
GT	0.0363978
TA	0.0279884
TC	0.151535
TG	0.0781687
TT	0.0720411
