kmer	count
sequence	0
AA	0.0521409
AC	0.110238
AG	0.0752331
AT	0.0613562
CA	0.0406379
CC	0.0939442
CG	0.00938795
CT	0.055076
GA	0.0259194
GC	0.062241
GG	0.0407674
GT	0.0388035
TA	0.0329118
TC	0.14233
TG	0.0797004
TT	0.079312
