kmer	count
sequence	0
AA	0.0479934
AC	0.0987796
AG	0.0783504
AT	0.0493324
CA	0.0314664
CC	0.107866
CG	0.0165462
CT	0.0530242
GA	0.0243697
GC	0.0778721
GG	0.0490072
GT	0.0361337
TA	0.0283484
TC	0.150101
TG	0.0776809
TT	0.0731283
