kmer	count
sequence	0
AA	0.0268609
AC	0.0656714
AG	0.0395206
AT	0.0352603
CA	0.103633
CC	0.117176
CG	0.0185307
CT	0.0743999
GA	0.0454435
GC	0.06891
GG	0.0622943
GT	0.0347581
TA	0.0477296
TC	0.122961
TG	0.0879602
TT	0.0488899
