kmer	count
sequence	0
AA	0.0488628
AC	0.097102
AG	0.0855099
AT	0.0579237
CA	0.0303008
CC	0.101284
CG	0.0172047
CT	0.0567498
GA	0.0233309
GC	0.0721203
GG	0.0512106
GT	0.0361702
TA	0.0280998
TC	0.136831
TG	0.079347
TT	0.077953
