kmer	count
sequence	0
AA	0.0523623
AC	0.107996
AG	0.0820599
AT	0.06283
CA	0.0375018
CC	0.0849339
CG	0.00815459
CT	0.0601897
GA	0.0234824
GC	0.0598626
GG	0.042759
GT	0.04346
TA	0.0295808
TC	0.137717
TG	0.0842095
TT	0.0829011
