kmer	count
sequence	0
AA	0.0528638
AC	0.0960675
AG	0.0784209
AT	0.0559063
CA	0.0355594
CC	0.0980071
CG	0.0171142
CT	0.0548794
GA	0.0252529
GC	0.0714992
GG	0.0495931
GT	0.0387161
TA	0.031414
TC	0.133985
TG	0.0823382
TT	0.0783829
