kmer	count
sequence	0
AA	0.0364061
AC	0.0876241
AG	0.0559655
AT	0.0549889
CA	0.0347241
CC	0.10542
CG	0.017986
CT	0.061581
GA	0.0237372
GC	0.0747111
GG	0.0483967
GT	0.041886
TA	0.0301123
TC	0.152054
TG	0.0847214
TT	0.0896859
