kmer	count
sequence	0
AA	0.0522108
AC	0.113233
AG	0.0803738
AT	0.0574099
CA	0.0341161
CC	0.0937721
CG	0.00860756
CT	0.0534202
GA	0.0226184
GC	0.0675724
GG	0.0402576
GT	0.0396293
TA	0.0289641
TC	0.150601
TG	0.0793372
TT	0.0778764
