kmer	count
sequence	0
AA	0.0443604
AC	0.0975124
AG	0.0786318
AT	0.0512058
CA	0.032616
CC	0.107534
CG	0.0198649
CT	0.0531744
GA	0.0222809
GC	0.0768198
GG	0.0541139
GT	0.0369782
TA	0.0271576
TC	0.144535
TG	0.0796161
TT	0.0735985
