kmer	count
sequence	0
AA	0.0512881
AC	0.11371
AG	0.079746
AT	0.0591261
CA	0.034701
CC	0.0915053
CG	0.00824992
CT	0.0560626
GA	0.0233635
GC	0.0639926
GG	0.0406049
GT	0.039364
TA	0.0305712
TC	0.145896
TG	0.0812826
TT	0.0805361
