kmer	count
sequence	0
AA	0.0497001
AC	0.101164
AG	0.0711729
AT	0.0553455
CA	0.0354353
CC	0.113967
CG	0.015903
CT	0.0588487
GA	0.0255305
GC	0.0798427
GG	0.0473562
GT	0.0390141
TA	0.0285045
TC	0.13539
TG	0.0712233
TT	0.0716014
