kmer	count
sequence	0
AA	0.0535248
AC	0.107415
AG	0.0885801
AT	0.0589829
CA	0.0347478
CC	0.0839868
CG	0.00895603
CT	0.0561577
GA	0.0215829
GC	0.0593865
GG	0.0443573
GT	0.0392835
TA	0.0306542
TC	0.137454
TG	0.0929812
TT	0.0819496
