kmer	count
sequence	0
AA	0.0500202
AC	0.105932
AG	0.0884018
AT	0.0544677
CA	0.036591
CC	0.0916363
CG	0.00938601
CT	0.0573846
GA	0.0229019
GC	0.0631029
GG	0.0468434
GT	0.037082
TA	0.0299775
TC	0.141859
TG	0.0887772
TT	0.0756368
