kmer	count
sequence	0
AA	0.0505851
AC	0.0944649
AG	0.0836839
AT	0.0527544
CA	0.0331317
CC	0.0995924
CG	0.0176177
CT	0.0568959
GA	0.0228109
GC	0.0709637
GG	0.051341
GT	0.0392453
TA	0.0304694
TC	0.140613
TG	0.079411
TT	0.0764199
