kmer	count
sequence	0
AA	0.049895
AC	0.10189
AG	0.0776121
AT	0.0484947
CA	0.0290968
CC	0.106647
CG	0.016412
CT	0.0511923
GA	0.0225691
GC	0.0782711
GG	0.0481652
GT	0.0366542
TA	0.0277995
TC	0.156933
TG	0.0743791
TT	0.0739879
