kmer	count
sequence	0
AA	0.0546774
AC	0.107405
AG	0.0872561
AT	0.0590392
CA	0.0348561
CC	0.0813116
CG	0.00937989
CT	0.0567811
GA	0.0241445
GC	0.0616255
GG	0.0472661
GT	0.0408971
TA	0.0296065
TC	0.136066
TG	0.089437
TT	0.0802501
