kmer	count
sequence	0
AA	0.0493344
AC	0.0948957
AG	0.0884886
AT	0.050687
CA	0.0323557
CC	0.0996654
CG	0.0180822
CT	0.0535346
GA	0.0231366
GC	0.0712608
GG	0.053143
GT	0.0370542
TA	0.0289386
TC	0.139176
TG	0.0826867
TT	0.077561
