kmer	count
sequence	0
AA	0.0523186
AC	0.0990327
AG	0.0803129
AT	0.0547084
CA	0.0304125
CC	0.10239
CG	0.0160171
CT	0.0540541
GA	0.0241252
GC	0.0737127
GG	0.0524324
GT	0.0403129
TA	0.0267425
TC	0.141195
TG	0.0753343
TT	0.076899
