kmer	count
sequence	0
AA	0.0530241
AC	0.108159
AG	0.0789514
AT	0.0643246
CA	0.0386555
CC	0.0895683
CG	0.00890063
CT	0.0603755
GA	0.0237401
GC	0.0604818
GG	0.0434551
GT	0.0436374
TA	0.0311978
TC	0.134968
TG	0.0791033
TT	0.0814575
