kmer	count
sequence	0
AA	0.0481975
AC	0.100829
AG	0.0835616
AT	0.0481615
CA	0.0328046
CC	0.103317
CG	0.0170512
CT	0.0532084
GA	0.0219178
GC	0.0753785
GG	0.0506849
GT	0.0355443
TA	0.027938
TC	0.14553
TG	0.0800649
TT	0.0758111
