kmer	count
sequence	0
AA	0.0457564
AC	0.0951753
AG	0.0807696
AT	0.056695
CA	0.0292509
CC	0.103916
CG	0.0170915
CT	0.0573298
GA	0.0239281
GC	0.0766676
GG	0.0482957
GT	0.0380897
TA	0.0282254
TC	0.140346
TG	0.078914
TT	0.0795488
