kmer	count
sequence	0
AA	0.0520327
AC	0.10484
AG	0.0846192
AT	0.0620024
CA	0.0357042
CC	0.0868034
CG	0.00857817
CT	0.0622666
GA	0.0232509
GC	0.061562
GG	0.0450046
GT	0.0404072
TA	0.0297682
TC	0.13681
TG	0.0845839
TT	0.0817657
