kmer	count
sequence	0
AA	0.0516548
AC	0.109093
AG	0.0877046
AT	0.0533808
CA	0.0359075
CC	0.0897509
CG	0.00898577
CT	0.0522776
GA	0.0239324
GC	0.0615836
GG	0.0457829
GT	0.0367616
TA	0.03121
TC	0.14605
TG	0.0890036
TT	0.0769217
