kmer	count
sequence	0
AA	0.0466713
AC	0.101453
AG	0.0768888
AT	0.0497867
CA	0.0319348
CC	0.111255
CG	0.0171072
CT	0.0566256
GA	0.0227505
GC	0.0800448
GG	0.0501667
GT	0.0374566
TA	0.0268792
TC	0.144679
TG	0.074214
TT	0.0720864
