kmer	count
sequence	0
AA	0.045636
AC	0.0953462
AG	0.0717215
AT	0.0467297
CA	0.0382533
CC	0.111862
CG	0.0181013
CT	0.0563819
GA	0.0264683
GC	0.080362
GG	0.0507766
GT	0.0387728
TA	0.0286011
TC	0.146615
TG	0.0726239
TT	0.0717489
