kmer	count
sequence	0
AA	0.0511683
AC	0.092103
AG	0.0799807
AT	0.0532326
CA	0.0346539
CC	0.104621
CG	0.0184909
CT	0.0606992
GA	0.0251669
GC	0.0743148
GG	0.0522224
GT	0.0392656
TA	0.0278461
TC	0.133565
TG	0.0783995
TT	0.0742709
