kmer	count
sequence	0
AA	0.0490008
AC	0.101627
AG	0.0812993
AT	0.0613278
CA	0.0373498
CC	0.0894723
CG	0.00963547
CT	0.0715901
GA	0.0249859
GC	0.0647076
GG	0.0462724
GT	0.0453629
TA	0.0262763
TC	0.12665
TG	0.0824423
TT	0.0819999
