kmer	count
sequence	0
AA	0.0543713
AC	0.108039
AG	0.083885
AT	0.0619134
CA	0.0372984
CC	0.0876925
CG	0.00865769
CT	0.0601673
GA	0.024033
GC	0.0584212
GG	0.0419304
GT	0.0413726
TA	0.0309688
TC	0.13537
TG	0.0813387
TT	0.0845398
