kmer	count
sequence	0
AA	0.052672
AC	0.108067
AG	0.0818353
AT	0.0633879
CA	0.0359873
CC	0.0881008
CG	0.00876121
CT	0.0595658
GA	0.0236134
GC	0.062969
GG	0.0435094
GT	0.0401061
TA	0.03131
TC	0.134752
TG	0.0850466
TT	0.0803169
