kmer	count
sequence	0
AA	0.0533719
AC	0.11231
AG	0.0794811
AT	0.057602
CA	0.0362492
CC	0.0898235
CG	0.00914832
CT	0.0542017
GA	0.0240852
GC	0.0632893
GG	0.0423008
GT	0.0403578
TA	0.0300963
TC	0.146697
TG	0.0836707
TT	0.0773154
