kmer	count
sequence	0
AA	0.0442139
AC	0.0990113
AG	0.0788191
AT	0.0490182
CA	0.0326695
CC	0.121501
CG	0.018535
CT	0.0564685
GA	0.0246623
GC	0.0859351
GG	0.0541847
GT	0.0381423
TA	0.0238268
TC	0.136235
TG	0.0737641
TT	0.0630135
