kmer	count
sequence	0
AA	0.0487623
AC	0.094112
AG	0.0804855
AT	0.0565008
CA	0.0328286
CC	0.109397
CG	0.0179043
CT	0.0628455
GA	0.0239366
GC	0.0755588
GG	0.0526796
GT	0.0405431
TA	0.0247537
TC	0.129536
TG	0.0737323
TT	0.0764239
