kmer	count
sequence	0
AA	0.0615499
AC	0.0574572
AG	0.11999
AT	0.013474
CA	0.0590252
CC	0.114914
CG	0.0344159
CT	0.0377644
GA	0.0286223
GC	0.044249
GG	0.0749176
GT	0.0097268
TA	0.0547996
TC	0.109759
TG	0.144148
TT	0.0351866
