kmer	count
sequence	0
AA	0.0447179
AC	0.0912179
AG	0.0813332
AT	0.0494515
CA	0.0314641
CC	0.109428
CG	0.0192126
CT	0.0620092
GA	0.0232778
GC	0.0758479
GG	0.0554937
GT	0.0376176
TA	0.0268141
TC	0.136743
TG	0.0809434
TT	0.0744278
