kmer	count
sequence	0
AA	0.0473945
AC	0.0962676
AG	0.0783848
AT	0.0532489
CA	0.0326087
CC	0.108736
CG	0.0184023
CT	0.0586237
GA	0.0244765
GC	0.0753277
GG	0.0516504
GT	0.039602
TA	0.0275935
TC	0.13577
TG	0.0769461
TT	0.074968
