kmer	count
sequence	0
AA	0.0492006
AC	0.0950209
AG	0.0873484
AT	0.0508102
CA	0.0317362
CC	0.100762
CG	0.0192349
CT	0.0557463
GA	0.0215152
GC	0.0706084
GG	0.0527417
GT	0.0356798
TA	0.0301803
TC	0.139017
TG	0.0835122
TT	0.0768859
