kmer	count
sequence	0
AA	0.0525343
AC	0.106958
AG	0.0902818
AT	0.0541362
CA	0.0336126
CC	0.0893507
CG	0.00914592
CT	0.0545333
GA	0.0235083
GC	0.0620499
GG	0.0471946
GT	0.0387196
TA	0.0270955
TC	0.142748
TG	0.0924176
TT	0.075714
