kmer	count
sequence	0
AA	0.0496504
AC	0.0994586
AG	0.0802187
AT	0.0522525
CA	0.0301214
CC	0.102954
CG	0.0180834
CT	0.0548809
GA	0.0227094
GC	0.0751984
GG	0.0490722
GT	0.0351417
TA	0.028597
TC	0.147847
TG	0.0767229
TT	0.0770909
