kmer	count
sequence	0
AA	0.0560113
AC	0.105911
AG	0.079996
AT	0.0623643
CA	0.035002
CC	0.0867109
CG	0.00862485
CT	0.0603538
GA	0.023462
GC	0.06154
GG	0.0405911
GT	0.0425613
TA	0.0316446
TC	0.137535
TG	0.0818657
TT	0.0858263
