kmer	count
sequence	0
AA	0.0514335
AC	0.104188
AG	0.0933882
AT	0.0614171
CA	0.0319323
CC	0.0823168
CG	0.0090902
CT	0.0568332
GA	0.0222205
GC	0.0567943
GG	0.0460337
GT	0.0390801
TA	0.0283972
TC	0.14152
TG	0.0920674
TT	0.083288
