kmer	count
sequence	0
AA	0.0540562
AC	0.112745
AG	0.0747522
AT	0.061926
CA	0.036577
CC	0.0897633
CG	0.00768764
CT	0.0538135
GA	0.0239733
GC	0.0643334
GG	0.0372648
GT	0.0406029
TA	0.0326118
TC	0.147947
TG	0.0784948
TT	0.0834513
