kmer	count
sequence	0
AA	0.0540245
AC	0.111767
AG	0.0791207
AT	0.0580686
CA	0.0365436
CC	0.0882852
CG	0.00826756
CT	0.057237
GA	0.0236123
GC	0.0620312
GG	0.0405062
GT	0.040392
TA	0.0312602
TC	0.148474
TG	0.082268
TT	0.0781423
