kmer	count
sequence	0
AA	0.0517955
AC	0.107341
AG	0.0832727
AT	0.0558864
CA	0.0390455
CC	0.0862045
CG	0.00977273
CT	0.0513864
GA	0.0239318
GC	0.0592955
GG	0.0452727
GT	0.0395227
TA	0.0313864
TC	0.145045
TG	0.0897045
TT	0.0811364
