kmer	count
sequence	0
AA	0.0528861
AC	0.10772
AG	0.0888227
AT	0.0602078
CA	0.0347723
CC	0.084994
CG	0.00850835
CT	0.054543
GA	0.0232636
GC	0.058215
GG	0.0433926
GT	0.0384667
TA	0.0303838
TC	0.143299
TG	0.0908155
TT	0.0797098
