kmer	count
sequence	0
AA	0.0526357
AC	0.105124
AG	0.0861312
AT	0.0558484
CA	0.0379525
CC	0.0859163
CG	0.00952489
CT	0.0532692
GA	0.0246041
GC	0.0605543
GG	0.0452489
GT	0.0379864
TA	0.031448
TC	0.145498
TG	0.0900452
TT	0.0782127
