kmer	count
sequence	0
AA	0.045157
AC	0.0997986
AG	0.0826758
AT	0.0611046
CA	0.0284539
CC	0.103072
CG	0.0169548
CT	0.0614403
GA	0.0218231
GC	0.0714286
GG	0.0532986
GT	0.0433104
TA	0.0259359
TC	0.12842
TG	0.0756253
TT	0.0815008
