kmer	count
sequence	0
AA	0.0483458
AC	0.102126
AG	0.077191
AT	0.0517905
CA	0.0300728
CC	0.108324
CG	0.0165046
CT	0.0540672
GA	0.0223126
GC	0.0784077
GG	0.048243
GT	0.0366919
TA	0.0267578
TC	0.148141
TG	0.0752333
TT	0.0757904
