kmer	count
sequence	0
AA	0.0497673
AC	0.0981955
AG	0.0832111
AT	0.0507237
CA	0.0309252
CC	0.105624
CG	0.0177262
CT	0.0516802
GA	0.0255372
GC	0.0738698
GG	0.0536887
GT	0.0374609
TA	0.0280877
TC	0.139705
TG	0.0786839
TT	0.0751132
