kmer	count
sequence	0
AA	0.0374231
AC	0.0990145
AG	0.0517164
AT	0.0629963
CA	0.0476035
CC	0.104288
CG	0.0109337
CT	0.0620393
GA	0.0253288
GC	0.0642587
GG	0.0429002
GT	0.0416785
TA	0.0327605
TC	0.14615
TG	0.0857597
TT	0.0851488
