kmer	count
sequence	0
AA	0.0529738
AC	0.111462
AG	0.0828263
AT	0.059838
CA	0.0341117
CC	0.0892531
CG	0.00851841
CT	0.0535062
GA	0.02122
GC	0.0629754
GG	0.042535
GT	0.0392835
TA	0.0300426
TC	0.144204
TG	0.0858686
TT	0.0813812
