kmer	count
sequence	0
AA	0.0328581
AC	0.0732547
AG	0.0509259
AT	0.0407858
CA	0.101954
CC	0.118465
CG	0.0193379
CT	0.0572558
GA	0.0407448
GC	0.0531588
GG	0.0640978
GT	0.0306252
TA	0.0465831
TC	0.112873
TG	0.105273
TT	0.0518068
