kmer	count
sequence	0
AA	0.0514259
AC	0.112327
AG	0.0779935
AT	0.0597678
CA	0.0347236
CC	0.0876359
CG	0.00810033
CT	0.0545657
GA	0.0222016
GC	0.0634464
GG	0.0417464
GT	0.0388481
TA	0.030079
TC	0.150989
TG	0.0824895
TT	0.08366
