kmer	count
sequence	0
AA	0.052343
AC	0.0938684
AG	0.0731555
AT	0.0552592
CA	0.0337737
CC	0.104163
CG	0.0176221
CT	0.0574776
GA	0.0235793
GC	0.0728564
GG	0.048006
GT	0.0399801
TA	0.0290379
TC	0.141675
TG	0.0761216
TT	0.0810818
