kmer	count
sequence	0
AA	0.0485423
AC	0.100632
AG	0.0830173
AT	0.0492966
CA	0.0307441
CC	0.100183
CG	0.0162895
CT	0.0527421
GA	0.0233639
GC	0.0763303
GG	0.0503976
GT	0.0370642
TA	0.0265443
TC	0.151254
TG	0.0800204
TT	0.073578
