kmer	count
sequence	0
AA	0.0521462
AC	0.0998706
AG	0.0790372
AT	0.0568198
CA	0.0470053
CC	0.0873598
CG	0.0111267
CT	0.0553279
GA	0.0280055
GC	0.0569636
GG	0.0478861
GT	0.0393838
TA	0.0355191
TC	0.134311
TG	0.0913863
TT	0.0778509
