kmer	count
sequence	0
AA	0.0504015
AC	0.107252
AG	0.0851956
AT	0.0592532
CA	0.0357131
CC	0.0936764
CG	0.00952888
CT	0.0561091
GA	0.0235239
GC	0.0640418
GG	0.046161
GT	0.039099
TA	0.0298281
TC	0.13621
TG	0.0880172
TT	0.0759892
