kmer	count
sequence	0
AA	0.0492409
AC	0.100035
AG	0.0808371
AT	0.0534029
CA	0.0300721
CC	0.106161
CG	0.0177912
CT	0.0565098
GA	0.0208981
GC	0.076763
GG	0.0499443
GT	0.0390117
TA	0.026379
TC	0.145202
TG	0.0748578
TT	0.0728941
