kmer	count
sequence	0
AA	0.052191
AC	0.109727
AG	0.0798245
AT	0.06331
CA	0.0350966
CC	0.0893551
CG	0.00809339
CT	0.055973
GA	0.0241289
GC	0.0616963
GG	0.039887
GT	0.041778
TA	0.0305582
TC	0.138848
TG	0.0831526
TT	0.0863799
