kmer	count
sequence	0
AA	0.0533793
AC	0.110552
AG	0.0805664
AT	0.0596306
CA	0.0349506
CC	0.0918054
CG	0.0086423
CT	0.0573224
GA	0.0231313
GC	0.0647874
GG	0.0421868
GT	0.0402169
TA	0.0294123
TC	0.142525
TG	0.0807787
TT	0.0801121
