kmer	count
sequence	0
AA	0.0537232
AC	0.0965871
AG	0.0825239
AT	0.0533185
CA	0.0324093
CC	0.101949
CG	0.0170646
CT	0.0569945
GA	0.0231013
GC	0.0727101
GG	0.0486308
GT	0.0381425
TA	0.0275867
TC	0.143936
TG	0.0749359
TT	0.0763861
