kmer	count
sequence	0
AA	0.0474404
AC	0.102028
AG	0.0788439
AT	0.0525328
CA	0.0293487
CC	0.111744
CG	0.0149647
CT	0.0537166
GA	0.0228044
GC	0.0813231
GG	0.0478647
GT	0.0373448
TA	0.0262217
TC	0.146744
TG	0.0750022
TT	0.0720763
