kmer	count
sequence	0
AA	0.0550806
AC	0.114913
AG	0.0736929
AT	0.0641401
CA	0.0362874
CC	0.0949523
CG	0.00730023
CT	0.0584183
GA	0.0253535
GC	0.0651759
GG	0.0395758
GT	0.0424203
TA	0.0301546
TC	0.135909
TG	0.0766689
TT	0.0799573
