kmer	count
sequence	0
AA	0.0471024
AC	0.093375
AG	0.0818228
AT	0.0539316
CA	0.0326142
CC	0.101481
CG	0.0188601
CT	0.0538997
GA	0.0236788
GC	0.0733023
GG	0.0519849
GT	0.0383584
TA	0.0291039
TC	0.141116
TG	0.0796209
TT	0.0797485
