kmer	count
sequence	0
AA	0.0524441
AC	0.111079
AG	0.0787064
AT	0.0606662
CA	0.037612
CC	0.0951506
CG	0.00796415
CT	0.0555072
GA	0.0244083
GC	0.0637776
GG	0.042771
GT	0.0399981
TA	0.0299381
TC	0.137776
TG	0.0816728
TT	0.0805281
