kmer	count
sequence	0
AA	0.0536684
AC	0.102373
AG	0.0773616
AT	0.0553746
CA	0.0321467
CC	0.110788
CG	0.0176826
CT	0.0546766
GA	0.0232666
GC	0.0757717
GG	0.0503723
GT	0.0378471
TA	0.0276097
TC	0.135102
TG	0.0733287
TT	0.0726307
