kmer	count
sequence	0
AA	0.0498322
AC	0.108192
AG	0.0757786
AT	0.0618852
CA	0.0420819
CC	0.10503
CG	0.00951282
CT	0.0683005
GA	0.0270221
GC	0.07075
GG	0.046307
GT	0.0482251
TA	0.0249744
TC	0.118638
TG	0.0734717
TT	0.0699983
