kmer	count
sequence	0
AA	0.0457085
AC	0.0967186
AG	0.0794421
AT	0.0483008
CA	0.0325127
CC	0.108158
CG	0.019133
CT	0.0525488
GA	0.0226953
GC	0.0783382
GG	0.0517293
GT	0.0351218
TA	0.0272277
TC	0.150589
TG	0.0779201
TT	0.073856
