kmer	count
sequence	0
AA	0.0517987
AC	0.0985149
AG	0.0835556
AT	0.0478336
CA	0.0321895
CC	0.09938
CG	0.0165814
CT	0.0514383
GA	0.0256651
GC	0.0720929
GG	0.0506813
GT	0.034965
TA	0.030315
TC	0.146853
TG	0.0796626
TT	0.0784731
