kmer	count
sequence	0
AA	0.0532675
AC	0.104728
AG	0.083106
AT	0.0591917
CA	0.0386579
CC	0.0840599
CG	0.00997406
CT	0.0563802
GA	0.0247009
GC	0.0592921
GG	0.0463894
GT	0.0399632
TA	0.0322316
TC	0.13644
TG	0.0898502
TT	0.0817672
