kmer	count
sequence	0
AA	0.0473866
AC	0.0968058
AG	0.0823775
AT	0.0493648
CA	0.0316152
CC	0.103975
CG	0.0188203
CT	0.0549909
GA	0.0235027
GC	0.0794737
GG	0.0526679
GT	0.0376225
TA	0.0265699
TC	0.141797
TG	0.0784029
TT	0.0746279
