kmer	count
sequence	0
AA	0.0476218
AC	0.0951005
AG	0.0836243
AT	0.0494534
CA	0.0318242
CC	0.105088
CG	0.0195181
CT	0.059842
GA	0.0255853
GC	0.0746952
GG	0.0568657
GT	0.039494
TA	0.0264438
TC	0.135911
TG	0.0768416
TT	0.0720909
