kmer	count
sequence	0
AA	0.0525449
AC	0.105411
AG	0.0791702
AT	0.0638152
CA	0.0360351
CC	0.0902267
CG	0.0079769
CT	0.0601369
GA	0.024444
GC	0.0616553
GG	0.0428999
GT	0.0413815
TA	0.0286356
TC	0.139093
TG	0.0822284
TT	0.0843456
