kmer	count
sequence	0
AA	0.0521613
AC	0.108179
AG	0.0815068
AT	0.0649916
CA	0.0340996
CC	0.0879601
CG	0.00822896
CT	0.0598557
GA	0.0215557
GC	0.0593211
GG	0.0427295
GT	0.0421185
TA	0.0298419
TC	0.139778
TG	0.0826905
TT	0.0849817
