kmer	count
sequence	0
AA	0.0515838
AC	0.11159
AG	0.0739078
AT	0.0640144
CA	0.0382075
CC	0.10006
CG	0.00849722
CT	0.0605915
GA	0.0257469
GC	0.065906
GG	0.0421708
GT	0.0421859
TA	0.0295902
TC	0.133689
TG	0.0784567
TT	0.0738027
