kmer	count
sequence	0
AA	0.0464573
AC	0.0949774
AG	0.0859005
AT	0.0464298
CA	0.0325393
CC	0.110711
CG	0.0184564
CT	0.0553141
GA	0.0245902
GC	0.0790516
GG	0.0567719
GT	0.0352624
TA	0.026268
TC	0.14138
TG	0.0796017
TT	0.0662889
