kmer	count
sequence	0
AA	0.051123
AC	0.105866
AG	0.0882258
AT	0.0575797
CA	0.035627
CC	0.0877646
CG	0.00996172
CT	0.0552737
GA	0.0234054
GC	0.0591708
GG	0.0457501
GT	0.0380713
TA	0.030992
TC	0.14041
TG	0.0898861
TT	0.0808929
