kmer	count
sequence	0
AA	0.0512446
AC	0.111428
AG	0.0813245
AT	0.0627996
CA	0.0340859
CC	0.0866968
CG	0.00905407
CT	0.0608776
GA	0.0219984
GC	0.0598356
GG	0.0411485
GT	0.0410328
TA	0.0295936
TC	0.142063
TG	0.0814403
TT	0.0853769
