kmer	count
sequence	0
AA	0.0557276
AC	0.10874
AG	0.0771456
AT	0.0654469
CA	0.0361113
CC	0.0873217
CG	0.00799371
CT	0.0592549
GA	0.0241588
GC	0.0613612
GG	0.0389535
GT	0.041212
TA	0.0318226
TC	0.140918
TG	0.0778815
TT	0.0859514
