kmer	count
sequence	0
AA	0.0530818
AC	0.108402
AG	0.0823207
AT	0.0617156
CA	0.0348349
CC	0.0880566
CG	0.00867375
CT	0.0576185
GA	0.0251019
GC	0.0598169
GG	0.0429691
GT	0.0393517
TA	0.0299185
TC	0.142877
TG	0.0842993
TT	0.0809617
