kmer	count
sequence	0
AA	0.0543812
AC	0.0966884
AG	0.0846785
AT	0.0535806
CA	0.0299129
CC	0.0994748
CG	0.0174225
CT	0.0517871
GA	0.0242762
GC	0.0695619
GG	0.0487125
GT	0.0382078
TA	0.0295606
TC	0.143319
TG	0.0802908
TT	0.078145
