kmer	count
sequence	0
AA	0.048519
AC	0.105206
AG	0.0634819
AT	0.0638499
CA	0.0429141
CC	0.0995646
CG	0.00808242
CT	0.0736248
GA	0.0346354
GC	0.0728154
GG	0.0450113
GT	0.0542589
TA	0.0275219
TC	0.117913
TG	0.0677255
TT	0.0748758
