kmer	count
sequence	0
AA	0.0247951
AC	0.0611292
AG	0.0474211
AT	0.0328995
CA	0.0928537
CC	0.125452
CG	0.0407026
CT	0.0381417
GA	0.0442878
GC	0.0579356
GG	0.0871596
GT	0.0253073
TA	0.0547421
TC	0.104814
TG	0.122921
TT	0.0394372
