kmer	count
sequence	0
AA	0.0485522
AC	0.100225
AG	0.0827758
AT	0.0507738
CA	0.0313779
CC	0.110185
CG	0.0183724
CT	0.0538692
GA	0.0236645
GC	0.0781578
GG	0.0514478
GT	0.0387419
TA	0.0265851
TC	0.13652
TG	0.0783325
TT	0.0704194
