kmer	count
sequence	0
AA	0.0509552
AC	0.0954947
AG	0.0710294
AT	0.0528372
CA	0.0388366
CC	0.103165
CG	0.0184773
CT	0.053379
GA	0.0279441
GC	0.0709438
GG	0.0498717
GT	0.035586
TA	0.0350727
TC	0.141403
TG	0.0787283
TT	0.076276
