kmer	count
sequence	0
AA	0.0527486
AC	0.107913
AG	0.0833509
AT	0.0607635
CA	0.0352616
CC	0.0913274
CG	0.00958718
CT	0.057849
GA	0.0230859
GC	0.0625467
GG	0.0452515
GT	0.0401703
TA	0.028704
TC	0.135908
TG	0.0870707
TT	0.0784614
