kmer	count
sequence	0
AA	0.0538333
AC	0.105833
AG	0.0833571
AT	0.061
CA	0.0369286
CC	0.0880952
CG	0.00928571
CT	0.0587381
GA	0.0243333
GC	0.0583095
GG	0.0438571
GT	0.0398333
TA	0.0294048
TC	0.137095
TG	0.0875476
TT	0.0825476
