kmer	count
sequence	0
AA	0.0539168
AC	0.109276
AG	0.0849209
AT	0.0597491
CA	0.0326705
CC	0.0896316
CG	0.00837993
CT	0.0535483
GA	0.0233292
GC	0.0626492
GG	0.0419638
GT	0.0397526
TA	0.028809
TC	0.141866
TG	0.084953
TT	0.0845844
