kmer	count
sequence	0
AA	0.0532458
AC	0.111763
AG	0.0761595
AT	0.063321
CA	0.0347957
CC	0.0878502
CG	0.00811971
CT	0.0601539
GA	0.0233389
GC	0.0606003
GG	0.0410024
GT	0.0403435
TA	0.0318624
TC	0.144965
TG	0.0793691
TT	0.0831101
