kmer	count
sequence	0
AA	0.0487916
AC	0.106652
AG	0.0783047
AT	0.0651061
CA	0.0380757
CC	0.0908193
CG	0.0084106
CT	0.0630795
GA	0.0248771
GC	0.0637382
GG	0.042585
GT	0.0451183
TA	0.0291078
TC	0.132391
TG	0.0802554
TT	0.0826873
