kmer	count
sequence	0
AA	0.0368078
AC	0.068863
AG	0.0545241
AT	0.0520568
CA	0.110545
CC	0.102293
CG	0.0166646
CT	0.0922825
GA	0.0382235
GC	0.0568297
GG	0.0536949
GT	0.039619
TA	0.0391538
TC	0.10017
TG	0.077256
TT	0.0610161
