kmer	count
sequence	0
AA	0.0467129
AC	0.111098
AG	0.0781191
AT	0.0655002
CA	0.0355857
CC	0.0991776
CG	0.00873515
CT	0.0631484
GA	0.0236655
GC	0.0682686
GG	0.0434876
GT	0.0455437
TA	0.0256276
TC	0.131578
TG	0.0784685
TT	0.0752836
