kmer	count
sequence	0
AA	0.0514175
AC	0.114066
AG	0.0725903
AT	0.0662214
CA	0.0375922
CC	0.093934
CG	0.00765825
CT	0.0602252
GA	0.0239379
GC	0.0659883
GG	0.0424388
GT	0.0438835
TA	0.0289553
TC	0.133468
TG	0.0771417
TT	0.0804816
