kmer	count
sequence	0
AA	0.0449713
AC	0.099364
AG	0.0842945
AT	0.0480089
CA	0.0303289
CC	0.110803
CG	0.0196023
CT	0.0551284
GA	0.0238977
GC	0.079738
GG	0.0538943
GT	0.0370212
TA	0.027315
TC	0.136528
TG	0.080711
TT	0.0683943
