kmer	count
sequence	0
AA	0.0506014
AC	0.101476
AG	0.0791689
AT	0.0524057
CA	0.029333
CC	0.102761
CG	0.0170038
CT	0.05462
GA	0.0225806
GC	0.0777747
GG	0.0479497
GT	0.0374248
TA	0.0279114
TC	0.144833
TG	0.0812739
TT	0.0728814
