kmer	count
sequence	0
AA	0.0462571
AC	0.0942763
AG	0.0796239
AT	0.0513391
CA	0.0287484
CC	0.10776
CG	0.0182506
CT	0.0561614
GA	0.0224052
GC	0.0813488
GG	0.0516544
GT	0.0380592
TA	0.0256696
TC	0.142907
TG	0.0805141
TT	0.0750241
