kmer	count
sequence	0
AA	0.0502306
AC	0.101969
AG	0.0809189
AT	0.0477767
CA	0.0314274
CC	0.105931
CG	0.0167632
CT	0.0517975
GA	0.0220258
GC	0.0703642
GG	0.0517088
GT	0.0366012
TA	0.0278796
TC	0.15217
TG	0.0792337
TT	0.0732025
