kmer	count
sequence	0
AA	0.0543545
AC	0.111014
AG	0.0780908
AT	0.059375
CA	0.0381318
CC	0.0891223
CG	0.00843579
CT	0.0576161
GA	0.0247439
GC	0.0625683
GG	0.0412739
GT	0.0389857
TA	0.0310792
TC	0.143323
TG	0.0807889
TT	0.0810963
