kmer	count
sequence	0
AA	0.0518206
AC	0.0947993
AG	0.0891658
AT	0.048351
CA	0.0330175
CC	0.0987166
CG	0.0187285
CT	0.0541337
GA	0.0240263
GC	0.0703626
GG	0.0532756
GT	0.0349948
TA	0.0294732
TC	0.140986
TG	0.08301
TT	0.075138
