kmer	count
sequence	0
AA	0.0504087
AC	0.102825
AG	0.0793452
AT	0.0524874
CA	0.0329759
CC	0.101998
CG	0.0165116
CT	0.0525818
GA	0.0234799
GC	0.0775263
GG	0.0477158
GT	0.0366136
TA	0.0290547
TC	0.145084
TG	0.0774319
TT	0.0739595
