kmer	count
sequence	0
AA	0.0532564
AC	0.110516
AG	0.0795797
AT	0.059486
CA	0.0348636
CC	0.0908549
CG	0.00855796
CT	0.056464
GA	0.0236769
GC	0.0648585
GG	0.0422066
GT	0.0397634
TA	0.0293895
TC	0.144421
TG	0.0814486
TT	0.0806578
