kmer	count
sequence	0
AA	0.0535592
AC	0.106472
AG	0.083431
AT	0.0614819
CA	0.0373095
CC	0.0883625
CG	0.00885242
CT	0.0578843
GA	0.0243138
GC	0.0613808
GG	0.0434941
GT	0.0423016
TA	0.0313473
TC	0.132301
TG	0.0849468
TT	0.0825619
