kmer	count
sequence	0
AA	0.0516128
AC	0.108778
AG	0.0860591
AT	0.0598278
CA	0.0338797
CC	0.0846427
CG	0.00921589
CT	0.0556164
GA	0.0222466
GC	0.0613197
GG	0.0433789
GT	0.0393375
TA	0.0297061
TC	0.142979
TG	0.087721
TT	0.0836796
