kmer	count
sequence	0
AA	0.0462809
AC	0.0998515
AG	0.0795173
AT	0.0504455
CA	0.0311448
CC	0.11099
CG	0.0171968
CT	0.0555693
GA	0.023552
GC	0.0799938
GG	0.0515903
GT	0.0364851
TA	0.0253032
TC	0.145093
TG	0.0765965
TT	0.0703899
