kmer	count
sequence	0
AA	0.0527204
AC	0.106427
AG	0.0814615
AT	0.0643195
CA	0.0355955
CC	0.0922451
CG	0.00834289
CT	0.0607782
GA	0.0237057
GC	0.0626258
GG	0.0430887
GT	0.0421193
TA	0.02853
TC	0.135448
TG	0.082602
TT	0.0799902
