kmer	count
sequence	0
AA	0.0465948
AC	0.0979272
AG	0.0779188
AT	0.0509095
CA	0.0330795
CC	0.109454
CG	0.0187394
CT	0.0521997
GA	0.0247885
GC	0.07739
GG	0.0513113
GT	0.0355753
TA	0.0292724
TC	0.147948
TG	0.0760998
TT	0.070791
