kmer	count
sequence	0
AA	0.0529075
AC	0.109442
AG	0.0743432
AT	0.0608071
CA	0.0357449
CC	0.0929958
CG	0.00857428
CT	0.0598653
GA	0.0237831
GC	0.0646585
GG	0.0398915
GT	0.0411987
TA	0.0289136
TC	0.145397
TG	0.0787288
TT	0.0827488
