kmer	count
sequence	0
AA	0.053615
AC	0.107182
AG	0.0769417
AT	0.0635742
CA	0.0367908
CC	0.0890522
CG	0.00829123
CT	0.0597065
GA	0.0245836
GC	0.0634291
GG	0.0412628
GT	0.0409969
TA	0.0314487
TC	0.138292
TG	0.0809543
TT	0.0838792
