kmer	count
sequence	0
AA	0.0559763
AC	0.111429
AG	0.0811344
AT	0.0607098
CA	0.0347863
CC	0.091669
CG	0.00890303
CT	0.0526326
GA	0.0238488
GC	0.0623817
GG	0.0440922
GT	0.0379084
TA	0.0296902
TC	0.13987
TG	0.0869154
TT	0.0780526
