kmer	count
sequence	0
AA	0.0537046
AC	0.108269
AG	0.0897608
AT	0.0610397
CA	0.0320389
CC	0.0805069
CG	0.00781484
CT	0.0541643
GA	0.0223652
GC	0.0624588
GG	0.0436312
GT	0.040853
TA	0.0285611
TC	0.145864
TG	0.084904
TT	0.0840645
