kmer	count
sequence	0
AA	0.0525143
AC	0.112713
AG	0.0757934
AT	0.0656543
CA	0.0340699
CC	0.0939196
CG	0.00782031
CT	0.0598951
GA	0.0245522
GC	0.065624
GG	0.0377527
GT	0.0423146
TA	0.0291292
TC	0.136431
TG	0.0789761
TT	0.0828408
