kmer	count
sequence	0
AA	0.0482247
AC	0.103864
AG	0.0862155
AT	0.0568087
CA	0.0353592
CC	0.0902256
CG	0.0101921
CT	0.0647243
GA	0.0245196
GC	0.0654762
GG	0.049812
GT	0.0430242
TA	0.0276734
TC	0.128843
TG	0.0888262
TT	0.0762114
