kmer	count
sequence	0
AA	0.0511439
AC	0.102954
AG	0.079659
AT	0.054337
CA	0.0312639
CC	0.105287
CG	0.017159
CT	0.0548923
GA	0.0237672
GC	0.074689
GG	0.0473401
GT	0.037761
TA	0.0272379
TC	0.141909
TG	0.0750222
TT	0.0755775
