kmer	count
sequence	0
AA	0.0547686
AC	0.107168
AG	0.0848554
AT	0.0609457
CA	0.0355184
CC	0.0844028
CG	0.00862666
CT	0.0576708
GA	0.0206614
GC	0.060573
GG	0.0408169
GT	0.0388466
TA	0.0302998
TC	0.147851
TG	0.0821396
TT	0.0848554
