kmer	count
sequence	0
AA	0.0488346
AC	0.10454
AG	0.0767401
AT	0.0512129
CA	0.0289097
CC	0.108213
CG	0.0155911
CT	0.050658
GA	0.0199514
GC	0.0773743
GG	0.04532
GT	0.0372338
TA	0.0288833
TC	0.155621
TG	0.0728291
TT	0.0780878
