kmer	count
sequence	0
AA	0.0399917
AC	0.0778744
AG	0.05827
AT	0.0445772
CA	0.0779542
CC	0.101393
CG	0.0155301
CT	0.0559213
GA	0.0446092
GC	0.062472
GG	0.0658912
GT	0.0386176
TA	0.0428357
TC	0.11908
TG	0.0949223
TT	0.0600594
