kmer	count
sequence	0
AA	0.0547752
AC	0.102527
AG	0.0788163
AT	0.0676211
CA	0.0387778
CC	0.0862597
CG	0.00927427
CT	0.0656102
GA	0.0254217
GC	0.0603278
GG	0.0409388
GT	0.0448106
TA	0.0306741
TC	0.13134
TG	0.076025
TT	0.0867999
