kmer	count
sequence	0
AA	0.0504364
AC	0.108555
AG	0.0873455
AT	0.0593033
CA	0.0345195
CC	0.0861013
CG	0.00874837
CT	0.0554919
GA	0.0225127
GC	0.0612386
GG	0.0465263
GT	0.040207
TA	0.0270153
TC	0.139717
TG	0.0926972
TT	0.0795845
