kmer	count
sequence	0
AA	0.0551581
AC	0.108483
AG	0.0736037
AT	0.066069
CA	0.0351026
CC	0.0890086
CG	0.00702052
CT	0.0603676
GA	0.024706
GC	0.0637884
GG	0.0384117
GT	0.0429728
TA	0.0316371
TC	0.138465
TG	0.079171
TT	0.086035
