kmer	count
sequence	0
AA	0.0577596
AC	0.0998171
AG	0.0729051
AT	0.0544999
CA	0.0337892
CC	0.103435
CG	0.0156623
CT	0.0478613
GA	0.0273891
GC	0.0785498
GG	0.0479806
GT	0.0339084
TA	0.0330736
TC	0.149428
TG	0.0717523
TT	0.0721895
