kmer	count
sequence	0
AA	0.0492909
AC	0.10251
AG	0.0839127
AT	0.0540184
CA	0.0301377
CC	0.101293
CG	0.0165462
CT	0.0531841
GA	0.0226641
GC	0.0696955
GG	0.0477266
GT	0.0367422
TA	0.0295467
TC	0.142589
TG	0.0807147
TT	0.0794285
