kmer	count
sequence	0
AA	0.0475127
AC	0.100534
AG	0.0723853
AT	0.0551322
CA	0.0310847
CC	0.113346
CG	0.0160398
CT	0.0609075
GA	0.0234166
GC	0.0801262
GG	0.0487018
GT	0.0411793
TA	0.0252851
TC	0.139893
TG	0.0713176
TT	0.0731376
