kmer	count
sequence	0
AA	0.0520134
AC	0.0954201
AG	0.081003
AT	0.0521688
CA	0.0372856
CC	0.0990554
CG	0.0191399
CT	0.0553381
GA	0.0265349
GC	0.0687609
GG	0.0521688
GT	0.0358563
TA	0.0304188
TC	0.13516
TG	0.0843898
TT	0.0752859
