kmer	count
sequence	0
AA	0.0504907
AC	0.098542
AG	0.0818063
AT	0.0502638
CA	0.0307766
CC	0.100187
CG	0.0177001
CT	0.0515119
GA	0.0226074
GC	0.072162
GG	0.0519657
GT	0.0348046
TA	0.0287343
TC	0.151671
TG	0.0829977
TT	0.0737789
