kmer	count
sequence	0
AA	0.0485033
AC	0.098164
AG	0.0819612
AT	0.0469251
CA	0.0352728
CC	0.105476
CG	0.0194645
CT	0.0469251
GA	0.024804
GC	0.0734126
GG	0.0546846
GT	0.0346415
TA	0.0283024
TC	0.146851
TG	0.0850124
TT	0.0695986
