kmer	count
sequence	0
AA	0.0452457
AC	0.101275
AG	0.0756986
AT	0.0520443
CA	0.028343
CC	0.113208
CG	0.0164104
CT	0.0587725
GA	0.0229745
GC	0.0828254
GG	0.0515051
GT	0.040557
TA	0.0255064
TC	0.141645
TG	0.0730261
TT	0.0709631
