kmer	count
sequence	0
AA	0.0512857
AC	0.109925
AG	0.0818229
AT	0.0581237
CA	0.0373753
CC	0.0867172
CG	0.00901597
CT	0.0537446
GA	0.0238631
GC	0.0616599
GG	0.0436748
GT	0.039319
TA	0.0312163
TC	0.145473
TG	0.0868812
TT	0.0799026
