kmer	count
sequence	0
AA	0.0497764
AC	0.0975598
AG	0.0832442
AT	0.0497521
CA	0.0305269
CC	0.106626
CG	0.017621
CT	0.0533249
GA	0.0229195
GC	0.076852
GG	0.0522069
GT	0.0372351
TA	0.028777
TC	0.144322
TG	0.0763659
TT	0.0728903
