kmer	count
sequence	0
AA	0.0563653
AC	0.105367
AG	0.0831843
AT	0.0643656
CA	0.0355465
CC	0.0814267
CG	0.00781842
CT	0.0597897
GA	0.0248795
GC	0.0588503
GG	0.0414255
GT	0.0427589
TA	0.0337586
TC	0.135762
TG	0.0846389
TT	0.0840632
