kmer	count
sequence	0
AA	0.0390003
AC	0.0897181
AG	0.0680777
AT	0.0479505
CA	0.0530742
CC	0.121887
CG	0.0242131
CT	0.059041
GA	0.0309798
GC	0.0794492
GG	0.0588032
GT	0.0399732
TA	0.0301799
TC	0.123919
TG	0.0752335
TT	0.0585005
