kmer	count
sequence	0
AA	0.0520982
AC	0.105399
AG	0.0891043
AT	0.0564172
CA	0.0352393
CC	0.0872025
CG	0.00932515
CT	0.0548712
GA	0.0238037
GC	0.0610552
GG	0.0444294
GT	0.0388589
TA	0.0299755
TC	0.14146
TG	0.0910184
TT	0.0797423
