kmer	count
sequence	0
AA	0.0532682
AC	0.103501
AG	0.0847168
AT	0.0612371
CA	0.0349587
CC	0.0853097
CG	0.00913101
CT	0.0572526
GA	0.0230054
GC	0.0574424
GG	0.0452756
GT	0.0406034
TA	0.029575
TC	0.143653
TG	0.0872782
TT	0.0837919
