kmer	count
sequence	0
AA	0.050828
AC	0.113193
AG	0.0753077
AT	0.0655193
CA	0.0341825
CC	0.0985874
CG	0.00776563
CT	0.0632736
GA	0.0235883
GC	0.0663421
GG	0.0418967
GT	0.0465595
TA	0.026074
TC	0.134793
TG	0.0756848
TT	0.0764048
