kmer	count
sequence	0
AA	0.0505691
AC	0.090813
AG	0.0774797
AT	0.0534146
CA	0.033252
CC	0.101951
CG	0.0200813
CT	0.0552846
GA	0.0247154
GC	0.0762602
GG	0.056748
GT	0.0379675
TA	0.0331707
TC	0.130732
TG	0.078374
TT	0.079187
