kmer	count
sequence	0
AA	0.0494419
AC	0.0977746
AG	0.0833501
AT	0.0508238
CA	0.0298039
CC	0.103196
CG	0.0175146
CT	0.0530243
GA	0.0228526
GC	0.0755626
GG	0.0515712
GT	0.0367908
TA	0.0275382
TC	0.144725
TG	0.0802126
TT	0.0758176
