kmer	count
sequence	0
AA	0.0456186
AC	0.0925657
AG	0.081537
AT	0.0503309
CA	0.0335121
CC	0.108833
CG	0.0210547
CT	0.0592039
GA	0.0245889
GC	0.0793313
GG	0.0593293
GT	0.0393273
TA	0.0250401
TC	0.134725
TG	0.0741929
TT	0.0708091
