kmer	count
sequence	0
AA	0.0490427
AC	0.0961992
AG	0.077761
AT	0.0512591
CA	0.0328209
CC	0.100962
CG	0.0190984
CT	0.0570122
GA	0.0208903
GC	0.070829
GG	0.0545129
GT	0.0385268
TA	0.0300858
TC	0.14378
TG	0.0776195
TT	0.0796001
