kmer	count
sequence	0
AA	0.0471177
AC	0.102404
AG	0.082122
AT	0.0533296
CA	0.0299416
CC	0.106566
CG	0.0170829
CT	0.0541682
GA	0.023885
GC	0.0739533
GG	0.053516
GT	0.0376134
TA	0.0286682
TC	0.134085
TG	0.0818735
TT	0.0736737
