kmer	count
sequence	0
AA	0.0500344
AC	0.0943037
AG	0.0876131
AT	0.0488972
CA	0.0301476
CC	0.10147
CG	0.0193844
CT	0.052864
GA	0.0225049
GC	0.0743111
GG	0.055059
GT	0.0350664
TA	0.0293278
TC	0.141641
TG	0.0848099
TT	0.0725657
