kmer	count
sequence	0
AA	0.0481229
AC	0.0985107
AG	0.070121
AT	0.0527459
CA	0.0365498
CC	0.113031
CG	0.0198573
CT	0.0512566
GA	0.0267763
GC	0.0723239
GG	0.052839
GT	0.0361775
TA	0.0291343
TC	0.141235
TG	0.0795532
TT	0.0717654
