kmer	count
sequence	0
AA	0.0507532
AC	0.106068
AG	0.084762
AT	0.0623362
CA	0.0335487
CC	0.0861624
CG	0.00850221
CT	0.0594555
GA	0.0218257
GC	0.0587153
GG	0.0437914
GT	0.0398104
TA	0.0292476
TC	0.139696
TG	0.0882229
TT	0.0871026
