kmer	count
sequence	0
AA	0.0524383
AC	0.109386
AG	0.0795665
AT	0.0600931
CA	0.0362559
CC	0.0896942
CG	0.00896396
CT	0.0602749
GA	0.0237645
GC	0.063475
GG	0.0415651
GT	0.0418742
TA	0.0297465
TC	0.140369
TG	0.0812211
TT	0.081312
