kmer	count
sequence	0
AA	0.0551038
AC	0.102159
AG	0.0806779
AT	0.0638666
CA	0.0402428
CC	0.0849083
CG	0.00901
CT	0.0613394
GA	0.0263707
GC	0.0591693
GG	0.0424129
GT	0.0408197
TA	0.0333755
TC	0.131524
TG	0.0843589
TT	0.084661
