kmer	count
sequence	0
AA	0.0479813
AC	0.111778
AG	0.0633893
AT	0.0656395
CA	0.0388951
CC	0.0967555
CG	0.00698611
CT	0.0550531
GA	0.0250086
GC	0.0637108
GG	0.0418095
GT	0.0408666
TA	0.0321876
TC	0.142444
TG	0.0861478
TT	0.0813475
