kmer	count
sequence	0
AA	0.0501493
AC	0.112662
AG	0.081087
AT	0.0611587
CA	0.0358352
CC	0.0934899
CG	0.00806291
CT	0.05652
GA	0.0235915
GC	0.0627713
GG	0.0424448
GT	0.0411905
TA	0.0298029
TC	0.139677
TG	0.0803504
TT	0.0812065
