kmer	count
sequence	0
AA	0.0473108
AC	0.0943547
AG	0.0802749
AT	0.0516816
CA	0.0324636
CC	0.102062
CG	0.017483
CT	0.0566529
GA	0.024623
GC	0.0747698
GG	0.0509809
GT	0.0383024
TA	0.0289937
TC	0.143067
TG	0.0769385
TT	0.0800414
