kmer	count
sequence	0
AA	0.0248626
AC	0.0963054
AG	0.0647222
AT	0.0547904
CA	0.0369132
CC	0.0946832
CG	0.0122823
CT	0.0480368
GA	0.0257896
GC	0.0707144
GG	0.0654506
GT	0.044958
TA	0.029663
TC	0.120969
TG	0.147024
TT	0.0628352
