kmer	count
sequence	0
AA	0.052281
AC	0.1103
AG	0.0770177
AT	0.0634094
CA	0.0380989
CC	0.0872648
CG	0.00764438
CT	0.0590851
GA	0.02363
GC	0.0602123
GG	0.0403738
GT	0.0407222
TA	0.0315613
TC	0.13973
TG	0.0832274
TT	0.0854408
