kmer	count
sequence	0
AA	0.0485733
AC	0.0891375
AG	0.0815175
AT	0.0564851
CA	0.0341115
CC	0.102724
CG	0.0196174
CT	0.0558042
GA	0.0251297
GC	0.0757458
GG	0.0551556
GT	0.0373865
TA	0.0256485
TC	0.136154
TG	0.0801881
TT	0.0766213
