kmer	count
sequence	0
AA	0.0461067
AC	0.0967963
AG	0.0782294
AT	0.0471132
CA	0.0340929
CC	0.111251
CG	0.0197661
CT	0.0551653
GA	0.0247559
GC	0.0797499
GG	0.0555936
GT	0.0374764
TA	0.0272186
TC	0.13922
TG	0.0773085
TT	0.0701559
