kmer	count
sequence	0
AA	0.0537275
AC	0.108054
AG	0.0874062
AT	0.0589282
CA	0.0371008
CC	0.0852409
CG	0.00960869
CT	0.0542108
GA	0.0232387
GC	0.0610742
GG	0.0449501
GT	0.0393241
TA	0.0315328
TC	0.139142
TG	0.0865362
TT	0.0799242
