kmer	count
sequence	0
AA	0.0531997
AC	0.108364
AG	0.0814479
AT	0.0621415
CA	0.0384772
CC	0.0859414
CG	0.00941607
CT	0.0578738
GA	0.0242966
GC	0.0620964
GG	0.0457481
GT	0.041932
TA	0.0303708
TC	0.134286
TG	0.0830511
TT	0.0813575
