kmer	count
sequence	0
AA	0.0493571
AC	0.114537
AG	0.0784512
AT	0.0595301
CA	0.0343793
CC	0.0982338
CG	0.00806879
CT	0.0577407
GA	0.0230632
GC	0.068941
GG	0.0421002
GT	0.0421996
TA	0.0267082
TC	0.14277
TG	0.0784015
TT	0.0755186
