kmer	count
sequence	0
AA	0.0550603
AC	0.105104
AG	0.0818182
AT	0.0613416
CA	0.0361724
CC	0.0868932
CG	0.0080759
CT	0.0576787
GA	0.024316
GC	0.0619888
GG	0.0433804
GT	0.0408355
TA	0.0309356
TC	0.136555
TG	0.0837158
TT	0.0861283
