kmer	count
sequence	0
AA	0.0323113
AC	0.0944601
AG	0.0525592
AT	0.055827
CA	0.0359761
CC	0.11538
CG	0.0165832
CT	0.061141
GA	0.0254398
GC	0.0805949
GG	0.0486807
GT	0.0399768
TA	0.0287075
TC	0.150776
TG	0.079923
TT	0.0816638
