kmer	count
sequence	0
AA	0.0530308
AC	0.0992033
AG	0.0695532
AT	0.0536197
CA	0.0374091
CC	0.105577
CG	0.0168687
CT	0.0497749
GA	0.024593
GC	0.0771735
GG	0.048424
GT	0.0369588
TA	0.0338414
TC	0.147558
TG	0.0744371
TT	0.0719778
