kmer	count
sequence	0
AA	0.0519672
AC	0.111237
AG	0.0749332
AT	0.0620105
CA	0.0396895
CC	0.0943748
CG	0.00909887
CT	0.0576799
GA	0.0240717
GC	0.0619644
GG	0.0437437
GT	0.0414402
TA	0.0304063
TC	0.140053
TG	0.0804386
TT	0.0768912
