kmer	count
sequence	0
AA	0.053035
AC	0.109983
AG	0.080483
AT	0.0562297
CA	0.0388054
CC	0.0874146
CG	0.00908585
CT	0.0557461
GA	0.0256748
GC	0.0624286
GG	0.0427328
GT	0.037208
TA	0.0317858
TC	0.145564
TG	0.0862569
TT	0.0775668
