kmer	count
sequence	0
AA	0.0491681
AC	0.100819
AG	0.082518
AT	0.0484231
CA	0.0301465
CC	0.106978
CG	0.0174075
CT	0.0524957
GA	0.020735
GC	0.0772287
GG	0.0504594
GT	0.0348895
TA	0.027266
TC	0.150062
TG	0.077179
TT	0.074224
