kmer	count
sequence	0
AA	0.0503607
AC	0.0940727
AG	0.0811289
AT	0.0513156
CA	0.0329608
CC	0.0959471
CG	0.0171877
CT	0.0511741
GA	0.0225987
GC	0.0697058
GG	0.0534729
GT	0.0381242
TA	0.0308389
TC	0.149561
TG	0.0838874
TT	0.077663
