kmer	count
sequence	0
AA	0.0544558
AC	0.1122
AG	0.0830812
AT	0.0598487
CA	0.0321605
CC	0.0899868
CG	0.00874712
CT	0.0554916
GA	0.0235449
GC	0.0635975
GG	0.0448701
GT	0.0402335
TA	0.0284775
TC	0.141039
TG	0.0836896
TT	0.0785761
