kmer	count
sequence	0
AA	0.0518712
AC	0.109719
AG	0.0868009
AT	0.0592378
CA	0.0323981
CC	0.0908364
CG	0.00854685
CT	0.0567823
GA	0.0222332
GC	0.063083
GG	0.0422583
GT	0.0408878
TA	0.0273727
TC	0.141565
TG	0.0847832
TT	0.0816233
