kmer	count
sequence	0
AA	0.0544983
AC	0.104573
AG	0.0809721
AT	0.0631651
CA	0.0381439
CC	0.084873
CG	0.00842201
CT	0.0575994
GA	0.0232911
GC	0.0599334
GG	0.0404289
GT	0.0418979
TA	0.0326271
TC	0.139796
TG	0.0839427
TT	0.085836
