kmer	count
sequence	0
AA	0.0485658
AC	0.0961946
AG	0.0830346
AT	0.0515401
CA	0.033939
CC	0.100106
CG	0.016664
CT	0.0596887
GA	0.0215939
GC	0.0700375
GG	0.0514586
GT	0.0391949
TA	0.0292943
TC	0.142438
TG	0.0786343
TT	0.0776157
