kmer	count
sequence	0
AA	0.051805
AC	0.0988042
AG	0.0801105
AT	0.0543404
CA	0.0314085
CC	0.0991448
CG	0.0169908
CT	0.0524483
GA	0.0238023
GC	0.069969
GG	0.0496481
GT	0.035344
TA	0.0280027
TC	0.146409
TG	0.0806024
TT	0.0811701
