kmer	count
AA	0.806176
AC	1.96654
AG	1.09378
AT	1.2238
CA	0.487864
CC	1.1601
CG	0.468554
CT	0.729678
GA	0.422079
GC	1.02161
GG	0.590637
GT	0.739445
TA	0.81936
TC	2.28497
TG	1.1432
TT	1.1683
