kmer	count
AA	0.701327
AC	2.08074
AG	1.02483
AT	1.19068
CA	0.482448
CC	1.2511
CG	0.472062
CT	0.73877
GA	0.387455
GC	1.0955
GG	0.578075
GT	0.745956
TA	0.730206
TC	2.34001
TG	1.04723
TT	1.09546
