kmer	count
AA	0.722536
AC	2.0717
AG	1.06132
AT	1.26069
CA	0.464771
CC	1.23815
CG	0.496612
CT	0.746551
GA	0.38944
GC	1.06663
GG	0.584612
GT	0.766874
TA	0.747291
TC	2.20455
TG	1.06555
TT	1.09601
