kmer	count
AA	0.660974
AC	1.79638
AG	0.917006
AT	1.01746
CA	0.721113
CC	1.25447
CG	0.658289
CT	0.786977
GA	0.526859
GC	1.0859
GG	0.662099
GT	0.730117
TA	0.905751
TC	2.19397
TG	1.13444
TT	1.01017
