kmer	count
AA	0.712697
AC	2.02002
AG	1.12805
AT	1.16096
CA	0.445975
CC	1.19487
CG	0.495706
CT	0.715461
GA	0.371721
GC	1.05834
GG	0.598357
GT	0.743781
TA	0.74287
TC	2.33145
TG	1.13147
TT	1.08721
