kmer	count
AA	0.720904
AC	1.99891
AG	1.10909
AT	1.22782
CA	0.456853
CC	1.19073
CG	0.52519
CT	0.774426
GA	0.377327
GC	1.00956
GG	0.584725
GT	0.782948
TA	0.720171
TC	2.20965
TG	1.11817
TT	1.14091
