kmer	count
AA	0.688998
AC	2.00785
AG	1.05505
AT	1.19499
CA	0.468169
CC	1.20483
CG	0.531873
CT	0.713567
GA	0.368709
GC	1.06457
GG	0.613314
GT	0.768175
TA	0.75751
TC	2.37668
TG	1.15665
TT	1.14239
