kmer	count
AA	0.71894
AC	2.13184
AG	1.01963
AT	1.21932
CA	0.468139
CC	1.27065
CG	0.485038
CT	0.737521
GA	0.399898
GC	1.12259
GG	0.556856
GT	0.743943
TA	0.714988
TC	2.32669
TG	1.02067
TT	1.05897
