kmer	count
AA	0.729413
AC	2.01216
AG	1.031
AT	1.2129
CA	0.436444
CC	1.23262
CG	0.425798
CT	0.727516
GA	0.371835
GC	1.0739
GG	0.57212
GT	0.793918
TA	0.767381
TC	2.41906
TG	1.11224
TT	1.18158
