kmer	count
AA	0.711846
AC	1.99261
AG	0.995041
AT	1.42191
CA	0.480208
CC	1.27242
CG	0.461938
CT	0.834292
GA	0.37725
GC	1.10367
GG	0.585644
GT	0.860815
TA	0.682547
TC	2.05999
TG	0.983666
TT	1.1458
