kmer	count
AA	0.730154
AC	2.05978
AG	1.05577
AT	1.17124
CA	0.516835
CC	1.23966
CG	0.519091
CT	0.713607
GA	0.385356
GC	1.04817
GG	0.575162
GT	0.767228
TA	0.768655
TC	2.29677
TG	1.0967
TT	1.04096
