kmer	count
AA	0.800563
AC	1.72867
AG	1.32368
AT	0.736653
CA	0.604336
CC	1.23148
CG	0.772606
CT	0.572478
GA	0.429842
GC	0.860588
GG	0.756455
GT	0.457033
TA	1.03152
TC	2.25418
TG	1.52465
TT	0.808775
