kmer	count
AA	0.735016
AC	2.1451
AG	1.04477
AT	1.14616
CA	0.438655
CC	1.25828
CG	0.432848
CT	0.702885
GA	0.368899
GC	1.12893
GG	0.535951
GT	0.740955
TA	0.744699
TC	2.49728
TG	1.0718
TT	1.10291
