kmer	count
AA	0.746392
AC	2.05052
AG	1.06043
AT	1.17989
CA	0.474566
CC	1.16922
CG	0.462584
CT	0.707217
GA	0.376172
GC	1.0725
GG	0.596441
GT	0.72823
TA	0.757249
TC	2.35489
TG	1.07091
TT	1.13808
