kmer	count
AA	0.735724
AC	2.00238
AG	1.07898
AT	1.21813
CA	0.475814
CC	1.2301
CG	0.4952
CT	0.696472
GA	0.386672
GC	1.06721
GG	0.604017
GT	0.741943
TA	0.752711
TC	2.25587
TG	1.1076
TT	1.10229
