kmer	count
AA	0.723959
AC	1.96743
AG	1.12162
AT	1.22596
CA	0.449341
CC	1.12157
CG	0.492517
CT	0.744292
GA	0.383182
GC	0.995987
GG	0.578724
GT	0.751556
TA	0.800533
TC	2.31881
TG	1.13041
TT	1.15198
