kmer	count
AA	0.737468
AC	2.02203
AG	1.04726
AT	1.1133
CA	0.459905
CC	1.21841
CG	0.469122
CT	0.688321
GA	0.387144
GC	1.06688
GG	0.577461
GT	0.710495
TA	0.813436
TC	2.53033
TG	1.14188
TT	1.11424
