kmer	count
AA	0.815152
AC	2.08996
AG	1.08081
AT	1.1647
CA	0.446252
CC	1.13544
CG	0.429817
CT	0.682102
GA	0.377172
GC	1.01629
GG	0.560239
GT	0.771305
TA	0.83259
TC	2.42175
TG	1.17071
TT	1.17729
