kmer	count
AA	0.69581
AC	1.98818
AG	1.12725
AT	1.13683
CA	0.435377
CC	1.12955
CG	0.53017
CT	0.751083
GA	0.376164
GC	1.01546
GG	0.617488
GT	0.73234
TA	0.838378
TC	2.36394
TG	1.22185
TT	1.16936
