kmer	count
AA	0.697061
AC	1.98957
AG	1.03652
AT	1.2724
CA	0.467889
CC	1.20235
CG	0.490915
CT	0.730486
GA	0.370841
GC	1.04297
GG	0.581025
GT	0.784148
TA	0.810154
TC	2.28129
TG	1.09938
TT	1.14114
