kmer	count
AA	0.68259
AC	1.94732
AG	1.13472
AT	1.18497
CA	0.480835
CC	1.14178
CG	0.569696
CT	0.754967
GA	0.374331
GC	0.990637
GG	0.638753
GT	0.7585
TA	0.734154
TC	2.29074
TG	1.16216
TT	1.10972
