kmer	count
AA	0.685637
AC	2.09234
AG	1.06719
AT	1.21385
CA	0.456755
CC	1.2356
CG	0.477537
CT	0.734911
GA	0.388688
GC	1.09426
GG	0.584674
GT	0.776542
TA	0.729185
TC	2.32471
TG	1.04706
TT	1.07212
