kmer	count
AA	0.703307
AC	2.00055
AG	1.02794
AT	1.33681
CA	0.463678
CC	1.2118
CG	0.480146
CT	0.806459
GA	0.385172
GC	1.02454
GG	0.578001
GT	0.800103
TA	0.756993
TC	2.15905
TG	1.06782
TT	1.16963
