kmer	count
AA	0.749498
AC	2.074
AG	1.1332
AT	1.23255
CA	0.46012
CC	1.1239
CG	0.482774
CT	0.686497
GA	0.372692
GC	1.00955
GG	0.55553
GT	0.749863
TA	0.791992
TC	2.42764
TG	1.14316
TT	1.1951
