kmer	count
AA	0.653126
AC	1.90756
AG	1.08253
AT	1.10475
CA	0.448535
CC	1.21572
CG	0.568624
CT	0.834868
GA	0.405726
GC	1.11767
GG	0.684602
GT	0.821854
TA	0.712276
TC	2.22739
TG	1.14828
TT	1.0697
