kmer	count
AA	0.734198
AC	2.02739
AG	1.05672
AT	1.29838
CA	0.510026
CC	1.18245
CG	0.502671
CT	0.778621
GA	0.397243
GC	1.03281
GG	0.599858
GT	0.747857
TA	0.783389
TC	2.11891
TG	1.07656
TT	1.12729
