kmer	count
AA	0.754638
AC	1.96463
AG	1.06173
AT	1.24452
CA	0.472091
CC	1.13726
CG	0.497647
CT	0.818001
GA	0.393447
GC	1.04626
GG	0.573732
GT	0.772166
TA	0.755869
TC	2.2209
TG	1.05588
TT	1.18286
