kmer	count
AA	0.742571
AC	2.11241
AG	0.939342
AT	1.24265
CA	0.500542
CC	1.24801
CG	0.41137
CT	0.709012
GA	0.397714
GC	1.08166
GG	0.521855
GT	0.753479
TA	0.815074
TC	2.37879
TG	1.01676
TT	1.12385
