kmer	count
AA	0.706339
AC	2.04126
AG	1.04303
AT	1.20406
CA	0.456694
CC	1.27011
CG	0.476918
CT	0.724676
GA	0.385835
GC	1.09905
GG	0.557471
GT	0.79467
TA	0.716825
TC	2.42077
TG	1.06366
TT	1.1311
