kmer	count
AA	0.771619
AC	2.03417
AG	1.00395
AT	1.26726
CA	0.504229
CC	1.17415
CG	0.490592
CT	0.750333
GA	0.38339
GC	1.00026
GG	0.578312
GT	0.778431
TA	0.799462
TC	2.22529
TG	1.08976
TT	1.13475
