kmer	count
AA	0.688497
AC	2.00878
AG	1.02447
AT	1.36944
CA	0.478189
CC	1.2195
CG	0.456245
CT	0.820954
GA	0.390749
GC	1.04828
GG	0.588975
GT	0.843752
TA	0.727587
TC	2.08855
TG	1.04211
TT	1.16356
