kmer	count
AA	0.825458
AC	1.99229
AG	1.07127
AT	1.22959
CA	0.485244
CC	1.14353
CG	0.442829
CT	0.701621
GA	0.396722
GC	0.989964
GG	0.587692
GT	0.722412
TA	0.825734
TC	2.3675
TG	1.17322
TT	1.18743
