kmer	count
AA	0.740277
AC	1.98676
AG	1.10281
AT	1.25387
CA	0.487535
CC	1.1382
CG	0.494788
CT	0.778362
GA	0.38524
GC	0.998277
GG	0.594547
GT	0.765262
TA	0.773423
TC	2.20283
TG	1.1331
TT	1.10809
