kmer	count
AA	0.71819
AC	2.06189
AG	1.01748
AT	1.24513
CA	0.47239
CC	1.19921
CG	0.528944
CT	0.742924
GA	0.383955
GC	1.03394
GG	0.561978
GT	0.784073
TA	0.802497
TC	2.29273
TG	1.04758
TT	1.14781
