kmer	count
AA	0.661345
AC	2.00343
AG	1.16898
AT	1.04942
CA	0.412782
CC	1.2386
CG	0.533019
CT	0.700252
GA	0.363546
GC	1.12483
GG	0.644444
GT	0.723811
TA	0.665708
TC	2.37918
TG	1.22388
TT	1.07098
