kmer	count
AA	0.739199
AC	2.02943
AG	1.07298
AT	1.21681
CA	0.45777
CC	1.19375
CG	0.488066
CT	0.709349
GA	0.381133
GC	1.06348
GG	0.598258
GT	0.78577
TA	0.747185
TC	2.27571
TG	1.10642
TT	1.09973
