kmer	count
AA	0.746761
AC	2.00195
AG	1.12189
AT	1.14089
CA	0.471071
CC	1.17482
CG	0.518558
CT	0.745858
GA	0.395941
GC	1.01757
GG	0.621143
GT	0.72004
TA	0.735929
TC	2.34734
TG	1.19359
TT	1.10914
