kmer	count
AA	0.761723
AC	1.98081
AG	1.04337
AT	1.19623
CA	0.47111
CC	1.13119
CG	0.51135
CT	0.765067
GA	0.345697
GC	0.981548
GG	0.617836
GT	0.800345
TA	0.839187
TC	2.36427
TG	1.12765
TT	1.23554
