kmer	count
AA	0.718827
AC	2.05601
AG	1.06693
AT	1.17725
CA	0.447051
CC	1.24355
CG	0.460436
CT	0.745705
GA	0.389743
GC	1.10855
GG	0.584712
GT	0.757931
TA	0.705785
TC	2.38586
TG	1.11278
TT	1.09258
