kmer	count
AA	0.763069
AC	1.86294
AG	1.04171
AT	1.24373
CA	0.521428
CC	1.12463
CG	0.532931
CT	0.73534
GA	0.456502
GC	1.02149
GG	0.635372
GT	0.851091
TA	0.917073
TC	2.16253
TG	1.14229
TT	1.19077
