kmer	count
AA	0.759028
AC	2.07322
AG	1.01301
AT	1.12028
CA	0.468493
CC	1.21134
CG	0.448813
CT	0.678407
GA	0.378297
GC	1.10833
GG	0.550354
GT	0.707964
TA	0.851638
TC	2.52306
TG	1.11552
TT	1.12749
