kmer	count
AA	0.841614
AC	1.929
AG	1.16041
AT	1.16238
CA	0.469653
CC	1.08488
CG	0.469713
CT	0.740201
GA	0.449686
GC	0.998074
GG	0.630307
GT	0.770645
TA	0.843903
TC	2.18357
TG	1.22958
TT	1.14861
