kmer	count
AA	0.740797
AC	1.96861
AG	1.10523
AT	1.09435
CA	0.460989
CC	1.16832
CG	0.48735
CT	0.690136
GA	0.374216
GC	1.00555
GG	0.603507
GT	0.716513
TA	0.914741
TC	2.47766
TG	1.17741
TT	1.14832
