kmer	count
AA	0.733692
AC	1.98032
AG	1.13746
AT	1.10735
CA	0.451019
CC	1.19764
CG	0.535996
CT	0.691243
GA	0.363702
GC	1.06847
GG	0.581671
GT	0.660582
TA	0.779638
TC	2.48246
TG	1.19968
TT	1.09928
