kmer	count
AA	0.759042
AC	2.08998
AG	1.03022
AT	1.1749
CA	0.441238
CC	1.22881
CG	0.429943
CT	0.707525
GA	0.371967
GC	1.0967
GG	0.553136
GT	0.750875
TA	0.773169
TC	2.48202
TG	1.09252
TT	1.1312
