kmer	count
AA	0.76377
AC	2.05244
AG	1.16426
AT	1.19411
CA	0.444274
CC	1.13427
CG	0.498865
CT	0.697961
GA	0.355275
GC	1.05123
GG	0.607155
GT	0.733233
TA	0.805584
TC	2.29343
TG	1.19785
TT	1.13897
