kmer	count
AA	0.73842
AC	1.9549
AG	1.14931
AT	1.2081
CA	0.415889
CC	1.10431
CG	0.458685
CT	0.702404
GA	0.386712
GC	1.05518
GG	0.592261
GT	0.808497
TA	0.765677
TC	2.44221
TG	1.16924
TT	1.17875
