kmer	count
AA	0.766833
AC	2.01612
AG	1.06771
AT	1.21471
CA	0.472911
CC	1.16566
CG	0.503827
CT	0.791791
GA	0.411673
GC	0.968389
GG	0.590293
GT	0.810967
TA	0.765962
TC	2.27455
TG	1.13474
TT	1.18763
