kmer	count
AA	0.746576
AC	1.97579
AG	1.13598
AT	1.20081
CA	0.471516
CC	1.17775
CG	0.463122
CT	0.734921
GA	0.405572
GC	1.06408
GG	0.621864
GT	0.74904
TA	0.76093
TC	2.21718
TG	1.18039
TT	1.15241
