kmer	count
AA	0.758924
AC	2.03207
AG	1.07208
AT	1.2577
CA	0.461087
CC	1.17484
CG	0.466307
CT	0.723383
GA	0.37664
GC	1.03855
GG	0.565367
GT	0.765669
TA	0.769377
TC	2.2814
TG	1.08826
TT	1.13165
