kmer	count
AA	0.702303
AC	2.08061
AG	1.03535
AT	1.19809
CA	0.46324
CC	1.27561
CG	0.478084
CT	0.757876
GA	0.378166
GC	1.1092
GG	0.572956
GT	0.752665
TA	0.714279
TC	2.32953
TG	1.04846
TT	1.06579
