kmer	count
AA	0.703273
AC	2.15169
AG	0.938125
AT	1.33273
CA	0.484116
CC	1.27691
CG	0.424132
CT	0.781075
GA	0.387335
GC	1.12547
GG	0.571788
GT	0.824917
TA	0.712698
TC	2.18202
TG	0.986713
TT	1.10848
