kmer	count
AA	0.821767
AC	2.06383
AG	1.10636
AT	1.27567
CA	0.440692
CC	1.05627
CG	0.470964
CT	0.695131
GA	0.394988
GC	1.01856
GG	0.565118
GT	0.778776
TA	0.825461
TC	2.36025
TG	1.11809
TT	1.25049
