kmer	count
AA	0.790236
AC	2.04181
AG	1.10013
AT	1.25724
CA	0.46283
CC	1.11661
CG	0.459724
CT	0.69526
GA	0.390412
GC	1.01357
GG	0.572119
GT	0.72444
TA	0.840913
TC	2.37254
TG	1.19164
TT	1.15903
