kmer	count
AA	0.746509
AC	1.93042
AG	1.08681
AT	1.33379
CA	0.456199
CC	1.123
CG	0.5004
CT	0.760136
GA	0.391225
GC	0.990865
GG	0.589715
GT	0.823001
TA	0.811759
TC	2.23324
TG	1.17871
TT	1.23935
