kmer	count
AA	0.758799
AC	2.01574
AG	1.09844
AT	1.21741
CA	0.473768
CC	1.1455
CG	0.473938
CT	0.696517
GA	0.374365
GC	1.03497
GG	0.577878
GT	0.713938
TA	0.800191
TC	2.30277
TG	1.12186
TT	1.14452
