kmer	count
AA	0.698869
AC	2.06844
AG	1.0152
AT	1.04862
CA	0.493305
CC	1.28236
CG	0.510464
CT	0.676241
GA	0.400359
GC	1.09064
GG	0.543955
GT	0.698043
TA	0.827103
TC	2.54033
TG	1.10581
TT	1.10091
