kmer	count
AA	0.747861
AC	2.02604
AG	1.12766
AT	1.18819
CA	0.44888
CC	1.10533
CG	0.51948
CT	0.736408
GA	0.390678
GC	1.05106
GG	0.636827
GT	0.768779
TA	0.728727
TC	2.22449
TG	1.14398
TT	1.10529
