kmer	count
AA	0.600623
AC	1.75512
AG	0.843423
AT	1.13938
CA	0.821756
CC	1.41338
CG	0.683994
CT	0.818261
GA	0.560791
GC	1.09186
GG	0.739126
GT	0.78587
TA	0.834598
TC	1.95365
TG	1.05601
TT	0.917766
