kmer	count
AA	0.75313
AC	2.04195
AG	1.07343
AT	1.18122
CA	0.452774
CC	1.14239
CG	0.461365
CT	0.712021
GA	0.39228
GC	1.08403
GG	0.571867
GT	0.760094
TA	0.766547
TC	2.46196
TG	1.18023
TT	1.09449
