kmer	count
AA	0.690123
AC	1.93721
AG	1.16215
AT	1.20989
CA	0.45383
CC	1.23196
CG	0.504402
CT	0.767734
GA	0.408628
GC	1.12593
GG	0.653093
GT	0.813501
TA	0.698714
TC	2.08578
TG	1.18362
TT	1.07588
