kmer	count
AA	0.696077
AC	2.04765
AG	1.05708
AT	1.16267
CA	0.461817
CC	1.16308
CG	0.521811
CT	0.712157
GA	0.379211
GC	1.06499
GG	0.587199
GT	0.736826
TA	0.755957
TC	2.41679
TG	1.11289
TT	1.11606
