kmer	count
AA	0.58119
AC	1.40149
AG	0.738324
AT	1.05894
CA	1.33155
CC	1.30824
CG	0.781144
CT	1.09691
GA	0.615521
GC	0.915778
GG	0.69247
GT	0.734189
TA	1.04998
TC	1.74242
TG	1.04454
TT	0.907187
