kmer	count
AA	0.688026
AC	2.02086
AG	1.16034
AT	1.07477
CA	0.38694
CC	1.21418
CG	0.512529
CT	0.711403
GA	0.360003
GC	1.11977
GG	0.630192
GT	0.722805
TA	0.659575
TC	2.4304
TG	1.20629
TT	1.08818
