kmer	count
AA	0.670218
AC	1.91704
AG	1.05068
AT	1.23425
CA	0.480994
CC	1.21626
CG	0.533635
CT	0.928469
GA	0.404293
GC	1.10362
GG	0.623439
GT	0.852726
TA	0.646758
TC	2.07055
TG	1.05451
TT	1.12939
