kmer	count
AA	0.693109
AC	2.07634
AG	1.11124
AT	1.23623
CA	0.462251
CC	1.22419
CG	0.515442
CT	0.75107
GA	0.376038
GC	1.06116
GG	0.588421
GT	0.792765
TA	0.681769
TC	2.22489
TG	1.07762
TT	1.09264
