kmer	count
AA	0.728637
AC	2.008
AG	1.03343
AT	1.19644
CA	0.444466
CC	1.24443
CG	0.466611
CT	0.772726
GA	0.389115
GC	1.0903
GG	0.569615
GT	0.769158
TA	0.727681
TC	2.33543
TG	1.05351
TT	1.11359
