kmer	count
AA	0.725495
AC	2.16319
AG	1.00917
AT	1.29003
CA	0.462591
CC	1.2632
CG	0.462359
CT	0.753721
GA	0.344419
GC	1.1098
GG	0.56976
GT	0.778589
TA	0.670695
TC	2.22873
TG	1.02674
TT	1.11393
