kmer	count
AA	0.745545
AC	2.00315
AG	1.01894
AT	1.17176
CA	0.514111
CC	1.21619
CG	0.513201
CT	0.709882
GA	0.402716
GC	1.04983
GG	0.583008
GT	0.722462
TA	0.844057
TC	2.39702
TG	1.13029
TT	1.1174
