kmer	count
AA	0.744998
AC	1.97531
AG	1.01426
AT	1.28272
CA	0.485518
CC	1.14077
CG	0.506362
CT	0.789735
GA	0.37442
GC	1.02933
GG	0.563061
GT	0.824326
TA	0.745059
TC	2.33848
TG	1.14217
TT	1.21589
