kmer	count
AA	0.773196
AC	2.09525
AG	1.01927
AT	1.32831
CA	0.469781
CC	1.27608
CG	0.44653
CT	0.78032
GA	0.412718
GC	1.10993
GG	0.55132
GT	0.830453
TA	0.703537
TC	2.12066
TG	0.975462
TT	1.08397
