kmer	count
AA	0.719935
AC	1.98301
AG	1.11312
AT	1.12397
CA	0.488756
CC	1.16792
CG	0.527511
CT	0.690861
GA	0.398115
GC	1.03279
GG	0.609649
GT	0.714064
TA	0.774053
TC	2.37869
TG	1.15176
TT	1.07723
