kmer	count
AA	0.730817
AC	2.0033
AG	1.13353
AT	1.18862
CA	0.437982
CC	1.15748
CG	0.510354
CT	0.731608
GA	0.377516
GC	1.03191
GG	0.606952
GT	0.773125
TA	0.780355
TC	2.3224
TG	1.17622
TT	1.15827
