kmer	count
AA	0.694005
AC	2.00146
AG	1.02479
AT	1.26558
CA	0.536484
CC	1.20361
CG	0.493849
CT	0.772287
GA	0.372222
GC	1.03428
GG	0.597762
GT	0.80469
TA	0.748667
TC	2.17644
TG	1.0762
TT	1.15432
