kmer	count
AA	0.696428
AC	2.01083
AG	1.13915
AT	1.24162
CA	0.428295
CC	1.21004
CG	0.541362
CT	0.739068
GA	0.359778
GC	1.0361
GG	0.600933
GT	0.75028
TA	0.703648
TC	2.29017
TG	1.11561
TT	1.10492
