kmer	count
AA	0.607527
AC	1.76236
AG	0.847289
AT	1.04603
CA	0.853241
CC	1.35684
CG	0.604055
CT	0.708829
GA	0.53255
GC	1.00478
GG	0.673211
GT	0.684777
TA	1.05795
TC	2.1906
TG	1.14515
TT	0.940211
