kmer	count
AA	0.747051
AC	2.05026
AG	1.01582
AT	1.30492
CA	0.481278
CC	1.21761
CG	0.524611
CT	0.796855
GA	0.408574
GC	1.06609
GG	0.568691
GT	0.797227
TA	0.726394
TC	2.1582
TG	1.03227
TT	1.11273
