kmer	count
AA	0.753951
AC	2.07208
AG	1.11389
AT	1.15043
CA	0.441299
CC	1.12246
CG	0.436144
CT	0.707765
GA	0.386631
GC	1.05779
GG	0.571194
GT	0.769961
TA	0.740403
TC	2.48716
TG	1.16253
TT	1.14207
