kmer	count
AA	0.717841
AC	2.08606
AG	1.06744
AT	1.23425
CA	0.431851
CC	1.20723
CG	0.449599
CT	0.732665
GA	0.373082
GC	1.03659
GG	0.555095
GT	0.766709
TA	0.720405
TC	2.35265
TG	1.0952
TT	1.12163
