kmer	count
AA	0.691891
AC	2.12741
AG	0.964131
AT	1.22935
CA	0.458152
CC	1.33425
CG	0.487965
CT	0.80884
GA	0.379845
GC	1.15595
GG	0.544409
GT	0.796622
TA	0.691248
TC	2.27973
TG	0.979454
TT	1.07299
