kmer	count
AA	0.72882
AC	1.9613
AG	1.13264
AT	1.21702
CA	0.485781
CC	1.11908
CG	0.513632
CT	0.718172
GA	0.379551
GC	0.958405
GG	0.614107
GT	0.763515
TA	0.821709
TC	2.25311
TG	1.23707
TT	1.24441
