kmer	count
AA	0.745453
AC	2.17783
AG	1.02713
AT	1.24403
CA	0.415568
CC	1.21871
CG	0.387615
CT	0.724893
GA	0.354336
GC	1.09673
GG	0.538317
GT	0.744426
TA	0.734437
TC	2.41858
TG	1.01634
TT	1.1149
