kmer	count
AA	0.798931
AC	1.95265
AG	1.06915
AT	1.1484
CA	0.488896
CC	1.08865
CG	0.514716
CT	0.701953
GA	0.413791
GC	0.969104
GG	0.601146
GT	0.745174
TA	0.892728
TC	2.33707
TG	1.23604
TT	1.22655
