kmer	count
AA	0.761691
AC	2.11741
AG	1.04692
AT	1.18277
CA	0.408314
CC	1.18195
CG	0.434499
CT	0.704096
GA	0.358203
GC	1.07565
GG	0.551188
GT	0.757966
TA	0.747473
TC	2.44791
TG	1.05848
TT	1.13221
