kmer	count
AA	0.751517
AC	1.99404
AG	1.03028
AT	1.17317
CA	0.463468
CC	1.20386
CG	0.516812
CT	0.728371
GA	0.388453
GC	1.04351
GG	0.56415
GT	0.767693
TA	0.858553
TC	2.38535
TG	1.13573
TT	1.16222
