kmer	count
AA	0.693796
AC	1.92876
AG	0.914907
AT	1.0624
CA	0.702559
CC	1.2405
CG	0.618989
CT	0.781138
GA	0.463237
GC	1.02868
GG	0.604165
GT	0.772205
TA	0.904856
TC	2.28326
TG	1.0751
TT	1.07034
