kmer	count
AA	0.763218
AC	1.93629
AG	1.13468
AT	1.21076
CA	0.476482
CC	1.15293
CG	0.489216
CT	0.785649
GA	0.386793
GC	0.996486
GG	0.569218
GT	0.834659
TA	0.787163
TC	2.29509
TG	1.1058
TT	1.20869
