kmer	count
AA	0.69454
AC	1.90131
AG	1.06249
AT	1.28806
CA	0.515975
CC	1.20871
CG	0.511936
CT	0.785197
GA	0.393241
GC	1.02215
GG	0.616937
GT	0.814722
TA	0.739067
TC	2.18576
TG	1.07938
TT	1.12896
