kmer	count
AA	0.690186
AC	1.99978
AG	1.1196
AT	1.20703
CA	0.471632
CC	1.14544
CG	0.497358
CT	0.742548
GA	0.397579
GC	1.05252
GG	0.619597
GT	0.759346
TA	0.763787
TC	2.25358
TG	1.11644
TT	1.11526
