kmer	count
AA	0.705137
AC	2.06881
AG	1.09962
AT	1.25036
CA	0.443814
CC	1.22233
CG	0.510984
CT	0.740943
GA	0.357928
GC	1.07274
GG	0.582756
GT	0.80467
TA	0.720479
TC	2.29639
TG	1.13838
TT	1.10593
