kmer	count
AA	0.72148
AC	2.03562
AG	1.07719
AT	1.22289
CA	0.454102
CC	1.24148
CG	0.53096
CT	0.750258
GA	0.373549
GC	1.06677
GG	0.609684
GT	0.755116
TA	0.706513
TC	2.22191
TG	1.11371
TT	1.08066
