kmer	count
AA	0.723319
AC	2.06371
AG	1.10599
AT	1.23417
CA	0.436124
CC	1.12256
CG	0.451991
CT	0.71619
GA	0.379303
GC	1.03161
GG	0.557674
GT	0.744135
TA	0.772229
TC	2.35927
TG	1.12163
TT	1.13912
