kmer	count
AA	0.716694
AC	2.1515
AG	1.00334
AT	1.11067
CA	0.45262
CC	1.23149
CG	0.437346
CT	0.710418
GA	0.384066
GC	1.11254
GG	0.525644
GT	0.732357
TA	0.753351
TC	2.53686
TG	1.08323
TT	1.1689
