kmer	count
AA	0.70382
AC	2.0515
AG	1.04114
AT	1.28945
CA	0.45963
CC	1.18435
CG	0.485107
CT	0.767637
GA	0.370769
GC	1.04575
GG	0.591649
GT	0.792977
TA	0.731882
TC	2.29924
TG	1.06989
TT	1.1025
