kmer	count
AA	0.751413
AC	1.9566
AG	1.10122
AT	1.22562
CA	0.44713
CC	1.16234
CG	0.478005
CT	0.779242
GA	0.379244
GC	1.02488
GG	0.603094
GT	0.785465
TA	0.758576
TC	2.29417
TG	1.15808
TT	1.19316
