kmer	count
AA	0.775023
AC	1.99692
AG	0.98909
AT	1.16521
CA	0.502252
CC	1.23443
CG	0.469657
CT	0.741914
GA	0.381967
GC	1.05846
GG	0.551665
GT	0.794929
TA	0.870112
TC	2.44093
TG	1.04603
TT	1.13993
