kmer	count
AA	0.714124
AC	2.13597
AG	1.03872
AT	1.1554
CA	0.43935
CC	1.27471
CG	0.476707
CT	0.69282
GA	0.365985
GC	1.15248
GG	0.5424
GT	0.744947
TA	0.712915
TC	2.46212
TG	1.0148
TT	1.0726
