kmer	count
AA	0.473812
AC	2.0197
AG	0.712801
AT	1.41199
CA	0.423033
CC	1.34844
CG	0.424458
CT	0.77318
GA	0.330699
GC	1.10621
GG	0.550725
GT	0.884487
TA	0.716563
TC	2.44082
TG	1.10712
TT	1.31476
