kmer	count
AA	0.710238
AC	2.04758
AG	1.10498
AT	1.17368
CA	0.47302
CC	1.16264
CG	0.475877
CT	0.724354
GA	0.388353
GC	1.00007
GG	0.600288
GT	0.742802
TA	0.771567
TC	2.32481
TG	1.1218
TT	1.11625
