kmer	count
AA	0.650399
AC	2.01555
AG	1.11162
AT	1.21673
CA	0.474421
CC	1.22373
CG	0.516195
CT	0.848901
GA	0.385908
GC	1.03005
GG	0.624198
GT	0.80825
TA	0.684609
TC	2.16294
TG	1.09643
TT	1.07549
