kmer	count
AA	0.715817
AC	2.1026
AG	1.1033
AT	1.15909
CA	0.43061
CC	1.11263
CG	0.517739
CT	0.686968
GA	0.360606
GC	1.03268
GG	0.571291
GT	0.748426
TA	0.748236
TC	2.48192
TG	1.12614
TT	1.10639
