kmer	count
AA	0.743159
AC	1.99932
AG	0.97682
AT	1.3316
CA	0.506908
CC	1.15479
CG	0.471556
CT	0.824985
GA	0.393801
GC	1.04256
GG	0.550411
GT	0.799945
TA	0.755344
TC	2.24434
TG	0.993569
TT	1.19788
