kmer	count
AA	0.769032
AC	2.05959
AG	1.07418
AT	1.28218
CA	0.449625
CC	1.19655
CG	0.417674
CT	0.687046
GA	0.386704
GC	1.05193
GG	0.583448
GT	0.785529
TA	0.770168
TC	2.37892
TG	1.10641
TT	1.14143
