kmer	count
AA	0.698486
AC	2.04597
AG	1.13103
AT	1.12038
CA	0.43534
CC	1.24145
CG	0.524842
CT	0.739788
GA	0.395464
GC	1.10501
GG	0.610825
GT	0.769068
TA	0.7619
TC	2.24502
TG	1.17256
TT	1.06161
