kmer	count
AA	0.766106
AC	1.99785
AG	1.03383
AT	1.25511
CA	0.450759
CC	1.17872
CG	0.477664
CT	0.782743
GA	0.379635
GC	1.0496
GG	0.546894
GT	0.800062
TA	0.778892
TC	2.24851
TG	1.04714
TT	1.18209
