kmer	count
AA	0.782792
AC	2.09508
AG	1.08249
AT	1.20405
CA	0.399913
CC	1.13758
CG	0.398426
CT	0.674503
GA	0.351401
GC	1.0977
GG	0.523509
GT	0.754209
TA	0.776366
TC	2.62511
TG	1.08132
TT	1.18271
