kmer	count
AA	0.767398
AC	2.02212
AG	1.08196
AT	1.30322
CA	0.45366
CC	1.20268
CG	0.438095
CT	0.765773
GA	0.3748
GC	1.04207
GG	0.570982
GT	0.809598
TA	0.750328
TC	2.26909
TG	1.10837
TT	1.16646
