kmer	count
AA	0.763627
AC	2.07103
AG	1.1203
AT	1.15287
CA	0.443936
CC	1.18438
CG	0.481995
CT	0.705063
GA	0.347694
GC	1.03777
GG	0.574132
GT	0.757177
TA	0.791149
TC	2.37374
TG	1.17499
TT	1.14207
