kmer	count
AA	0.775586
AC	1.97453
AG	1.15019
AT	1.16246
CA	0.472094
CC	1.08339
CG	0.462171
CT	0.7156
GA	0.389705
GC	0.977775
GG	0.560016
GT	0.778647
TA	0.877838
TC	2.36502
TG	1.21357
TT	1.22053
