kmer	count
AA	0.70515
AC	1.99834
AG	0.95929
AT	1.2492
CA	0.486342
CC	1.32574
CG	0.505344
CT	0.773662
GA	0.422728
GC	1.11554
GG	0.632598
GT	0.817211
TA	0.701657
TC	2.13832
TG	1.08452
TT	1.04802
