kmer	count
AA	0.726279
AC	2.12963
AG	1.02154
AT	1.21746
CA	0.4383
CC	1.2313
CG	0.481807
CT	0.761379
GA	0.366834
GC	1.09525
GG	0.549843
GT	0.763493
TA	0.711948
TC	2.34094
TG	1.02745
TT	1.12516
