kmer	count
AA	0.736574
AC	2.03194
AG	1.06744
AT	1.2163
CA	0.472514
CC	1.14283
CG	0.454184
CT	0.770996
GA	0.387708
GC	1.04797
GG	0.554484
GT	0.823778
TA	0.797514
TC	2.36936
TG	1.09077
TT	1.2028
