kmer	count
AA	0.731384
AC	2.04762
AG	1.08827
AT	1.2056
CA	0.443152
CC	1.21181
CG	0.483928
CT	0.71967
GA	0.381308
GC	1.0509
GG	0.600051
GT	0.756588
TA	0.761407
TC	2.273
TG	1.09992
TT	1.10398
