kmer	count
AA	0.731544
AC	2.05399
AG	1.06127
AT	1.15206
CA	0.434431
CC	1.24662
CG	0.454431
CT	0.730644
GA	0.369143
GC	1.11625
GG	0.584081
GT	0.762431
TA	0.714067
TC	2.42276
TG	1.09237
TT	1.12557
