kmer	count
AA	0.756252
AC	2.12403
AG	1.03108
AT	1.17611
CA	0.485586
CC	1.25846
CG	0.469084
CT	0.709841
GA	0.382184
GC	1.14026
GG	0.570511
GT	0.752223
TA	0.784218
TC	2.31972
TG	1.05212
TT	1.09916
