kmer	count
AA	0.78184
AC	1.98787
AG	1.07296
AT	1.26063
CA	0.505167
CC	1.17751
CG	0.485087
CT	0.74015
GA	0.397031
GC	0.976527
GG	0.590159
GT	0.752075
TA	0.848168
TC	2.26948
TG	1.15227
TT	1.16572
