kmer	count
AA	0.768121
AC	1.90835
AG	1.07509
AT	1.26845
CA	0.5018
CC	1.14784
CG	0.496644
CT	0.773426
GA	0.405464
GC	0.973001
GG	0.594685
GT	0.761558
TA	0.797325
TC	2.231
TG	1.0928
TT	1.14868
