kmer	count
AA	0.698797
AC	1.92327
AG	1.07462
AT	1.20328
CA	0.532133
CC	1.19991
CG	0.523048
CT	0.72779
GA	0.422491
GC	1.01053
GG	0.618643
GT	0.751965
TA	0.83965
TC	2.26054
TG	1.22051
TT	1.10511
