kmer	count
AA	0.684119
AC	2.00664
AG	1.13492
AT	1.16435
CA	0.498633
CC	1.20103
CG	0.559456
CT	0.750058
GA	0.390146
GC	1.05486
GG	0.633609
GT	0.742698
TA	0.712802
TC	2.22549
TG	1.14568
TT	1.04363
