kmer	count
AA	0.76279
AC	2.06889
AG	1.05959
AT	1.20379
CA	0.458353
CC	1.20573
CG	0.471753
CT	0.722616
GA	0.375373
GC	1.06908
GG	0.569693
GT	0.750235
TA	0.728567
TC	2.36156
TG	1.06815
TT	1.08245
