kmer	count
AA	0.768272
AC	2.09786
AG	1.05219
AT	1.16238
CA	0.434016
CC	1.19191
CG	0.432491
CT	0.707524
GA	0.373659
GC	1.06748
GG	0.554173
GT	0.739937
TA	0.801715
TC	2.5008
TG	1.1065
TT	1.14577
