kmer	count
AA	0.78338
AC	2.04921
AG	1.1119
AT	1.19405
CA	0.412033
CC	1.19224
CG	0.461475
CT	0.684098
GA	0.371335
GC	1.05291
GG	0.564328
GT	0.772313
TA	0.79313
TC	2.41075
TG	1.12286
TT	1.1635
