kmer	count
AA	0.779011
AC	2.06834
AG	1.03059
AT	1.28681
CA	0.462566
CC	1.16113
CG	0.432805
CT	0.718114
GA	0.391223
GC	1.05578
GG	0.576299
GT	0.769396
TA	0.828395
TC	2.38089
TG	1.08066
TT	1.16911
