kmer	count
AA	0.497774
AC	1.96505
AG	0.691172
AT	1.33492
CA	0.569377
CC	1.36772
CG	0.502703
CT	0.7779
GA	0.411314
GC	1.13202
GG	0.557222
GT	0.821896
TA	0.759937
TC	2.40498
TG	1.10188
TT	1.16713
