kmer	count
AA	0.74508
AC	2.05452
AG	1.10002
AT	1.27464
CA	0.438722
CC	1.17577
CG	0.48144
CT	0.793112
GA	0.356268
GC	1.07334
GG	0.577024
GT	0.796863
TA	0.695602
TC	2.17842
TG	1.07457
TT	1.13027
