kmer	count
AA	0.726182
AC	1.95401
AG	1.10865
AT	1.20697
CA	0.475544
CC	1.12984
CG	0.520929
CT	0.758456
GA	0.377185
GC	1.01835
GG	0.593783
GT	0.751571
TA	0.743699
TC	2.30153
TG	1.13635
TT	1.13945
