kmer	count
AA	0.732914
AC	2.00361
AG	1.09946
AT	1.23695
CA	0.431323
CC	1.18529
CG	0.496582
CT	0.771636
GA	0.380177
GC	1.02206
GG	0.583332
GT	0.782422
TA	0.741083
TC	2.24684
TG	1.08668
TT	1.15244
