kmer	count
AA	0.546995
AC	1.46898
AG	0.753055
AT	0.897135
CA	1.0039
CC	1.37831
CG	0.860093
CT	0.725257
GA	0.721814
GC	1.06549
GG	0.887768
GT	0.725929
TA	1.05435
TC	1.9468
TG	1.21414
TT	0.827203
