kmer	count
AA	0.690703
AC	1.9911
AG	1.09942
AT	1.18711
CA	0.487052
CC	1.21403
CG	0.544999
CT	0.730643
GA	0.386175
GC	1.03422
GG	0.6204
GT	0.746052
TA	0.774225
TC	2.22798
TG	1.12368
TT	1.11235
