kmer	count
AA	0.683973
AC	2.03152
AG	1.08432
AT	1.25971
CA	0.458936
CC	1.17546
CG	0.558359
CT	0.776546
GA	0.364734
GC	1.04801
GG	0.5728
GT	0.773636
TA	0.719908
TC	2.24545
TG	1.09491
TT	1.15531
