kmer	count
AA	0.730106
AC	2.0854
AG	1.0412
AT	1.20009
CA	0.450097
CC	1.24798
CG	0.478631
CT	0.743428
GA	0.374284
GC	1.10498
GG	0.568393
GT	0.755992
TA	0.723947
TC	2.33009
TG	1.03323
TT	1.10339
