kmer	count
AA	0.694972
AC	1.99714
AG	1.16824
AT	1.07248
CA	0.428339
CC	1.24692
CG	0.571989
CT	0.707898
GA	0.370781
GC	1.09329
GG	0.650498
GT	0.733832
TA	0.680344
TC	2.35446
TG	1.15885
TT	1.06529
