kmer	count
AA	0.713072
AC	2.00806
AG	1.05338
AT	1.26089
CA	0.482036
CC	1.10904
CG	0.528296
CT	0.746276
GA	0.380362
GC	1.02756
GG	0.581236
GT	0.740413
TA	0.809316
TC	2.33893
TG	1.20429
TT	1.20932
