kmer	count
AA	0.758522
AC	2.04678
AG	0.993021
AT	1.14637
CA	0.416453
CC	1.23554
CG	0.438976
CT	0.726707
GA	0.371643
GC	1.12767
GG	0.529758
GT	0.772182
TA	0.7557
TC	2.5506
TG	1.05605
TT	1.18201
