kmer	count
AA	0.710885
AC	2.09981
AG	1.03248
AT	1.28182
CA	0.432975
CC	1.19342
CG	0.457208
CT	0.776526
GA	0.370219
GC	1.08402
GG	0.581854
GT	0.756319
TA	0.656025
TC	2.29695
TG	1.06929
TT	1.14284
