kmer	count
AA	0.800307
AC	1.99964
AG	1.0483
AT	1.2348
CA	0.490635
CC	1.11013
CG	0.506376
CT	0.753562
GA	0.417293
GC	0.98726
GG	0.559626
GT	0.777444
TA	0.937156
TC	2.22129
TG	1.2028
TT	1.19912
