kmer	count
AA	0.758099
AC	1.928
AG	1.07942
AT	1.21876
CA	0.486817
CC	1.10596
CG	0.477526
CT	0.789936
GA	0.397182
GC	0.976805
GG	0.56986
GT	0.819833
TA	0.817662
TC	2.35478
TG	1.17149
TT	1.21336
