kmer	count
AA	0.767525
AC	2.05653
AG	1.06657
AT	1.22992
CA	0.457974
CC	1.1641
CG	0.458755
CT	0.717574
GA	0.364264
GC	1.04228
GG	0.55658
GT	0.796145
TA	0.786346
TC	2.41805
TG	1.11852
TT	1.16742
