kmer	count
AA	0.786873
AC	1.98937
AG	1.10197
AT	1.20945
CA	0.457631
CC	1.16287
CG	0.47687
CT	0.743786
GA	0.411162
GC	1.03334
GG	0.570423
GT	0.796377
TA	0.791936
TC	2.28604
TG	1.15251
TT	1.16472
