kmer	count
AA	0.74717
AC	2.06984
AG	1.00578
AT	1.26063
CA	0.478139
CC	1.23269
CG	0.472966
CT	0.752395
GA	0.38067
GC	1.07828
GG	0.517899
GT	0.777683
TA	0.747584
TC	2.30771
TG	1.00407
TT	1.16017
