kmer	count
AA	0.753989
AC	1.97499
AG	1.07146
AT	1.13882
CA	0.482262
CC	1.20612
CG	0.490849
CT	0.722198
GA	0.40856
GC	1.06395
GG	0.607558
GT	0.752007
TA	0.782102
TC	2.23157
TG	1.14143
TT	1.09796
