kmer	count
AA	0.710844
AC	2.04039
AG	1.05471
AT	1.31545
CA	0.474483
CC	1.23426
CG	0.522264
CT	0.792235
GA	0.373528
GC	1.07174
GG	0.575997
GT	0.803632
TA	0.680804
TC	2.1899
TG	1.04792
TT	1.09869
