kmer	count
AA	0.737203
AC	1.97046
AG	1.05422
AT	1.24943
CA	0.463303
CC	1.18413
CG	0.456597
CT	0.716492
GA	0.423303
GC	1.05535
GG	0.574444
GT	0.76934
TA	0.835999
TC	2.38056
TG	1.12816
TT	1.15593
