kmer	count
AA	0.647115
AC	2.03058
AG	1.04843
AT	1.21061
CA	0.493202
CC	1.30814
CG	0.518026
CT	0.882357
GA	0.417402
GC	1.14569
GG	0.630728
GT	0.837419
TA	0.608181
TC	2.07495
TG	1.0368
TT	1.03063
