kmer	count
AA	0.739377
AC	1.9486
AG	1.00136
AT	1.16444
CA	0.599796
CC	1.15984
CG	0.515661
CT	0.739965
GA	0.420202
GC	0.998481
GG	0.587281
GT	0.725163
TA	0.889746
TC	2.30311
TG	1.21496
TT	1.14506
