kmer	count
AA	0.810087
AC	1.9496
AG	1.13154
AT	1.19901
CA	0.434542
CC	1.13902
CG	0.47321
CT	0.72235
GA	0.368808
GC	1.03883
GG	0.569563
GT	0.763052
TA	0.842004
TC	2.37855
TG	1.16947
TT	1.1555
