kmer	count
AA	0.735505
AC	1.86182
AG	1.22345
AT	1.03627
CA	0.501592
CC	1.22506
CG	0.609466
CT	0.677834
GA	0.419199
GC	1.03414
GG	0.696978
GT	0.723665
TA	0.740903
TC	2.17136
TG	1.31994
TT	0.982917
