kmer	count
AA	0.793928
AC	2.02173
AG	1.11094
AT	1.19206
CA	0.448528
CC	1.15069
CG	0.418804
CT	0.689341
GA	0.360471
GC	1.02926
GG	0.528161
GT	0.727178
TA	0.820208
TC	2.50736
TG	1.15459
TT	1.19265
