kmer	count
AA	0.818784
AC	2.0351
AG	1.03619
AT	1.37133
CA	0.454718
CC	1.19777
CG	0.422727
CT	0.765254
GA	0.389707
GC	1.04331
GG	0.551178
GT	0.868117
TA	0.746894
TC	2.29795
TG	1.00858
TT	1.17746
