kmer	count
AA	0.731328
AC	1.93329
AG	1.059
AT	1.13151
CA	0.562979
CC	1.1823
CG	0.572426
CT	0.694363
GA	0.428341
GC	1.0151
GG	0.612122
GT	0.710611
TA	0.853334
TC	2.28052
TG	1.23685
TT	1.11723
