kmer	count
AA	0.755123
AC	2.02199
AG	1.0127
AT	1.24586
CA	0.474339
CC	1.16105
CG	0.45224
CT	0.741588
GA	0.391986
GC	1.03469
GG	0.58494
GT	0.803447
TA	0.818471
TC	2.42922
TG	1.07587
TT	1.17546
