kmer	count
AA	0.778193
AC	2.03936
AG	1.05769
AT	1.19719
CA	0.489632
CC	1.16035
CG	0.455767
CT	0.737936
GA	0.409332
GC	1.01316
GG	0.563334
GT	0.769396
TA	0.822568
TC	2.31418
TG	1.09932
TT	1.2504
