kmer	count
AA	0.775706
AC	1.93707
AG	1.04467
AT	1.27808
CA	0.481373
CC	1.11744
CG	0.485053
CT	0.800677
GA	0.389037
GC	0.963165
GG	0.580248
GT	0.780296
TA	0.868681
TC	2.27325
TG	1.16587
TT	1.25566
