kmer	count
AA	0.67603
AC	2.05946
AG	1.06206
AT	1.10557
CA	0.431274
CC	1.24053
CG	0.472623
CT	0.750548
GA	0.410451
GC	1.15162
GG	0.603388
GT	0.808991
TA	0.661962
TC	2.33408
TG	1.07709
TT	1.08191
