kmer	count
AA	0.772977
AC	2.02191
AG	1.11649
AT	1.18374
CA	0.443899
CC	1.18343
CG	0.47461
CT	0.693515
GA	0.422595
GC	1.02369
GG	0.608495
GT	0.778202
TA	0.783454
TC	2.29726
TG	1.14311
TT	1.1659
