kmer	count
AA	0.7116
AC	2.04024
AG	1.03465
AT	1.27316
CA	0.48921
CC	1.24703
CG	0.47187
CT	0.76549
GA	0.449309
GC	1.09214
GG	0.613528
GT	0.782969
TA	0.717158
TC	2.13884
TG	1.01641
TT	1.113
