kmer	count
AA	0.755448
AC	2.05971
AG	1.03433
AT	1.13151
CA	0.480258
CC	1.17259
CG	0.418735
CT	0.734289
GA	0.369538
GC	1.01688
GG	0.556026
GT	0.72921
TA	0.84153
TC	2.54842
TG	1.11659
TT	1.17043
