kmer	count
AA	0.747475
AC	2.0167
AG	1.10246
AT	1.21978
CA	0.464821
CC	1.12406
CG	0.499144
CT	0.69492
GA	0.373629
GC	0.985552
GG	0.56031
GT	0.73152
TA	0.856073
TC	2.42006
TG	1.19419
TT	1.20999
