kmer	count
AA	0.770399
AC	2.06012
AG	1.09668
AT	1.23756
CA	0.459793
CC	1.1982
CG	0.441089
CT	0.720923
GA	0.379818
GC	1.0768
GG	0.570903
GT	0.774253
TA	0.757346
TC	2.28379
TG	1.13355
TT	1.1494
