kmer	count
AA	0.783573
AC	2.03102
AG	1.1152
AT	1.20796
CA	0.409563
CC	1.1208
CG	0.444773
CT	0.729077
GA	0.356209
GC	1.04773
GG	0.575579
GT	0.763833
TA	0.759279
TC	2.36798
TG	1.17422
TT	1.23853
