kmer	count
AA	0.690758
AC	2.0065
AG	1.01966
AT	1.22453
CA	0.462123
CC	1.3891
CG	0.494191
CT	0.819033
GA	0.424812
GC	1.18634
GG	0.62598
GT	0.862313
TA	0.587011
TC	2.13978
TG	1.02862
TT	0.992634
