kmer	count
AA	0.693101
AC	1.99712
AG	1.05778
AT	1.15929
CA	0.518209
CC	1.27137
CG	0.52141
CT	0.755544
GA	0.4217
GC	1.08271
GG	0.612557
GT	0.743244
TA	0.75754
TC	2.22178
TG	1.1052
TT	1.03209
