kmer	count
AA	0.736539
AC	2.0455
AG	1.05009
AT	1.16333
CA	0.466463
CC	1.22253
CG	0.464436
CT	0.705481
GA	0.381668
GC	1.0609
GG	0.567549
GT	0.742256
TA	0.801866
TC	2.44791
TG	1.12561
TT	1.1343
