kmer	count
AA	0.764801
AC	2.05979
AG	1.08464
AT	1.24626
CA	0.431654
CC	1.18944
CG	0.476351
CT	0.758326
GA	0.345826
GC	1.06378
GG	0.566057
GT	0.810418
TA	0.735793
TC	2.38765
TG	1.08752
TT	1.13145
