kmer	count
AA	0.683209
AC	2.11549
AG	1.0878
AT	1.28113
CA	0.42624
CC	1.18087
CG	0.464174
CT	0.741948
GA	0.34104
GC	1.07689
GG	0.606393
GT	0.775501
TA	0.709587
TC	2.27133
TG	1.06284
TT	1.14569
