kmer	count
AA	0.746279
AC	2.06859
AG	1.00306
AT	1.31973
CA	0.498297
CC	1.31508
CG	0.415052
CT	0.802072
GA	0.399644
GC	1.07479
GG	0.539105
GT	0.813717
TA	0.740657
TC	2.1854
TG	0.951505
TT	1.08313
