kmer	count
AA	0.722243
AC	2.13763
AG	1.01126
AT	1.20759
CA	0.470816
CC	1.30103
CG	0.483932
CT	0.726083
GA	0.400924
GC	1.11438
GG	0.579202
GT	0.760852
TA	0.676374
TC	2.27058
TG	1.04156
TT	1.06407
