kmer	count
AA	0.689408
AC	2.08385
AG	1.05797
AT	1.26161
CA	0.467496
CC	1.2347
CG	0.515206
CT	0.806979
GA	0.381445
GC	1.07855
GG	0.589088
GT	0.788907
TA	0.724914
TC	2.17
TG	1.05955
TT	1.07976
