kmer	count
AA	0.72252
AC	2.16481
AG	1.00325
AT	1.28435
CA	0.412191
CC	1.30797
CG	0.424894
CT	0.768669
GA	0.355982
GC	1.14662
GG	0.549111
GT	0.788921
TA	0.682574
TC	2.27156
TG	1.00886
TT	1.07839
