kmer	count
AA	0.785912
AC	2.08477
AG	1.0422
AT	1.1514
CA	0.469282
CC	1.18135
CG	0.458398
CT	0.702347
GA	0.414927
GC	1.05364
GG	0.552438
GT	0.748419
TA	0.769791
TC	2.4476
TG	1.15611
TT	1.11214
