kmer	count
AA	0.686614
AC	2.0057
AG	1.02926
AT	1.34022
CA	0.464071
CC	1.1829
CG	0.498393
CT	0.809373
GA	0.388725
GC	1.02034
GG	0.577243
GT	0.84803
TA	0.710734
TC	2.19822
TG	1.06399
TT	1.16321
