kmer	count
AA	0.710224
AC	2.05599
AG	1.09918
AT	1.10149
CA	0.458712
CC	1.18213
CG	0.489727
CT	0.69059
GA	0.3698
GC	1.03251
GG	0.593216
GT	0.736323
TA	0.804914
TC	2.47454
TG	1.18638
TT	1.1244
