kmer	count
AA	0.714784
AC	2.11592
AG	1.00953
AT	1.15527
CA	0.453855
CC	1.24902
CG	0.454698
CT	0.686588
GA	0.380779
GC	1.11119
GG	0.566586
GT	0.72395
TA	0.750562
TC	2.5299
TG	1.10539
TT	1.09194
