kmer	count
AA	0.756852
AC	2.05603
AG	1.03545
AT	1.2525
CA	0.496638
CC	1.1875
CG	0.416771
CT	0.73242
GA	0.375416
GC	1.06945
GG	0.551481
GT	0.779082
TA	0.800818
TC	2.26527
TG	1.02968
TT	1.15027
