kmer	count
AA	0.759334
AC	2.06386
AG	1.05819
AT	1.22396
CA	0.475158
CC	1.16275
CG	0.466886
CT	0.746966
GA	0.379651
GC	1.01739
GG	0.578686
GT	0.735236
TA	0.773765
TC	2.28361
TG	1.09175
TT	1.1331
