kmer	count
AA	0.667357
AC	2.01183
AG	1.01197
AT	1.31029
CA	0.490342
CC	1.23457
CG	0.465799
CT	0.818093
GA	0.402532
GC	1.08709
GG	0.573758
GT	0.848128
TA	0.716452
TC	2.16441
TG	1.02654
TT	1.13886
