kmer	count
AA	0.729552
AC	2.10902
AG	1.04586
AT	1.12795
CA	0.432259
CC	1.22861
CG	0.449665
CT	0.678844
GA	0.365724
GC	1.09428
GG	0.535022
GT	0.726056
TA	0.813349
TC	2.5727
TG	1.08897
TT	1.13894
