kmer	count
AA	0.754436
AC	2.04637
AG	0.951221
AT	1.32967
CA	0.452054
CC	1.20996
CG	0.388813
CT	0.782922
GA	0.399764
GC	1.08795
GG	0.51753
GT	0.807797
TA	0.778708
TC	2.26371
TG	1.01267
TT	1.18497
