kmer	count
AA	0.723937
AC	2.08296
AG	1.04232
AT	1.21637
CA	0.47513
CC	1.19548
CG	0.471807
CT	0.763448
GA	0.380457
GC	1.10068
GG	0.580703
GT	0.796799
TA	0.699439
TC	2.30683
TG	1.10617
TT	1.15791
