kmer	count
AA	0.676707
AC	2.13773
AG	1.0172
AT	1.18534
CA	0.430065
CC	1.27431
CG	0.468321
CT	0.714943
GA	0.379643
GC	1.14166
GG	0.569116
GT	0.732467
TA	0.728481
TC	2.47132
TG	1.01638
TT	1.06115
