kmer	count
AA	0.782194
AC	1.93702
AG	1.08856
AT	1.19755
CA	0.473118
CC	1.07501
CG	0.460192
CT	0.686724
GA	0.373968
GC	0.965983
GG	0.606049
GT	0.791982
TA	0.860193
TC	2.45933
TG	1.2187
TT	1.20548
