kmer	count
AA	0.708301
AC	2.10934
AG	1.00886
AT	1.22733
CA	0.458956
CC	1.23388
CG	0.416837
CT	0.761301
GA	0.365096
GC	1.10321
GG	0.559254
GT	0.772715
TA	0.744588
TC	2.34292
TG	1.02751
TT	1.11505
