kmer	count
AA	0.784401
AC	2.06074
AG	1.07635
AT	1.18215
CA	0.504951
CC	1.19979
CG	0.520931
CT	0.734757
GA	0.403519
GC	1.0248
GG	0.582726
GT	0.767286
TA	0.778503
TC	2.22958
TG	1.05169
TT	1.08158
