kmer	count
AA	0.731066
AC	1.98904
AG	1.08616
AT	1.17721
CA	0.50444
CC	1.14828
CG	0.506074
CT	0.721129
GA	0.389892
GC	1.02511
GG	0.624468
GT	0.770237
TA	0.779328
TC	2.2361
TG	1.10851
TT	1.15087
