kmer	count
AA	0.544226
AC	2.02828
AG	0.701059
AT	1.42087
CA	0.42556
CC	1.29405
CG	0.426018
CT	0.851406
GA	0.346805
GC	1.17466
GG	0.496338
GT	0.869575
TA	0.647893
TC	2.51104
TG	0.995238
TT	1.31026
