kmer	count
AA	0.689854
AC	2.04773
AG	1.12881
AT	1.1935
CA	0.444545
CC	1.17044
CG	0.484505
CT	0.719688
GA	0.364274
GC	1.04446
GG	0.62686
GT	0.755806
TA	0.664948
TC	2.28418
TG	1.18568
TT	1.09612
