kmer	count
AA	0.745994
AC	1.92126
AG	1.13782
AT	1.15444
CA	0.466815
CC	1.15739
CG	0.539948
CT	0.732097
GA	0.381958
GC	1.01305
GG	0.61918
GT	0.767221
TA	0.794206
TC	2.32534
TG	1.20291
TT	1.13957
