kmer	count
AA	0.717547
AC	2.14854
AG	1.06726
AT	1.14974
CA	0.4311
CC	1.24249
CG	0.471757
CT	0.702562
GA	0.361469
GC	1.10196
GG	0.561672
GT	0.723295
TA	0.721655
TC	2.43773
TG	1.07916
TT	1.05293
