kmer	count
AA	0.792713
AC	2.22829
AG	0.979002
AT	1.23407
CA	0.446523
CC	1.20113
CG	0.38973
CT	0.677891
GA	0.39282
GC	1.06816
GG	0.487612
GT	0.747023
TA	0.87969
TC	2.52936
TG	1.05912
TT	1.14016
