kmer	count
AA	0.731586
AC	1.92266
AG	1.09787
AT	1.2586
CA	0.468143
CC	1.13701
CG	0.50497
CT	0.7233
GA	0.391842
GC	1.01582
GG	0.589184
GT	0.796847
TA	0.811798
TC	2.32046
TG	1.15672
TT	1.23785
