kmer	count
AA	0.741721
AC	1.9725
AG	1.06837
AT	1.26882
CA	0.473118
CC	1.10066
CG	0.459591
CT	0.80308
GA	0.363666
GC	1.00353
GG	0.578839
GT	0.810305
TA	0.741142
TC	2.3158
TG	1.0692
TT	1.16836
