kmer	count
AA	0.744341
AC	2.05639
AG	1.07177
AT	1.15156
CA	0.458554
CC	1.19372
CG	0.511932
CT	0.718168
GA	0.389371
GC	1.06916
GG	0.589085
GT	0.721961
TA	0.758933
TC	2.33136
TG	1.09852
TT	1.10427
