kmer	count
AA	0.728738
AC	1.95031
AG	1.15884
AT	1.08562
CA	0.451202
CC	1.1616
CG	0.50455
CT	0.721931
GA	0.378021
GC	1.05544
GG	0.627135
GT	0.753359
TA	0.733561
TC	2.40241
TG	1.19152
TT	1.12853
