kmer	count
AA	0.712648
AC	2.0482
AG	1.10656
AT	1.17814
CA	0.440747
CC	1.14193
CG	0.51731
CT	0.724608
GA	0.369455
GC	1.04669
GG	0.581805
GT	0.743452
TA	0.75116
TC	2.34555
TG	1.14704
TT	1.11718
