kmer	count
AA	0.760805
AC	2.09292
AG	1.02776
AT	1.22813
CA	0.499446
CC	1.19442
CG	0.457914
CT	0.748107
GA	0.370276
GC	1.03697
GG	0.568143
GT	0.768223
TA	0.826361
TC	2.32855
TG	1.08105
TT	1.17871
