kmer	count
AA	0.702748
AC	2.08532
AG	1.01569
AT	1.21456
CA	0.406834
CC	1.2684
CG	0.439381
CT	0.78869
GA	0.380187
GC	1.14779
GG	0.583746
GT	0.84252
TA	0.711453
TC	2.32916
TG	1.06091
TT	1.10148
