kmer	count
AA	0.783053
AC	2.0802
AG	1.10883
AT	1.16147
CA	0.419536
CC	1.16621
CG	0.466305
CT	0.706343
GA	0.366675
GC	1.0589
GG	0.548439
GT	0.707921
TA	0.811048
TC	2.46191
TG	1.15173
TT	1.14355
