kmer	count
AA	0.727834
AC	1.93448
AG	1.13581
AT	1.18118
CA	0.442439
CC	1.17209
CG	0.499433
CT	0.766592
GA	0.36044
GC	1.03517
GG	0.612644
GT	0.787993
TA	0.727307
TC	2.28223
TG	1.18312
TT	1.20978
