kmer	count
AA	0.76272
AC	1.98155
AG	1.10713
AT	1.21528
CA	0.45335
CC	1.18325
CG	0.484514
CT	0.686237
GA	0.416226
GC	1.03089
GG	0.620898
GT	0.73508
TA	0.793813
TC	2.342
TG	1.16129
TT	1.13486
