kmer	count
AA	0.745427
AC	2.03639
AG	1.05181
AT	1.22179
CA	0.465829
CC	1.21317
CG	0.475227
CT	0.719847
GA	0.390848
GC	1.06661
GG	0.530948
GT	0.745689
TA	0.767171
TC	2.35857
TG	1.04102
TT	1.14808
