kmer	count
AA	0.667842
AC	1.9872
AG	1.11609
AT	1.24617
CA	0.467911
CC	1.17916
CG	0.450189
CT	0.776173
GA	0.361928
GC	1.01514
GG	0.613022
GT	0.81119
TA	0.676777
TC	2.11471
TG	1.18349
TT	1.19247
