kmer	count
AA	0.647483
AC	1.92511
AG	0.971823
AT	1.07118
CA	0.60197
CC	1.2747
CG	0.545978
CT	0.762071
GA	0.476244
GC	1.10183
GG	0.626843
GT	0.778884
TA	0.813472
TC	2.32378
TG	1.09695
TT	1.03256
