kmer	count
AA	0.675357
AC	2.07872
AG	1.04908
AT	1.20231
CA	0.478225
CC	1.40274
CG	0.515413
CT	0.777452
GA	0.404079
GC	1.13748
GG	0.611918
GT	0.807982
TA	0.622792
TC	2.14272
TG	1.0402
TT	0.994089
