kmer	count
AA	0.733266
AC	2.09998
AG	1.09515
AT	1.21173
CA	0.429364
CC	1.2131
CG	0.465119
CT	0.693238
GA	0.359397
GC	1.07994
GG	0.59554
GT	0.740982
TA	0.728163
TC	2.32999
TG	1.10572
TT	1.07409
