kmer	count
AA	0.808837
AC	1.92342
AG	1.10031
AT	1.19788
CA	0.473594
CC	1.12812
CG	0.514483
CT	0.72887
GA	0.41236
GC	0.983526
GG	0.616497
GT	0.759043
TA	0.826638
TC	2.33713
TG	1.19678
TT	1.13305
