kmer	count
AA	0.780173
AC	2.09961
AG	1.08574
AT	1.11496
CA	0.451108
CC	1.18687
CG	0.448827
CT	0.695089
GA	0.364488
GC	0.975107
GG	0.586055
GT	0.760343
TA	0.777649
TC	2.50223
TG	1.1511
TT	1.13624
