kmer	count
AA	0.844639
AC	1.99088
AG	1.13618
AT	1.25041
CA	0.429368
CC	1.11453
CG	0.466479
CT	0.69495
GA	0.401728
GC	0.963989
GG	0.552096
GT	0.793718
TA	0.824537
TC	2.35668
TG	1.16645
TT	1.21296
