kmer	count
AA	0.490827
AC	1.3227
AG	0.673656
AT	0.873427
CA	1.25101
CC	1.43687
CG	0.931187
CT	0.735032
GA	0.677155
GC	0.933865
GG	0.817165
GT	0.616292
TA	1.29463
TC	1.98863
TG	1.25504
TT	0.82282
