kmer	count
AA	0.901746
AC	1.15321
AG	1.56756
AT	0.350543
CA	0.86477
CC	1.3412
CG	1.0408
CT	0.516937
GA	0.489813
GC	0.629322
GG	0.899845
GT	0.208946
TA	1.43424
TC	1.79941
TG	2.02246
TT	0.526618
