kmer	count
AA	0.676067
AC	2.06982
AG	0.955372
AT	1.15947
CA	0.5398
CC	1.30363
CG	0.56176
CT	0.750243
GA	0.383748
GC	1.02903
GG	0.595307
GT	0.747343
TA	0.783835
TC	2.31984
TG	1.07624
TT	1.06916
