kmer	count
AA	0.730692
AC	1.94215
AG	0.985787
AT	1.25567
CA	0.5197
CC	1.16855
CG	0.522387
CT	0.745428
GA	0.453452
GC	1.10355
GG	0.642217
GT	0.796113
TA	0.798879
TC	2.17435
TG	1.07509
TT	1.09457
