kmer	count
AA	0.582833
AC	1.59974
AG	0.766077
AT	1.04267
CA	1.01892
CC	1.33657
CG	0.760926
CT	0.752521
GA	0.606522
GC	0.94114
GG	0.72807
GT	0.664804
TA	1.17368
TC	2.01294
TG	1.17279
TT	0.932741
