kmer	count
AA	0.805485
AC	1.96364
AG	1.14908
AT	1.26053
CA	0.429588
CC	1.12371
CG	0.446532
CT	0.715641
GA	0.37698
GC	0.97784
GG	0.542644
GT	0.802067
TA	0.78017
TC	2.34633
TG	1.16403
TT	1.27711
