kmer	count
AA	0.768413
AC	2.09215
AG	1.03684
AT	1.27173
CA	0.446012
CC	1.20048
CG	0.449825
CT	0.75411
GA	0.371455
GC	1.06284
GG	0.57124
GT	0.817525
TA	0.687245
TC	2.25899
TG	1.05084
TT	1.11375
