kmer	count
AA	0.709992
AC	1.98761
AG	1.01295
AT	1.25199
CA	0.519193
CC	1.16786
CG	0.51935
CT	0.779994
GA	0.435496
GC	1.09753
GG	0.606858
GT	0.766878
TA	0.739702
TC	2.24292
TG	1.05025
TT	1.10089
