kmer	count
AA	0.724855
AC	2.05173
AG	1.05161
AT	1.26121
CA	0.45051
CC	1.19026
CG	0.476924
CT	0.803154
GA	0.410905
GC	1.01059
GG	0.585867
GT	0.819995
TA	0.740306
TC	2.30398
TG	1.05944
TT	1.20271
