kmer	count
AA	0.763459
AC	2.01116
AG	1.08982
AT	1.29288
CA	0.464626
CC	1.16947
CG	0.465266
CT	0.758732
GA	0.37601
GC	0.997535
GG	0.559408
GT	0.802179
TA	0.783364
TC	2.31444
TG	1.12956
TT	1.1893
