kmer	count
AA	0.668011
AC	2.03737
AG	1.06074
AT	1.18916
CA	0.492714
CC	1.24003
CG	0.518581
CT	0.747067
GA	0.377119
GC	1.05086
GG	0.59803
GT	0.737608
TA	0.756329
TC	2.29599
TG	1.13448
TT	1.06239
