kmer	count
AA	0.703388
AC	2.11888
AG	1.00795
AT	1.20285
CA	0.447173
CC	1.1913
CG	0.448615
CT	0.707676
GA	0.35924
GC	1.08211
GG	0.562459
GT	0.730262
TA	0.740357
TC	2.46846
TG	1.05512
TT	1.15226
