kmer	count
AA	0.784075
AC	1.90261
AG	1.03675
AT	1.18909
CA	0.49197
CC	1.17111
CG	0.484426
CT	0.735409
GA	0.458854
GC	1.07005
GG	0.62319
GT	0.799574
TA	0.806295
TC	2.23844
TG	1.20888
TT	1.09489
