kmer	count
AA	0.666271
AC	2.11371
AG	0.869798
AT	1.38419
CA	0.485165
CC	1.48029
CG	0.402607
CT	0.919819
GA	0.407841
GC	1.21802
GG	0.552546
GT	0.945088
TA	0.59326
TC	2.02821
TG	0.840863
TT	1.0548
