kmer	count
AA	0.660819
AC	1.86853
AG	1.01262
AT	1.18956
CA	0.608721
CC	1.23137
CG	0.569303
CT	0.736003
GA	0.435614
GC	0.976968
GG	0.651419
GT	0.735617
TA	0.832339
TC	2.19515
TG	1.19378
TT	1.06307
