kmer	count
AA	0.772559
AC	2.10604
AG	1.03662
AT	1.19881
CA	0.41837
CC	1.20216
CG	0.423932
CT	0.670217
GA	0.356794
GC	1.11403
GG	0.54932
GT	0.731343
TA	0.765421
TC	2.51066
TG	1.07543
TT	1.20077
