kmer	count
AA	0.313228
AC	1.28765
AG	0.540654
AT	0.743353
CA	1.37351
CC	1.70123
CG	1.18286
CT	0.682604
GA	0.704624
GC	0.891894
GG	1.01608
GT	0.547107
TA	1.23791
TC	1.76611
TG	1.5613
TT	0.599541
