kmer	count
AA	0.742066
AC	2.01846
AG	1.04602
AT	1.1632
CA	0.492995
CC	1.21618
CG	0.490391
CT	0.731048
GA	0.406192
GC	1.04434
GG	0.610689
GT	0.78178
TA	0.771122
TC	2.37851
TG	1.09255
TT	1.11433
