kmer	count
AA	0.67333
AC	2.06821
AG	1.00217
AT	1.13247
CA	0.499495
CC	1.27145
CG	0.523758
CT	0.739585
GA	0.393803
GC	1.05798
GG	0.580924
GT	0.724282
TA	0.76009
TC	2.42416
TG	1.06073
TT	1.07994
