kmer	count
AA	0.714589
AC	2.08759
AG	1.03225
AT	1.19818
CA	0.462049
CC	1.26913
CG	0.494106
CT	0.787312
GA	0.378132
GC	1.10966
GG	0.553716
GT	0.761726
TA	0.709321
TC	2.32558
TG	1.01184
TT	1.0824
