kmer	count
AA	0.688302
AC	1.97875
AG	1.09261
AT	1.25216
CA	0.4598
CC	1.19559
CG	0.511498
CT	0.767291
GA	0.378477
GC	1.1016
GG	0.619996
GT	0.782141
TA	0.705721
TC	2.2906
TG	1.14999
TT	1.10203
