kmer	count
AA	0.762182
AC	2.00467
AG	1.10047
AT	1.15744
CA	0.452649
CC	1.10881
CG	0.471315
CT	0.743858
GA	0.366702
GC	0.993945
GG	0.603357
GT	0.776989
TA	0.783596
TC	2.3976
TG	1.21439
TT	1.18605
