kmer	count
AA	0.821071
AC	1.9781
AG	1.05222
AT	1.30468
CA	0.510418
CC	1.09809
CG	0.458224
CT	0.736447
GA	0.41789
GC	0.990836
GG	0.562076
GT	0.804278
TA	0.876234
TC	2.2032
TG	1.1962
TT	1.21665
