kmer	count
AA	0.684161
AC	1.99825
AG	1.14247
AT	1.09619
CA	0.471222
CC	1.24568
CG	0.519819
CT	0.744235
GA	0.370572
GC	1.07625
GG	0.631132
GT	0.697063
TA	0.737859
TC	2.3192
TG	1.13554
TT	1.04175
