kmer	count
AA	0.675074
AC	2.01769
AG	1.14526
AT	1.08123
CA	0.418105
CC	1.30315
CG	0.537365
CT	0.716049
GA	0.367393
GC	1.14733
GG	0.64531
GT	0.742145
TA	0.658897
TC	2.34396
TG	1.1416
TT	1.01807
