kmer	count
AA	0.690147
AC	2.01464
AG	1.0269
AT	1.28884
CA	0.491075
CC	1.16666
CG	0.486177
CT	0.794675
GA	0.364268
GC	1.01631
GG	0.585955
GT	0.766459
TA	0.762755
TC	2.25104
TG	1.09068
TT	1.16958
