kmer	count
AA	0.823219
AC	2.11092
AG	1.00816
AT	1.28667
CA	0.41926
CC	1.11336
CG	0.395104
CT	0.742139
GA	0.350612
GC	1.03656
GG	0.525528
GT	0.795906
TA	0.829826
TC	2.49943
TG	1.02864
TT	1.27817
