kmer	count
AA	0.785626
AC	2.09442
AG	1.10129
AT	1.16491
CA	0.473561
CC	1.261
CG	0.455389
CT	0.694759
GA	0.379555
GC	1.02649
GG	0.549107
GT	0.716434
TA	0.758754
TC	2.34812
TG	1.14332
TT	1.1291
