kmer	count
AA	0.759189
AC	2.02334
AG	1.04095
AT	1.21565
CA	0.471817
CC	1.12449
CG	0.456744
CT	0.726023
GA	0.389418
GC	1.09927
GG	0.543792
GT	0.750712
TA	0.787364
TC	2.39751
TG	1.03474
TT	1.1617
