kmer	count
AA	0.782027
AC	1.96122
AG	1.10865
AT	1.31011
CA	0.434793
CC	1.17238
CG	0.437051
CT	0.790835
GA	0.38931
GC	1.05222
GG	0.594305
GT	0.810337
TA	0.725678
TC	2.2165
TG	1.1246
TT	1.18483
