kmer	count
AA	0.658442
AC	2.03403
AG	1.05105
AT	1.19827
CA	0.483821
CC	1.21067
CG	0.510978
CT	0.747655
GA	0.382355
GC	1.07549
GG	0.614839
GT	0.772664
TA	0.722948
TC	2.30138
TG	1.09205
TT	1.11168
