kmer	count
AA	0.724157
AC	2.00899
AG	1.1447
AT	1.11491
CA	0.509512
CC	1.25361
CG	0.510397
CT	0.713561
GA	0.391211
GC	1.07198
GG	0.63326
GT	0.747144
TA	0.732755
TC	2.20544
TG	1.15483
TT	1.09246
