kmer	count
AA	0.713809
AC	2.03657
AG	1.00274
AT	1.12411
CA	0.489404
CC	1.23846
CG	0.458128
CT	0.688358
GA	0.398848
GC	1.09692
GG	0.600116
GT	0.734424
TA	0.769044
TC	2.48348
TG	1.11809
TT	1.11871
