kmer	count
AA	0.69732
AC	1.97262
AG	1.09895
AT	1.18983
CA	0.450271
CC	1.20387
CG	0.515276
CT	0.770861
GA	0.36841
GC	1.09174
GG	0.622253
GT	0.795183
TA	0.722139
TC	2.28746
TG	1.12836
TT	1.14886
