kmer	count
AA	0.730555
AC	2.14193
AG	0.99858
AT	1.22614
CA	0.464256
CC	1.3378
CG	0.467869
CT	0.714003
GA	0.392585
GC	1.13153
GG	0.539755
GT	0.784214
TA	0.723475
TC	2.34159
TG	1.01973
TT	1.09072
