kmer	count
AA	0.743948
AC	2.10581
AG	0.963377
AT	1.23295
CA	0.483289
CC	1.1793
CG	0.472361
CT	0.718372
GA	0.385633
GC	1.04446
GG	0.537472
GT	0.742093
TA	0.787549
TC	2.39834
TG	1.03328
TT	1.18512
