kmer	count
AA	0.667928
AC	2.03413
AG	0.994074
AT	1.19004
CA	0.510742
CC	1.44055
CG	0.540481
CT	0.824217
GA	0.440472
GC	1.24343
GG	0.629306
GT	0.868383
TA	0.587072
TC	2.03543
TG	0.983844
TT	0.94907
