kmer	count
AA	0.783136
AC	1.9757
AG	1.11174
AT	1.15619
CA	0.465935
CC	1.13548
CG	0.50172
CT	0.704227
GA	0.352849
GC	1.05437
GG	0.568052
GT	0.790532
TA	0.787172
TC	2.4069
TG	1.15271
TT	1.19031
