kmer	count
AA	0.725642
AC	2.13526
AG	0.972338
AT	1.23399
CA	0.473253
CC	1.28548
CG	0.473804
CT	0.72417
GA	0.390982
GC	1.07482
GG	0.563493
GT	0.772068
TA	0.764742
TC	2.31781
TG	0.998913
TT	1.10842
