kmer	count
AA	0.674876
AC	2.11032
AG	1.02181
AT	1.13868
CA	0.479595
CC	1.32904
CG	0.531804
CT	0.721028
GA	0.384916
GC	1.11298
GG	0.587922
GT	0.738973
TA	0.72218
TC	2.3764
TG	1.05832
TT	1.01235
