kmer	count
AA	0.734192
AC	1.98616
AG	1.09975
AT	1.19911
CA	0.445712
CC	1.18031
CG	0.530323
CT	0.708068
GA	0.371659
GC	1.00161
GG	0.545855
GT	0.750204
TA	0.789752
TC	2.40622
TG	1.12261
TT	1.12376
