kmer	count
AA	0.793047
AC	2.09049
AG	1.08154
AT	1.15634
CA	0.471319
CC	1.17315
CG	0.451847
CT	0.705806
GA	0.393473
GC	1.0483
GG	0.589389
GT	0.754919
TA	0.845201
TC	2.3446
TG	1.12991
TT	1.11474
