kmer	count
AA	0.80127
AC	1.9749
AG	1.11964
AT	1.22359
CA	0.483926
CC	1.1104
CG	0.496129
CT	0.707485
GA	0.44897
GC	1.02368
GG	0.626988
GT	0.791904
TA	0.769416
TC	2.11782
TG	1.16484
TT	1.07733
