kmer	count
AA	0.706519
AC	2.05788
AG	1.13346
AT	1.07431
CA	0.46242
CC	1.22005
CG	0.497653
CT	0.678001
GA	0.387246
GC	1.05034
GG	0.616844
GT	0.69104
TA	0.768195
TC	2.38772
TG	1.13844
TT	1.05945
