kmer	count
AA	0.716121
AC	1.9931
AG	1.04965
AT	1.09948
CA	0.489368
CC	1.24647
CG	0.529228
CT	0.740283
GA	0.409666
GC	1.10517
GG	0.630084
GT	0.778524
TA	0.759212
TC	2.28928
TG	1.12313
TT	1.08895
