kmer	count
AA	0.726003
AC	1.9711
AG	1.04172
AT	1.18705
CA	0.491929
CC	1.18543
CG	0.521581
CT	0.774221
GA	0.356907
GC	1.07199
GG	0.572413
GT	0.783136
TA	0.770497
TC	2.31942
TG	1.14177
TT	1.2011
