kmer	count
AA	0.697773
AC	2.06672
AG	1.03721
AT	1.10228
CA	0.499142
CC	1.30882
CG	0.528457
CT	0.712115
GA	0.3996
GC	1.13693
GG	0.615096
GT	0.71771
TA	0.728466
TC	2.32983
TG	1.08589
TT	1.00149
