kmer	count
AA	0.736123
AC	1.98222
AG	1.05174
AT	1.24267
CA	0.468064
CC	1.21829
CG	0.492713
CT	0.786693
GA	0.405042
GC	1.04389
GG	0.585393
GT	0.822681
TA	0.769669
TC	2.23255
TG	1.11786
TT	1.16364
