kmer	count
AA	0.723706
AC	2.04829
AG	1.04503
AT	1.22158
CA	0.484841
CC	1.21044
CG	0.523278
CT	0.726617
GA	0.390105
GC	1.10325
GG	0.601254
GT	0.747919
TA	0.757488
TC	2.23048
TG	1.08052
TT	1.10028
