kmer	count
AA	0.71425
AC	2.04343
AG	1.15059
AT	1.19669
CA	0.418632
CC	1.19705
CG	0.495892
CT	0.725865
GA	0.33207
GC	1.0911
GG	0.60943
GT	0.761553
TA	0.695912
TC	2.31153
TG	1.12695
TT	1.06689
