kmer	count
AA	0.703714
AC	2.10924
AG	1.01359
AT	1.22791
CA	0.448777
CC	1.27782
CG	0.452262
CT	0.743785
GA	0.372467
GC	1.11196
GG	0.576202
GT	0.774892
TA	0.70288
TC	2.33424
TG	1.02942
TT	1.0868
