kmer	count
AA	0.759226
AC	2.07408
AG	0.970138
AT	1.25849
CA	0.488235
CC	1.24099
CG	0.440103
CT	0.757934
GA	0.405267
GC	1.11332
GG	0.548719
GT	0.778022
TA	0.771326
TC	2.29636
TG	1.00526
TT	1.08147
