kmer	count
AA	0.727503
AC	1.93226
AG	1.2294
AT	1.18513
CA	0.376104
CC	1.11436
CG	0.494699
CT	0.664806
GA	0.354029
GC	0.986006
GG	0.653329
GT	0.784486
TA	0.773049
TC	2.38438
TG	1.25108
TT	1.18657
