kmer	count
AA	0.833568
AC	2.10793
AG	1.03801
AT	1.29228
CA	0.461432
CC	1.24128
CG	0.473443
CT	0.733725
GA	0.385021
GC	1.05004
GG	0.570907
GT	0.786225
TA	0.770121
TC	2.22157
TG	1.06531
TT	1.12737
