kmer	count
AA	0.723643
AC	1.99146
AG	1.19577
AT	1.15803
CA	0.481946
CC	1.18846
CG	0.553452
CT	0.720434
GA	0.370976
GC	1.02455
GG	0.663934
GT	0.766803
TA	0.698984
TC	2.13029
TG	1.2054
TT	1.0337
