kmer	count
AA	0.717235
AC	2.0634
AG	1.02828
AT	1.2094
CA	0.466907
CC	1.21928
CG	0.496445
CT	0.78172
GA	0.38453
GC	1.0826
GG	0.560017
GT	0.787146
TA	0.732173
TC	2.29484
TG	1.03889
TT	1.11992
