kmer	count
AA	0.713955
AC	2.09204
AG	1.02852
AT	1.26793
CA	0.436483
CC	1.24266
CG	0.436474
CT	0.750306
GA	0.392791
GC	1.08907
GG	0.558157
GT	0.784383
TA	0.733172
TC	2.26111
TG	1.04584
TT	1.13115
