kmer	count
AA	0.724953
AC	2.06636
AG	1.13344
AT	1.09008
CA	0.457373
CC	1.20441
CG	0.510946
CT	0.761209
GA	0.39257
GC	1.07457
GG	0.603219
GT	0.765948
TA	0.716887
TC	2.3129
TG	1.17356
TT	1.05738
