kmer	count
AA	0.724773
AC	2.11524
AG	1.04301
AT	1.16792
CA	0.453285
CC	1.21297
CG	0.480365
CT	0.704633
GA	0.374069
GC	1.09908
GG	0.548558
GT	0.727376
TA	0.757099
TC	2.40541
TG	1.06286
TT	1.11219
