kmer	count
AA	0.748638
AC	2.08106
AG	0.944318
AT	1.30069
CA	0.471746
CC	1.26231
CG	0.430894
CT	0.770505
GA	0.450829
GC	1.09898
GG	0.559162
GT	0.861478
TA	0.716826
TC	2.12367
TG	1.0056
TT	1.14722
