kmer	count
AA	0.753381
AC	2.00008
AG	1.08928
AT	1.25085
CA	0.455348
CC	1.1236
CG	0.464126
CT	0.768256
GA	0.397146
GC	0.991518
GG	0.575073
GT	0.77213
TA	0.812094
TC	2.27096
TG	1.05842
TT	1.1808
