kmer	count
AA	0.74483
AC	2.11649
AG	1.0737
AT	1.20448
CA	0.414166
CC	1.22326
CG	0.484436
CT	0.719684
GA	0.380976
GC	1.08469
GG	0.604546
GT	0.756304
TA	0.700938
TC	2.30579
TG	1.07047
TT	1.08223
