kmer	count
AA	0.712584
AC	1.9882
AG	1.15154
AT	1.13542
CA	0.453815
CC	1.18541
CG	0.516449
CT	0.711638
GA	0.385164
GC	1.04133
GG	0.598608
GT	0.730465
TA	0.737809
TC	2.31268
TG	1.16421
TT	1.0983
