kmer	count
AA	0.696359
AC	2.0107
AG	1.12754
AT	1.21656
CA	0.464418
CC	1.21731
CG	0.491024
CT	0.779745
GA	0.372294
GC	1.065
GG	0.614374
GT	0.756291
TA	0.710466
TC	2.16149
TG	1.1046
TT	1.12224
