kmer	count
AA	0.754441
AC	2.05173
AG	1.10156
AT	1.28513
CA	0.436221
CC	1.10365
CG	0.425641
CT	0.716593
GA	0.351579
GC	0.967189
GG	0.525413
GT	0.755648
TA	0.762903
TC	2.33766
TG	1.08742
TT	1.27198
