kmer	count
AA	0.736886
AC	2.12435
AG	1.05842
AT	1.25718
CA	0.426216
CC	1.22781
CG	0.456163
CT	0.73829
GA	0.367112
GC	1.09542
GG	0.582866
GT	0.781896
TA	0.712794
TC	2.26133
TG	1.0351
TT	1.10994
