kmer	count
AA	0.812603
AC	2.03915
AG	1.07761
AT	1.27673
CA	0.43654
CC	1.14719
CG	0.42885
CT	0.725372
GA	0.399229
GC	1.02151
GG	0.594256
GT	0.837449
TA	0.745932
TC	2.32176
TG	1.09445
TT	1.19362
