kmer	count
AA	0.744976
AC	2.04014
AG	1.07758
AT	1.06893
CA	0.49047
CC	1.20693
CG	0.494587
CT	0.664132
GA	0.416871
GC	1.06131
GG	0.595958
GT	0.685128
TA	0.859671
TC	2.4626
TG	1.16646
TT	1.06753
