kmer	count
AA	0.769521
AC	2.01351
AG	1.10365
AT	1.19772
CA	0.475267
CC	1.18087
CG	0.481672
CT	0.736356
GA	0.396295
GC	1.02118
GG	0.581031
GT	0.735944
TA	0.775611
TC	2.24462
TG	1.11906
TT	1.10048
