kmer	count
AA	0.449423
AC	1.38184
AG	0.658144
AT	0.820831
CA	1.31297
CC	1.61038
CG	1.07098
CT	0.742564
GA	0.659285
GC	0.906652
GG	0.863605
GT	0.575689
TA	1.14658
TC	1.84532
TG	1.34654
TT	0.713539
