kmer	count
AA	0.503115
AC	1.97234
AG	0.722175
AT	1.42613
CA	0.414875
CC	1.21508
CG	0.402643
CT	0.786083
GA	0.356167
GC	1.03302
GG	0.532319
GT	0.888451
TA	0.801894
TC	2.57642
TG	1.21798
TT	1.41012
