kmer	count
AA	0.385113
AC	1.25869
AG	0.636278
AT	0.767775
CA	1.33282
CC	1.40558
CG	1.08979
CT	0.511837
GA	0.732884
GC	0.802871
GG	0.987846
GT	0.525727
TA	1.52693
TC	1.72352
TG	1.78578
TT	0.61214
