kmer	count
AA	0.773092
AC	2.02595
AG	1.11152
AT	1.23973
CA	0.447453
CC	1.1669
CG	0.447164
CT	0.701327
GA	0.386146
GC	1.02605
GG	0.571582
GT	0.754338
TA	0.820629
TC	2.38648
TG	1.13895
TT	1.15665
