kmer	count
AA	0.727972
AC	2.09963
AG	1.19081
AT	1.08633
CA	0.36699
CC	1.13604
CG	0.460174
CT	0.629533
GA	0.354282
GC	1.04697
GG	0.576645
GT	0.700785
TA	0.789283
TC	2.59403
TG	1.20415
TT	1.15315
