kmer	count
AA	0.725397
AC	2.07467
AG	1.04013
AT	1.13165
CA	0.499739
CC	1.18829
CG	0.503196
CT	0.722985
GA	0.41544
GC	1.06475
GG	0.575749
GT	0.699431
TA	0.782368
TC	2.37977
TG	1.1033
TT	1.06833
