kmer	count
AA	0.774429
AC	2.02022
AG	1.09939
AT	1.23506
CA	0.478169
CC	1.14328
CG	0.467911
CT	0.737173
GA	0.393616
GC	1.05746
GG	0.612437
GT	0.797408
TA	0.744565
TC	2.30607
TG	1.16115
TT	1.08696
