kmer	count
AA	0.829384
AC	2.0091
AG	1.0998
AT	1.23846
CA	0.476029
CC	1.12027
CG	0.425822
CT	0.70327
GA	0.402707
GC	0.999349
GG	0.565864
GT	0.77685
TA	0.876156
TC	2.31725
TG	1.15574
TT	1.19324
