kmer	count
AA	0.731824
AC	2.10857
AG	1.10188
AT	1.24455
CA	0.42978
CC	1.19398
CG	0.457386
CT	0.726903
GA	0.395254
GC	1.02484
GG	0.606537
GT	0.78137
TA	0.799645
TC	2.20484
TG	1.18945
TT	1.14355
