kmer	count
AA	0.718334
AC	2.08351
AG	1.10527
AT	1.21902
CA	0.443678
CC	1.17718
CG	0.498987
CT	0.712306
GA	0.380331
GC	1.03586
GG	0.584002
GT	0.760831
TA	0.749754
TC	2.33503
TG	1.09751
TT	1.08534
