kmer	count
AA	0.78258
AC	1.95154
AG	1.04852
AT	1.19103
CA	0.417801
CC	1.1668
CG	0.416097
CT	0.688301
GA	0.374802
GC	1.05042
GG	0.596071
GT	0.722408
TA	0.80152
TC	2.47526
TG	1.22742
TT	1.17979
