kmer	count
AA	0.672522
AC	2.0491
AG	0.943349
AT	1.27595
CA	0.460346
CC	1.26738
CG	0.49648
CT	0.817414
GA	0.41656
GC	1.13941
GG	0.669024
GT	0.879674
TA	0.685763
TC	2.19111
TG	0.984802
TT	1.13572
