kmer	count
AA	0.501853
AC	1.945
AG	0.705219
AT	1.30283
CA	0.516399
CC	1.29273
CG	0.444007
CT	0.820473
GA	0.420983
GC	1.11688
GG	0.551735
GT	0.830467
TA	0.800742
TC	2.4793
TG	1.16111
TT	1.26758
