kmer	count
AA	0.745078
AC	2.10296
AG	1.06517
AT	1.32279
CA	0.449671
CC	1.20833
CG	0.447754
CT	0.746159
GA	0.395283
GC	1.06064
GG	0.558772
GT	0.798083
TA	0.686807
TC	2.25126
TG	1.01623
TT	1.11382
