kmer	count
AA	0.511862
AC	1.86776
AG	0.66836
AT	1.26783
CA	0.613042
CC	1.41766
CG	0.605534
CT	0.804603
GA	0.409841
GC	1.09597
GG	0.578005
GT	0.783467
TA	0.806359
TC	2.38935
TG	1.09694
TT	1.17276
