kmer	count
AA	0.706141
AC	2.1339
AG	1.01869
AT	1.19827
CA	0.447318
CC	1.21063
CG	0.456393
CT	0.754292
GA	0.379851
GC	1.09342
GG	0.552021
GT	0.798363
TA	0.671622
TC	2.456
TG	1.08513
TT	1.14923
