kmer	count
AA	0.751157
AC	2.04792
AG	1.02467
AT	1.23446
CA	0.461513
CC	1.15319
CG	0.430413
CT	0.755815
GA	0.381115
GC	1.01531
GG	0.542561
GT	0.75885
TA	0.795982
TC	2.3637
TG	1.05864
TT	1.18127
