kmer	count
AA	0.784483
AC	1.93752
AG	1.13832
AT	1.18495
CA	0.464455
CC	1.10409
CG	0.481505
CT	0.744623
GA	0.412654
GC	0.977416
GG	0.589116
GT	0.813144
TA	0.869911
TC	2.28713
TG	1.16355
TT	1.21774
