kmer	count
AA	0.721567
AC	1.95565
AG	1.15258
AT	1.08353
CA	0.467068
CC	1.24042
CG	0.494161
CT	0.74228
GA	0.406924
GC	1.0955
GG	0.643439
GT	0.732531
TA	0.732696
TC	2.3248
TG	1.15644
TT	1.02893
