kmer	count
AA	0.690747
AC	2.0873
AG	1.03462
AT	1.18838
CA	0.473137
CC	1.19452
CG	0.450029
CT	0.729349
GA	0.375408
GC	1.06901
GG	0.587129
GT	0.765839
TA	0.742407
TC	2.37889
TG	1.06995
TT	1.11901
