kmer	count
AA	0.775906
AC	2.05438
AG	1.12577
AT	1.16853
CA	0.415564
CC	1.09495
CG	0.442944
CT	0.665076
GA	0.372967
GC	1.01203
GG	0.5546
GT	0.718233
TA	0.804298
TC	2.55453
TG	1.21251
TT	1.19197
