kmer	count
AA	0.755075
AC	1.93356
AG	1.08848
AT	1.19142
CA	0.50056
CC	1.11959
CG	0.500477
CT	0.726243
GA	0.403465
GC	0.967552
GG	0.618814
GT	0.804242
TA	0.923245
TC	2.2755
TG	1.1764
TT	1.20643
