kmer	count
AA	0.713447
AC	2.04064
AG	1.05336
AT	1.30798
CA	0.439138
CC	1.1957
CG	0.455739
CT	0.776283
GA	0.348789
GC	1.01175
GG	0.575705
GT	0.791738
TA	0.734521
TC	2.28518
TG	1.05769
TT	1.17046
