kmer	count
AA	0.661273
AC	1.99318
AG	0.954457
AT	1.20161
CA	0.540998
CC	1.32919
CG	0.511444
CT	0.769804
GA	0.410386
GC	1.10171
GG	0.607962
GT	0.755646
TA	0.741927
TC	2.29602
TG	1.05028
TT	1.04779
