kmer	count
AA	0.723872
AC	2.11115
AG	1.06888
AT	1.17863
CA	0.429637
CC	1.20336
CG	0.480095
CT	0.711574
GA	0.385898
GC	1.06694
GG	0.559429
GT	0.73241
TA	0.742013
TC	2.39176
TG	1.07659
TT	1.11516
