kmer	count
AA	0.655926
AC	2.07489
AG	1.12118
AT	1.12977
CA	0.439572
CC	1.31737
CG	0.513156
CT	0.767168
GA	0.363405
GC	1.15137
GG	0.607822
GT	0.762374
TA	0.659621
TC	2.24171
TG	1.09219
TT	1.0296
