kmer	count
AA	0.693583
AC	2.04124
AG	1.13015
AT	1.12991
CA	0.43125
CC	1.22648
CG	0.532003
CT	0.73881
GA	0.369077
GC	1.1178
GG	0.622369
GT	0.735598
TA	0.675406
TC	2.28529
TG	1.11831
TT	1.08637
