kmer	count
AA	0.701625
AC	2.11107
AG	1.05032
AT	1.21187
CA	0.455361
CC	1.26365
CG	0.525349
CT	0.750687
GA	0.369292
GC	1.08616
GG	0.594104
GT	0.770606
TA	0.696754
TC	2.22482
TG	1.05532
TT	1.11729
