kmer	count
AA	0.76748
AC	1.963
AG	1.12613
AT	1.16589
CA	0.445306
CC	1.16841
CG	0.503348
CT	0.704105
GA	0.393273
GC	1.03264
GG	0.630547
GT	0.754996
TA	0.808253
TC	2.26756
TG	1.19077
TT	1.17483
