kmer	count
AA	0.718352
AC	2.13303
AG	1.00775
AT	1.18958
CA	0.448067
CC	1.26407
CG	0.442265
CT	0.733753
GA	0.381589
GC	1.09938
GG	0.5466
GT	0.757004
TA	0.73361
TC	2.38948
TG	1.03723
TT	1.08858
