kmer	count
AA	0.744779
AC	1.97571
AG	1.06527
AT	1.26982
CA	0.47329
CC	1.12546
CG	0.48562
CT	0.778343
GA	0.395966
GC	1.11946
GG	0.585238
GT	0.822162
TA	0.754194
TC	2.23015
TG	1.17566
TT	1.13651
