kmer	count
AA	0.732835
AC	1.81909
AG	0.91801
AT	1.16143
CA	0.546223
CC	1.14087
CG	0.455558
CT	0.66829
GA	0.411513
GC	1.02613
GG	0.616715
GT	0.769448
TA	0.977472
TC	2.40398
TG	1.30913
TT	1.20876
