kmer	count
AA	0.759148
AC	2.10773
AG	1.03968
AT	1.26102
CA	0.446887
CC	1.16861
CG	0.412384
CT	0.724628
GA	0.408044
GC	1.04085
GG	0.554373
GT	0.788116
TA	0.768402
TC	2.35761
TG	1.11507
TT	1.21238
