kmer	count
AA	0.748988
AC	2.19989
AG	1.01545
AT	1.19894
CA	0.410525
CC	1.29584
CG	0.428138
CT	0.693714
GA	0.384069
GC	1.14534
GG	0.526091
GT	0.769714
TA	0.692614
TC	2.51334
TG	1.02547
TT	1.06089
