kmer	count
AA	0.723239
AC	1.86929
AG	1.20056
AT	1.15515
CA	0.474688
CC	1.13398
CG	0.548401
CT	0.719354
GA	0.394551
GC	0.979033
GG	0.619645
GT	0.730759
TA	0.844322
TC	2.36331
TG	1.22744
TT	1.12515
