kmer	count
AA	0.766089
AC	2.11007
AG	1.06142
AT	1.23645
CA	0.442765
CC	1.13354
CG	0.448638
CT	0.728835
GA	0.405343
GC	1.02094
GG	0.557602
GT	0.757363
TA	0.757417
TC	2.30561
TG	1.0406
TT	1.19489
