kmer	count
AA	0.72828
AC	2.10824
AG	0.984251
AT	1.27436
CA	0.448102
CC	1.19421
CG	0.449688
CT	0.780151
GA	0.377643
GC	1.03357
GG	0.552435
GT	0.758372
TA	0.784253
TC	2.36998
TG	1.0152
TT	1.14468
