kmer	count
AA	0.721094
AC	2.00759
AG	1.05277
AT	1.29446
CA	0.458402
CC	1.25395
CG	0.462049
CT	0.788247
GA	0.383578
GC	1.06812
GG	0.580544
GT	0.791753
TA	0.70223
TC	2.21439
TG	1.05656
TT	1.10171
