kmer	count
AA	0.741353
AC	1.91841
AG	1.13324
AT	1.13126
CA	0.454679
CC	1.10812
CG	0.501235
CT	0.712477
GA	0.396985
GC	1.0244
GG	0.631956
GT	0.790025
TA	0.787584
TC	2.33067
TG	1.26259
TT	1.16712
