kmer	count
AA	0.730724
AC	2.04435
AG	1.03328
AT	1.30793
CA	0.474577
CC	1.18595
CG	0.465692
CT	0.796913
GA	0.416084
GC	1.02439
GG	0.559328
GT	0.796449
TA	0.770745
TC	2.20053
TG	1.04403
TT	1.13093
