kmer	count
AA	0.726562
AC	2.02749
AG	1.03037
AT	1.13749
CA	0.548302
CC	1.18584
CG	0.525758
CT	0.671835
GA	0.413848
GC	1.03924
GG	0.626914
GT	0.682573
TA	0.813829
TC	2.32803
TG	1.15612
TT	1.05837
