kmer	count
AA	0.812184
AC	1.69967
AG	1.44243
AT	0.690354
CA	0.580003
CC	1.19753
CG	0.735319
CT	0.540159
GA	0.409151
GC	0.853549
GG	0.764251
GT	0.461567
TA	1.04277
TC	2.21678
TG	1.59443
TT	0.856178
