kmer	count
AA	0.675342
AC	2.04458
AG	1.1391
AT	1.13578
CA	0.475512
CC	1.31096
CG	0.529226
CT	0.726477
GA	0.395825
GC	1.10945
GG	0.681099
GT	0.714673
TA	0.626292
TC	2.17311
TG	1.15332
TT	0.993162
