kmer	count
AA	0.696763
AC	2.16736
AG	0.994387
AT	1.15772
CA	0.44769
CC	1.29146
CG	0.462524
CT	0.723633
GA	0.364572
GC	1.13907
GG	0.562435
GT	0.756537
TA	0.689512
TC	2.44298
TG	0.996141
TT	1.0901
