kmer	count
AA	0.86853
AC	1.70592
AG	1.4162
AT	0.733199
CA	0.612031
CC	1.09931
CG	0.652077
CT	0.525775
GA	0.451725
GC	0.878934
GG	0.750942
GT	0.481475
TA	1.06618
TC	2.2867
TG	1.61782
TT	0.794311
