kmer	count
AA	0.784213
AC	2.02905
AG	1.09765
AT	1.17301
CA	0.441766
CC	1.12251
CG	0.473912
CT	0.691257
GA	0.374112
GC	1.00002
GG	0.588967
GT	0.723021
TA	0.801489
TC	2.49402
TG	1.20578
TT	1.14519
