kmer	count
AA	0.719893
AC	2.0801
AG	1.06787
AT	1.2568
CA	0.455579
CC	1.19744
CG	0.49035
CT	0.752368
GA	0.381824
GC	1.05036
GG	0.615234
GT	0.78715
TA	0.732547
TC	2.22227
TG	1.08755
TT	1.07777
