kmer	count
AA	0.656274
AC	2.10853
AG	0.819215
AT	1.32102
CA	0.500894
CC	1.31527
CG	0.386907
CT	0.713997
GA	0.40466
GC	1.08662
GG	0.563309
GT	0.768205
TA	0.792257
TC	2.32876
TG	1.10191
TT	1.12041
