kmer	count
AA	0.756034
AC	2.10026
AG	1.05645
AT	1.27732
CA	0.452555
CC	1.18939
CG	0.45171
CT	0.732836
GA	0.380466
GC	1.07872
GG	0.523713
GT	0.729649
TA	0.738814
TC	2.3293
TG	1.04278
TT	1.135
