kmer	count
AA	0.723499
AC	2.02365
AG	0.999152
AT	1.14291
CA	0.517086
CC	1.25883
CG	0.454863
CT	0.714435
GA	0.398065
GC	1.09861
GG	0.569626
GT	0.754058
TA	0.801143
TC	2.3984
TG	1.07173
TT	1.04096
