kmer	count
AA	0.717641
AC	2.15813
AG	1.0037
AT	1.32275
CA	0.454776
CC	1.25222
CG	0.447342
CT	0.752246
GA	0.334985
GC	1.13916
GG	0.568663
GT	0.777649
TA	0.655348
TC	2.22995
TG	1.02031
TT	1.12999
