kmer	count
AA	0.74692
AC	2.09114
AG	1.02962
AT	1.18983
CA	0.43048
CC	1.25166
CG	0.436066
CT	0.734169
GA	0.386494
GC	1.13127
GG	0.557715
GT	0.748901
TA	0.716158
TC	2.40347
TG	1.09848
TT	1.10698
