kmer	count
AA	0.738414
AC	2.03864
AG	1.09099
AT	1.26267
CA	0.489245
CC	1.13965
CG	0.49619
CT	0.730351
GA	0.399546
GC	0.988456
GG	0.58711
GT	0.757252
TA	0.843175
TC	2.33687
TG	1.12463
TT	1.19009
