kmer	count
AA	0.785548
AC	2.05454
AG	1.08664
AT	1.23759
CA	0.463748
CC	1.13888
CG	0.499204
CT	0.731571
GA	0.402806
GC	1.04047
GG	0.565609
GT	0.777979
TA	0.7976
TC	2.271
TG	1.16725
TT	1.14582
