kmer	count
AA	0.733371
AC	2.13632
AG	1.11385
AT	1.22684
CA	0.445872
CC	1.14975
CG	0.478143
CT	0.727886
GA	0.377228
GC	0.997756
GG	0.576487
GT	0.765553
TA	0.746656
TC	2.29874
TG	1.07204
TT	1.12655
