kmer	count
AA	0.741225
AC	1.96026
AG	1.08828
AT	1.22977
CA	0.482387
CC	1.19564
CG	0.474652
CT	0.746805
GA	0.367919
GC	0.987424
GG	0.595888
GT	0.784489
TA	0.736618
TC	2.27423
TG	1.09679
TT	1.14966
