kmer	count
AA	0.719958
AC	2.07417
AG	1.02064
AT	1.31495
CA	0.47874
CC	1.2833
CG	0.427921
CT	0.800263
GA	0.402299
GC	1.11887
GG	0.558877
GT	0.797182
TA	0.682778
TC	2.14355
TG	0.996202
TT	1.11126
