kmer	count
AA	0.710958
AC	2.15627
AG	0.998483
AT	1.1429
CA	0.450584
CC	1.30858
CG	0.462346
CT	0.733205
GA	0.349895
GC	1.12908
GG	0.549015
GT	0.775783
TA	0.676903
TC	2.42627
TG	1.01239
TT	1.08924
