kmer	count
AA	0.749433
AC	2.07794
AG	1.0441
AT	1.26722
CA	0.462257
CC	1.18949
CG	0.44029
CT	0.758717
GA	0.389222
GC	1.09523
GG	0.5223
GT	0.727892
TA	0.737971
TC	2.31431
TG	1.03794
TT	1.14533
