kmer	count
AA	0.723087
AC	2.05478
AG	0.951125
AT	1.2325
CA	0.478073
CC	1.19402
CG	0.478454
CT	0.792954
GA	0.440946
GC	1.11888
GG	0.583786
GT	0.782763
TA	0.756977
TC	2.29072
TG	1.01597
TT	1.1052
