kmer	count
AA	0.703726
AC	1.98676
AG	1.13006
AT	1.1788
CA	0.45865
CC	1.15664
CG	0.458335
CT	0.733955
GA	0.377213
GC	1.02238
GG	0.583669
GT	0.713302
TA	0.780801
TC	2.33926
TG	1.14757
TT	1.13518
