kmer	count
AA	0.737153
AC	2.06794
AG	1.035
AT	1.23442
CA	0.492559
CC	1.1696
CG	0.471159
CT	0.765039
GA	0.390723
GC	1.05679
GG	0.567891
GT	0.721789
TA	0.765281
TC	2.30998
TG	1.05744
TT	1.12576
