kmer	count
AA	0.532798
AC	1.79028
AG	0.772342
AT	1.29131
CA	0.560897
CC	1.21415
CG	0.557061
CT	0.818363
GA	0.423243
GC	1.03521
GG	0.595512
GT	0.860515
TA	0.780985
TC	2.27071
TG	1.19694
TT	1.3068
