kmer	count
AA	0.682775
AC	2.08873
AG	1.02588
AT	1.35135
CA	0.449926
CC	1.22395
CG	0.447176
CT	0.813062
GA	0.398493
GC	1.02854
GG	0.557542
GT	0.798755
TA	0.673371
TC	2.21675
TG	1.01851
TT	1.17779
