kmer	count
AA	0.723788
AC	2.06057
AG	1.01399
AT	1.26226
CA	0.448365
CC	1.2338
CG	0.404484
CT	0.749018
GA	0.46032
GC	1.1411
GG	0.574928
GT	0.807522
TA	0.733863
TC	2.23808
TG	1.06606
TT	1.16329
