kmer	count
AA	0.722931
AC	1.89734
AG	1.10406
AT	1.27383
CA	0.441584
CC	1.15211
CG	0.527284
CT	0.768742
GA	0.392881
GC	1.03034
GG	0.626447
GT	0.798121
TA	0.809381
TC	2.16105
TG	1.14391
TT	1.1291
