kmer	count
AA	0.713066
AC	2.06713
AG	0.970629
AT	1.20026
CA	0.490752
CC	1.34412
CG	0.475721
CT	0.761384
GA	0.411835
GC	1.10464
GG	0.592347
GT	0.76604
TA	0.795347
TC	2.29153
TG	1.03357
TT	1.07697
