kmer	count
AA	0.701897
AC	2.10804
AG	1.00445
AT	1.20688
CA	0.470723
CC	1.28658
CG	0.464415
CT	0.775153
GA	0.384683
GC	1.11901
GG	0.565551
GT	0.772931
TA	0.698036
TC	2.30043
TG	1.03554
TT	1.07156
