kmer	count
AA	0.774689
AC	1.95164
AG	1.19208
AT	1.13266
CA	0.447379
CC	1.12705
CG	0.46405
CT	0.706916
GA	0.38001
GC	1.04239
GG	0.574739
GT	0.778217
TA	0.806161
TC	2.3192
TG	1.19614
TT	1.19074
