kmer	count
AA	0.664968
AC	1.99446
AG	0.85955
AT	1.2701
CA	0.528399
CC	1.4456
CG	0.413887
CT	0.897262
GA	0.54973
GC	1.20745
GG	0.59127
GT	0.96587
TA	0.668621
TC	2.01279
TG	0.865899
TT	1.0796
