kmer	count
AA	0.468517
AC	1.34988
AG	0.658932
AT	0.81994
CA	1.30679
CC	1.62725
CG	1.12281
CT	0.763647
GA	0.650205
GC	0.879563
GG	0.863276
GT	0.592023
TA	1.13191
TC	1.8414
TG	1.35175
TT	0.712661
