kmer	count
AA	0.73776
AC	2.01905
AG	0.986921
AT	1.30499
CA	0.478838
CC	1.16769
CG	0.460819
CT	0.768054
GA	0.354152
GC	1.06359
GG	0.596124
GT	0.822747
TA	0.769288
TC	2.19782
TG	1.11472
TT	1.13324
