kmer	count
AA	0.735904
AC	2.06857
AG	1.02008
AT	1.33313
CA	0.489975
CC	1.33683
CG	0.436383
CT	0.815058
GA	0.378001
GC	1.08268
GG	0.530672
GT	0.820456
TA	0.735432
TC	2.16991
TG	0.940514
TT	1.07342
