kmer	count
AA	0.528391
AC	1.41717
AG	0.735668
AT	0.933856
CA	1.13783
CC	1.42178
CG	0.914021
CT	0.91039
GA	0.646864
GC	0.94507
GG	0.817619
GT	0.668312
TA	1.08084
TC	1.82427
TG	1.2075
TT	0.862203
