kmer	count
AA	0.730747
AC	2.06406
AG	1.01629
AT	1.19926
CA	0.413742
CC	1.25827
CG	0.50374
CT	0.769635
GA	0.354671
GC	1.10429
GG	0.536241
GT	0.80407
TA	0.671189
TC	2.46302
TG	1.09774
TT	1.12914
