kmer	count
AA	0.761965
AC	2.00945
AG	1.03372
AT	1.17249
CA	0.4599
CC	1.16062
CG	0.484813
CT	0.737382
GA	0.398795
GC	1.09627
GG	0.547552
GT	0.76216
TA	0.753313
TC	2.48646
TG	1.19154
TT	1.08423
