kmer	count
AA	0.765732
AC	1.96519
AG	1.13429
AT	1.17895
CA	0.463702
CC	1.08143
CG	0.475432
CT	0.735238
GA	0.36903
GC	0.978984
GG	0.573067
GT	0.778942
TA	0.859709
TC	2.35996
TG	1.22972
TT	1.23793
