kmer	count
AA	0.762765
AC	2.06943
AG	0.943201
AT	1.31261
CA	0.461518
CC	1.21593
CG	0.388779
CT	0.781961
GA	0.408625
GC	1.05782
GG	0.50403
GT	0.806899
TA	0.788475
TC	2.25836
TG	1.03782
TT	1.1664
