kmer	count
AA	0.743751
AC	2.03193
AG	1.12732
AT	1.11319
CA	0.45879
CC	1.13694
CG	0.448396
CT	0.719477
GA	0.383519
GC	1.05838
GG	0.564196
GT	0.707561
TA	0.926059
TC	2.40295
TG	1.17322
TT	1.14192
