kmer	count
AA	0.703767
AC	2.01848
AG	1.07189
AT	1.19307
CA	0.450739
CC	1.25288
CG	0.512922
CT	0.742684
GA	0.383123
GC	1.09357
GG	0.626902
GT	0.739634
TA	0.740827
TC	2.25327
TG	1.13616
TT	1.04125
