kmer	count
AA	0.787817
AC	2.06903
AG	1.13064
AT	1.12939
CA	0.417858
CC	1.18036
CG	0.433967
CT	0.705146
GA	0.369717
GC	1.04788
GG	0.563105
GT	0.753576
TA	0.772777
TC	2.44364
TG	1.14609
TT	1.13195
