kmer	count
AA	0.770286
AC	1.82787
AG	1.09111
AT	1.27675
CA	0.524853
CC	1.15903
CG	0.528339
CT	0.763389
GA	0.396077
GC	0.948123
GG	0.604675
GT	0.80325
TA	0.841092
TC	2.26163
TG	1.19826
TT	1.16838
