kmer	count
AA	0.697403
AC	1.94116
AG	0.855679
AT	1.2667
CA	0.517286
CC	1.38633
CG	0.459244
CT	0.927392
GA	0.550856
GC	1.2304
GG	0.57035
GT	0.979024
TA	0.698816
TC	2.0048
TG	0.860271
TT	1.08845
