kmer	count
AA	0.774223
AC	2.01862
AG	1.05556
AT	1.25636
CA	0.430749
CC	1.18834
CG	0.45735
CT	0.722518
GA	0.372304
GC	1.03588
GG	0.603261
GT	0.757691
TA	0.73345
TC	2.3062
TG	1.0693
TT	1.15743
