kmer	count
AA	0.689924
AC	2.05805
AG	1.00379
AT	1.29482
CA	0.458587
CC	1.26809
CG	0.506471
CT	0.772562
GA	0.364144
GC	1.13028
GG	0.560976
GT	0.827742
TA	0.668193
TC	2.23086
TG	1.05856
TT	1.10742
