kmer	count
AA	0.47735
AC	2.04796
AG	0.694435
AT	1.44691
CA	0.422737
CC	1.3226
CG	0.417609
CT	0.781715
GA	0.350954
GC	1.10459
GG	0.561408
GT	0.87067
TA	0.732647
TC	2.44337
TG	1.08731
TT	1.30337
