kmer	count
AA	0.754993
AC	2.01292
AG	1.14101
AT	1.37938
CA	0.439994
CC	1.10745
CG	0.467574
CT	0.765837
GA	0.384609
GC	1.02809
GG	0.582748
GT	0.79905
TA	0.763842
TC	2.24537
TG	1.12391
TT	1.17969
