kmer	count
AA	0.734875
AC	2.14818
AG	1.02809
AT	1.25369
CA	0.418347
CC	1.24084
CG	0.49513
CT	0.734286
GA	0.377409
GC	1.09812
GG	0.59294
GT	0.771656
TA	0.701337
TC	2.27976
TG	1.05334
TT	1.07202
