kmer	count
AA	0.745326
AC	2.0172
AG	1.02068
AT	1.25776
CA	0.483528
CC	1.20508
CG	0.546884
CT	0.798311
GA	0.419603
GC	1.10982
GG	0.58605
GT	0.778369
TA	0.744651
TC	2.14051
TG	1.0436
TT	1.10924
