kmer	count
AA	0.773203
AC	1.93787
AG	1.07954
AT	1.32791
CA	0.463333
CC	1.22097
CG	0.486685
CT	0.844985
GA	0.396893
GC	1.0342
GG	0.60724
GT	0.848972
TA	0.659727
TC	2.12249
TG	1.07456
TT	1.20218
