kmer	count
AA	0.741228
AC	1.96842
AG	1.02799
AT	1.28345
CA	0.486009
CC	1.13844
CG	0.510628
CT	0.773048
GA	0.393776
GC	1.03545
GG	0.563379
GT	0.819677
TA	0.751358
TC	2.3504
TG	1.13614
TT	1.18269
