kmer	count
AA	0.764516
AC	1.9308
AG	1.13134
AT	1.24951
CA	0.436483
CC	1.09888
CG	0.477598
CT	0.718812
GA	0.368379
GC	1.01412
GG	0.590879
GT	0.776737
TA	0.919184
TC	2.3652
TG	1.19083
TT	1.18582
