kmer	count
AA	0.727777
AC	2.14382
AG	1.10087
AT	1.20872
CA	0.438635
CC	1.22623
CG	0.470617
CT	0.696667
GA	0.325722
GC	1.06703
GG	0.582319
GT	0.751039
TA	0.698381
TC	2.31686
TG	1.09148
TT	1.10778
