kmer	count
AA	0.724916
AC	2.03831
AG	1.11976
AT	1.0852
CA	0.400395
CC	1.1831
CG	0.470627
CT	0.663449
GA	0.351799
GC	1.12526
GG	0.547597
GT	0.681034
TA	0.800469
TC	2.5514
TG	1.18917
TT	1.17277
