kmer	count
AA	0.753082
AC	2.0571
AG	1.21787
AT	1.01552
CA	0.36316
CC	1.11822
CG	0.420072
CT	0.618351
GA	0.376948
GC	1.04064
GG	0.607036
GT	0.71131
TA	0.804118
TC	2.62928
TG	1.25726
TT	1.06648
