kmer	count
AA	0.706226
AC	2.08878
AG	1.1337
AT	1.09519
CA	0.355309
CC	1.19799
CG	0.495271
CT	0.74593
GA	0.337348
GC	1.08148
GG	0.593273
GT	0.729639
TA	0.730704
TC	2.47353
TG	1.21863
TT	1.06477
