kmer	count
AA	0.738567
AC	2.02005
AG	1.02808
AT	1.15623
CA	0.464779
CC	1.18735
CG	0.542968
CT	0.743272
GA	0.354065
GC	1.04057
GG	0.577245
GT	0.748319
TA	0.840099
TC	2.41355
TG	1.12998
TT	1.19555
