kmer	count
AA	0.747224
AC	1.97741
AG	1.06755
AT	1.1784
CA	0.462338
CC	1.14634
CG	0.482265
CT	0.769369
GA	0.391484
GC	1.06791
GG	0.652459
GT	0.758996
TA	0.815684
TC	2.34256
TG	1.13986
TT	1.08863
