kmer	count
AA	0.774278
AC	2.00333
AG	1.12733
AT	1.18065
CA	0.451919
CC	1.09474
CG	0.455961
CT	0.733085
GA	0.379309
GC	0.9911
GG	0.581665
GT	0.748996
TA	0.79412
TC	2.42586
TG	1.22165
TT	1.15816
