kmer	count
AA	0.677964
AC	2.00899
AG	0.973708
AT	1.27316
CA	0.552472
CC	1.21299
CG	0.534412
CT	0.762708
GA	0.396802
GC	1.04652
GG	0.610546
GT	0.783097
TA	0.754038
TC	2.16678
TG	1.06475
TT	1.18032
