kmer	count
AA	0.753944
AC	2.10207
AG	1.10282
AT	1.23098
CA	0.439162
CC	1.13085
CG	0.397405
CT	0.728224
GA	0.368371
GC	0.976608
GG	0.520231
GT	0.743146
TA	0.755286
TC	2.33007
TG	1.075
TT	1.25185
