kmer	count
AA	0.669567
AC	2.05084
AG	1.07924
AT	1.27828
CA	0.442931
CC	1.20635
CG	0.471848
CT	0.763193
GA	0.337701
GC	1.00566
GG	0.575496
GT	0.786544
TA	0.744324
TC	2.32366
TG	1.05517
TT	1.17579
