kmer	count
AA	0.821817
AC	2.08304
AG	1.11149
AT	1.21225
CA	0.474183
CC	1.06881
CG	0.417668
CT	0.732319
GA	0.371241
GC	0.997593
GG	0.536416
GT	0.766972
TA	0.775006
TC	2.45217
TG	1.1243
TT	1.22076
