kmer	count
AA	0.770936
AC	2.01106
AG	1.0606
AT	1.24615
CA	0.461991
CC	1.24534
CG	0.486515
CT	0.726572
GA	0.399277
GC	1.08906
GG	0.614789
GT	0.857838
TA	0.711857
TC	2.1764
TG	1.10376
TT	1.13801
