kmer	count
AA	0.696631
AC	1.91367
AG	0.967338
AT	1.14074
CA	0.619384
CC	1.24451
CG	0.607911
CT	0.722552
GA	0.440836
GC	1.05141
GG	0.607706
GT	0.704117
TA	0.892375
TC	2.21297
TG	1.1504
TT	1.06173
