kmer	count
AA	0.688369
AC	2.07489
AG	1.04369
AT	1.18645
CA	0.499048
CC	1.41227
CG	0.494643
CT	0.786814
GA	0.397947
GC	1.14867
GG	0.623424
GT	0.780652
TA	0.62663
TC	2.12426
TG	1.04977
TT	0.98041
