kmer	count
AA	0.723928
AC	2.02295
AG	1.04205
AT	1.26087
CA	0.435303
CC	1.23496
CG	0.462396
CT	0.733311
GA	0.405811
GC	0.997444
GG	0.581529
GT	0.716763
TA	0.695773
TC	2.38174
TG	1.11127
TT	1.123
