kmer	count
AA	0.6913
AC	2.17109
AG	1.02965
AT	1.23296
CA	0.437444
CC	1.32157
CG	0.438297
CT	0.723492
GA	0.365301
GC	1.14892
GG	0.588457
GT	0.797058
TA	0.665281
TC	2.32618
TG	0.992538
TT	1.0349
