kmer	count
AA	0.747224
AC	2.15868
AG	1.04471
AT	1.21367
CA	0.408261
CC	1.23793
CG	0.397535
CT	0.716818
GA	0.359761
GC	1.08339
GG	0.530505
GT	0.7637
TA	0.749549
TC	2.40508
TG	1.01656
TT	1.12934
