kmer	count
AA	0.814699
AC	1.95699
AG	1.08672
AT	1.15321
CA	0.499622
CC	1.05481
CG	0.506422
CT	0.710868
GA	0.422133
GC	0.933034
GG	0.609872
GT	0.708543
TA	0.910583
TC	2.34916
TG	1.24057
TT	1.22218
