kmer	count
AA	0.796683
AC	1.99416
AG	1.05839
AT	1.24506
CA	0.468307
CC	1.16986
CG	0.485064
CT	0.772825
GA	0.396842
GC	0.987896
GG	0.560994
GT	0.834723
TA	0.79881
TC	2.26388
TG	1.17228
TT	1.17694
