kmer	count
AA	0.75301
AC	2.06212
AG	1.05639
AT	1.13612
CA	0.48032
CC	1.18981
CG	0.496232
CT	0.722133
GA	0.406931
GC	1.03661
GG	0.617713
GT	0.798591
TA	0.733358
TC	2.40976
TG	1.09855
TT	1.09126
