kmer	count
AA	0.764399
AC	2.04456
AG	1.09175
AT	1.15213
CA	0.436572
CC	1.12742
CG	0.445344
CT	0.680063
GA	0.39645
GC	1.06658
GG	0.584519
GT	0.751176
TA	0.844698
TC	2.40707
TG	1.17073
TT	1.17358
