kmer	count
AA	0.752281
AC	2.09965
AG	0.999171
AT	1.17111
CA	0.466989
CC	1.25626
CG	0.459641
CT	0.745907
GA	0.364757
GC	1.06947
GG	0.520698
GT	0.776209
TA	0.758957
TC	2.41779
TG	1.08115
TT	1.20083
