kmer	count
AA	0.72892
AC	2.10084
AG	1.00832
AT	1.18597
CA	0.483903
CC	1.2601
CG	0.480805
CT	0.741652
GA	0.406024
GC	1.06683
GG	0.557538
GT	0.738428
TA	0.758795
TC	2.3182
TG	1.02453
TT	1.12247
