kmer	count
AA	0.723521
AC	2.04527
AG	1.08016
AT	1.2475
CA	0.486845
CC	1.16964
CG	0.478877
CT	0.764243
GA	0.363059
GC	1.07085
GG	0.607131
GT	0.792189
TA	0.733837
TC	2.23667
TG	1.10561
TT	1.05335
