kmer	count
AA	0.717419
AC	2.05705
AG	1.0719
AT	1.15784
CA	0.478598
CC	1.25864
CG	0.500479
CT	0.777659
GA	0.385764
GC	1.05485
GG	0.582406
GT	0.790457
TA	0.68715
TC	2.36249
TG	1.08938
TT	1.09909
