kmer	count
AA	0.720754
AC	2.00935
AG	1.04819
AT	1.27774
CA	0.437726
CC	1.23871
CG	0.508111
CT	0.797841
GA	0.36703
GC	1.02544
GG	0.590048
GT	0.786801
TA	0.725215
TC	2.24669
TG	1.06097
TT	1.13383
