kmer	count
AA	0.771736
AC	1.93995
AG	1.10035
AT	1.17436
CA	0.450601
CC	1.16484
CG	0.514869
CT	0.736584
GA	0.374789
GC	1.09606
GG	0.584614
GT	0.770231
TA	0.733539
TC	2.3782
TG	1.12638
TT	1.15694
