kmer	count
AA	0.733406
AC	2.01054
AG	1.05399
AT	1.31216
CA	0.430504
CC	1.20277
CG	0.494717
CT	0.784586
GA	0.385639
GC	1.08822
GG	0.566687
GT	0.801458
TA	0.678022
TC	2.2331
TG	1.06798
TT	1.12877
