kmer	count
AA	0.715649
AC	2.08181
AG	1.10101
AT	1.14493
CA	0.444586
CC	1.14937
CG	0.519165
CT	0.715307
GA	0.363086
GC	1.051
GG	0.589447
GT	0.751876
TA	0.753508
TC	2.35822
TG	1.13107
TT	1.11269
