kmer	count
AA	0.766248
AC	1.99504
AG	1.05277
AT	1.22978
CA	0.423724
CC	1.13625
CG	0.492617
CT	0.739917
GA	0.37756
GC	1.062
GG	0.564263
GT	0.740564
TA	0.844633
TC	2.43656
TG	1.11626
TT	1.22525
