kmer	count
AA	0.730052
AC	2.03895
AG	1.12092
AT	1.2915
CA	0.471462
CC	1.21553
CG	0.551968
CT	0.73481
GA	0.386817
GC	1.02971
GG	0.584521
GT	0.763467
TA	0.712667
TC	2.1689
TG	1.09223
TT	1.09438
