kmer	count
AA	0.710848
AC	2.05926
AG	1.09509
AT	1.23676
CA	0.456715
CC	1.15955
CG	0.508973
CT	0.713254
GA	0.363526
GC	1.06241
GG	0.576473
GT	0.773793
TA	0.739285
TC	2.34139
TG	1.11868
TT	1.08172
