kmer	count
AA	0.708869
AC	2.10732
AG	1.04111
AT	1.25094
CA	0.475867
CC	1.22754
CG	0.511669
CT	0.8146
GA	0.37943
GC	1.08261
GG	0.610542
GT	0.794441
TA	0.709242
TC	2.15618
TG	1.05555
TT	1.0616
