kmer	count
AA	0.766156
AC	2.03155
AG	0.924809
AT	1.27324
CA	0.494146
CC	1.28946
CG	0.463078
CT	0.788917
GA	0.399957
GC	1.04433
GG	0.572257
GT	0.769061
TA	0.822599
TC	2.29041
TG	0.981882
TT	1.09695
