kmer	count
AA	0.721146
AC	1.86671
AG	1.07472
AT	1.17772
CA	0.441018
CC	1.21755
CG	0.502216
CT	0.810776
GA	0.377132
GC	1.07051
GG	0.614872
GT	0.77827
TA	0.759453
TC	2.26745
TG	1.21069
TT	1.15576
