kmer	count
AA	0.733942
AC	2.1249
AG	1.04902
AT	1.1244
CA	0.437032
CC	1.27607
CG	0.440985
CT	0.71034
GA	0.361714
GC	1.16608
GG	0.542641
GT	0.712361
TA	0.76223
TC	2.50971
TG	1.0304
TT	1.1069
