kmer	count
AA	0.719147
AC	2.03726
AG	1.13392
AT	1.20899
CA	0.4845
CC	1.23655
CG	0.551158
CT	0.740599
GA	0.415171
GC	1.04522
GG	0.587707
GT	0.771851
TA	0.707058
TC	2.27394
TG	1.10335
TT	1.0905
