kmer	count
AA	0.717572
AC	2.03023
AG	1.03349
AT	1.28905
CA	0.460943
CC	1.1513
CG	0.487635
CT	0.772712
GA	0.407213
GC	1.04951
GG	0.57854
GT	0.803919
TA	0.723385
TC	2.3165
TG	1.05927
TT	1.1093
