kmer	count
AA	0.809046
AC	2.07222
AG	1.03164
AT	1.27935
CA	0.478716
CC	1.19974
CG	0.432038
CT	0.767611
GA	0.404958
GC	1.02316
GG	0.515655
GT	0.810067
TA	0.753976
TC	2.31881
TG	1.11886
TT	1.13358
