kmer	count
AA	0.739604
AC	2.09748
AG	1.02276
AT	1.27359
CA	0.462003
CC	1.21372
CG	0.435499
CT	0.756598
GA	0.374034
GC	1.13244
GG	0.556578
GT	0.754979
TA	0.708057
TC	2.26304
TG	1.01358
TT	1.14739
