kmer	count
AA	0.795487
AC	1.95742
AG	1.01434
AT	1.32736
CA	0.468852
CC	1.13865
CG	0.43794
CT	0.773068
GA	0.413528
GC	1.0219
GG	0.54346
GT	0.817342
TA	0.803398
TC	2.33755
TG	1.099
TT	1.23231
