kmer	count
AA	0.687086
AC	2.06872
AG	1.03835
AT	1.3285
CA	0.42092
CC	1.17843
CG	0.533401
CT	0.761672
GA	0.365177
GC	0.999296
GG	0.531993
GT	0.801053
TA	0.805215
TC	2.29395
TG	1.04065
TT	1.21626
