kmer	count
AA	0.775864
AC	2.17371
AG	1.08479
AT	1.27536
CA	0.46895
CC	1.16269
CG	0.458156
CT	0.700442
GA	0.41782
GC	0.9976
GG	0.538026
GT	0.772152
TA	0.754782
TC	2.33443
TG	1.11307
TT	1.16139
