kmer	count
AA	0.800113
AC	1.95209
AG	1.21073
AT	1.10943
CA	0.426416
CC	1.10976
CG	0.457737
CT	0.716724
GA	0.378687
GC	1.03141
GG	0.628806
GT	0.725576
TA	0.829156
TC	2.34052
TG	1.2599
TT	1.07754
