kmer	count
AA	0.695203
AC	1.74155
AG	0.795154
AT	1.13827
CA	0.898889
CC	1.1922
CG	0.60876
CT	0.765504
GA	0.578404
GC	0.888971
GG	0.646339
GT	0.690948
TA	1.22706
TC	2.09708
TG	1.22131
TT	1.05669
