kmer	count
AA	0.75311
AC	1.97572
AG	1.01972
AT	1.32058
CA	0.445349
CC	1.19517
CG	0.439548
CT	0.80028
GA	0.422858
GC	1.01315
GG	0.633958
GT	0.896914
TA	0.763089
TC	2.16117
TG	1.0704
TT	1.21215
