kmer	count
AA	0.807872
AC	1.96656
AG	1.0505
AT	1.34831
CA	0.490438
CC	1.08889
CG	0.485864
CT	0.781096
GA	0.431192
GC	1.00007
GG	0.566476
GT	0.855843
TA	0.863661
TC	2.2745
TG	1.09996
TT	1.14006
