kmer	count
AA	0.70078
AC	2.05487
AG	1.08282
AT	1.18631
CA	0.467525
CC	1.1739
CG	0.454839
CT	0.713926
GA	0.36867
GC	1.06739
GG	0.63571
GT	0.724552
TA	0.67855
TC	2.25263
TG	1.21394
TT	1.10405
