kmer	count
AA	0.666528
AC	2.11628
AG	1.0147
AT	1.13095
CA	0.47583
CC	1.35071
CG	0.537467
CT	0.722841
GA	0.3887
GC	1.11096
GG	0.583713
GT	0.729685
TA	0.717641
TC	2.39301
TG	1.06511
TT	1.00657
