kmer	count
AA	0.769161
AC	2.10048
AG	1.07878
AT	1.26609
CA	0.426829
CC	1.11358
CG	0.438396
CT	0.726337
GA	0.386346
GC	1.055
GG	0.556333
GT	0.748444
TA	0.773678
TC	2.38478
TG	1.1291
TT	1.21348
