kmer	count
AA	0.503385
AC	1.96464
AG	0.736538
AT	1.41069
CA	0.404313
CC	1.21221
CG	0.411772
CT	0.765608
GA	0.351468
GC	1.02451
GG	0.531627
GT	0.89528
TA	0.79637
TC	2.65244
TG	1.21732
TT	1.40766
