kmer	count
AA	0.767464
AC	1.97256
AG	1.15609
AT	1.21426
CA	0.435917
CC	1.18155
CG	0.477775
CT	0.71299
GA	0.426101
GC	0.989918
GG	0.607698
GT	0.779652
TA	0.773578
TC	2.23266
TG	1.19746
TT	1.15986
