kmer	count
AA	0.732035
AC	2.00399
AG	1.17162
AT	1.15604
CA	0.437704
CC	1.12553
CG	0.520911
CT	0.668639
GA	0.366014
GC	1.05426
GG	0.602226
GT	0.739569
TA	0.739023
TC	2.35326
TG	1.2727
TT	1.16672
