kmer	count
AA	0.734718
AC	2.00581
AG	1.10523
AT	1.26445
CA	0.47334
CC	1.14205
CG	0.496952
CT	0.756119
GA	0.389218
GC	0.982591
GG	0.618967
GT	0.721447
TA	0.758895
TC	2.18489
TG	1.16188
TT	1.13118
