kmer	count
AA	0.764591
AC	2.1227
AG	1.04646
AT	1.21201
CA	0.456161
CC	1.24841
CG	0.481439
CT	0.655549
GA	0.369585
GC	1.05237
GG	0.609281
GT	0.680738
TA	0.740873
TC	2.30998
TG	1.11739
TT	1.09379
