kmer	count
AA	0.700664
AC	2.0882
AG	1.04129
AT	1.13641
CA	0.478036
CC	1.21635
CG	0.472697
CT	0.696202
GA	0.392981
GC	1.09814
GG	0.576228
GT	0.717076
TA	0.76357
TC	2.42399
TG	1.09616
TT	1.06457
