kmer	count
AA	0.734265
AC	2.04669
AG	1.04226
AT	1.30617
CA	0.466172
CC	1.20426
CG	0.484858
CT	0.780831
GA	0.371447
GC	1.03121
GG	0.574873
GT	0.797001
TA	0.721268
TC	2.22261
TG	1.0706
TT	1.11948
