kmer	count
AA	0.776006
AC	2.04261
AG	1.13174
AT	1.17632
CA	0.428832
CC	1.1314
CG	0.453305
CT	0.711382
GA	0.375486
GC	1.05202
GG	0.578857
GT	0.766519
TA	0.766593
TC	2.37851
TG	1.17708
TT	1.15927
