kmer	count
AA	0.756048
AC	2.23847
AG	0.876786
AT	1.18095
CA	0.476418
CC	1.33792
CG	0.441238
CT	0.68283
GA	0.410386
GC	1.19107
GG	0.515872
GT	0.727556
TA	0.860407
TC	2.38609
TG	0.97447
TT	1.01646
