kmer	count
AA	0.740064
AC	1.94809
AG	1.0211
AT	1.44445
CA	0.495433
CC	1.30012
CG	0.464864
CT	0.852913
GA	0.406593
GC	1.03184
GG	0.535293
GT	0.911582
TA	0.701566
TC	1.97994
TG	0.983843
TT	1.14334
