kmer	count
AA	0.653972
AC	1.84777
AG	1.02414
AT	1.19473
CA	0.597365
CC	1.23012
CG	0.560897
CT	0.74167
GA	0.417949
GC	0.981188
GG	0.658251
GT	0.737311
TA	0.86556
TC	2.16383
TG	1.19157
TT	1.08833
