kmer	count
AA	0.690737
AC	2.11097
AG	1.08687
AT	1.23904
CA	0.46718
CC	1.18827
CG	0.47807
CT	0.750389
GA	0.394037
GC	1.11584
GG	0.560234
GT	0.79075
TA	0.733977
TC	2.34639
TG	1.09296
TT	1.08015
