kmer	count
AA	0.74254
AC	2.0203
AG	1.05167
AT	1.20628
CA	0.477186
CC	1.20389
CG	0.475087
CT	0.703671
GA	0.39918
GC	1.09787
GG	0.542599
GT	0.753668
TA	0.762539
TC	2.36376
TG	1.07716
TT	1.10029
