kmer	count
AA	0.731656
AC	1.97695
AG	1.03609
AT	1.18885
CA	0.504912
CC	1.24136
CG	0.484872
CT	0.739638
GA	0.405445
GC	1.05168
GG	0.603981
GT	0.765766
TA	0.806971
TC	2.34888
TG	1.08688
TT	1.13709
