kmer	count
AA	0.729633
AC	2.11196
AG	1.02307
AT	1.19662
CA	0.443485
CC	1.23797
CG	0.491484
CT	0.733015
GA	0.37218
GC	1.11365
GG	0.562492
GT	0.75614
TA	0.730667
TC	2.34138
TG	1.04353
TT	1.11189
