kmer	count
AA	0.743151
AC	1.97652
AG	0.968122
AT	1.30859
CA	0.492497
CC	1.20476
CG	0.513164
CT	0.74155
GA	0.406195
GC	1.00851
GG	0.57198
GT	0.791439
TA	0.771359
TC	2.27612
TG	1.0938
TT	1.14199
