kmer	count
AA	0.695117
AC	2.08685
AG	1.09377
AT	1.21662
CA	0.473969
CC	1.20029
CG	0.521396
CT	0.781129
GA	0.364357
GC	1.05894
GG	0.583103
GT	0.763931
TA	0.675294
TC	2.24708
TG	1.13599
TT	1.04829
