kmer	count
AA	0.789305
AC	1.94102
AG	1.07098
AT	1.29483
CA	0.443461
CC	1.09823
CG	0.438206
CT	0.765176
GA	0.38131
GC	1.00777
GG	0.532906
GT	0.83405
TA	0.772952
TC	2.27954
TG	1.09133
TT	1.20202
