kmer	count
AA	0.72526
AC	2.10852
AG	1.07942
AT	1.22229
CA	0.412294
CC	1.2354
CG	0.504615
CT	0.723747
GA	0.369701
GC	1.101
GG	0.59348
GT	0.74304
TA	0.717362
TC	2.29514
TG	1.06475
TT	1.08898
