kmer	count
AA	0.752457
AC	2.08668
AG	1.02305
AT	1.1939
CA	0.440574
CC	1.17187
CG	0.428151
CT	0.689758
GA	0.389625
GC	1.07539
GG	0.620832
GT	0.732968
TA	0.756053
TC	2.35433
TG	1.11879
TT	1.10084
