kmer	count
AA	0.698638
AC	2.04898
AG	1.11043
AT	1.28629
CA	0.443081
CC	1.23181
CG	0.458267
CT	0.825226
GA	0.361643
GC	1.05359
GG	0.549551
GT	0.812993
TA	0.655778
TC	2.24784
TG	1.14325
TT	1.1598
