kmer	count
AA	0.740119
AC	1.98994
AG	1.08908
AT	1.28622
CA	0.465556
CC	1.18955
CG	0.460428
CT	0.776207
GA	0.377218
GC	0.990355
GG	0.563505
GT	0.834835
TA	0.76097
TC	2.21743
TG	1.07838
TT	1.12645
