kmer	count
AA	0.828932
AC	1.98876
AG	1.0785
AT	1.24269
CA	0.486709
CC	1.12478
CG	0.431491
CT	0.692053
GA	0.400691
GC	1.03781
GG	0.561156
GT	0.793586
TA	0.852973
TC	2.30428
TG	1.17198
TT	1.19634
