kmer	count
AA	0.757947
AC	1.99959
AG	1.03264
AT	1.25774
CA	0.444682
CC	1.14456
CG	0.437071
CT	0.700575
GA	0.351055
GC	1.00061
GG	0.530361
GT	0.762574
TA	0.921164
TC	2.52578
TG	1.07653
TT	1.31908
