kmer	count
AA	0.773532
AC	2.02673
AG	1.08913
AT	1.31582
CA	0.459842
CC	1.12632
CG	0.472407
CT	0.684004
GA	0.399101
GC	1.00234
GG	0.552583
GT	0.756109
TA	0.831779
TC	2.36887
TG	1.18732
TT	1.19079
