kmer	count
AA	0.726032
AC	1.96668
AG	1.09947
AT	1.23581
CA	0.459928
CC	1.18787
CG	0.47751
CT	0.798216
GA	0.381705
GC	1.0648
GG	0.606319
GT	0.766689
TA	0.730917
TC	2.213
TG	1.06462
TT	1.13779
