kmer	count
AA	0.739323
AC	2.09268
AG	1.08612
AT	1.08164
CA	0.454105
CC	1.22927
CG	0.540414
CT	0.702224
GA	0.401609
GC	1.05089
GG	0.610227
GT	0.723911
TA	0.776371
TC	2.39103
TG	1.15857
TT	1.03994
