kmer	count
AA	0.664661
AC	1.90188
AG	1.05629
AT	1.30015
CA	0.468301
CC	1.25429
CG	0.536974
CT	0.785931
GA	0.381653
GC	1.02247
GG	0.604047
GT	0.819093
TA	0.730915
TC	2.20085
TG	1.21327
TT	1.16419
