kmer	count
AA	0.755243
AC	2.05424
AG	1.0703
AT	1.1763
CA	0.505876
CC	1.24258
CG	0.484467
CT	0.700629
GA	0.398667
GC	1.01724
GG	0.586141
GT	0.745884
TA	0.796435
TC	2.30648
TG	1.09001
TT	1.02951
