kmer	count
AA	0.746331
AC	2.07898
AG	0.984398
AT	1.22426
CA	0.450889
CC	1.23366
CG	0.464617
CT	0.724737
GA	0.39834
GC	1.07548
GG	0.557331
GT	0.744313
TA	0.769359
TC	2.42115
TG	1.03921
TT	1.09071
