kmer	count
AA	0.753746
AC	1.94718
AG	1.08004
AT	1.19405
CA	0.521778
CC	1.11384
CG	0.438632
CT	0.748243
GA	0.386539
GC	1.00019
GG	0.571602
GT	0.794863
TA	0.804442
TC	2.36893
TG	1.17327
TT	1.2188
