kmer	count
AA	0.703748
AC	2.17514
AG	0.937783
AT	1.35292
CA	0.48319
CC	1.27113
CG	0.386287
CT	0.781644
GA	0.371161
GC	1.12454
GG	0.566103
GT	0.847695
TA	0.694469
TC	2.18797
TG	0.97111
TT	1.1229
