kmer	count
AA	0.671635
AC	1.97415
AG	1.03616
AT	1.24178
CA	0.453635
CC	1.23374
CG	0.492811
CT	0.750517
GA	0.370763
GC	1.07788
GG	0.578572
GT	0.793719
TA	0.746442
TC	2.28721
TG	1.07738
TT	1.18605
