kmer	count
AA	0.7569
AC	2.10365
AG	1.04864
AT	1.25133
CA	0.42978
CC	1.2551
CG	0.479673
CT	0.748344
GA	0.393794
GC	1.05638
GG	0.616973
GT	0.76541
TA	0.728082
TC	2.3247
TG	1.04437
TT	1.11534
