kmer	count
AA	0.470101
AC	1.99118
AG	0.731639
AT	1.37526
CA	0.423345
CC	1.3744
CG	0.431369
CT	0.764567
GA	0.309842
GC	1.10793
GG	0.539872
GT	0.898547
TA	0.699653
TC	2.4382
TG	1.1272
TT	1.32647
