kmer	count
AA	0.772605
AC	2.06614
AG	1.11562
AT	1.19488
CA	0.428938
CC	1.18938
CG	0.4654
CT	0.683686
GA	0.353467
GC	1.02098
GG	0.558676
GT	0.723242
TA	0.76931
TC	2.38901
TG	1.07939
TT	1.14414
