kmer	count
AA	0.66356
AC	2.13471
AG	1.03462
AT	1.19114
CA	0.391474
CC	1.26567
CG	0.472229
CT	0.74447
GA	0.376067
GC	1.13562
GG	0.570031
GT	0.784621
TA	0.741394
TC	2.43982
TG	1.03832
TT	1.11687
