kmer	count
AA	0.700856
AC	2.07512
AG	1.13372
AT	1.21635
CA	0.419607
CC	1.25965
CG	0.470329
CT	0.727617
GA	0.355733
GC	1.06046
GG	0.566471
GT	0.736158
TA	0.656077
TC	2.36168
TG	1.05736
TT	1.12798
