kmer	count
AA	0.748027
AC	1.89626
AG	1.12429
AT	1.18036
CA	0.467561
CC	1.11625
CG	0.521726
CT	0.676119
GA	0.387985
GC	1.07102
GG	0.667536
GT	0.750981
TA	0.760427
TC	2.36672
TG	1.21259
TT	1.11875
