kmer	count
AA	0.736996
AC	2.14821
AG	1.06928
AT	1.10179
CA	0.43754
CC	1.26019
CG	0.491771
CT	0.662807
GA	0.352132
GC	1.12508
GG	0.563196
GT	0.692918
TA	0.788058
TC	2.47669
TG	1.11677
TT	1.09021
