kmer	count
AA	0.716555
AC	2.01121
AG	1.06704
AT	1.15393
CA	0.464819
CC	1.22924
CG	0.497246
CT	0.776815
GA	0.367298
GC	1.06035
GG	0.598947
GT	0.802468
TA	0.73764
TC	2.27029
TG	1.12581
TT	1.06337
