kmer	count
AA	0.665762
AC	2.05599
AG	1.06751
AT	1.17583
CA	0.50074
CC	1.32356
CG	0.48975
CT	0.880378
GA	0.427347
GC	1.14356
GG	0.629282
GT	0.809693
TA	0.567035
TC	2.08347
TG	1.03023
TT	1.02872
