kmer	count
AA	0.747342
AC	2.01052
AG	1.10762
AT	1.16531
CA	0.467028
CC	1.17372
CG	0.513393
CT	0.707731
GA	0.36444
GC	0.961172
GG	0.585962
GT	0.698299
TA	0.785861
TC	2.34455
TG	1.17194
TT	1.13503
