kmer	count
AA	0.723739
AC	2.08425
AG	1.0575
AT	1.10533
CA	0.444845
CC	1.18256
CG	0.417866
CT	0.723147
GA	0.380478
GC	1.01801
GG	0.55488
GT	0.720412
TA	0.832964
TC	2.59562
TG	1.1181
TT	1.1825
