kmer	count
AA	0.80425
AC	1.93975
AG	1.07072
AT	1.19023
CA	0.498448
CC	1.13289
CG	0.441705
CT	0.757303
GA	0.425341
GC	1.00705
GG	0.553338
GT	0.770245
TA	0.932979
TC	2.25281
TG	1.2195
TT	1.16302
