kmer	count
AA	0.70054
AC	1.89879
AG	1.15354
AT	1.18011
CA	0.459032
CC	1.13018
CG	0.487128
CT	0.722571
GA	0.404275
GC	0.966689
GG	0.632459
GT	0.755604
TA	0.822497
TC	2.36579
TG	1.21785
TT	1.21953
