kmer	count
AA	0.547631
AC	1.50794
AG	0.797435
AT	0.88427
CA	0.903608
CC	1.28827
CG	0.908114
CT	0.675824
GA	0.681252
GC	1.04792
GG	0.862894
GT	0.784934
TA	1.0953
TC	1.95888
TG	1.23934
TT	0.902773
