kmer	count
AA	0.780218
AC	1.93101
AG	1.11556
AT	1.24137
CA	0.50312
CC	1.09097
CG	0.492907
CT	0.704377
GA	0.387091
GC	0.958376
GG	0.614142
GT	0.757822
TA	0.881076
TC	2.36911
TG	1.19643
TT	1.15285
