kmer	count
AA	0.707185
AC	1.96979
AG	1.03816
AT	1.16606
CA	0.489164
CC	1.21917
CG	0.513237
CT	0.736619
GA	0.399325
GC	1.11942
GG	0.576193
GT	0.765725
TA	0.796295
TC	2.38023
TG	1.13772
TT	1.10499
