kmer	count
AA	0.821217
AC	1.96798
AG	1.05043
AT	1.26962
CA	0.491251
CC	1.12737
CG	0.432547
CT	0.716798
GA	0.406227
GC	0.990831
GG	0.571653
GT	0.817563
TA	0.870177
TC	2.1936
TG	1.19577
TT	1.28193
