kmer	count
AA	0.7545
AC	1.94968
AG	1.18682
AT	1.35139
CA	0.411657
CC	1.07512
CG	0.516905
CT	0.75081
GA	0.322033
GC	0.891462
GG	0.664407
GT	0.818523
TA	0.756868
TC	2.34495
TG	1.14774
TT	1.25421
