kmer	count
AA	0.705726
AC	2.1572
AG	0.980203
AT	1.30272
CA	0.409551
CC	1.31643
CG	0.377512
CT	0.779212
GA	0.353575
GC	1.16932
GG	0.540126
GT	0.795465
TA	0.703955
TC	2.25822
TG	1.03195
TT	1.07576
