kmer	count
AA	0.686669
AC	2.09288
AG	1.05794
AT	1.20661
CA	0.459536
CC	1.27626
CG	0.482382
CT	0.762748
GA	0.384235
GC	1.11705
GG	0.576802
GT	0.767566
TA	0.692278
TC	2.27974
TG	1.04534
TT	1.06522
