kmer	count
AA	0.623971
AC	1.84011
AG	0.793171
AT	0.895062
CA	0.904405
CC	1.23849
CG	0.772809
CT	0.625644
GA	0.594402
GC	0.905781
GG	0.742917
GT	0.653185
TA	1.13551
TC	2.25142
TG	1.31356
TT	0.884104
