kmer	count
AA	0.689987
AC	1.93791
AG	1.0354
AT	1.31417
CA	0.499889
CC	1.19595
CG	0.514377
CT	0.804061
GA	0.387129
GC	1.03368
GG	0.601337
GT	0.81651
TA	0.740063
TC	2.17934
TG	1.1085
TT	1.10814
