kmer	count
AA	0.777331
AC	2.1244
AG	1.09856
AT	1.3082
CA	0.41983
CC	1.07706
CG	0.471648
CT	0.753851
GA	0.398353
GC	0.977788
GG	0.51342
GT	0.796283
TA	0.772068
TC	2.4111
TG	1.11869
TT	1.22804
