kmer	count
AA	0.737752
AC	2.06228
AG	1.02201
AT	1.21818
CA	0.498034
CC	1.20381
CG	0.546364
CT	0.73288
GA	0.398986
GC	1.02642
GG	0.573642
GT	0.758618
TA	0.748019
TC	2.29079
TG	1.06986
TT	1.1269
