kmer	count
AA	0.815445
AC	1.9078
AG	1.15124
AT	1.23076
CA	0.448702
CC	1.07236
CG	0.487241
CT	0.643098
GA	0.372457
GC	1.01983
GG	0.621422
GT	0.723458
TA	0.768483
TC	2.36762
TG	1.22109
TT	1.25753
