kmer	count
AA	0.819441
AC	1.95245
AG	1.17468
AT	1.1373
CA	0.498154
CC	1.09209
CG	0.509721
CT	0.7438
GA	0.386597
GC	0.946244
GG	0.589335
GT	0.668694
TA	0.793473
TC	2.3654
TG	1.26528
TT	1.14053
