kmer	count
AA	0.709001
AC	2.18112
AG	1.06528
AT	1.14286
CA	0.426203
CC	1.24062
CG	0.461927
CT	0.688147
GA	0.346463
GC	1.09391
GG	0.551003
GT	0.715444
TA	0.732582
TC	2.4351
TG	1.06646
TT	1.11969
