kmer	count
AA	0.746939
AC	2.11393
AG	0.9998
AT	1.2257
CA	0.473955
CC	1.28921
CG	0.41397
CT	0.717275
GA	0.389424
GC	1.07226
GG	0.547633
GT	0.779098
TA	0.781374
TC	2.32275
TG	0.981562
TT	1.11285
