kmer	count
AA	0.722948
AC	2.09357
AG	1.01333
AT	1.14826
CA	0.450851
CC	1.26285
CG	0.509562
CT	0.704369
GA	0.379409
GC	1.11124
GG	0.580583
GT	0.738349
TA	0.715675
TC	2.44134
TG	1.06286
TT	1.06325
