kmer	count
AA	0.740515
AC	2.04793
AG	1.18388
AT	1.21582
CA	0.427455
CC	1.13351
CG	0.482472
CT	0.695044
GA	0.364175
GC	1.06888
GG	0.587214
GT	0.748688
TA	0.819498
TC	2.29598
TG	1.1972
TT	1.12618
