kmer	count
AA	0.836488
AC	1.94342
AG	1.13326
AT	1.26315
CA	0.417998
CC	1.12553
CG	0.518207
CT	0.737544
GA	0.395662
GC	0.961749
GG	0.54187
GT	0.794164
TA	0.839112
TC	2.34045
TG	1.16715
TT	1.21187
