kmer	count
AA	0.786539
AC	1.88853
AG	1.00236
AT	1.35192
CA	0.534703
CC	1.17273
CG	0.52075
CT	0.889825
GA	0.489244
GC	1.09534
GG	0.591041
GT	0.904334
TA	0.795197
TC	1.9902
TG	1.02663
TT	1.11817
