kmer	count
AA	0.695079
AC	2.0315
AG	1.0311
AT	1.20751
CA	0.518971
CC	1.30566
CG	0.526912
CT	0.798541
GA	0.406966
GC	1.11746
GG	0.589645
GT	0.872027
TA	0.703955
TC	2.09042
TG	1.10147
TT	1.07955
