kmer	count
AA	0.712386
AC	2.14451
AG	1.01759
AT	1.23294
CA	0.476121
CC	1.24138
CG	0.493621
CT	0.722967
GA	0.393363
GC	1.10996
GG	0.563088
GT	0.748157
TA	0.724057
TC	2.3277
TG	1.03806
TT	1.06054
