kmer	count
AA	0.752554
AC	2.06356
AG	1.07296
AT	1.12916
CA	0.445939
CC	1.1986
CG	0.50294
CT	0.747729
GA	0.368177
GC	1.018
GG	0.595365
GT	0.7838
TA	0.793247
TC	2.38396
TG	1.14562
TT	1.10655
