kmer	count
AA	0.56573
AC	1.46413
AG	0.744071
AT	0.88999
CA	0.991447
CC	1.38042
CG	0.851662
CT	0.695572
GA	0.726087
GC	1.08475
GG	0.900447
GT	0.726111
TA	1.05201
TC	1.91442
TG	1.2278
TT	0.841163
