kmer	count
AA	0.743383
AC	1.95051
AG	1.18716
AT	1.07919
CA	0.413244
CC	1.12202
CG	0.51717
CT	0.74662
GA	0.405624
GC	0.935435
GG	0.673497
GT	0.794539
TA	0.817578
TC	2.36201
TG	1.19435
TT	1.1604
