kmer	count
AA	0.605339
AC	1.69326
AG	0.838527
AT	1.04169
CA	0.923121
CC	1.31634
CG	0.736647
CT	0.661347
GA	0.53748
GC	0.982097
GG	0.7158
GT	0.657767
TA	1.01435
TC	2.06338
TG	1.27216
TT	0.981742
