kmer	count
AA	0.660748
AC	2.13786
AG	1.00065
AT	1.15808
CA	0.438014
CC	1.32514
CG	0.524648
CT	0.791123
GA	0.378393
GC	1.21172
GG	0.621206
GT	0.822003
TA	0.577224
TC	2.23183
TG	1.07463
TT	1.02649
