kmer	count
AA	0.71556
AC	2.02372
AG	1.01466
AT	1.20288
CA	0.456459
CC	1.35415
CG	0.509686
CT	0.82046
GA	0.431965
GC	1.17979
GG	0.645517
GT	0.859195
TA	0.581912
TC	2.17889
TG	1.0092
TT	0.96988
