kmer	count
AA	0.770345
AC	1.99487
AG	1.0524
AT	1.24607
CA	0.467243
CC	1.19963
CG	0.440474
CT	0.725148
GA	0.360434
GC	1.11953
GG	0.532789
GT	0.723594
TA	0.79327
TC	2.50823
TG	1.06554
TT	1.14513
