kmer	count
AA	0.798386
AC	2.0442
AG	1.10861
AT	1.15392
CA	0.479833
CC	1.0872
CG	0.438465
CT	0.710334
GA	0.427722
GC	0.985975
GG	0.547233
GT	0.695403
TA	0.861374
TC	2.46042
TG	1.12828
TT	1.26444
