kmer	count
AA	0.783711
AC	2.04727
AG	1.09634
AT	1.16105
CA	0.457952
CC	1.16966
CG	0.435774
CT	0.707664
GA	0.38377
GC	1.06893
GG	0.606169
GT	0.798486
TA	0.798392
TC	2.36374
TG	1.11334
TT	1.10636
