kmer	count
AA	0.694866
AC	2.05505
AG	0.997488
AT	1.34968
CA	0.483894
CC	1.34166
CG	0.393931
CT	0.862957
GA	0.438403
GC	1.14116
GG	0.579129
GT	0.87502
TA	0.667308
TC	1.98274
TG	0.954336
TT	1.09021
