kmer	count
AA	0.697484
AC	2.05987
AG	1.02705
AT	1.17817
CA	0.484091
CC	1.24405
CG	0.483433
CT	0.743564
GA	0.391242
GC	1.10675
GG	0.579966
GT	0.760709
TA	0.735878
TC	2.34039
TG	1.03422
TT	1.09897
