kmer	count
AA	0.489595
AC	1.30251
AG	0.668941
AT	0.835826
CA	1.22807
CC	1.43903
CG	0.960786
CT	0.741077
GA	0.661053
GC	0.970158
GG	0.797628
GT	0.623835
TA	1.25304
TC	2.05505
TG	1.26783
TT	0.842284
