kmer	count
AA	0.750265
AC	2.04242
AG	1.06501
AT	1.23553
CA	0.449367
CC	1.20195
CG	0.389212
CT	0.738093
GA	0.368729
GC	1.03866
GG	0.599417
GT	0.725219
TA	0.764507
TC	2.28385
TG	1.10402
TT	1.13171
