kmer	count
AA	0.69779
AC	2.14043
AG	1.00461
AT	1.28946
CA	0.444704
CC	1.35018
CG	0.426906
CT	0.809428
GA	0.362712
GC	1.13564
GG	0.56783
GT	0.847733
TA	0.656661
TC	2.20432
TG	0.978982
TT	1.04559
