kmer	count
AA	0.730846
AC	2.01471
AG	1.04457
AT	1.18017
CA	0.450169
CC	1.23316
CG	0.462853
CT	0.778124
GA	0.386288
GC	1.12691
GG	0.575478
GT	0.765406
TA	0.735353
TC	2.28582
TG	1.06181
TT	1.10874
