kmer	count
AA	0.670939
AC	1.74998
AG	1.01137
AT	1.27482
CA	0.562037
CC	1.25646
CG	0.626657
CT	1.09509
GA	0.464361
GC	1.11342
GG	0.638759
GT	1.01099
TA	0.688821
TC	1.82438
TG	1.00204
TT	1.03442
