kmer	count
AA	0.733579
AC	1.97854
AG	1.10484
AT	1.19974
CA	0.515097
CC	1.16453
CG	0.493461
CT	0.695797
GA	0.367097
GC	0.968618
GG	0.614919
GT	0.741037
TA	0.836944
TC	2.23442
TG	1.22418
TT	1.23834
