kmer	count
AA	0.695014
AC	2.16773
AG	1.11827
AT	1.32578
CA	0.42756
CC	1.13742
CG	0.444591
CT	0.730287
GA	0.347484
GC	1.07204
GG	0.59185
GT	0.742051
TA	0.71584
TC	2.26567
TG	1.04715
TT	1.15026
