kmer	count
AA	0.785823
AC	1.98417
AG	1.16672
AT	1.14541
CA	0.480794
CC	1.08543
CG	0.44877
CT	0.695481
GA	0.41121
GC	0.976525
GG	0.546307
GT	0.778384
TA	0.896559
TC	2.37031
TG	1.19699
TT	1.20309
