kmer	count
AA	0.715938
AC	2.10946
AG	1.07648
AT	1.14672
CA	0.453404
CC	1.24299
CG	0.457813
CT	0.69494
GA	0.370043
GC	1.10214
GG	0.548355
GT	0.713107
TA	0.704301
TC	2.4454
TG	1.06913
TT	1.08541
