kmer	count
AA	0.786394
AC	1.90573
AG	1.07861
AT	1.19057
CA	0.489168
CC	1.13837
CG	0.45556
CT	0.779073
GA	0.386036
GC	0.98668
GG	0.587868
GT	0.799773
TA	0.814277
TC	2.3967
TG	1.151
TT	1.18715
