kmer	count
AA	0.763789
AC	1.9687
AG	1.04291
AT	1.28458
CA	0.47858
CC	1.14126
CG	0.490134
CT	0.833839
GA	0.377193
GC	1.00515
GG	0.557438
GT	0.762287
TA	0.775392
TC	2.23128
TG	1.05986
TT	1.18507
