kmer	count
AA	0.801013
AC	1.9431
AG	1.09224
AT	1.17422
CA	0.44139
CC	1.13352
CG	0.522593
CT	0.758714
GA	0.427356
GC	1.01154
GG	0.609644
GT	0.769295
TA	0.833984
TC	2.2854
TG	1.18807
TT	1.16251
