kmer	count
AA	0.6929
AC	2.0558
AG	0.998592
AT	1.28834
CA	0.448134
CC	1.28257
CG	0.530878
CT	0.850319
GA	0.407132
GC	1.13729
GG	0.611962
GT	0.900898
TA	0.667978
TC	2.09222
TG	0.938324
TT	1.1119
