kmer	count
AA	0.739811
AC	1.95023
AG	1.0616
AT	1.30847
CA	0.429955
CC	1.17615
CG	0.484767
CT	0.751759
GA	0.366166
GC	1.00363
GG	0.551163
GT	0.779158
TA	0.806106
TC	2.35921
TG	1.07224
TT	1.15784
