kmer	count
AA	0.772561
AC	2.01475
AG	1.12671
AT	1.12392
CA	0.4969
CC	1.14256
CG	0.50576
CT	0.687696
GA	0.366921
GC	0.979742
GG	0.565675
GT	0.743262
TA	0.92065
TC	2.44595
TG	1.15719
TT	1.15562
