kmer	count
AA	0.709302
AC	2.13265
AG	0.970328
AT	1.19862
CA	0.474124
CC	1.24448
CG	0.487845
CT	0.737262
GA	0.352604
GC	0.996052
GG	0.531003
GT	0.773714
TA	0.762069
TC	2.47334
TG	1.03133
TT	1.14361
