kmer	count
AA	0.78111
AC	2.11746
AG	0.969485
AT	1.18564
CA	0.496837
CC	1.19319
CG	0.442457
CT	0.745217
GA	0.386509
GC	1.10316
GG	0.530167
GT	0.736987
TA	0.796554
TC	2.41241
TG	1.05955
TT	1.21407
