kmer	count
AA	0.734709
AC	2.03635
AG	1.04738
AT	1.29777
CA	0.503399
CC	1.19063
CG	0.482658
CT	0.773433
GA	0.387335
GC	1.04466
GG	0.608126
GT	0.748722
TA	0.750656
TC	2.13567
TG	1.0791
TT	1.1286
