kmer	count
AA	0.728994
AC	1.91349
AG	1.11433
AT	1.22534
CA	0.436865
CC	1.20717
CG	0.523428
CT	0.758447
GA	0.358051
GC	1.03442
GG	0.596928
GT	0.783688
TA	0.753302
TC	2.33581
TG	1.13208
TT	1.20448
