kmer	count
AA	0.67986
AC	2.00444
AG	1.04272
AT	1.12631
CA	0.469785
CC	1.36342
CG	0.523631
CT	0.747602
GA	0.413639
GC	1.21111
GG	0.59596
GT	0.789769
TA	0.659724
TC	2.26755
TG	1.07991
TT	1.01156
