kmer	count
AA	0.735511
AC	2.02083
AG	1.05695
AT	1.1529
CA	0.464587
CC	1.17837
CG	0.507653
CT	0.679457
GA	0.360354
GC	1.05319
GG	0.581967
GT	0.726767
TA	0.816379
TC	2.47433
TG	1.1661
TT	1.15073
