kmer	count
AA	0.752357
AC	1.90081
AG	1.14474
AT	1.17606
CA	0.461315
CC	1.11814
CG	0.530305
CT	0.729597
GA	0.373334
GC	0.988873
GG	0.588416
GT	0.777141
TA	0.78568
TC	2.3809
TG	1.11112
TT	1.13958
