kmer	count
AA	0.747148
AC	1.8548
AG	1.04232
AT	1.20362
CA	0.50504
CC	1.17268
CG	0.436555
CT	0.750681
GA	0.440467
GC	1.03875
GG	0.615517
GT	0.777334
TA	0.819753
TC	2.27215
TG	1.26135
TT	1.14229
