kmer	count
AA	0.724499
AC	2.21782
AG	1.01126
AT	1.3406
CA	0.461319
CC	1.254
CG	0.40489
CT	0.713185
GA	0.426224
GC	1.08654
GG	0.547224
GT	0.797294
TA	0.798889
TC	2.32366
TG	1.00421
TT	1.08244
