kmer	count
AA	0.725774
AC	2.0999
AG	0.967457
AT	1.23587
CA	0.454696
CC	1.22541
CG	0.408953
CT	0.733434
GA	0.392578
GC	1.06985
GG	0.58794
GT	0.796372
TA	0.723042
TC	2.3543
TG	0.997468
TT	1.18177
