kmer	count
AA	0.725205
AC	2.11425
AG	1.01357
AT	1.23058
CA	0.468557
CC	1.1689
CG	0.416323
CT	0.759078
GA	0.374361
GC	0.988958
GG	0.586728
GT	0.766174
TA	0.789112
TC	2.34141
TG	1.10552
TT	1.10132
