kmer	count
AA	0.766728
AC	2.06012
AG	1.04477
AT	1.22755
CA	0.443849
CC	1.19371
CG	0.476748
CT	0.725936
GA	0.375586
GC	1.04295
GG	0.577342
GT	0.716241
TA	0.725402
TC	2.30271
TG	1.11018
TT	1.15396
