kmer	count
AA	0.70286
AC	2.10027
AG	1.18873
AT	1.10362
CA	0.376246
CC	1.12731
CG	0.474697
CT	0.634756
GA	0.36249
GC	1.03894
GG	0.566762
GT	0.691263
TA	0.776749
TC	2.62023
TG	1.20659
TT	1.17234
