kmer	count
AA	0.739709
AC	2.0424
AG	1.06364
AT	1.24286
CA	0.487782
CC	1.18599
CG	0.515083
CT	0.725893
GA	0.40547
GC	1.09928
GG	0.608138
GT	0.739596
TA	0.744797
TC	2.22701
TG	1.07225
TT	1.08325
