kmer	count
AA	0.683404
AC	1.92318
AG	1.04072
AT	1.30637
CA	0.481188
CC	1.20257
CG	0.467038
CT	0.727256
GA	0.377424
GC	0.993088
GG	0.601926
GT	0.790492
TA	0.823529
TC	2.31173
TG	1.08184
TT	1.16374
