kmer	count
AA	0.741396
AC	2.07844
AG	1.08112
AT	1.09122
CA	0.412451
CC	1.25841
CG	0.455139
CT	0.684483
GA	0.361119
GC	1.11192
GG	0.562588
GT	0.706555
TA	0.758778
TC	2.522
TG	1.13203
TT	1.11198
