kmer	count
AA	0.750021
AC	2.06391
AG	1.0978
AT	1.20595
CA	0.45449
CC	1.13921
CG	0.481774
CT	0.734354
GA	0.382515
GC	1.04193
GG	0.576686
GT	0.783938
TA	0.749436
TC	2.39568
TG	1.1304
TT	1.14454
