kmer	count
AA	0.657964
AC	1.98073
AG	0.965185
AT	1.21992
CA	0.540941
CC	1.30022
CG	0.504561
CT	0.756169
GA	0.400766
GC	1.10388
GG	0.620407
GT	0.72505
TA	0.785342
TC	2.31029
TG	1.04068
TT	1.0665
