kmer	count
AA	0.734044
AC	2.0217
AG	0.988081
AT	1.36413
CA	0.501844
CC	1.26145
CG	0.456352
CT	0.820592
GA	0.446991
GC	1.06914
GG	0.574302
GT	0.919798
TA	0.712473
TC	2.04254
TG	0.956762
TT	1.11382
