kmer	count
AA	0.736658
AC	1.87562
AG	1.00865
AT	1.17421
CA	0.547672
CC	1.19172
CG	0.488998
CT	0.78308
GA	0.399412
GC	1.00313
GG	0.572885
GT	0.719921
TA	0.8183
TC	2.26515
TG	1.14241
TT	1.17962
