kmer	count
AA	0.679986
AC	2.10397
AG	1.00755
AT	1.24223
CA	0.42892
CC	1.28079
CG	0.47272
CT	0.791589
GA	0.363665
GC	1.0856
GG	0.570908
GT	0.78449
TA	0.660293
TC	2.34491
TG	1.01357
TT	1.13755
