kmer	count
AA	0.778486
AC	1.99943
AG	1.09619
AT	1.33392
CA	0.424901
CC	1.05606
CG	0.416564
CT	0.699388
GA	0.39602
GC	1.01004
GG	0.536031
GT	0.812931
TA	0.848641
TC	2.42375
TG	1.15737
TT	1.25247
