kmer	count
AA	0.735218
AC	2.06993
AG	1.05568
AT	1.15365
CA	0.445857
CC	1.19606
CG	0.49292
CT	0.730767
GA	0.378863
GC	1.12376
GG	0.584343
GT	0.765338
TA	0.744809
TC	2.34598
TG	1.11989
TT	1.14223
