kmer	count
AA	0.736682
AC	2.0003
AG	1.05327
AT	1.28874
CA	0.446105
CC	1.19885
CG	0.460358
CT	0.755742
GA	0.403384
GC	1.06966
GG	0.589242
GT	0.84332
TA	0.772456
TC	2.21528
TG	1.03277
TT	1.1216
