kmer	count
AA	0.69344
AC	1.98503
AG	1.10036
AT	1.21968
CA	0.440885
CC	1.12025
CG	0.514265
CT	0.747994
GA	0.396918
GC	1.07772
GG	0.627858
GT	0.744222
TA	0.75705
TC	2.27241
TG	1.14947
TT	1.12092
