kmer	count
AA	0.716247
AC	2.0267
AG	1.05265
AT	1.30747
CA	0.452527
CC	1.26069
CG	0.543275
CT	0.81274
GA	0.362338
GC	1.0887
GG	0.568318
GT	0.812856
TA	0.681083
TC	2.18238
TG	1.03344
TT	1.1036
