kmer	count
AA	0.749388
AC	2.05867
AG	1.02168
AT	1.25037
CA	0.490683
CC	1.23551
CG	0.526677
CT	0.733444
GA	0.376506
GC	1.05183
GG	0.541721
GT	0.768383
TA	0.75727
TC	2.34151
TG	1.11685
TT	1.15403
