kmer	count
AA	0.753138
AC	2.04169
AG	1.13899
AT	1.18232
CA	0.473428
CC	1.16093
CG	0.489185
CT	0.688946
GA	0.374136
GC	1.02235
GG	0.603935
GT	0.73653
TA	0.783297
TC	2.30504
TG	1.09533
TT	1.10214
