kmer	count
AA	0.671611
AC	2.06679
AG	1.06138
AT	1.21997
CA	0.461437
CC	1.20992
CG	0.462615
CT	0.803308
GA	0.375255
GC	1.00237
GG	0.618276
GT	0.825005
TA	0.665358
TC	2.1157
TG	1.14928
TT	1.17205
