kmer	count
AA	0.725949
AC	2.1068
AG	1.11539
AT	1.2017
CA	0.430942
CC	1.19367
CG	0.489248
CT	0.711301
GA	0.396956
GC	1.01003
GG	0.591307
GT	0.748148
TA	0.760519
TC	2.32885
TG	1.07682
TT	1.08925
