kmer	count
AA	0.728775
AC	2.01151
AG	1.1358
AT	1.23525
CA	0.384913
CC	1.15199
CG	0.496028
CT	0.738066
GA	0.343851
GC	1.03213
GG	0.560733
GT	0.77984
TA	0.785967
TC	2.41498
TG	1.18692
TT	1.18874
