kmer	count
AA	0.752878
AC	2.04943
AG	1.06418
AT	1.17264
CA	0.470704
CC	1.17985
CG	0.503688
CT	0.74789
GA	0.3967
GC	1.0079
GG	0.575749
GT	0.766067
TA	0.762385
TC	2.33914
TG	1.0379
TT	1.14504
