kmer	count
AA	0.781646
AC	2.10229
AG	1.06833
AT	1.25386
CA	0.407814
CC	1.24727
CG	0.397051
CT	0.738653
GA	0.365774
GC	1.06158
GG	0.562444
GT	0.804671
TA	0.741329
TC	2.35909
TG	1.11071
TT	1.11637
