kmer	count
AA	0.774214
AC	2.18852
AG	0.999245
AT	1.09823
CA	0.452285
CC	1.21291
CG	0.481586
CT	0.682321
GA	0.386291
GC	1.08128
GG	0.556855
GT	0.664029
TA	0.801919
TC	2.54866
TG	1.12152
TT	1.07729
