kmer	count
AA	0.719077
AC	2.12199
AG	1.01122
AT	1.26443
CA	0.479776
CC	1.32131
CG	0.479896
CT	0.73164
GA	0.386773
GC	1.09841
GG	0.573228
GT	0.73895
TA	0.655141
TC	2.25486
TG	1.05406
TT	1.05768
