kmer	count
AA	0.720244
AC	2.04364
AG	1.05336
AT	1.18005
CA	0.487291
CC	1.16343
CG	0.48588
CT	0.733732
GA	0.371782
GC	1.02556
GG	0.562124
GT	0.757828
TA	0.730242
TC	2.39186
TG	1.05221
TT	1.19209
