kmer	count
AA	0.706491
AC	2.03447
AG	1.10794
AT	1.15785
CA	0.466619
CC	1.13565
CG	0.44873
CT	0.741433
GA	0.390789
GC	0.99796
GG	0.60869
GT	0.747678
TA	0.786501
TC	2.36312
TG	1.11088
TT	1.121
