kmer	count
AA	0.92919
AC	1.15885
AG	1.59789
AT	0.285778
CA	0.827025
CC	1.32669
CG	0.960418
CT	0.519644
GA	0.448075
GC	0.604228
GG	0.853556
GT	0.216233
TA	1.53993
TC	1.82536
TG	2.0885
TT	0.549607
