kmer	count
AA	0.742353
AC	2.14656
AG	0.98821
AT	1.21541
CA	0.442766
CC	1.27355
CG	0.438702
CT	0.717838
GA	0.369605
GC	1.08598
GG	0.51115
GT	0.722536
TA	0.755209
TC	2.58128
TG	0.997757
TT	1.17261
