kmer	count
AA	0.719139
AC	2.06648
AG	1.12903
AT	1.17456
CA	0.443405
CC	1.17792
CG	0.493736
CT	0.707329
GA	0.360468
GC	1.05277
GG	0.589444
GT	0.734486
TA	0.743517
TC	2.33675
TG	1.12278
TT	1.0965
