kmer	count
AA	0.804421
AC	2.09355
AG	0.980125
AT	1.2789
CA	0.480533
CC	1.152
CG	0.421529
CT	0.709071
GA	0.428531
GC	0.997819
GG	0.563179
GT	0.734503
TA	0.815187
TC	2.45894
TG	1.02894
TT	1.24646
