kmer	count
AA	0.761411
AC	2.00495
AG	1.10737
AT	1.22862
CA	0.474714
CC	1.14732
CG	0.508962
CT	0.730904
GA	0.381282
GC	1.03032
GG	0.591486
GT	0.700276
TA	0.805292
TC	2.30102
TG	1.09772
TT	1.10146
