kmer	count
AA	0.756637
AC	1.9231
AG	1.16225
AT	1.13452
CA	0.449698
CC	1.11117
CG	0.519803
CT	0.704005
GA	0.381322
GC	1.0489
GG	0.614716
GT	0.767133
TA	0.78974
TC	2.3832
TG	1.21018
TT	1.15894
