kmer	count
AA	0.763891
AC	1.95547
AG	1.10858
AT	1.19586
CA	0.44748
CC	1.21289
CG	0.452464
CT	0.700798
GA	0.343144
GC	1.0498
GG	0.593348
GT	0.781598
TA	0.772389
TC	2.43529
TG	1.11178
TT	1.14497
