kmer	count
AA	0.741064
AC	1.95986
AG	1.05216
AT	1.30288
CA	0.438458
CC	1.14988
CG	0.4658
CT	0.756018
GA	0.386441
GC	1.0651
GG	0.567785
GT	0.808154
TA	0.794067
TC	2.32922
TG	1.12735
TT	1.24148
