kmer	count
AA	0.821573
AC	1.97747
AG	1.11978
AT	1.17637
CA	0.419791
CC	1.16156
CG	0.47493
CT	0.715166
GA	0.362383
GC	1.02847
GG	0.553064
GT	0.742559
TA	0.853987
TC	2.38839
TG	1.16143
TT	1.17795
