kmer	count
AA	0.697076
AC	2.01689
AG	1.03508
AT	1.35162
CA	0.437665
CC	1.19421
CG	0.396342
CT	0.77841
GA	0.369488
GC	1.09094
GG	0.588144
GT	0.845039
TA	0.704629
TC	2.19331
TG	1.06928
TT	1.16028
