kmer	count
AA	0.839934
AC	2.07207
AG	1.02618
AT	1.19468
CA	0.491126
CC	1.14758
CG	0.427975
CT	0.713378
GA	0.395313
GC	1.00841
GG	0.591416
GT	0.732096
TA	0.837889
TC	2.33317
TG	1.159
TT	1.16727
