kmer	count
AA	0.745938
AC	2.09776
AG	1.08677
AT	1.20694
CA	0.451147
CC	1.15747
CG	0.525224
CT	0.736397
GA	0.364797
GC	1.03268
GG	0.558081
GT	0.74477
TA	0.80121
TC	2.30638
TG	1.08417
TT	1.11647
