kmer	count
AA	0.776334
AC	2.06779
AG	1.04649
AT	1.20482
CA	0.475675
CC	1.18535
CG	0.450271
CT	0.753659
GA	0.381111
GC	1.04822
GG	0.549778
GT	0.752462
TA	0.75559
TC	2.27323
TG	1.10625
TT	1.10926
