kmer	count
AA	0.641091
AC	1.81078
AG	0.888825
AT	1.26217
CA	0.57411
CC	1.24646
CG	0.461268
CT	0.73504
GA	0.417602
GC	1.00174
GG	0.55277
GT	0.756801
TA	0.88165
TC	2.40212
TG	1.32887
TT	1.18532
