kmer	count
AA	0.701993
AC	1.80888
AG	1.08596
AT	1.24995
CA	0.4261
CC	1.18139
CG	0.611617
CT	0.773285
GA	0.348235
GC	0.954906
GG	0.65658
GT	0.828623
TA	0.750919
TC	2.15866
TG	1.18089
TT	1.25207
