kmer	count
AA	0.615067
AC	1.85655
AG	0.836158
AT	1.23638
CA	0.600124
CC	1.30369
CG	0.56026
CT	0.720036
GA	0.453078
GC	1.07564
GG	0.643738
GT	0.780984
TA	0.868908
TC	2.17815
TG	1.2145
TT	1.07455
