kmer	count
AA	0.502737
AC	1.98048
AG	0.706728
AT	1.44236
CA	0.426008
CC	1.21813
CG	0.39332
CT	0.807549
GA	0.361102
GC	1.04196
GG	0.532942
GT	0.881461
TA	0.807692
TC	2.49759
TG	1.21875
TT	1.41311
