kmer	count
AA	0.772545
AC	2.04349
AG	1.13404
AT	1.29042
CA	0.417718
CC	1.11797
CG	0.497714
CT	0.765867
GA	0.368329
GC	1.03243
GG	0.563541
GT	0.78027
TA	0.768061
TC	2.21675
TG	1.06233
TT	1.15811
