kmer	count
AA	0.718844
AC	2.07518
AG	1.00733
AT	1.26991
CA	0.482681
CC	1.19121
CG	0.519525
CT	0.774705
GA	0.374549
GC	1.08017
GG	0.591306
GT	0.845813
TA	0.715006
TC	2.20999
TG	1.03364
TT	1.12252
