kmer	count
AA	0.763213
AC	2.04373
AG	1.01772
AT	1.28069
CA	0.471909
CC	1.20806
CG	0.419136
CT	0.756166
GA	0.401187
GC	1.09489
GG	0.562763
GT	0.845465
TA	0.777465
TC	2.29601
TG	1.02273
TT	1.17589
