kmer	count
AA	0.701084
AC	2.09891
AG	1.13393
AT	1.25411
CA	0.420601
CC	1.2598
CG	0.514568
CT	0.820008
GA	0.390023
GC	1.06849
GG	0.582952
GT	0.803218
TA	0.685849
TC	2.13594
TG	1.06954
TT	1.03399
