kmer	count
AA	0.711675
AC	2.01597
AG	1.00982
AT	1.30305
CA	0.455936
CC	1.35669
CG	0.464367
CT	0.835431
GA	0.391781
GC	1.22365
GG	0.617429
GT	0.880878
TA	0.630473
TC	2.03346
TG	0.98519
TT	1.01918
