kmer	count
AA	0.767125
AC	1.97075
AG	0.915616
AT	1.24681
CA	0.569074
CC	1.17382
CG	0.507394
CT	0.716626
GA	0.477334
GC	0.970645
GG	0.588982
GT	0.719059
TA	0.982863
TC	2.34113
TG	1.13895
TT	1.17799
