kmer	count
AA	0.691873
AC	2.05226
AG	1.10318
AT	1.30371
CA	0.447807
CC	1.2364
CG	0.457759
CT	0.80841
GA	0.353304
GC	1.052
GG	0.594589
GT	0.803953
TA	0.641605
TC	2.16433
TG	1.09935
TT	1.09725
