kmer	count
AA	0.740171
AC	2.01758
AG	1.07779
AT	1.12384
CA	0.47443
CC	1.1871
CG	0.46095
CT	0.676019
GA	0.361615
GC	1.05774
GG	0.555861
GT	0.770063
TA	0.823712
TC	2.46986
TG	1.14739
TT	1.1692
