kmer	count
AA	0.768692
AC	2.07084
AG	1.01945
AT	1.2198
CA	0.466394
CC	1.14376
CG	0.430449
CT	0.771865
GA	0.382588
GC	1.01283
GG	0.549715
GT	0.738526
TA	0.805228
TC	2.34693
TG	1.03642
TT	1.19164
