kmer	count
AA	0.76273
AC	1.96584
AG	1.06118
AT	1.17536
CA	0.423736
CC	1.15742
CG	0.505587
CT	0.739099
GA	0.356917
GC	1.06491
GG	0.56051
GT	0.753377
TA	0.778374
TC	2.43087
TG	1.17946
TT	1.22808
