kmer	count
AA	0.695499
AC	2.08987
AG	0.997668
AT	1.17374
CA	0.497525
CC	1.26028
CG	0.441901
CT	0.722643
GA	0.398838
GC	1.12694
GG	0.589108
GT	0.775687
TA	0.785899
TC	2.25883
TG	1.03718
TT	1.10952
