kmer	count
AA	0.722169
AC	2.05204
AG	1.13912
AT	1.13342
CA	0.453364
CC	1.25615
CG	0.506843
CT	0.696773
GA	0.363683
GC	1.07788
GG	0.592126
GT	0.747927
TA	0.729699
TC	2.25607
TG	1.12492
TT	1.07557
