kmer	count
AA	0.729934
AC	2.0614
AG	1.03347
AT	1.23029
CA	0.495942
CC	1.19039
CG	0.444189
CT	0.72316
GA	0.368278
GC	1.07495
GG	0.559617
GT	0.794153
TA	0.78221
TC	2.28943
TG	1.03227
TT	1.16339
