kmer	count
AA	0.744902
AC	2.04341
AG	1.03503
AT	1.21736
CA	0.460756
CC	1.2079
CG	0.420647
CT	0.783938
GA	0.395026
GC	1.13837
GG	0.569503
GT	0.836659
TA	0.719283
TC	2.25062
TG	1.00191
TT	1.11658
