kmer	count
AA	0.740424
AC	2.01603
AG	1.05992
AT	1.25795
CA	0.475606
CC	1.16153
CG	0.443819
CT	0.7768
GA	0.408043
GC	1.06517
GG	0.605775
GT	0.761583
TA	0.746509
TC	2.2217
TG	1.08054
TT	1.10393
