kmer	count
AA	0.728982
AC	2.05459
AG	1.04253
AT	1.25832
CA	0.490695
CC	1.15711
CG	0.51225
CT	0.758117
GA	0.378724
GC	1.06953
GG	0.598736
GT	0.765216
TA	0.782036
TC	2.2334
TG	1.04113
TT	1.13574
