kmer	count
AA	0.685221
AC	2.14907
AG	0.980989
AT	1.16561
CA	0.445933
CC	1.25318
CG	0.46293
CT	0.729037
GA	0.363763
GC	1.15946
GG	0.555429
GT	0.722786
TA	0.758281
TC	2.47061
TG	1.01299
TT	1.1001
