kmer	count
AA	0.739788
AC	2.09685
AG	1.02527
AT	1.22285
CA	0.423824
CC	1.22731
CG	0.4431
CT	0.738428
GA	0.370549
GC	1.10172
GG	0.541761
GT	0.752901
TA	0.73007
TC	2.46323
TG	1.09324
TT	1.16244
