kmer	count
AA	0.720652
AC	1.98598
AG	1.05852
AT	1.4032
CA	0.422952
CC	1.19663
CG	0.437882
CT	0.714719
GA	0.391721
GC	1.02967
GG	0.519098
GT	0.751175
TA	0.824202
TC	2.283
TG	1.08027
TT	1.18281
