kmer	count
AA	0.771237
AC	1.97054
AG	1.04646
AT	1.16946
CA	0.493134
CC	1.08022
CG	0.519996
CT	0.71404
GA	0.423942
GC	0.994913
GG	0.571754
GT	0.724559
TA	0.822112
TC	2.38069
TG	1.08866
TT	1.21533
