kmer	count
AA	0.624839
AC	1.71418
AG	0.88286
AT	1.08752
CA	0.786966
CC	1.24637
CG	0.646401
CT	0.690914
GA	0.476714
GC	0.954546
GG	0.656341
GT	0.679345
TA	1.19369
TC	2.24782
TG	1.25811
TT	1.06875
