kmer	count
AA	0.745589
AC	2.06961
AG	1.06212
AT	1.20696
CA	0.4551
CC	1.16687
CG	0.49858
CT	0.701847
GA	0.363757
GC	1.00317
GG	0.537808
GT	0.709257
TA	0.804128
TC	2.39672
TG	1.1391
TT	1.132
