kmer	count
AA	0.738927
AC	2.11929
AG	0.990038
AT	1.30473
CA	0.507174
CC	1.30692
CG	0.440755
CT	0.801085
GA	0.405412
GC	1.05998
GG	0.527923
GT	0.805122
TA	0.679991
TC	2.23646
TG	0.953556
TT	1.08025
