kmer	count
AA	0.748374
AC	2.09742
AG	0.942971
AT	1.30621
CA	0.459775
CC	1.2524
CG	0.467605
CT	0.768525
GA	0.450331
GC	1.07338
GG	0.564573
GT	0.868024
TA	0.743301
TC	2.13372
TG	1.00476
TT	1.13431
