kmer	count
AA	0.510399
AC	1.83162
AG	0.729835
AT	1.30877
CA	0.568171
CC	1.29476
CG	0.468476
CT	0.846036
GA	0.396781
GC	1.0604
GG	0.595855
GT	0.841239
TA	0.744058
TC	2.30466
TG	1.1908
TT	1.25975
