kmer	count
AA	0.749054
AC	2.01664
AG	0.991756
AT	1.3282
CA	0.465435
CC	1.21227
CG	0.423598
CT	0.766258
GA	0.394349
GC	1.06924
GG	0.511583
GT	0.799652
TA	0.782117
TC	2.28481
TG	0.983609
TT	1.20639
