kmer	count
AA	0.81423
AC	1.88951
AG	1.0437
AT	1.29755
CA	0.485789
CC	1.14059
CG	0.500207
CT	0.783059
GA	0.409321
GC	0.96889
GG	0.5723
GT	0.837462
TA	0.859769
TC	2.22661
TG	1.18888
TT	1.16933
