kmer	count
AA	0.768456
AC	2.09879
AG	1.14169
AT	1.16606
CA	0.434021
CC	1.16757
CG	0.464628
CT	0.691349
GA	0.344805
GC	1.05735
GG	0.606329
GT	0.764687
TA	0.743182
TC	2.32051
TG	1.19475
TT	1.11689
