kmer	count
AA	0.797359
AC	2.13153
AG	0.928497
AT	1.30293
CA	0.497193
CC	1.15617
CG	0.398786
CT	0.68379
GA	0.411685
GC	1.01767
GG	0.527409
GT	0.763118
TA	0.958426
TC	2.36736
TG	1.08216
TT	1.28884
