kmer	count
AA	0.698334
AC	2.13971
AG	1.03469
AT	1.2382
CA	0.457864
CC	1.25872
CG	0.413381
CT	0.738318
GA	0.380699
GC	1.04887
GG	0.553061
GT	0.81212
TA	0.752479
TC	2.30089
TG	1.01784
TT	1.11492
