kmer	count
AA	0.727404
AC	2.04932
AG	1.10468
AT	1.20589
CA	0.446701
CC	1.18346
CG	0.495033
CT	0.733079
GA	0.370193
GC	1.04744
GG	0.579216
GT	0.751629
TA	0.73329
TC	2.30894
TG	1.09536
TT	1.12749
