kmer	count
AA	0.755337
AC	2.01811
AG	1.10985
AT	1.20993
CA	0.436381
CC	1.1928
CG	0.474312
CT	0.758341
GA	0.391386
GC	1.12607
GG	0.616697
GT	0.762648
TA	0.685554
TC	2.28385
TG	1.11153
TT	1.10036
