kmer	count
AA	0.72976
AC	1.97653
AG	1.05734
AT	1.16275
CA	0.485837
CC	1.24104
CG	0.535852
CT	0.748426
GA	0.409876
GC	1.05541
GG	0.616913
GT	0.74241
TA	0.758815
TC	2.26078
TG	1.08377
TT	1.09115
