kmer	count
AA	0.795188
AC	2.15594
AG	1.10505
AT	1.19266
CA	0.485375
CC	1.23304
CG	0.430555
CT	0.690015
GA	0.397409
GC	1.03275
GG	0.547891
GT	0.68865
TA	0.765653
TC	2.32307
TG	1.11768
TT	1.12935
