kmer	count
AA	0.763873
AC	2.11016
AG	1.1222
AT	1.17954
CA	0.415256
CC	1.17607
CG	0.413637
CT	0.686444
GA	0.349336
GC	1.09335
GG	0.548081
GT	0.726748
TA	0.754517
TC	2.34515
TG	1.10786
TT	1.13111
