kmer	count
AA	0.713229
AC	2.11624
AG	0.99424
AT	1.20788
CA	0.451079
CC	1.21048
CG	0.419838
CT	0.796086
GA	0.385567
GC	1.10237
GG	0.581018
GT	0.746657
TA	0.680907
TC	2.3966
TG	1.06929
TT	1.21291
