kmer	count
AA	0.791877
AC	2.03187
AG	1.08312
AT	1.22884
CA	0.448937
CC	1.14819
CG	0.43802
CT	0.739797
GA	0.36631
GC	1.03341
GG	0.569464
GT	0.75138
TA	0.790881
TC	2.30313
TG	1.07169
TT	1.14188
