kmer	count
AA	0.77222
AC	2.08709
AG	1.01482
AT	1.18062
CA	0.430458
CC	1.191
CG	0.424053
CT	0.681084
GA	0.381562
GC	1.11602
GG	0.557062
GT	0.723221
TA	0.839011
TC	2.51615
TG	1.10891
TT	1.11621
