kmer	count
AA	0.71066
AC	1.97213
AG	1.09421
AT	1.3232
CA	0.491878
CC	1.16158
CG	0.441435
CT	0.804165
GA	0.426081
GC	0.938846
GG	0.588999
GT	0.757741
TA	0.813962
TC	2.25326
TG	1.1326
TT	1.22402
