kmer	count
AA	0.82155
AC	1.9762
AG	1.06325
AT	1.24004
CA	0.448281
CC	1.13641
CG	0.443592
CT	0.732581
GA	0.367255
GC	0.998539
GG	0.563742
GT	0.770768
TA	0.864945
TC	2.35769
TG	1.16733
TT	1.2135
