kmer	count
AA	0.805493
AC	2.07417
AG	1.02922
AT	1.12901
CA	0.480202
CC	1.20073
CG	0.435299
CT	0.766731
GA	0.385038
GC	1.04108
GG	0.58551
GT	0.748994
TA	0.887396
TC	2.37595
TG	1.02033
TT	1.16064
