kmer	count
AA	0.339839
AC	1.36682
AG	0.615654
AT	0.764014
CA	1.23896
CC	1.5862
CG	1.07959
CT	0.668804
GA	0.677273
GC	0.894364
GG	0.90125
GT	0.534419
TA	1.38686
TC	1.80696
TG	1.50608
TT	0.64566
