kmer	count
AA	0.807214
AC	1.93979
AG	1.14115
AT	1.22281
CA	0.488627
CC	1.12384
CG	0.486557
CT	0.698849
GA	0.446721
GC	1.00943
GG	0.640075
GT	0.767905
TA	0.774699
TC	2.12966
TG	1.15292
TT	1.08373
