kmer	count
AA	0.743617
AC	2.09933
AG	1.14896
AT	1.1878
CA	0.454353
CC	1.1486
CG	0.443852
CT	0.726769
GA	0.392137
GC	1.05911
GG	0.548013
GT	0.770446
TA	0.7342
TC	2.32932
TG	1.14952
TT	1.16715
