kmer	count
AA	0.673322
AC	1.96781
AG	1.10737
AT	1.15641
CA	0.439738
CC	1.22745
CG	0.593658
CT	0.82652
GA	0.400139
GC	1.12761
GG	0.669729
GT	0.840129
TA	0.645537
TC	2.12139
TG	1.11288
TT	1.05611
