kmer	count
AA	0.767972
AC	2.1148
AG	1.03231
AT	1.27518
CA	0.41657
CC	1.12653
CG	0.412215
CT	0.735152
GA	0.347413
GC	1.00543
GG	0.521255
GT	0.815727
TA	0.84545
TC	2.51858
TG	1.03172
TT	1.3085
