kmer	count
AA	0.686973
AC	2.01421
AG	1.13892
AT	1.19433
CA	0.502097
CC	1.1698
CG	0.480767
CT	0.737127
GA	0.398266
GC	1.0277
GG	0.611388
GT	0.774288
TA	0.770781
TC	2.23481
TG	1.08381
TT	1.10967
