kmer	count
AA	0.701187
AC	2.08796
AG	1.03028
AT	1.11877
CA	0.499928
CC	1.31194
CG	0.518108
CT	0.717316
GA	0.397807
GC	1.13387
GG	0.618495
GT	0.69911
TA	0.707332
TC	2.33738
TG	1.09355
TT	0.990651
