kmer	count
AA	0.758759
AC	1.91033
AG	1.05504
AT	1.36843
CA	0.456394
CC	1.1582
CG	0.484244
CT	0.745215
GA	0.372695
GC	1.06029
GG	0.63478
GT	0.872545
TA	0.802221
TC	2.16587
TG	1.0765
TT	1.08423
