kmer	count
AA	0.807114
AC	2.06154
AG	1.06685
AT	1.22641
CA	0.466431
CC	1.14357
CG	0.38824
CT	0.736919
GA	0.361714
GC	1.01579
GG	0.572757
GT	0.758045
TA	0.728681
TC	2.41087
TG	1.12497
TT	1.24851
