kmer	count
AA	0.75052
AC	2.07761
AG	1.06275
AT	1.15134
CA	0.469423
CC	1.20914
CG	0.460409
CT	0.701739
GA	0.377379
GC	1.08103
GG	0.570847
GT	0.730191
TA	0.786193
TC	2.44267
TG	1.10808
TT	1.11601
