kmer	count
AA	0.726014
AC	1.96548
AG	1.06906
AT	1.17035
CA	0.46348
CC	1.21673
CG	0.495946
CT	0.785846
GA	0.388589
GC	1.01797
GG	0.579746
GT	0.758209
TA	0.748467
TC	2.28961
TG	1.10806
TT	1.14178
