kmer	count
AA	0.820676
AC	2.0137
AG	1.06982
AT	1.2357
CA	0.40697
CC	1.13371
CG	0.422079
CT	0.724637
GA	0.378828
GC	1.09077
GG	0.54787
GT	0.787758
TA	0.771705
TC	2.39858
TG	1.23397
TT	1.08932
