kmer	count
AA	0.723166
AC	2.01457
AG	1.03795
AT	1.17483
CA	0.463607
CC	1.2355
CG	0.468455
CT	0.709143
GA	0.385731
GC	1.04152
GG	0.564351
GT	0.754032
TA	0.816931
TC	2.45319
TG	1.14259
TT	1.15251
