kmer	count
AA	0.727762
AC	1.92617
AG	1.05957
AT	1.21563
CA	0.529576
CC	1.23644
CG	0.542708
CT	0.774204
GA	0.411431
GC	1.01919
GG	0.587881
GT	0.746266
TA	0.78112
TC	2.18555
TG	1.11483
TT	1.10021
