kmer	count
AA	0.769669
AC	2.11291
AG	0.961168
AT	1.21308
CA	0.449492
CC	1.2006
CG	0.411023
CT	0.70966
GA	0.377445
GC	1.04018
GG	0.518517
GT	0.753733
TA	0.854618
TC	2.50476
TG	1.10773
TT	1.20072
