kmer	count
AA	0.756132
AC	2.10346
AG	1.05523
AT	1.22156
CA	0.458282
CC	1.25699
CG	0.47204
CT	0.683767
GA	0.380045
GC	1.10333
GG	0.559493
GT	0.738077
TA	0.70824
TC	2.41883
TG	1.08484
TT	1.1131
