kmer	count
AA	0.661186
AC	1.90365
AG	1.12635
AT	1.30895
CA	0.438425
CC	1.25969
CG	0.48126
CT	0.769429
GA	0.344116
GC	1.05222
GG	0.595554
GT	0.844906
TA	0.660042
TC	2.11742
TG	1.11772
TT	1.21527
