kmer	count
AA	0.710541
AC	2.04967
AG	1.06092
AT	1.15838
CA	0.453906
CC	1.24897
CG	0.459542
CT	0.742177
GA	0.396433
GC	1.09529
GG	0.581639
GT	0.747392
TA	0.702742
TC	2.42585
TG	1.1246
TT	1.10054
