kmer	count
AA	0.717877
AC	2.06713
AG	1.08154
AT	1.16828
CA	0.478817
CC	1.23471
CG	0.522846
CT	0.727117
GA	0.374527
GC	1.05926
GG	0.608289
GT	0.739678
TA	0.712038
TC	2.29086
TG	1.11046
TT	1.06638
