kmer	count
AA	0.740381
AC	2.05157
AG	1.0645
AT	1.21761
CA	0.473268
CC	1.28005
CG	0.438841
CT	0.738204
GA	0.398147
GC	1.04173
GG	0.526418
GT	0.704544
TA	0.745506
TC	2.42329
TG	1.01405
TT	1.0839
