kmer	count
AA	0.695858
AC	2.00744
AG	1.09189
AT	1.15623
CA	0.420882
CC	1.22466
CG	0.520846
CT	0.773727
GA	0.357123
GC	1.0789
GG	0.631119
GT	0.810211
TA	0.70867
TC	2.26647
TG	1.134
TT	1.18812
