kmer	count
AA	0.752568
AC	2.01369
AG	0.977722
AT	1.3162
CA	0.505217
CC	1.1824
CG	0.476778
CT	0.828306
GA	0.395005
GC	1.03008
GG	0.560682
GT	0.779467
TA	0.734309
TC	2.21995
TG	0.974564
TT	1.22377
