kmer	count
AA	0.660669
AC	1.92757
AG	1.109
AT	1.107
CA	0.431917
CC	1.17689
CG	0.568679
CT	0.870832
GA	0.43353
GC	1.12027
GG	0.647378
GT	0.793585
TA	0.711772
TC	2.28706
TG	1.14378
TT	1.02417
