kmer	count
AA	0.732639
AC	2.00472
AG	0.997505
AT	1.27596
CA	0.475398
CC	1.22932
CG	0.462852
CT	0.757115
GA	0.413371
GC	1.07866
GG	0.556735
GT	0.763573
TA	0.786597
TC	2.24584
TG	1.02748
TT	1.16999
