kmer	count
AA	0.728176
AC	2.08585
AG	1.04442
AT	1.16639
CA	0.46572
CC	1.27261
CG	0.469721
CT	0.780977
GA	0.393334
GC	1.10992
GG	0.544354
GT	0.779125
TA	0.688562
TC	2.30784
TG	1.03468
TT	1.06408
