kmer	count
AA	0.742435
AC	2.0763
AG	1.03671
AT	1.14353
CA	0.446078
CC	1.245
CG	0.489502
CT	0.753511
GA	0.374158
GC	1.08982
GG	0.570547
GT	0.754531
TA	0.742737
TC	2.41635
TG	1.08052
TT	1.14142
