kmer	count
AA	0.712275
AC	1.88813
AG	0.837144
AT	1.33041
CA	0.714741
CC	1.16406
CG	0.517526
CT	0.817596
GA	0.474724
GC	1.00792
GG	0.531859
GT	0.872219
TA	1.05462
TC	2.21183
TG	1.07418
TT	1.14007
