kmer	count
AA	0.707098
AC	2.01034
AG	1.00361
AT	1.3133
CA	0.484511
CC	1.18232
CG	0.491814
CT	0.790219
GA	0.418864
GC	1.05024
GG	0.570653
GT	0.77742
TA	0.787316
TC	2.23522
TG	1.04626
TT	1.14132
