kmer	count
AA	0.706254
AC	1.90849
AG	1.02111
AT	1.19579
CA	0.54341
CC	1.21077
CG	0.518272
CT	0.699474
GA	0.456042
GC	1.02409
GG	0.622382
GT	0.761893
TA	0.814134
TC	2.21366
TG	1.27638
TT	1.1364
