kmer	count
AA	0.750825
AC	1.85594
AG	1.0444
AT	1.27324
CA	0.493516
CC	1.17861
CG	0.524395
CT	0.82709
GA	0.421288
GC	1.06889
GG	0.633983
GT	0.795802
TA	0.75882
TC	2.14739
TG	1.12274
TT	1.19934
