kmer	count
AA	0.746396
AC	2.18497
AG	1.05948
AT	1.26604
CA	0.446112
CC	1.18423
CG	0.479038
CT	0.699998
GA	0.367872
GC	1.02752
GG	0.553151
GT	0.755206
TA	0.779638
TC	2.43748
TG	1.06368
TT	1.14725
