kmer	count
AA	0.623444
AC	1.84098
AG	0.921637
AT	1.13881
CA	0.783071
CC	1.33237
CG	0.672567
CT	0.774921
GA	0.513081
GC	1.07742
GG	0.658289
GT	0.844143
TA	0.890716
TC	2.02185
TG	1.10248
TT	0.895448
