kmer	count
AA	0.720469
AC	2.00156
AG	1.04648
AT	1.13696
CA	0.521307
CC	1.2249
CG	0.540509
CT	0.761533
GA	0.41002
GC	1.06619
GG	0.575538
GT	0.759598
TA	0.751668
TC	2.38558
TG	1.10773
TT	1.06937
