kmer	count
AA	0.782524
AC	2.04856
AG	1.09868
AT	1.14523
CA	0.46132
CC	1.22561
CG	0.469049
CT	0.690195
GA	0.382091
GC	1.04618
GG	0.597852
GT	0.713634
TA	0.759456
TC	2.41842
TG	1.12782
TT	1.11597
