kmer	count
AA	0.744747
AC	1.91022
AG	1.06491
AT	1.26997
CA	0.452961
CC	1.17797
CG	0.553867
CT	0.708758
GA	0.362198
GC	1.09566
GG	0.655357
GT	0.828425
TA	0.850762
TC	2.09452
TG	1.14847
TT	1.25083
