kmer	count
AA	0.735633
AC	2.04845
AG	1.0336
AT	1.22017
CA	0.427588
CC	1.18037
CG	0.453109
CT	0.767108
GA	0.448993
GC	1.05866
GG	0.575343
GT	0.778599
TA	0.823095
TC	2.31618
TG	1.1252
TT	1.15042
