kmer	count
AA	0.788678
AC	2.00005
AG	1.07152
AT	1.23651
CA	0.468397
CC	1.21782
CG	0.507316
CT	0.714961
GA	0.394536
GC	1.0135
GG	0.57027
GT	0.734215
TA	0.798834
TC	2.28498
TG	1.07984
TT	1.09815
