kmer	count
AA	0.701453
AC	1.96773
AG	1.00733
AT	1.26724
CA	0.451698
CC	1.2298
CG	0.418146
CT	0.79943
GA	0.404032
GC	1.06198
GG	0.580458
GT	0.784551
TA	0.700875
TC	2.26425
TG	1.05921
TT	1.19989
