kmer	count
AA	0.849443
AC	1.87506
AG	1.17257
AT	1.1137
CA	0.457835
CC	1.0793
CG	0.53715
CT	0.66484
GA	0.381724
GC	0.953055
GG	0.601423
GT	0.740524
TA	0.845393
TC	2.44032
TG	1.17401
TT	1.24717
