kmer	count
AA	0.724075
AC	2.01643
AG	0.97405
AT	1.24432
CA	0.519249
CC	1.20356
CG	0.51257
CT	0.790263
GA	0.415633
GC	0.987298
GG	0.56645
GT	0.756539
TA	0.790521
TC	2.18091
TG	1.12397
TT	1.16872
