kmer	count
AA	0.733752
AC	2.05284
AG	1.07552
AT	1.1898
CA	0.441412
CC	1.23418
CG	0.48735
CT	0.721039
GA	0.391227
GC	1.04728
GG	0.59098
GT	0.766141
TA	0.726482
TC	2.27011
TG	1.0964
TT	1.12531
