kmer	count
AA	0.678519
AC	1.99732
AG	1.17717
AT	1.18584
CA	0.457409
CC	1.18103
CG	0.591562
CT	0.702194
GA	0.380031
GC	1.00066
GG	0.611857
GT	0.718855
TA	0.775782
TC	2.27207
TG	1.16153
TT	1.10079
