kmer	count
AA	0.781345
AC	2.06705
AG	1.10722
AT	1.28112
CA	0.479398
CC	1.05951
CG	0.462402
CT	0.683658
GA	0.41949
GC	0.97352
GG	0.553082
GT	0.754554
TA	0.80017
TC	2.38021
TG	1.17492
TT	1.23816
