kmer	count
AA	0.743993
AC	2.08285
AG	1.07062
AT	1.27935
CA	0.44304
CC	1.21253
CG	0.381837
CT	0.766321
GA	0.395607
GC	1.05678
GG	0.572746
GT	0.831079
TA	0.69656
TC	2.18004
TG	1.06982
TT	1.10941
