kmer	count
AA	0.744583
AC	2.01459
AG	1.05896
AT	1.26129
CA	0.423993
CC	1.10683
CG	0.440356
CT	0.761505
GA	0.366517
GC	1.04532
GG	0.544182
GT	0.777002
TA	0.859065
TC	2.49661
TG	1.10903
TT	1.22255
