kmer	count
AA	0.721701
AC	1.88059
AG	1.23326
AT	1.14418
CA	0.37299
CC	1.13795
CG	0.509534
CT	0.663289
GA	0.344006
GC	1.00008
GG	0.658334
GT	0.824904
TA	0.765336
TC	2.37544
TG	1.25407
TT	1.19715
