kmer	count
AA	0.697619
AC	1.98863
AG	1.08776
AT	1.2597
CA	0.459666
CC	1.17178
CG	0.472561
CT	0.816929
GA	0.370791
GC	1.03483
GG	0.606386
GT	0.75239
TA	0.734538
TC	2.26031
TG	1.09932
TT	1.11485
