kmer	count
AA	0.708229
AC	2.05273
AG	1.01848
AT	1.28701
CA	0.463381
CC	1.1754
CG	0.464592
CT	0.804071
GA	0.396329
GC	1.08016
GG	0.600456
GT	0.771141
TA	0.729533
TC	2.2371
TG	1.01392
TT	1.16819
