kmer	count
AA	0.752231
AC	1.96452
AG	1.1024
AT	1.19421
CA	0.448672
CC	1.19139
CG	0.567564
CT	0.705968
GA	0.365588
GC	0.999785
GG	0.546252
GT	0.740597
TA	0.804757
TC	2.4079
TG	1.10598
TT	1.11988
