kmer	count
AA	0.729409
AC	2.13701
AG	1.02928
AT	1.18684
CA	0.46369
CC	1.21087
CG	0.452825
CT	0.748746
GA	0.372808
GC	1.07831
GG	0.567893
GT	0.782261
TA	0.670784
TC	2.45231
TG	1.0574
TT	1.14195
