kmer	count
AA	0.694965
AC	1.96518
AG	1.12497
AT	1.09228
CA	0.490562
CC	1.25337
CG	0.539236
CT	0.737818
GA	0.353169
GC	1.08289
GG	0.634763
GT	0.704448
TA	0.7862
TC	2.27367
TG	1.13062
TT	1.0723
