kmer	count
AA	0.70331
AC	2.05688
AG	1.10384
AT	1.12728
CA	0.474323
CC	1.14119
CG	0.497267
CT	0.684388
GA	0.370656
GC	1.04092
GG	0.578141
GT	0.715181
TA	0.818148
TC	2.53067
TG	1.17216
TT	1.11759
