kmer	count
AA	0.887871
AC	1.1382
AG	1.5939
AT	0.344911
CA	0.847709
CC	1.31657
CG	1.00446
CT	0.535459
GA	0.521578
GC	0.627276
GG	0.917289
GT	0.215158
TA	1.43798
TC	1.7933
TG	2.01753
TT	0.510029
