kmer	count
AA	0.674466
AC	2.03973
AG	1.03975
AT	1.19733
CA	0.446649
CC	1.21591
CG	0.503602
CT	0.778558
GA	0.357024
GC	1.06415
GG	0.561667
GT	0.817703
TA	0.717439
TC	2.29739
TG	1.10057
TT	1.16111
