kmer	count
AA	0.699337
AC	2.13416
AG	1.04725
AT	1.17465
CA	0.44695
CC	1.24508
CG	0.457188
CT	0.726167
GA	0.384679
GC	1.10621
GG	0.549721
GT	0.739229
TA	0.761259
TC	2.36599
TG	1.03564
TT	1.10314
