kmer	count
AA	0.76227
AC	1.90927
AG	1.07878
AT	1.24281
CA	0.452957
CC	1.09827
CG	0.516135
CT	0.830834
GA	0.407458
GC	0.954011
GG	0.568166
GT	0.844418
TA	0.830535
TC	2.3409
TG	1.16976
TT	1.20801
