kmer	count
AA	0.353739
AC	1.84267
AG	0.859375
AT	1.1089
CA	0.445279
CC	1.13871
CG	0.548262
CT	0.638774
GA	0.44753
GC	1.1532
GG	0.796221
GT	0.84513
TA	0.811212
TC	2.12818
TG	1.99491
TT	0.920496
