kmer	count
AA	0.726606
AC	2.00125
AG	1.02253
AT	1.2132
CA	0.438873
CC	1.25483
CG	0.470104
CT	0.767387
GA	0.391953
GC	1.05471
GG	0.563857
GT	0.772755
TA	0.720236
TC	2.38421
TG	1.04529
TT	1.11874
