kmer	count
AA	0.708133
AC	2.01078
AG	1.04833
AT	1.21087
CA	0.498242
CC	1.25127
CG	0.512216
CT	0.71861
GA	0.387659
GC	1.10636
GG	0.544485
GT	0.775733
TA	0.756065
TC	2.35142
TG	1.1363
TT	1.11153
