kmer	count
AA	0.668249
AC	2.05059
AG	1.1261
AT	1.16838
CA	0.418456
CC	1.23339
CG	0.517507
CT	0.705279
GA	0.383425
GC	1.09103
GG	0.620285
GT	0.750514
TA	0.665503
TC	2.27945
TG	1.16977
TT	1.0788
