kmer	count
AA	0.645738
AC	1.81368
AG	0.917426
AT	1.02969
CA	0.7187
CC	1.26768
CG	0.64561
CT	0.794281
GA	0.519923
GC	1.06973
GG	0.661565
GT	0.706374
TA	0.908683
TC	2.22904
TG	1.13213
TT	1.00989
