kmer	count
AA	0.817232
AC	2.05867
AG	1.0543
AT	1.2908
CA	0.435053
CC	1.18891
CG	0.487248
CT	0.728158
GA	0.369325
GC	1.04197
GG	0.554122
GT	0.76326
TA	0.757271
TC	2.16829
TG	1.07843
TT	1.18147
