kmer	count
AA	0.736135
AC	2.00854
AG	1.03898
AT	1.30193
CA	0.476226
CC	1.22307
CG	0.464663
CT	0.760723
GA	0.38707
GC	1.04125
GG	0.575557
GT	0.771282
TA	0.709003
TC	2.28369
TG	1.04439
TT	1.12341
