kmer	count
AA	0.564549
AC	1.68974
AG	0.819857
AT	0.978702
CA	0.879279
CC	1.30971
CG	0.733584
CT	0.737966
GA	0.560878
GC	1.02429
GG	0.749265
GT	0.675606
TA	1.07613
TC	2.17893
TG	1.16201
TT	0.930824
