kmer	count
AA	0.675316
AC	2.06439
AG	1.01481
AT	1.21799
CA	0.470356
CC	1.39697
CG	0.512705
CT	0.755423
GA	0.370139
GC	1.23046
GG	0.593188
GT	0.827826
TA	0.618736
TC	2.15128
TG	1.04846
TT	1.05356
