kmer	count
AA	0.728281
AC	2.17244
AG	1.03159
AT	1.10606
CA	0.464054
CC	1.16612
CG	0.422965
CT	0.707959
GA	0.402141
GC	1.08061
GG	0.572732
GT	0.730299
TA	0.81589
TC	2.51226
TG	1.08406
TT	1.13033
