kmer	count
AA	0.787966
AC	2.02774
AG	1.04039
AT	1.10529
CA	0.428581
CC	1.23149
CG	0.434845
CT	0.692847
GA	0.349209
GC	1.08887
GG	0.5614
GT	0.73484
TA	0.763669
TC	2.55751
TG	1.10161
TT	1.17785
