kmer	count
AA	0.694444
AC	1.98323
AG	1.05104
AT	1.24111
CA	0.497967
CC	1.2096
CG	0.525642
CT	0.738359
GA	0.431167
GC	1.0459
GG	0.651219
GT	0.813605
TA	0.748562
TC	2.17506
TG	1.10029
TT	1.07771
