kmer	count
AA	0.69395
AC	2.05318
AG	1.17189
AT	1.12955
CA	0.448304
CC	1.24693
CG	0.487212
CT	0.682876
GA	0.391864
GC	1.09605
GG	0.65349
GT	0.777762
TA	0.710935
TC	2.24186
TG	1.21865
TT	0.993072
