kmer	count
AA	0.720045
AC	2.01112
AG	1.12043
AT	1.0553
CA	0.467055
CC	1.16047
CG	0.493084
CT	0.691263
GA	0.365306
GC	1.07455
GG	0.568234
GT	0.761887
TA	0.782641
TC	2.51051
TG	1.17013
TT	1.1552
