kmer	count
AA	0.719194
AC	2.11431
AG	1.03866
AT	1.35011
CA	0.450303
CC	1.22233
CG	0.416368
CT	0.800076
GA	0.392104
GC	1.10899
GG	0.545466
GT	0.794155
TA	0.677876
TC	2.16965
TG	0.983798
TT	1.16822
