kmer	count
AA	0.705175
AC	2.06521
AG	1.04114
AT	1.16659
CA	0.528003
CC	1.23625
CG	0.554838
CT	0.726837
GA	0.371961
GC	1.0799
GG	0.563914
GT	0.789007
TA	0.741289
TC	2.28695
TG	1.10342
TT	1.05266
