kmer	count
AA	0.660222
AC	1.985
AG	1.12245
AT	1.30246
CA	0.430447
CC	1.2453
CG	0.481717
CT	0.845906
GA	0.388451
GC	1.06153
GG	0.609149
GT	0.824003
TA	0.677697
TC	2.11934
TG	1.06389
TT	1.10215
