kmer	count
AA	0.70849
AC	1.91695
AG	1.17113
AT	1.08953
CA	0.451312
CC	1.18026
CG	0.505328
CT	0.704979
GA	0.370017
GC	1.0703
GG	0.636179
GT	0.77364
TA	0.758513
TC	2.37671
TG	1.19513
TT	1.13292
