kmer	count
AA	0.706926
AC	1.77664
AG	0.911102
AT	1.22213
CA	0.567392
CC	1.13246
CG	0.451217
CT	0.653936
GA	0.406575
GC	1.05934
GG	0.607745
GT	0.785015
TA	0.999124
TC	2.39594
TG	1.31594
TT	1.21342
