kmer	count
AA	0.783468
AC	1.95808
AG	1.09075
AT	1.25839
CA	0.499731
CC	1.05368
CG	0.421317
CT	0.666996
GA	0.36538
GC	0.957773
GG	0.623324
GT	0.763554
TA	0.847926
TC	2.42354
TG	1.2323
TT	1.21888
