kmer	count
AA	0.705012
AC	2.15311
AG	1.01873
AT	1.1215
CA	0.476053
CC	1.27905
CG	0.494572
CT	0.700511
GA	0.377841
GC	1.10499
GG	0.56496
GT	0.682868
TA	0.732689
TC	2.4703
TG	1.05727
TT	1.05042
