kmer	count
AA	0.788769
AC	2.11708
AG	1.07587
AT	1.15489
CA	0.48752
CC	1.2053
CG	0.465404
CT	0.758931
GA	0.404741
GC	1.01678
GG	0.561488
GT	0.734946
TA	0.787146
TC	2.27468
TG	1.0394
TT	1.08069
