kmer	count
AA	0.750887
AC	1.94822
AG	1.14776
AT	1.19727
CA	0.487271
CC	1.13555
CG	0.471027
CT	0.803251
GA	0.368508
GC	1.01237
GG	0.561835
GT	0.834766
TA	0.781354
TC	2.29282
TG	1.13076
TT	1.18263
