kmer	count
AA	0.707957
AC	2.09475
AG	1.01881
AT	1.14646
CA	0.458085
CC	1.25482
CG	0.483691
CT	0.69531
GA	0.393414
GC	1.11183
GG	0.598291
GT	0.740436
TA	0.717663
TC	2.41559
TG	1.05994
TT	1.07017
