kmer	count
AA	0.746328
AC	2.05974
AG	1.01122
AT	1.06179
CA	0.505159
CC	1.23116
CG	0.47332
CT	0.675812
GA	0.37514
GC	1.10087
GG	0.543898
GT	0.693049
TA	0.863881
TC	2.52993
TG	1.12198
TT	1.13879
