kmer	count
AA	0.740211
AC	2.09328
AG	1.01863
AT	1.1512
CA	0.425784
CC	1.35263
CG	0.455312
CT	0.731249
GA	0.370973
GC	1.17329
GG	0.560809
GT	0.787628
TA	0.675305
TC	2.40476
TG	1.04739
TT	1.04632
