kmer	count
AA	0.783831
AC	1.9485
AG	1.05232
AT	1.14375
CA	0.478597
CC	1.1214
CG	0.522926
CT	0.693337
GA	0.405791
GC	1.00388
GG	0.592785
GT	0.780875
TA	0.875516
TC	2.32546
TG	1.23169
TT	1.23107
