kmer	count
AA	0.740114
AC	1.94547
AG	1.04908
AT	1.20892
CA	0.475896
CC	1.21605
CG	0.490181
CT	0.770457
GA	0.406626
GC	1.07118
GG	0.603122
GT	0.829271
TA	0.765106
TC	2.24412
TG	1.09754
TT	1.16599
