kmer	count
AA	0.723241
AC	2.08177
AG	0.948451
AT	1.20853
CA	0.461343
CC	1.27362
CG	0.490961
CT	0.783649
GA	0.396615
GC	1.12166
GG	0.5574
GT	0.779335
TA	0.689012
TC	2.34232
TG	1.00828
TT	1.12498
