kmer	count
AA	0.742664
AC	2.07226
AG	1.06728
AT	1.21489
CA	0.485759
CC	1.20439
CG	0.476217
CT	0.739924
GA	0.381759
GC	1.03992
GG	0.548749
GT	0.727165
TA	0.744557
TC	2.33849
TG	1.06686
TT	1.10832
