kmer	count
AA	0.74202
AC	1.93276
AG	1.16823
AT	1.15124
CA	0.473177
CC	1.14169
CG	0.538946
CT	0.727559
GA	0.381001
GC	1.03998
GG	0.61756
GT	0.776258
TA	0.78494
TC	2.29184
TG	1.18916
TT	1.12754
