kmer	count
AA	0.71725
AC	1.96229
AG	1.0647
AT	1.23324
CA	0.454405
CC	1.20059
CG	0.416246
CT	0.737162
GA	0.425583
GC	1.07072
GG	0.548761
GT	0.741299
TA	0.875505
TC	2.37812
TG	1.13308
TT	1.19299
