kmer	count
AA	0.675171
AC	2.08978
AG	1.02467
AT	1.2053
CA	0.430821
CC	1.20844
CG	0.459247
CT	0.771741
GA	0.353667
GC	1.11732
GG	0.542637
GT	0.837133
TA	0.725779
TC	2.43691
TG	1.06033
TT	1.18063
