kmer	count
AA	0.72883
AC	1.93306
AG	1.09206
AT	1.3257
CA	0.460402
CC	1.13586
CG	0.510668
CT	0.767917
GA	0.397684
GC	1.00241
GG	0.57717
GT	0.863208
TA	0.790729
TC	2.23471
TG	1.16414
TT	1.2254
