kmer	count
AA	0.713924
AC	1.84837
AG	1.18544
AT	1.14492
CA	0.491912
CC	1.27456
CG	0.613886
CT	0.722639
GA	0.407661
GC	1.05185
GG	0.686237
GT	0.704803
TA	0.739275
TC	2.08643
TG	1.24209
TT	1.00309
