kmer	count
AA	0.663493
AC	2.07407
AG	0.980664
AT	1.25808
CA	0.46615
CC	1.26239
CG	0.501954
CT	0.834353
GA	0.354789
GC	1.08622
GG	0.568514
GT	0.821731
TA	0.689673
TC	2.32551
TG	0.986924
TT	1.12076
