kmer	count
AA	0.716082
AC	2.16845
AG	0.977725
AT	1.36389
CA	0.466178
CC	1.2953
CG	0.436657
CT	0.786111
GA	0.402536
GC	1.11079
GG	0.563983
GT	0.84109
TA	0.687934
TC	2.1347
TG	0.984743
TT	1.06747
