kmer	count
AA	0.85479
AC	1.75844
AG	1.38226
AT	0.759912
CA	0.568729
CC	1.182
CG	0.667325
CT	0.533533
GA	0.509864
GC	0.88715
GG	0.752731
GT	0.449738
TA	1.10375
TC	2.16101
TG	1.51945
TT	0.767667
