kmer	count
AA	0.538086
AC	1.40654
AG	0.796526
AT	0.884351
CA	0.958435
CC	1.27699
CG	0.764824
CT	0.691711
GA	0.742465
GC	1.02609
GG	0.906284
GT	0.746134
TA	1.1636
TC	2.03655
TG	1.1994
TT	0.861915
