kmer	count
AA	0.770079
AC	2.03593
AG	0.908678
AT	1.20104
CA	0.55388
CC	1.25186
CG	0.450405
CT	0.68384
GA	0.45008
GC	1.07427
GG	0.576848
GT	0.735678
TA	0.932429
TC	2.27367
TG	1.02769
TT	1.10098
