kmer	count
AA	0.759775
AC	1.99261
AG	1.10399
AT	1.21304
CA	0.478109
CC	1.15614
CG	0.457272
CT	0.720234
GA	0.393199
GC	1.05574
GG	0.577391
GT	0.766982
TA	0.78098
TC	2.35044
TG	1.1307
TT	1.16968
