kmer	count
AA	0.377413
AC	1.22714
AG	0.59192
AT	0.792393
CA	1.31695
CC	1.41607
CG	1.06103
CT	0.504146
GA	0.747206
GC	0.820985
GG	0.983537
GT	0.508797
TA	1.56657
TC	1.73835
TG	1.83097
TT	0.612606
