kmer	count
AA	0.746505
AC	1.94638
AG	1.0108
AT	1.29437
CA	0.485061
CC	1.20843
CG	0.51422
CT	0.741367
GA	0.415898
GC	1.03299
GG	0.603005
GT	0.716434
TA	0.846928
TC	2.34959
TG	1.06012
TT	1.20817
