kmer	count
AA	0.803205
AC	1.95914
AG	1.12934
AT	1.22972
CA	0.436429
CC	1.10486
CG	0.51696
CT	0.748552
GA	0.366062
GC	1.04316
GG	0.579483
GT	0.7732
TA	0.79573
TC	2.33572
TG	1.15499
TT	1.17153
