kmer	count
AA	0.687966
AC	1.85042
AG	1.20168
AT	1.15227
CA	0.474307
CC	1.12823
CG	0.53813
CT	0.734783
GA	0.390307
GC	1.01009
GG	0.628474
GT	0.727828
TA	0.87335
TC	2.35968
TG	1.23982
TT	1.11739
