kmer	count
AA	0.655717
AC	2.08347
AG	0.851002
AT	1.3585
CA	0.4826
CC	1.30432
CG	0.394359
CT	0.715026
GA	0.407189
GC	1.05256
GG	0.571707
GT	0.783391
TA	0.829958
TC	2.31679
TG	1.08041
TT	1.12164
