kmer	count
AA	0.73037
AC	2.01046
AG	0.984737
AT	1.23362
CA	0.450406
CC	1.16582
CG	0.444777
CT	0.75046
GA	0.399976
GC	1.04657
GG	0.606055
GT	0.778114
TA	0.813605
TC	2.47684
TG	1.1073
TT	1.17081
