kmer	count
AA	0.743579
AC	2.22463
AG	1.02339
AT	1.20031
CA	0.428134
CC	1.29138
CG	0.432725
CT	0.697352
GA	0.381423
GC	1.14898
GG	0.498355
GT	0.757726
TA	0.704232
TC	2.48993
TG	1.06997
TT	1.01698
