kmer	count
AA	0.592177
AC	1.60959
AG	0.777849
AT	1.06892
CA	1.0367
CC	1.32311
CG	0.778572
CT	0.746192
GA	0.584406
GC	0.949937
GG	0.685853
GT	0.635326
TA	1.17792
TC	2.01661
TG	1.18417
TT	0.934611
