kmer	count
AA	0.808599
AC	2.05996
AG	1.17167
AT	1.25072
CA	0.4203
CC	1.13462
CG	0.417243
CT	0.693912
GA	0.392483
GC	1.01955
GG	0.533211
GT	0.754623
TA	0.822403
TC	2.42072
TG	1.10122
TT	1.16611
