kmer	count
AA	0.761966
AC	2.04617
AG	1.03645
AT	1.16082
CA	0.470184
CC	1.18972
CG	0.462875
CT	0.72422
GA	0.38056
GC	1.0806
GG	0.54558
GT	0.729514
TA	0.800143
TC	2.36015
TG	1.11088
TT	1.10243
