kmer	count
AA	0.772066
AC	2.03753
AG	1.08639
AT	1.31681
CA	0.449798
CC	1.19757
CG	0.446047
CT	0.761042
GA	0.378363
GC	1.02044
GG	0.573341
GT	0.801953
TA	0.763463
TC	2.26645
TG	1.10477
TT	1.15701
