kmer	count
AA	0.643181
AC	1.97374
AG	1.10538
AT	1.19718
CA	0.474903
CC	1.25088
CG	0.512407
CT	0.860106
GA	0.391353
GC	1.03757
GG	0.634663
GT	0.808839
TA	0.701741
TC	2.14845
TG	1.10717
TT	1.06942
