kmer	count
AA	0.746086
AC	2.24822
AG	0.925608
AT	1.21472
CA	0.468797
CC	1.23606
CG	0.458016
CT	0.699697
GA	0.371797
GC	1.11833
GG	0.528147
GT	0.723391
TA	0.81867
TC	2.41885
TG	0.987005
TT	1.09999
