kmer	count
AA	0.795702
AC	2.00903
AG	1.06836
AT	1.26566
CA	0.46073
CC	1.10346
CG	0.443714
CT	0.697487
GA	0.360282
GC	1.01736
GG	0.582793
GT	0.743154
TA	0.84205
TC	2.45331
TG	1.15674
TT	1.1785
