kmer	count
AA	0.709313
AC	2.04547
AG	1.05474
AT	1.1848
CA	0.488032
CC	1.22894
CG	0.509011
CT	0.751715
GA	0.390943
GC	1.06594
GG	0.658988
GT	0.78771
TA	0.711036
TC	2.16947
TG	1.08854
TT	1.09137
