kmer	count
AA	0.67516
AC	2.04899
AG	1.08792
AT	1.07182
CA	0.513898
CC	1.23975
CG	0.488135
CT	0.729724
GA	0.387919
GC	1.03649
GG	0.619205
GT	0.745823
TA	0.782724
TC	2.42138
TG	1.18073
TT	1.03072
