kmer	count
AA	0.663585
AC	2.04053
AG	1.02732
AT	1.25389
CA	0.490574
CC	1.33919
CG	0.458037
CT	0.782787
GA	0.37772
GC	1.04355
GG	0.582834
GT	0.794741
TA	0.743231
TC	2.1896
TG	1.0891
TT	1.06551
