kmer	count
AA	0.750421
AC	1.99251
AG	1.11176
AT	1.33208
CA	0.425913
CC	1.15582
CG	0.431958
CT	0.749756
GA	0.362802
GC	1.02156
GG	0.569365
GT	0.827532
TA	0.680288
TC	2.28117
TG	1.03718
TT	1.19394
