kmer	count
AA	0.651511
AC	2.05298
AG	1.06325
AT	1.20701
CA	0.482605
CC	1.17908
CG	0.507076
CT	0.7701
GA	0.39328
GC	1.08904
GG	0.610092
GT	0.779138
TA	0.711895
TC	2.28912
TG	1.08515
TT	1.09545
