kmer	count
AA	0.717379
AC	2.10941
AG	1.02079
AT	1.24341
CA	0.464484
CC	1.21914
CG	0.470257
CT	0.756774
GA	0.389138
GC	1.0824
GG	0.566689
GT	0.796599
TA	0.720839
TC	2.24353
TG	1.06561
TT	1.10585
