kmer	count
AA	0.682331
AC	2.00024
AG	0.922861
AT	1.40832
CA	0.496669
CC	1.36506
CG	0.426029
CT	0.906776
GA	0.430316
GC	1.18561
GG	0.569954
GT	0.954336
TA	0.623208
TC	2.14639
TG	0.886555
TT	1.07253
