kmer	count
AA	0.668465
AC	2.01985
AG	1.15376
AT	1.10073
CA	0.420218
CC	1.26984
CG	0.556007
CT	0.724633
GA	0.369741
GC	1.14283
GG	0.617197
GT	0.752036
TA	0.684234
TC	2.35325
TG	1.17171
TT	0.989746
