kmer	count
AA	0.759819
AC	1.98056
AG	1.10052
AT	1.27927
CA	0.430204
CC	1.16148
CG	0.452086
CT	0.711716
GA	0.380143
GC	1.05369
GG	0.585645
GT	0.734269
TA	0.763349
TC	2.26483
TG	1.08816
TT	1.19094
