kmer	count
AA	0.722599
AC	2.0017
AG	1.10921
AT	1.23714
CA	0.454071
CC	1.19669
CG	0.519034
CT	0.765848
GA	0.385532
GC	1.00537
GG	0.572377
GT	0.777722
TA	0.733614
TC	2.20999
TG	1.12262
TT	1.13566
