kmer	count
AA	0.68165
AC	2.07527
AG	1.0552
AT	1.18791
CA	0.426237
CC	1.31092
CG	0.41055
CT	0.748069
GA	0.352434
GC	1.17936
GG	0.526575
GT	0.774963
TA	0.669132
TC	2.43127
TG	1.01692
TT	1.0832
