kmer	count
AA	0.708397
AC	2.13287
AG	1.0019
AT	1.1119
CA	0.459208
CC	1.23455
CG	0.460511
CT	0.718987
GA	0.396967
GC	1.07832
GG	0.517988
GT	0.744485
TA	0.759743
TC	2.54658
TG	1.09399
TT	1.17682
