kmer	count
AA	0.695528
AC	2.04804
AG	1.13108
AT	1.14801
CA	0.433696
CC	1.20627
CG	0.500353
CT	0.734905
GA	0.378995
GC	1.09634
GG	0.621744
GT	0.741107
TA	0.701332
TC	2.31879
TG	1.0851
TT	1.08977
