kmer	count
AA	0.700388
AC	2.05891
AG	1.08827
AT	1.21331
CA	0.455668
CC	1.14323
CG	0.494192
CT	0.750907
GA	0.373698
GC	1.0336
GG	0.577525
GT	0.749391
TA	0.789598
TC	2.36002
TG	1.06985
TT	1.13192
