kmer	count
AA	0.707528
AC	2.07924
AG	1.01885
AT	1.19813
CA	0.431822
CC	1.29542
CG	0.492257
CT	0.721805
GA	0.375416
GC	1.11238
GG	0.581084
GT	0.751698
TA	0.715394
TC	2.38645
TG	1.06071
TT	1.05209
