kmer	count
AA	0.745945
AC	2.14948
AG	0.928632
AT	1.30845
CA	0.449668
CC	1.30143
CG	0.455545
CT	0.757593
GA	0.377296
GC	1.12402
GG	0.555201
GT	0.810163
TA	0.743849
TC	2.23996
TG	1.05538
TT	1.13246
