kmer	count
AA	0.73999
AC	2.03698
AG	1.14107
AT	1.12404
CA	0.442009
CC	1.13355
CG	0.559635
CT	0.788864
GA	0.420034
GC	1.01802
GG	0.630823
GT	0.856319
TA	0.736377
TC	2.22639
TG	1.11979
TT	1.13513
