kmer	count
AA	0.736497
AC	2.15388
AG	1.06368
AT	1.20111
CA	0.420074
CC	1.23658
CG	0.387012
CT	0.706128
GA	0.379732
GC	1.09817
GG	0.558256
GT	0.818806
TA	0.748359
TC	2.39159
TG	1.09333
TT	1.10577
