kmer	count
AA	0.796493
AC	2.05892
AG	1.0265
AT	1.27877
CA	0.48298
CC	1.08755
CG	0.571373
CT	0.749823
GA	0.409427
GC	0.967713
GG	0.565782
GT	0.784594
TA	0.941284
TC	2.18976
TG	1.18622
TT	1.23546
