kmer	count
AA	0.768352
AC	1.98052
AG	1.16207
AT	1.19408
CA	0.454654
CC	1.06517
CG	0.512321
CT	0.713423
GA	0.396141
GC	1.02403
GG	0.63753
GT	0.734703
TA	0.824714
TC	2.315
TG	1.20545
TT	1.14807
