kmer	count
AA	0.727251
AC	2.0672
AG	1.0946
AT	1.1919
CA	0.413378
CC	1.20018
CG	0.463894
CT	0.740642
GA	0.380174
GC	1.03454
GG	0.558849
GT	0.769559
TA	0.741799
TC	2.35983
TG	1.09904
TT	1.1051
