kmer	count
AA	0.785029
AC	1.98449
AG	1.16794
AT	1.27191
CA	0.461864
CC	1.09329
CG	0.487549
CT	0.747942
GA	0.368849
GC	0.980139
GG	0.575871
GT	0.83062
TA	0.885649
TC	2.22797
TG	1.1563
TT	1.18501
