kmer	count
AA	0.730073
AC	2.11581
AG	1.05787
AT	1.32326
CA	0.443971
CC	1.17713
CG	0.454854
CT	0.741054
GA	0.398972
GC	1.05278
GG	0.540822
GT	0.837375
TA	0.697573
TC	2.25284
TG	1.0086
TT	1.16028
