kmer	count
AA	0.722622
AC	2.04342
AG	1.11546
AT	1.1606
CA	0.447385
CC	1.17809
CG	0.528212
CT	0.735402
GA	0.386672
GC	1.07203
GG	0.601645
GT	0.694902
TA	0.767824
TC	2.31429
TG	1.10339
TT	1.09592
