kmer	count
AA	0.729471
AC	1.99368
AG	1.07981
AT	1.20797
CA	0.473476
CC	1.1963
CG	0.488285
CT	0.694791
GA	0.378673
GC	1.07649
GG	0.602059
GT	0.789461
TA	0.773366
TC	2.26874
TG	1.11719
TT	1.09834
