kmer	count
AA	0.742781
AC	2.03521
AG	0.970452
AT	1.26654
CA	0.474219
CC	1.1448
CG	0.624086
CT	0.829202
GA	0.372509
GC	1.05335
GG	0.62839
GT	0.815001
TA	0.710751
TC	2.25121
TG	1.0442
TT	1.1127
