kmer	count
AA	0.786859
AC	2.07976
AG	1.07222
AT	1.19457
CA	0.438713
CC	1.07301
CG	0.506303
CT	0.738512
GA	0.415306
GC	1.01123
GG	0.562172
GT	0.738642
TA	0.771287
TC	2.4664
TG	1.1019
TT	1.26058
