kmer	count
AA	0.69719
AC	2.05654
AG	1.13393
AT	1.2294
CA	0.420891
CC	1.19594
CG	0.516313
CT	0.727136
GA	0.315087
GC	1.08018
GG	0.592692
GT	0.756334
TA	0.686737
TC	2.34719
TG	1.12655
TT	1.08617
