kmer	count
AA	0.763155
AC	2.08662
AG	1.05689
AT	1.16246
CA	0.428979
CC	1.20978
CG	0.445318
CT	0.712977
GA	0.368443
GC	1.07337
GG	0.549551
GT	0.711783
TA	0.798916
TC	2.50674
TG	1.11774
TT	1.14484
