kmer	count
AA	0.714211
AC	1.97641
AG	1.02277
AT	1.25675
CA	0.520084
CC	1.21726
CG	0.550284
CT	0.797871
GA	0.419038
GC	1.09815
GG	0.605766
GT	0.758692
TA	0.705845
TC	2.22939
TG	1.03093
TT	1.08099
