kmer	count
AA	0.809901
AC	2.06101
AG	1.09296
AT	1.20058
CA	0.382688
CC	1.10535
CG	0.486388
CT	0.704755
GA	0.370163
GC	0.949653
GG	0.511531
GT	0.747895
TA	0.867689
TC	2.49643
TG	1.12599
TT	1.35774
