kmer	count
AA	0.781223
AC	2.01135
AG	1.04849
AT	1.17114
CA	0.466987
CC	1.18539
CG	0.500669
CT	0.778326
GA	0.397048
GC	1.01704
GG	0.579024
GT	0.841077
TA	0.806677
TC	2.28738
TG	1.09011
TT	1.17527
