kmer	count
AA	0.73949
AC	1.98048
AG	1.10167
AT	1.12407
CA	0.484584
CC	1.15076
CG	0.531107
CT	0.755544
GA	0.403416
GC	1.02922
GG	0.627425
GT	0.735929
TA	0.726877
TC	2.42119
TG	1.18447
TT	1.0847
