kmer	count
AA	0.750189
AC	2.02848
AG	1.05588
AT	1.24727
CA	0.462063
CC	1.17575
CG	0.473055
CT	0.731591
GA	0.365512
GC	1.0522
GG	0.571776
GT	0.770083
TA	0.758199
TC	2.29523
TG	1.09308
TT	1.13546
