kmer	count
AA	0.76185
AC	2.01009
AG	1.0598
AT	1.14394
CA	0.506507
CC	1.21253
CG	0.456589
CT	0.708918
GA	0.384158
GC	1.10232
GG	0.590083
GT	0.69613
TA	0.777594
TC	2.38674
TG	1.08771
TT	1.04584
