kmer	count
AA	0.692418
AC	2.0339
AG	0.937248
AT	1.30455
CA	0.450731
CC	1.34057
CG	0.50861
CT	0.885655
GA	0.412274
GC	1.12145
GG	0.594805
GT	0.878868
TA	0.683854
TC	2.11023
TG	0.969895
TT	1.08455
