kmer	count
AA	0.743607
AC	2.13009
AG	0.969917
AT	1.29111
CA	0.490043
CC	1.2228
CG	0.481638
CT	0.74197
GA	0.425826
GC	1.07719
GG	0.554551
GT	0.767281
TA	0.776721
TC	2.2686
TG	1.00757
TT	1.08581
