kmer	count
AA	0.715417
AC	2.09416
AG	1.0146
AT	1.32386
CA	0.462353
CC	1.2592
CG	0.479059
CT	0.738429
GA	0.396258
GC	0.995976
GG	0.575793
GT	0.790426
TA	0.766704
TC	2.21323
TG	1.0697
TT	1.11082
