kmer	count
AA	0.771225
AC	2.05689
AG	0.990551
AT	1.29755
CA	0.49002
CC	1.2607
CG	0.477056
CT	0.771097
GA	0.411899
GC	1.06693
GG	0.544976
GT	0.832721
TA	0.828941
TC	2.26843
TG	1.0596
TT	1.04874
