kmer	count
AA	0.76583
AC	2.08919
AG	0.941585
AT	1.29051
CA	0.559888
CC	1.2731
CG	0.397624
CT	0.818299
GA	0.407342
GC	1.12532
GG	0.55443
GT	0.808967
TA	0.851077
TC	2.15964
TG	0.988697
TT	1.09991
