kmer	count
AA	0.672126
AC	1.97666
AG	0.952382
AT	1.07893
CA	0.591734
CC	1.2584
CG	0.533916
CT	0.807492
GA	0.437899
GC	1.11606
GG	0.624597
GT	0.812478
TA	0.772544
TC	2.29347
TG	1.00482
TT	1.04046
