kmer	count
AA	0.712463
AC	1.91369
AG	1.07524
AT	1.21002
CA	0.507044
CC	1.18224
CG	0.556013
CT	0.734277
GA	0.431858
GC	0.965104
GG	0.60181
GT	0.744026
TA	0.877474
TC	2.27925
TG	1.09939
TT	1.12242
