kmer	count
AA	0.70049
AC	2.08863
AG	1.00752
AT	1.20174
CA	0.458973
CC	1.27373
CG	0.484711
CT	0.75849
GA	0.382418
GC	1.13585
GG	0.572595
GT	0.780808
TA	0.710264
TC	2.30224
TG	1.01881
TT	1.09954
