kmer	count
AA	0.781726
AC	2.06837
AG	1.07221
AT	1.25389
CA	0.48064
CC	1.1159
CG	0.486309
CT	0.723991
GA	0.417137
GC	1.0345
GG	0.596357
GT	0.746767
TA	0.80825
TC	2.29766
TG	1.14314
TT	1.1445
