kmer	count
AA	0.703387
AC	2.17603
AG	1.03167
AT	1.17973
CA	0.446201
CC	1.23762
CG	0.512891
CT	0.700432
GA	0.348324
GC	1.10341
GG	0.540259
GT	0.727613
TA	0.739021
TC	2.47839
TG	1.01427
TT	1.0955
