kmer	count
AA	0.739142
AC	2.04188
AG	1.0439
AT	1.1037
CA	0.457922
CC	1.20939
CG	0.463716
CT	0.687434
GA	0.393988
GC	1.06134
GG	0.578539
GT	0.716386
TA	0.826778
TC	2.53962
TG	1.13597
TT	1.09656
