kmer	count
AA	0.736329
AC	2.04523
AG	1.1056
AT	1.27481
CA	0.402848
CC	1.13607
CG	0.476562
CT	0.758613
GA	0.375369
GC	1.04228
GG	0.571579
GT	0.764073
TA	0.751643
TC	2.28301
TG	1.16626
TT	1.24668
