kmer	count
AA	0.764928
AC	1.97009
AG	1.01195
AT	1.1299
CA	0.604124
CC	1.15249
CG	0.476626
CT	0.689846
GA	0.426604
GC	0.972367
GG	0.609859
GT	0.732009
TA	0.895624
TC	2.31683
TG	1.2299
TT	1.14225
