kmer	count
AA	0.71013
AC	1.93722
AG	1.09411
AT	1.26081
CA	0.451579
CC	1.19926
CG	0.429105
CT	0.742762
GA	0.369684
GC	1.04083
GG	0.573975
GT	0.757544
TA	0.792662
TC	2.35129
TG	1.14296
TT	1.25825
