kmer	count
AA	0.738459
AC	1.84848
AG	1.08409
AT	1.26429
CA	0.474847
CC	1.17689
CG	0.5201
CT	0.775803
GA	0.414334
GC	1.05675
GG	0.639381
GT	0.769268
TA	0.67818
TC	2.24938
TG	1.17544
TT	1.18654
