kmer	count
AA	0.752516
AC	1.91947
AG	1.14308
AT	1.07804
CA	0.457238
CC	1.13735
CG	0.522231
CT	0.715019
GA	0.389925
GC	0.997284
GG	0.61224
GT	0.789107
TA	0.772073
TC	2.33723
TG	1.2446
TT	1.22101
