kmer	count
AA	0.492137
AC	1.34245
AG	0.678391
AT	0.911808
CA	1.27361
CC	1.4345
CG	0.902215
CT	0.729032
GA	0.693295
GC	0.898303
GG	0.83643
GT	0.608826
TA	1.33713
TC	1.92268
TG	1.24238
TT	0.803299
