kmer	count
AA	0.721715
AC	2.00449
AG	1.12546
AT	1.19068
CA	0.458432
CC	1.21145
CG	0.499123
CT	0.730272
GA	0.365209
GC	1.0685
GG	0.59454
GT	0.721993
TA	0.770113
TC	2.38821
TG	1.13663
TT	1.11032
