kmer	count
AA	0.739186
AC	1.88365
AG	1.10403
AT	1.18241
CA	0.470636
CC	1.21907
CG	0.48712
CT	0.816607
GA	0.42647
GC	1.05128
GG	0.657081
GT	0.786357
TA	0.738747
TC	2.24331
TG	1.11315
TT	1.10383
