kmer	count
AA	0.645858
AC	1.88815
AG	1.05713
AT	1.10255
CA	0.464524
CC	1.2535
CG	0.568623
CT	0.79982
GA	0.37899
GC	1.11515
GG	0.720121
GT	0.849552
TA	0.71276
TC	2.16913
TG	1.15268
TT	1.11493
