kmer	count
AA	0.681403
AC	2.02693
AG	1.05779
AT	1.18933
CA	0.46503
CC	1.13967
CG	0.486111
CT	0.729748
GA	0.381506
GC	1.05472
GG	0.58028
GT	0.735109
TA	0.774181
TC	2.41924
TG	1.11511
TT	1.13472
