kmer	count
AA	0.66623
AC	1.92172
AG	0.996812
AT	1.07957
CA	0.582145
CC	1.246
CG	0.55286
CT	0.76686
GA	0.497081
GC	1.09014
GG	0.625961
GT	0.768996
TA	0.781251
TC	2.32017
TG	1.11404
TT	1.02603
