kmer	count
AA	0.765781
AC	2.04601
AG	1.08746
AT	1.23074
CA	0.464545
CC	1.21628
CG	0.470899
CT	0.752459
GA	0.396488
GC	1.08953
GG	0.597503
GT	0.764521
TA	0.699466
TC	2.2391
TG	1.07871
TT	1.15677
