kmer	count
AA	0.706957
AC	2.12071
AG	1.03097
AT	1.16916
CA	0.407737
CC	1.27246
CG	0.470781
CT	0.754502
GA	0.372566
GC	1.13131
GG	0.539723
GT	0.74893
TA	0.695311
TC	2.40428
TG	1.07516
TT	1.1922
