kmer	count
AA	0.755602
AC	1.82579
AG	1.02945
AT	1.23505
CA	0.504852
CC	1.12293
CG	0.56099
CT	0.783449
GA	0.436355
GC	1.02825
GG	0.634618
GT	0.859802
TA	0.927685
TC	2.14716
TG	1.13483
TT	1.23064
