kmer	count
AA	0.742572
AC	1.94247
AG	1.07751
AT	1.25929
CA	0.437989
CC	1.11152
CG	0.503578
CT	0.714841
GA	0.380874
GC	0.974273
GG	0.564387
GT	0.778101
TA	0.891964
TC	2.40107
TG	1.24164
TT	1.22182
