kmer	count
AA	0.788188
AC	2.02867
AG	1.03379
AT	1.34022
CA	0.424705
CC	1.18736
CG	0.53844
CT	0.737359
GA	0.385289
GC	1.00125
GG	0.517793
GT	0.778145
TA	0.755719
TC	2.25521
TG	1.08815
TT	1.17519
