kmer	count
AA	0.695352
AC	2.03896
AG	1.08126
AT	1.25275
CA	0.451472
CC	1.17204
CG	0.554523
CT	0.764499
GA	0.380487
GC	1.05847
GG	0.568093
GT	0.780323
TA	0.738715
TC	2.23947
TG	1.10079
TT	1.1409
