kmer	count
AA	0.811991
AC	1.9523
AG	1.13721
AT	1.17299
CA	0.463133
CC	1.16014
CG	0.421887
CT	0.735544
GA	0.430394
GC	1.00232
GG	0.581627
GT	0.727216
TA	0.809916
TC	2.30162
TG	1.14824
TT	1.21035
