kmer	count
AA	0.529215
AC	1.8746
AG	0.685195
AT	1.25841
CA	0.610358
CC	1.42264
CG	0.571307
CT	0.820574
GA	0.408259
GC	1.07295
GG	0.559386
GT	0.78137
TA	0.79918
TC	2.39159
TG	1.06234
TT	1.20092
