kmer	count
AA	0.697454
AC	2.1068
AG	1.08118
AT	1.27519
CA	0.467691
CC	1.1921
CG	0.41552
CT	0.725817
GA	0.377388
GC	1.05717
GG	0.547815
GT	0.797585
TA	0.76295
TC	2.27806
TG	1.03189
TT	1.14665
