kmer	count
AA	0.804244
AC	1.99209
AG	1.09535
AT	1.27465
CA	0.451871
CC	1.1297
CG	0.451036
CT	0.719108
GA	0.387764
GC	0.990333
GG	0.562755
GT	0.78977
TA	0.875927
TC	2.35152
TG	1.12096
TT	1.20215
