kmer	count
AA	0.700268
AC	2.01702
AG	1.13981
AT	1.20093
CA	0.438446
CC	1.15088
CG	0.499784
CT	0.70636
GA	0.353991
GC	1.05466
GG	0.598542
GT	0.741233
TA	0.730039
TC	2.37852
TG	1.10546
TT	1.14112
