kmer	count
AA	0.749594
AC	2.1723
AG	1.00232
AT	1.21371
CA	0.451529
CC	1.26073
CG	0.416761
CT	0.722816
GA	0.361541
GC	1.11207
GG	0.560373
GT	0.779861
TA	0.733324
TC	2.37564
TG	1.06455
TT	1.14751
