kmer	count
AA	0.706093
AC	1.96341
AG	1.16137
AT	1.11397
CA	0.523086
CC	1.28913
CG	0.517656
CT	0.703729
GA	0.40699
GC	1.03584
GG	0.627647
GT	0.761027
TA	0.727622
TC	2.20129
TG	1.16114
TT	1.1042
