kmer	count
AA	0.656895
AC	2.13377
AG	0.787516
AT	1.2845
CA	0.519328
CC	1.3263
CG	0.379239
CT	0.712918
GA	0.402162
GC	1.12123
GG	0.554831
GT	0.752846
TA	0.755408
TC	2.34079
TG	1.12364
TT	1.11933
