kmer	count
AA	0.758682
AC	2.14156
AG	1.12039
AT	1.21722
CA	0.393603
CC	1.19102
CG	0.484062
CT	0.714239
GA	0.381355
GC	1.03585
GG	0.592094
GT	0.812204
TA	0.783863
TC	2.21487
TG	1.17685
TT	1.12812
