kmer	count
AA	0.762354
AC	1.94388
AG	1.0491
AT	1.2342
CA	0.497707
CC	1.09239
CG	0.491533
CT	0.737119
GA	0.405786
GC	0.984797
GG	0.565268
GT	0.861317
TA	0.947574
TC	2.3819
TG	1.16642
TT	1.16184
