kmer	count
AA	0.732701
AC	1.99326
AG	1.12214
AT	1.23082
CA	0.461843
CC	1.26642
CG	0.523517
CT	0.799478
GA	0.398059
GC	1.06773
GG	0.635977
GT	0.796957
TA	0.649604
TC	2.09142
TG	1.09861
TT	1.03619
