kmer	count
AA	0.782911
AC	2.01712
AG	1.12812
AT	1.23409
CA	0.471048
CC	1.11054
CG	0.461781
CT	0.744282
GA	0.39162
GC	1.07114
GG	0.62427
GT	0.818151
TA	0.701749
TC	2.28179
TG	1.12623
TT	1.12336
