kmer	count
AA	0.745577
AC	1.96482
AG	1.08221
AT	1.27667
CA	0.485385
CC	1.16392
CG	0.47111
CT	0.757616
GA	0.394148
GC	1.00859
GG	0.551646
GT	0.739409
TA	0.835044
TC	2.25278
TG	1.09524
TT	1.13955
