kmer	count
AA	0.719103
AC	2.05893
AG	1.02994
AT	1.2407
CA	0.470383
CC	1.22338
CG	0.504729
CT	0.728489
GA	0.398157
GC	1.12199
GG	0.584318
GT	0.790028
TA	0.758161
TC	2.2537
TG	1.14415
TT	1.08982
