kmer	count
AA	0.731355
AC	2.17926
AG	0.9454
AT	1.24666
CA	0.440827
CC	1.2947
CG	0.41075
CT	0.721595
GA	0.353507
GC	1.13418
GG	0.516726
GT	0.765193
TA	0.749169
TC	2.45408
TG	0.96872
TT	1.09317
