kmer	count
AA	0.773091
AC	2.09273
AG	1.08532
AT	1.25171
CA	0.463183
CC	1.20427
CG	0.451155
CT	0.711823
GA	0.381172
GC	1.07033
GG	0.572416
GT	0.777822
TA	0.749623
TC	2.25339
TG	1.13633
TT	1.13664
