kmer	count
AA	0.74869
AC	2.00708
AG	1.03072
AT	1.17752
CA	0.52741
CC	1.19784
CG	0.515845
CT	0.708817
GA	0.405035
GC	1.04816
GG	0.58249
GT	0.721686
TA	0.835529
TC	2.39835
TG	1.12218
TT	1.10415
