kmer	count
AA	0.684908
AC	2.08408
AG	0.942866
AT	1.11934
CA	0.539517
CC	1.30166
CG	0.526671
CT	0.761253
GA	0.381173
GC	1.03495
GG	0.591859
GT	0.753024
TA	0.775409
TC	2.34621
TG	1.08433
TT	1.06695
