kmer	count
AA	0.699652
AC	2.0425
AG	1.03845
AT	1.29606
CA	0.438187
CC	1.29907
CG	0.533773
CT	0.755855
GA	0.379338
GC	1.06645
GG	0.613729
GT	0.791753
TA	0.721143
TC	2.18364
TG	1.08645
TT	1.05346
