kmer	count
AA	0.774964
AC	2.11177
AG	1.08097
AT	1.12614
CA	0.430684
CC	1.21061
CG	0.49787
CT	0.703647
GA	0.342836
GC	1.04453
GG	0.594659
GT	0.748287
TA	0.740615
TC	2.41039
TG	1.14869
TT	1.14475
