kmer	count
AA	0.704411
AC	2.15695
AG	0.944551
AT	1.2427
CA	0.472502
CC	1.28116
CG	0.535873
CT	0.731175
GA	0.392605
GC	1.07721
GG	0.579712
GT	0.764786
TA	0.748428
TC	2.31283
TG	1.01665
TT	1.10429
