kmer	count
AA	0.762832
AC	1.92138
AG	0.980742
AT	1.15452
CA	0.640792
CC	1.19964
CG	0.51906
CT	0.723414
GA	0.435456
GC	0.935633
GG	0.594851
GT	0.739644
TA	0.911607
TC	2.22353
TG	1.07103
TT	1.15705
