kmer	count
AA	0.726128
AC	2.16125
AG	1.09922
AT	1.11394
CA	0.418327
CC	1.24497
CG	0.43669
CT	0.674967
GA	0.374203
GC	1.12713
GG	0.576511
GT	0.702989
TA	0.743629
TC	2.43606
TG	1.10816
TT	1.10439
