kmer	count
AA	0.66125
AC	2.04663
AG	0.94015
AT	1.28995
CA	0.460867
CC	1.28866
CG	0.490658
CT	0.826077
GA	0.386313
GC	1.11628
GG	0.648706
GT	0.86327
TA	0.687487
TC	2.23795
TG	0.985669
TT	1.16964
