kmer	count
AA	0.725513
AC	2.08158
AG	1.08327
AT	1.14997
CA	0.421621
CC	1.19094
CG	0.471387
CT	0.687549
GA	0.389122
GC	1.12393
GG	0.626111
GT	0.753349
TA	0.745889
TC	2.38183
TG	1.11967
TT	1.11813
