kmer	count
AA	0.667749
AC	1.88954
AG	1.00109
AT	1.18475
CA	0.62023
CC	1.23237
CG	0.577852
CT	0.730164
GA	0.453381
GC	0.972471
GG	0.644452
GT	0.733851
TA	0.799717
TC	2.22682
TG	1.19591
TT	1.0382
