kmer	count
AA	0.726778
AC	2.06596
AG	1.05226
AT	1.12122
CA	0.443011
CC	1.24468
CG	0.466775
CT	0.671515
GA	0.384877
GC	1.09131
GG	0.553581
GT	0.747842
TA	0.766133
TC	2.521
TG	1.12719
TT	1.09925
