kmer	count
AA	0.895241
AC	2.02217
AG	1.0662
AT	1.22951
CA	0.433801
CC	1.12659
CG	0.397842
CT	0.726249
GA	0.403925
GC	1.08059
GG	0.547074
GT	0.794122
TA	0.76406
TC	2.39792
TG	1.0611
TT	1.18355
