kmer	count
AA	0.731599
AC	2.03463
AG	1.1531
AT	1.22214
CA	0.435628
CC	1.13649
CG	0.482145
CT	0.710788
GA	0.390686
GC	1.01679
GG	0.586504
GT	0.699538
TA	0.762604
TC	2.36197
TG	1.15352
TT	1.06669
