kmer	count
AA	0.737518
AC	2.17787
AG	1.03855
AT	1.1224
CA	0.433892
CC	1.29864
CG	0.411071
CT	0.685889
GA	0.392621
GC	1.18777
GG	0.577889
GT	0.7474
TA	0.660262
TC	2.4497
TG	1.05526
TT	1.0263
