kmer	count
AA	0.757494
AC	2.01558
AG	1.08647
AT	1.25325
CA	0.460968
CC	1.08429
CG	0.508874
CT	0.757063
GA	0.329675
GC	1.03575
GG	0.565714
GT	0.765823
TA	0.769443
TC	2.34973
TG	1.05654
TT	1.19643
