kmer	count
AA	0.753977
AC	2.099
AG	1.19293
AT	1.06859
CA	0.357444
CC	1.14495
CG	0.445572
CT	0.624224
GA	0.345797
GC	1.05521
GG	0.586898
GT	0.71046
TA	0.802126
TC	2.56748
TG	1.20166
TT	1.13396
