kmer	count
AA	0.708917
AC	2.15423
AG	1.06926
AT	1.14605
CA	0.424833
CC	1.23411
CG	0.484231
CT	0.703541
GA	0.372003
GC	1.09607
GG	0.571664
GT	0.723925
TA	0.730461
TC	2.43802
TG	1.07357
TT	1.0497
