kmer	count
AA	0.326052
AC	1.82271
AG	0.867667
AT	1.1309
CA	0.473129
CC	1.30626
CG	0.636394
CT	0.627283
GA	0.425395
GC	1.18669
GG	0.867203
GT	0.834951
TA	0.722176
TC	1.93402
TG	1.89047
TT	0.890065
