kmer	count
AA	0.76528
AC	2.05489
AG	1.06724
AT	1.23608
CA	0.44967
CC	1.17472
CG	0.450426
CT	0.73936
GA	0.378495
GC	1.0321
GG	0.537581
GT	0.761855
TA	0.761695
TC	2.30633
TG	1.02363
TT	1.2148
