kmer	count
AA	0.691882
AC	2.02646
AG	1.0349
AT	1.20575
CA	0.492483
CC	1.22367
CG	0.515731
CT	0.753055
GA	0.419181
GC	1.0453
GG	0.60203
GT	0.771435
TA	0.719424
TC	2.25734
TG	1.12691
TT	1.07957
