kmer	count
AA	0.74796
AC	2.00662
AG	0.999829
AT	1.19356
CA	0.49199
CC	1.18151
CG	0.542795
CT	0.744019
GA	0.410625
GC	1.09947
GG	0.601452
GT	0.750752
TA	0.776609
TC	2.37093
TG	1.06328
TT	1.17392
