kmer	count
AA	0.761286
AC	1.89787
AG	1.09803
AT	1.1959
CA	0.458039
CC	1.194
CG	0.470643
CT	0.734644
GA	0.358866
GC	0.982889
GG	0.62556
GT	0.783783
TA	0.728042
TC	2.32037
TG	1.12305
TT	1.153
