kmer	count
AA	0.751874
AC	1.97446
AG	1.1026
AT	1.28261
CA	0.450473
CC	1.14967
CG	0.553944
CT	0.792969
GA	0.33956
GC	1.02211
GG	0.634744
GT	0.802351
TA	0.640686
TC	2.15069
TG	1.10193
TT	1.18915
