kmer	count
AA	0.696224
AC	1.87631
AG	1.08391
AT	1.24687
CA	0.5108
CC	1.1004
CG	0.522984
CT	0.759069
GA	0.405657
GC	0.965975
GG	0.630433
GT	0.746105
TA	0.816194
TC	2.26075
TG	1.17244
TT	1.15495
