kmer	count
AA	0.731783
AC	2.08262
AG	0.971757
AT	1.24878
CA	0.505689
CC	1.21662
CG	0.424207
CT	0.694117
GA	0.405694
GC	1.09231
GG	0.534237
GT	0.738704
TA	0.805155
TC	2.39357
TG	1.04001
TT	1.10481
