kmer	count
AA	0.740519
AC	2.10266
AG	1.08467
AT	1.18912
CA	0.418373
CC	1.20993
CG	0.477924
CT	0.702077
GA	0.379019
GC	1.06008
GG	0.570731
GT	0.750596
TA	0.706403
TC	2.27019
TG	1.10066
TT	1.18256
