kmer	count
AA	0.761366
AC	2.03877
AG	1.08785
AT	1.20927
CA	0.474733
CC	1.14691
CG	0.495261
CT	0.697227
GA	0.367501
GC	1.03325
GG	0.578062
GT	0.720294
TA	0.774967
TC	2.31269
TG	1.11622
TT	1.14936
