kmer	count
AA	0.77134
AC	2.13386
AG	1.04793
AT	1.25196
CA	0.452891
CC	1.14219
CG	0.468776
CT	0.726773
GA	0.366714
GC	1.01078
GG	0.539465
GT	0.768694
TA	0.779876
TC	2.28331
TG	1.06661
TT	1.18402
