kmer	count
AA	0.685347
AC	2.01792
AG	1.06972
AT	1.1332
CA	0.404017
CC	1.26313
CG	0.425783
CT	0.740327
GA	0.398635
GC	1.12897
GG	0.615665
GT	0.802144
TA	0.659292
TC	2.46729
TG	1.12265
TT	1.07192
