kmer	count
AA	0.70205
AC	2.11534
AG	1.09699
AT	1.14632
CA	0.495415
CC	1.1987
CG	0.48022
CT	0.729686
GA	0.346061
GC	1.04759
GG	0.568069
GT	0.706569
TA	0.769112
TC	2.36617
TG	1.1144
TT	1.06208
