kmer	count
AA	0.738936
AC	1.95545
AG	1.04904
AT	1.17175
CA	0.490305
CC	1.16267
CG	0.474238
CT	0.690114
GA	0.414589
GC	1.02334
GG	0.623373
GT	0.809271
TA	0.839419
TC	2.34631
TG	1.17393
TT	1.15912
