kmer	count
AA	0.748635
AC	1.98205
AG	1.00099
AT	1.28201
CA	0.485038
CC	1.14307
CG	0.502127
CT	0.806156
GA	0.355654
GC	1.02335
GG	0.562748
GT	0.828921
TA	0.738906
TC	2.32674
TG	1.1481
TT	1.24909
