kmer	count
AA	0.766776
AC	2.08134
AG	1.05067
AT	1.23203
CA	0.439882
CC	1.24367
CG	0.504326
CT	0.709199
GA	0.402233
GC	1.07513
GG	0.579003
GT	0.744003
TA	0.72069
TC	2.26358
TG	1.10606
TT	1.05622
