kmer	count
AA	0.762911
AC	1.97808
AG	0.970243
AT	1.23489
CA	0.455422
CC	1.23041
CG	0.487619
CT	0.747047
GA	0.445397
GC	1.15765
GG	0.579758
GT	0.846626
TA	0.768431
TC	2.2396
TG	1.072
TT	1.16683
