kmer	count
AA	0.757085
AC	2.00429
AG	1.08446
AT	1.31663
CA	0.480101
CC	1.16714
CG	0.381672
CT	0.733553
GA	0.358922
GC	1.07154
GG	0.576503
GT	0.736933
TA	0.743627
TC	2.27196
TG	1.05658
TT	1.15153
