kmer	count
AA	0.915546
AC	1.16834
AG	1.54134
AT	0.356113
CA	0.88194
CC	1.36627
CG	1.07781
CT	0.498179
GA	0.458215
GC	0.631342
GG	0.88225
GT	0.202669
TA	1.43078
TC	1.80555
TG	2.02731
TT	0.543019
