kmer	count
AA	0.511028
AC	1.92677
AG	0.705448
AT	1.36489
CA	0.566455
CC	1.3486
CG	0.469274
CT	0.751175
GA	0.426463
GC	1.12954
GG	0.571462
GT	0.788668
TA	0.77103
TC	2.39766
TG	1.12891
TT	1.16872
