kmer	count
AA	0.722969
AC	2.07047
AG	1.01673
AT	1.1502
CA	0.44821
CC	1.26057
CG	0.473765
CT	0.660876
GA	0.40574
GC	1.08477
GG	0.574716
GT	0.751517
TA	0.726898
TC	2.4695
TG	1.12924
TT	1.12633
