kmer	count
AA	0.751295
AC	2.03962
AG	1.07565
AT	1.29392
CA	0.425506
CC	1.17227
CG	0.523801
CT	0.781295
GA	0.331451
GC	1.04182
GG	0.620766
GT	0.800679
TA	0.697153
TC	2.17725
TG	1.08793
TT	1.15469
