kmer	count
AA	0.767105
AC	2.02252
AG	1.02426
AT	1.22638
CA	0.488688
CC	1.1325
CG	0.430942
CT	0.798848
GA	0.38544
GC	1.08062
GG	0.53022
GT	0.812708
TA	0.818095
TC	2.35921
TG	1.05274
TT	1.2312
