kmer	count
AA	0.713147
AC	1.98169
AG	1.11763
AT	1.26681
CA	0.426817
CC	1.13201
CG	0.442477
CT	0.787183
GA	0.361066
GC	1.04153
GG	0.534886
GT	0.817251
TA	0.781102
TC	2.25345
TG	1.09543
TT	1.19048
