kmer	count
AA	0.688073
AC	2.07851
AG	1.12067
AT	1.23229
CA	0.461214
CC	1.22584
CG	0.533607
CT	0.757223
GA	0.36424
GC	1.04796
GG	0.593355
GT	0.779698
TA	0.677862
TC	2.21853
TG	1.082
TT	1.10068
