kmer	count
AA	0.714106
AC	2.0604
AG	1.10206
AT	1.19001
CA	0.479348
CC	1.18874
CG	0.502339
CT	0.707451
GA	0.385935
GC	1.00203
GG	0.591942
GT	0.737949
TA	0.756484
TC	2.28663
TG	1.13246
TT	1.11159
