kmer	count
AA	0.722871
AC	1.94184
AG	1.1309
AT	1.22244
CA	0.471699
CC	1.09805
CG	0.587158
CT	0.780614
GA	0.373307
GC	0.996898
GG	0.601596
GT	0.778291
TA	0.753693
TC	2.20361
TG	1.12015
TT	1.20222
