kmer	count
AA	0.773561
AC	2.10941
AG	1.04726
AT	1.16228
CA	0.439213
CC	1.17361
CG	0.419579
CT	0.701974
GA	0.379049
GC	1.06144
GG	0.558963
GT	0.768593
TA	0.80459
TC	2.49482
TG	1.09501
TT	1.14678
