kmer	count
AA	0.751287
AC	2.02279
AG	1.22491
AT	1.2081
CA	0.419613
CC	1.13555
CG	0.51265
CT	0.697658
GA	0.415837
GC	0.991902
GG	0.650194
GT	0.778194
TA	0.671591
TC	2.17891
TG	1.34853
TT	1.03979
