kmer	count
AA	0.750121
AC	1.98532
AG	1.14555
AT	1.08147
CA	0.451042
CC	1.14212
CG	0.503872
CT	0.739685
GA	0.386451
GC	1.03985
GG	0.61737
GT	0.73236
TA	0.707329
TC	2.42948
TG	1.18782
TT	1.12438
