kmer	count
AA	0.664771
AC	2.12445
AG	1.00809
AT	1.19379
CA	0.422919
CC	1.29318
CG	0.459758
CT	0.721372
GA	0.368296
GC	1.13803
GG	0.567229
GT	0.765159
TA	0.707001
TC	2.48879
TG	1.01443
TT	1.06641
