kmer	count
AA	0.730478
AC	1.86047
AG	0.913353
AT	1.07169
CA	0.73326
CC	1.20516
CG	0.599634
CT	0.771591
GA	0.466822
GC	1.02676
GG	0.614907
GT	0.776753
TA	0.953013
TC	2.28824
TG	1.06337
TT	1.06747
