kmer	count
AA	0.734465
AC	2.1636
AG	0.915671
AT	1.34069
CA	0.501017
CC	1.33149
CG	0.427525
CT	0.765873
GA	0.404891
GC	1.07745
GG	0.515661
GT	0.843078
TA	0.739224
TC	2.28106
TG	0.988315
TT	1.15783
