kmer	count
AA	0.725032
AC	2.07228
AG	0.994031
AT	1.26159
CA	0.493625
CC	1.26959
CG	0.409656
CT	0.725116
GA	0.394136
GC	1.10741
GG	0.570361
GT	0.748123
TA	0.724193
TC	2.27418
TG	1.02839
TT	1.13517
