kmer	count
AA	0.741809
AC	2.09519
AG	1.01924
AT	1.14361
CA	0.511317
CC	1.18084
CG	0.505905
CT	0.723289
GA	0.418648
GC	1.07168
GG	0.565136
GT	0.689035
TA	0.775419
TC	2.34709
TG	1.10483
TT	1.08108
