kmer	count
AA	0.396594
AC	1.31419
AG	0.556997
AT	0.802959
CA	1.24016
CC	1.44626
CG	0.997601
CT	0.881909
GA	0.688025
GC	1.06201
GG	0.779493
GT	0.627858
TA	1.20436
TC	2.05988
TG	1.17793
TT	0.757286
