kmer	count
AA	0.774783
AC	2.04676
AG	1.06131
AT	1.26646
CA	0.439634
CC	1.1463
CG	0.430666
CT	0.737499
GA	0.357513
GC	1.04334
GG	0.560981
GT	0.793682
TA	0.765511
TC	2.33808
TG	1.21114
TT	1.16188
