kmer	count
AA	0.653421
AC	2.07018
AG	1.03992
AT	1.16322
CA	0.503827
CC	1.27538
CG	0.540783
CT	0.711254
GA	0.403961
GC	1.09022
GG	0.618185
GT	0.73904
TA	0.711111
TC	2.35252
TG	1.09932
TT	1.02374
