kmer	count
AA	0.687805
AC	1.97713
AG	1.10424
AT	1.17609
CA	0.476644
CC	1.20399
CG	0.548172
CT	0.718503
GA	0.394409
GC	1.04303
GG	0.626103
GT	0.748266
TA	0.77222
TC	2.22686
TG	1.1357
TT	1.1251
