kmer	count
AA	0.789544
AC	1.96727
AG	1.10121
AT	1.23555
CA	0.380694
CC	1.1786
CG	0.472191
CT	0.72671
GA	0.358148
GC	1.044
GG	0.571041
GT	0.781261
TA	0.858404
TC	2.44164
TG	1.08533
TT	1.19661
