kmer	count
AA	0.706057
AC	1.97121
AG	1.11457
AT	1.23181
CA	0.430805
CC	1.18605
CG	0.49209
CT	0.751902
GA	0.353012
GC	0.975478
GG	0.5882
GT	0.744298
TA	0.721352
TC	2.30408
TG	1.13124
TT	1.20911
