kmer	count
AA	0.698955
AC	2.045
AG	0.990391
AT	1.20368
CA	0.524392
CC	1.26876
CG	0.516881
CT	0.709312
GA	0.409968
GC	1.05893
GG	0.596467
GT	0.725997
TA	0.804072
TC	2.28372
TG	1.08348
TT	1.07786
