kmer	count
AA	0.80178
AC	1.99175
AG	1.08469
AT	1.1907
CA	0.456482
CC	1.14517
CG	0.467672
CT	0.694447
GA	0.390841
GC	0.97104
GG	0.558516
GT	0.746113
TA	0.846272
TC	2.41807
TG	1.21209
TT	1.207
