kmer	count
AA	0.749153
AC	2.06498
AG	1.06611
AT	1.22598
CA	0.442062
CC	1.19116
CG	0.487824
CT	0.723834
GA	0.383633
GC	1.05058
GG	0.59445
GT	0.782071
TA	0.720324
TC	2.28274
TG	1.09568
TT	1.10121
