kmer	count
AA	0.784838
AC	2.01556
AG	1.10245
AT	1.18087
CA	0.473915
CC	1.19549
CG	0.382075
CT	0.734941
GA	0.369677
GC	1.06786
GG	0.541908
GT	0.70924
TA	0.816535
TC	2.28699
TG	1.04893
TT	1.16935
