kmer	count
AA	0.7629
AC	1.98494
AG	1.13206
AT	1.25491
CA	0.469542
CC	1.15362
CG	0.454719
CT	0.720852
GA	0.402424
GC	0.98001
GG	0.651507
GT	0.747321
TA	0.73482
TC	2.23803
TG	1.17487
TT	1.20064
