kmer	count
AA	0.707292
AC	2.06197
AG	0.998675
AT	1.20957
CA	0.50194
CC	1.22673
CG	0.453252
CT	0.765355
GA	0.375115
GC	1.0553
GG	0.576547
GT	0.751659
TA	0.715067
TC	2.36668
TG	1.03311
TT	1.14365
