kmer	count
AA	0.755794
AC	2.04368
AG	1.1257
AT	1.21867
CA	0.448628
CC	1.19449
CG	0.498932
CT	0.758517
GA	0.386372
GC	1.00392
GG	0.560755
GT	0.777849
TA	0.750971
TC	2.32392
TG	1.12452
TT	1.17137
