kmer	count
AA	0.702982
AC	2.00018
AG	1.16254
AT	1.11678
CA	0.454825
CC	1.15384
CG	0.529616
CT	0.70594
GA	0.407376
GC	1.04555
GG	0.60337
GT	0.729193
TA	0.741428
TC	2.32114
TG	1.1561
TT	1.10365
