kmer	count
AA	0.72097
AC	1.97591
AG	0.989173
AT	1.34396
CA	0.497544
CC	1.21745
CG	0.477487
CT	0.850227
GA	0.45331
GC	1.11281
GG	0.569514
GT	0.933186
TA	0.740718
TC	2.01311
TG	0.965988
TT	1.13931
