kmer	count
AA	0.768719
AC	2.0483
AG	1.00168
AT	1.1926
CA	0.489223
CC	1.15633
CG	0.497832
CT	0.763364
GA	0.407198
GC	1.00517
GG	0.557549
GT	0.793961
TA	0.827864
TC	2.35129
TG	1.13257
TT	1.21524
