kmer	count
AA	0.751666
AC	2.1654
AG	1.05494
AT	1.21031
CA	0.435063
CC	1.16902
CG	0.488989
CT	0.741303
GA	0.368587
GC	1.06483
GG	0.539172
GT	0.766973
TA	0.785373
TC	2.36421
TG	1.12722
TT	1.17387
