kmer	count
AA	0.760218
AC	2.24288
AG	0.988801
AT	1.20482
CA	0.448976
CC	1.33041
CG	0.358347
CT	0.704547
GA	0.358344
GC	1.14078
GG	0.530154
GT	0.75983
TA	0.66656
TC	2.40627
TG	0.974716
TT	1.05721
