kmer	count
AA	0.874718
AC	2.01579
AG	0.99603
AT	1.33381
CA	0.477759
CC	1.12687
CG	0.400724
CT	0.665158
GA	0.452576
GC	1.11316
GG	0.541032
GT	0.669347
TA	0.907701
TC	2.4612
TG	1.05635
TT	1.12724
