kmer	count
AA	0.731996
AC	2.02806
AG	1.09197
AT	1.18806
CA	0.445932
CC	1.21506
CG	0.516745
CT	0.694502
GA	0.383538
GC	1.05486
GG	0.589104
GT	0.731737
TA	0.768802
TC	2.3869
TG	1.15525
TT	1.1434
