kmer	count
AA	0.71147
AC	2.05754
AG	1.01423
AT	1.21112
CA	0.474706
CC	1.20787
CG	0.541646
CT	0.785278
GA	0.374529
GC	1.08334
GG	0.557515
GT	0.781912
TA	0.729662
TC	2.31506
TG	1.05439
TT	1.11809
