kmer	count
AA	0.795475
AC	2.00992
AG	1.09848
AT	1.22432
CA	0.47926
CC	1.09684
CG	0.505776
CT	0.716098
GA	0.451174
GC	1.038
GG	0.613994
GT	0.815772
TA	0.764298
TC	2.10611
TG	1.17676
TT	1.07109
