kmer	count
AA	0.812753
AC	2.03312
AG	1.10819
AT	1.16369
CA	0.537058
CC	1.12958
CG	0.502272
CT	0.737001
GA	0.452093
GC	0.934577
GG	0.591011
GT	0.750361
TA	0.844656
TC	2.2497
TG	1.18502
TT	1.11916
