kmer	count
AA	0.756808
AC	2.03679
AG	1.07552
AT	1.23683
CA	0.44246
CC	1.20448
CG	0.479116
CT	0.775153
GA	0.360597
GC	1.06459
GG	0.554777
GT	0.811215
TA	0.733848
TC	2.39909
TG	1.09223
TT	1.11951
