kmer	count
AA	0.742031
AC	2.12986
AG	1.09308
AT	1.24403
CA	0.481433
CC	1.17244
CG	0.420563
CT	0.729436
GA	0.38378
GC	1.06545
GG	0.557773
GT	0.757425
TA	0.824393
TC	2.4266
TG	1.06072
TT	1.07166
