kmer	count
AA	0.743878
AC	2.07538
AG	1.11481
AT	1.19021
CA	0.445372
CC	1.12368
CG	0.437672
CT	0.686071
GA	0.385493
GC	1.07142
GG	0.597238
GT	0.758018
TA	0.780188
TC	2.43704
TG	1.16864
TT	1.10495
