kmer	count
AA	0.769542
AC	2.04936
AG	1.05801
AT	1.23389
CA	0.485277
CC	1.16674
CG	0.451979
CT	0.740607
GA	0.37851
GC	0.991815
GG	0.584099
GT	0.759593
TA	0.758082
TC	2.25523
TG	1.10377
TT	1.14219
