kmer	count
AA	0.753298
AC	1.99678
AG	1.15545
AT	1.17227
CA	0.434697
CC	1.20918
CG	0.450593
CT	0.710222
GA	0.406704
GC	1.05078
GG	0.620426
GT	0.799654
TA	0.790283
TC	2.21882
TG	1.16736
TT	1.14448
