kmer	count
AA	0.742358
AC	1.94529
AG	1.15893
AT	1.18196
CA	0.413812
CC	1.11705
CG	0.449723
CT	0.739606
GA	0.382019
GC	1.0646
GG	0.592164
GT	0.788571
TA	0.755781
TC	2.44792
TG	1.14635
TT	1.18219
