kmer	count
AA	0.7149
AC	2.11459
AG	1.02337
AT	1.27934
CA	0.450218
CC	1.24098
CG	0.454647
CT	0.750799
GA	0.383202
GC	1.0794
GG	0.54041
GT	0.789549
TA	0.730112
TC	2.25081
TG	1.04976
TT	1.12637
