kmer	count
AA	0.713562
AC	1.85698
AG	1.03205
AT	1.30236
CA	0.51364
CC	1.21977
CG	0.529359
CT	0.794088
GA	0.393284
GC	0.964559
GG	0.618005
GT	0.791838
TA	0.819721
TC	2.20259
TG	1.07099
TT	1.15269
