kmer	count
AA	0.712138
AC	2.13576
AG	1.05254
AT	1.13836
CA	0.433567
CC	1.24949
CG	0.495933
CT	0.656827
GA	0.364724
GC	1.15791
GG	0.549548
GT	0.757337
TA	0.720448
TC	2.48934
TG	1.0214
TT	1.07778
