kmer	count
AA	0.745181
AC	1.96019
AG	1.0479
AT	1.24349
CA	0.469606
CC	1.17062
CG	0.483013
CT	0.781294
GA	0.357532
GC	1.12635
GG	0.594503
GT	0.811112
TA	0.74688
TC	2.23846
TG	1.1827
TT	1.12387
