kmer	count
AA	0.690775
AC	2.14403
AG	0.968565
AT	1.1275
CA	0.520192
CC	1.33006
CG	0.507964
CT	0.714132
GA	0.38645
GC	1.12275
GG	0.550762
GT	0.699951
TA	0.734246
TC	2.4511
TG	1.02794
TT	1.03234
