kmer	count
AA	0.718151
AC	2.08876
AG	1.07535
AT	1.18704
CA	0.467898
CC	1.2084
CG	0.451817
CT	0.751466
GA	0.363819
GC	1.04585
GG	0.559455
GT	0.755138
TA	0.705534
TC	2.3432
TG	1.01583
TT	1.18626
