kmer	count
AA	0.769095
AC	2.01543
AG	1.08626
AT	1.22704
CA	0.456715
CC	1.12524
CG	0.479802
CT	0.766812
GA	0.389411
GC	1.00229
GG	0.608442
GT	0.791782
TA	0.79241
TC	2.31724
TG	1.1269
TT	1.18459
