kmer	count
AA	0.758544
AC	2.10717
AG	1.05068
AT	1.17353
CA	0.437243
CC	1.21797
CG	0.418682
CT	0.698197
GA	0.378597
GC	1.09543
GG	0.553624
GT	0.753849
TA	0.759587
TC	2.48654
TG	1.09803
TT	1.10822
