kmer	count
AA	0.774978
AC	2.13658
AG	1.11096
AT	1.12875
CA	0.471002
CC	1.18911
CG	0.432325
CT	0.683017
GA	0.355334
GC	0.953466
GG	0.589778
GT	0.772683
TA	0.763828
TC	2.50209
TG	1.13984
TT	1.09915
