kmer	count
AA	0.715925
AC	2.08084
AG	1.16082
AT	1.19587
CA	0.395231
CC	1.16915
CG	0.457212
CT	0.704961
GA	0.355838
GC	1.08276
GG	0.567603
GT	0.741846
TA	0.713342
TC	2.36876
TG	1.10078
TT	1.12362
