kmer	count
AA	0.736456
AC	2.08522
AG	1.04083
AT	1.17721
CA	0.446811
CC	1.2657
CG	0.489988
CT	0.734872
GA	0.371258
GC	1.10819
GG	0.572412
GT	0.757908
TA	0.723405
TC	2.34017
TG	1.03435
TT	1.09481
