kmer	count
AA	0.735849
AC	1.97371
AG	0.945106
AT	1.19036
CA	0.563452
CC	1.15835
CG	0.470162
CT	0.695144
GA	0.439419
GC	1.06953
GG	0.583119
GT	0.671279
TA	0.950686
TC	2.43526
TG	1.06383
TT	1.08143
