kmer	count
AA	0.688671
AC	1.82305
AG	0.953336
AT	1.34651
CA	0.563171
CC	1.26912
CG	0.590058
CT	1.03003
GA	0.461354
GC	1.14022
GG	0.656608
GT	0.952726
TA	0.635499
TC	1.80206
TG	0.954145
TT	1.09227
