kmer	count
AA	0.716203
AC	2.13604
AG	1.0249
AT	1.17244
CA	0.445193
CC	1.30047
CG	0.45686
CT	0.729383
GA	0.367274
GC	1.14676
GG	0.535138
GT	0.732334
TA	0.705644
TC	2.43473
TG	1.00796
TT	1.06765
