kmer	count
AA	0.724215
AC	1.94456
AG	1.15917
AT	1.23374
CA	0.457532
CC	1.0749
CG	0.533579
CT	0.740018
GA	0.391505
GC	0.948505
GG	0.613286
GT	0.785543
TA	0.806949
TC	2.27151
TG	1.24963
TT	1.25055
