kmer	count
AA	0.748888
AC	2.0838
AG	1.01099
AT	1.35178
CA	0.478974
CC	1.23027
CG	0.50158
CT	0.795306
GA	0.397546
GC	1.02103
GG	0.551048
GT	0.816351
TA	0.708539
TC	2.17607
TG	1.02059
TT	1.1164
