kmer	count
AA	0.693483
AC	2.09263
AG	1.06205
AT	1.18522
CA	0.478568
CC	1.16958
CG	0.472814
CT	0.713279
GA	0.392793
GC	1.02774
GG	0.571152
GT	0.742412
TA	0.774171
TC	2.34366
TG	1.13345
TT	1.10837
