kmer	count
AA	0.745844
AC	1.96039
AG	1.08022
AT	1.20526
CA	0.465779
CC	1.13297
CG	0.504634
CT	0.802621
GA	0.409411
GC	1.08525
GG	0.589446
GT	0.781623
TA	0.73681
TC	2.21089
TG	1.05185
TT	1.1811
