kmer	count
AA	0.68938
AC	2.04806
AG	1.08879
AT	1.40729
CA	0.413976
CC	1.19474
CG	0.486806
CT	0.832333
GA	0.354176
GC	1.00354
GG	0.61404
GT	0.817747
TA	0.700765
TC	2.19308
TG	1.07094
TT	1.24778
