kmer	count
AA	0.686747
AC	2.10645
AG	1.07262
AT	1.24886
CA	0.458163
CC	1.20719
CG	0.456513
CT	0.716348
GA	0.39951
GC	1.06781
GG	0.57711
GT	0.76049
TA	0.721755
TC	2.36276
TG	1.04926
TT	1.08807
