kmer	count
AA	0.800547
AC	1.98048
AG	1.05187
AT	1.27337
CA	0.511866
CC	1.16004
CG	0.514982
CT	0.723916
GA	0.414018
GC	1.04047
GG	0.599305
GT	0.751516
TA	0.828583
TC	2.2686
TG	1.13828
TT	1.12634
