kmer	count
AA	0.73629
AC	1.97176
AG	1.1059
AT	1.21829
CA	0.428893
CC	1.09281
CG	0.473177
CT	0.769628
GA	0.380121
GC	1.0351
GG	0.588645
GT	0.841828
TA	0.748158
TC	2.41267
TG	1.14919
TT	1.2097
