kmer	count
AA	0.735048
AC	2.07404
AG	1.08228
AT	1.21908
CA	0.456624
CC	1.17929
CG	0.489263
CT	0.695763
GA	0.378155
GC	1.06442
GG	0.568362
GT	0.738019
TA	0.736516
TC	2.31931
TG	1.09862
TT	1.13749
