kmer	count
AA	0.700668
AC	2.04266
AG	0.987825
AT	1.2161
CA	0.484883
CC	1.25466
CG	0.505499
CT	0.721664
GA	0.423657
GC	1.08713
GG	0.58161
GT	0.794129
TA	0.76923
TC	2.36777
TG	1.0984
TT	1.08412
