kmer	count
AA	0.746198
AC	2.014
AG	1.14686
AT	1.26194
CA	0.447303
CC	1.17298
CG	0.502403
CT	0.771807
GA	0.370389
GC	1.05881
GG	0.613751
GT	0.777263
TA	0.74405
TC	2.19692
TG	1.11351
TT	1.17975
