kmer	count
AA	0.796255
AC	2.23331
AG	0.964276
AT	1.2439
CA	0.419282
CC	1.14169
CG	0.403577
CT	0.686773
GA	0.412692
GC	1.07275
GG	0.493943
GT	0.730352
TA	0.921455
TC	2.56351
TG	1.03688
TT	1.16946
