kmer	count
AA	0.729713
AC	2.0415
AG	1.03402
AT	1.09925
CA	0.522361
CC	1.17129
CG	0.511269
CT	0.670043
GA	0.409556
GC	1.06637
GG	0.626872
GT	0.683602
TA	0.770983
TC	2.39065
TG	1.1608
TT	1.05794
