kmer	count
AA	0.729288
AC	1.95342
AG	1.02562
AT	1.25582
CA	0.446296
CC	1.20475
CG	0.512972
CT	0.811441
GA	0.38682
GC	1.0685
GG	0.62032
GT	0.842892
TA	0.741629
TC	2.2014
TG	1.0305
TT	1.1467
