kmer	count
AA	0.783974
AC	2.04743
AG	1.03061
AT	1.22
CA	0.485155
CC	1.14724
CG	0.478041
CT	0.766795
GA	0.38208
GC	1.00604
GG	0.575696
GT	0.758863
TA	0.828458
TC	2.28424
TG	1.1103
TT	1.28397
