kmer	count
AA	0.717542
AC	2.01654
AG	1.17889
AT	1.02791
CA	0.422425
CC	1.18238
CG	0.523898
CT	0.696163
GA	0.381684
GC	1.09041
GG	0.625248
GT	0.689734
TA	0.723007
TC	2.41564
TG	1.2344
TT	1.09355
