kmer	count
AA	0.732836
AC	1.99228
AG	1.13794
AT	1.23199
CA	0.43138
CC	1.12312
CG	0.480513
CT	0.718707
GA	0.343191
GC	1.08135
GG	0.681197
GT	0.737593
TA	0.733061
TC	2.15629
TG	1.16013
TT	1.16663
