kmer	count
AA	0.771258
AC	1.82176
AG	1.10385
AT	1.37478
CA	0.505206
CC	1.12384
CG	0.530674
CT	0.720825
GA	0.417406
GC	1.04227
GG	0.609819
GT	0.784437
TA	0.754497
TC	2.22823
TG	1.15407
TT	1.1925
