kmer	count
AA	0.706964
AC	2.08618
AG	1.01466
AT	1.29419
CA	0.435831
CC	1.25455
CG	0.458092
CT	0.777912
GA	0.364553
GC	1.0685
GG	0.584681
GT	0.756443
TA	0.645075
TC	2.30077
TG	1.05783
TT	1.13435
