kmer	count
AA	0.72207
AC	2.03702
AG	1.05134
AT	1.22109
CA	0.450266
CC	1.21363
CG	0.494759
CT	0.729452
GA	0.35739
GC	1.09325
GG	0.560241
GT	0.794691
TA	0.727584
TC	2.36582
TG	1.15021
TT	1.13495
