kmer	count
AA	0.727207
AC	2.00265
AG	1.07457
AT	1.2591
CA	0.446937
CC	1.18411
CG	0.469303
CT	0.765351
GA	0.375931
GC	1.02709
GG	0.574732
GT	0.762989
TA	0.820472
TC	2.28722
TG	1.04817
TT	1.3437
