kmer	count
AA	0.745877
AC	2.04374
AG	1.04247
AT	1.21287
CA	0.448098
CC	1.18837
CG	0.487905
CT	0.706096
GA	0.388888
GC	1.05384
GG	0.575874
GT	0.764571
TA	0.84357
TC	2.36848
TG	1.06836
TT	1.08318
