kmer	count
AA	0.736418
AC	2.06625
AG	0.970159
AT	1.23455
CA	0.520843
CC	1.27774
CG	0.519588
CT	0.7336
GA	0.437617
GC	1.07371
GG	0.540715
GT	0.703406
TA	0.825436
TC	2.30681
TG	0.988613
TT	1.10974
