kmer	count
AA	0.660588
AC	1.83076
AG	0.855202
AT	1.11323
CA	0.757734
CC	1.16909
CG	0.583194
CT	0.699975
GA	0.540654
GC	0.945975
GG	0.610629
GT	0.728301
TA	1.13506
TC	2.34654
TG	1.21872
TT	1.05589
