kmer	count
AA	0.833751
AC	2.00621
AG	1.00144
AT	1.17224
CA	0.468196
CC	1.19756
CG	0.490263
CT	0.699044
GA	0.384824
GC	0.987876
GG	0.544039
GT	0.750925
TA	0.825244
TC	2.43478
TG	1.09797
TT	1.26007
