kmer	count
AA	0.74481
AC	2.03043
AG	1.09679
AT	1.25016
CA	0.433465
CC	1.09801
CG	0.426635
CT	0.729441
GA	0.383215
GC	1.01126
GG	0.544227
GT	0.74606
TA	0.805039
TC	2.48263
TG	1.13847
TT	1.24765
