kmer	count
AA	0.738584
AC	2.06082
AG	1.11252
AT	1.35933
CA	0.435153
CC	1.13638
CG	0.44894
CT	0.703194
GA	0.381857
GC	0.989918
GG	0.532524
GT	0.860878
TA	0.712932
TC	2.32583
TG	1.19825
TT	1.19403
