kmer	count
AA	0.677805
AC	2.02696
AG	1.07786
AT	1.0908
CA	0.42558
CC	1.24677
CG	0.498007
CT	0.734671
GA	0.411445
GC	1.16643
GG	0.591673
GT	0.816105
TA	0.672285
TC	2.33868
TG	1.07305
TT	1.08971
