kmer	count
AA	0.731324
AC	2.01387
AG	1.0917
AT	1.16547
CA	0.459725
CC	1.16761
CG	0.495719
CT	0.731372
GA	0.382299
GC	1.08488
GG	0.590263
GT	0.711488
TA	0.741101
TC	2.36631
TG	1.06977
TT	1.14135
