kmer	count
AA	0.721612
AC	2.111
AG	1.00085
AT	1.10519
CA	0.483898
CC	1.23481
CG	0.472455
CT	0.674085
GA	0.395543
GC	1.16505
GG	0.575274
GT	0.743479
TA	0.797178
TC	2.44544
TG	1.02273
TT	1.05719
