kmer	count
AA	0.752401
AC	2.11445
AG	1.01298
AT	1.15537
CA	0.417374
CC	1.19441
CG	0.455836
CT	0.668279
GA	0.312829
GC	1.05947
GG	0.535586
GT	0.773051
TA	0.832072
TC	2.61926
TG	1.07838
TT	1.23022
