kmer	count
AA	0.737849
AC	2.00571
AG	1.02742
AT	1.27889
CA	0.488294
CC	1.13393
CG	0.449415
CT	0.724158
GA	0.362414
GC	0.995804
GG	0.575593
GT	0.807183
TA	0.796998
TC	2.45464
TG	1.1467
TT	1.21895
