kmer	count
AA	0.714754
AC	1.98872
AG	1.02109
AT	1.32381
CA	0.460176
CC	1.23032
CG	0.472104
CT	0.782023
GA	0.371091
GC	1.02786
GG	0.583284
GT	0.803863
TA	0.760191
TC	2.18556
TG	1.07691
TT	1.16543
