kmer	count
AA	0.712105
AC	2.05974
AG	1.04643
AT	1.14928
CA	0.476083
CC	1.22814
CG	0.483144
CT	0.70386
GA	0.378685
GC	1.07196
GG	0.586569
GT	0.720222
TA	0.766201
TC	2.40585
TG	1.08031
TT	1.09917
