kmer	count
AA	0.723138
AC	2.03455
AG	1.16595
AT	1.2413
CA	0.417181
CC	1.0966
CG	0.462958
CT	0.696232
GA	0.346179
GC	1.09075
GG	0.580614
GT	0.786205
TA	0.725978
TC	2.33497
TG	1.10449
TT	1.14624
