kmer	count
AA	0.680639
AC	1.95952
AG	1.11544
AT	1.34302
CA	0.401533
CC	1.17835
CG	0.449566
CT	0.78224
GA	0.405474
GC	1.05987
GG	0.527179
GT	0.774687
TA	0.780648
TC	2.28653
TG	1.16506
TT	1.22777
