kmer	count
AA	0.729429
AC	2.07721
AG	1.07064
AT	1.21989
CA	0.464746
CC	1.23984
CG	0.483952
CT	0.743694
GA	0.390069
GC	1.02907
GG	0.544931
GT	0.801175
TA	0.734648
TC	2.34508
TG	1.01413
TT	1.0934
