kmer	count
AA	0.779988
AC	2.00465
AG	1.07686
AT	1.21026
CA	0.522363
CC	1.19431
CG	0.575615
CT	0.710669
GA	0.402294
GC	1.03268
GG	0.603948
GT	0.799546
TA	0.76968
TC	2.18427
TG	1.06387
TT	1.08257
