kmer	count
AA	0.701808
AC	2.02681
AG	0.997882
AT	1.29408
CA	0.501132
CC	1.13784
CG	0.490908
CT	0.791387
GA	0.369008
GC	1.02232
GG	0.573711
GT	0.733872
TA	0.77984
TC	2.32067
TG	1.07752
TT	1.16897
