kmer	count
AA	0.695369
AC	2.12261
AG	1.05102
AT	1.21769
CA	0.43559
CC	1.296
CG	0.488938
CT	0.744448
GA	0.361695
GC	1.13409
GG	0.567025
GT	0.746238
TA	0.705456
TC	2.32095
TG	1.03612
TT	1.05677
