kmer	count
AA	0.771293
AC	2.11525
AG	1.04184
AT	1.24938
CA	0.428458
CC	1.17752
CG	0.430756
CT	0.742412
GA	0.401526
GC	1.11368
GG	0.575123
GT	0.783101
TA	0.777789
TC	2.34987
TG	1.08704
TT	1.12138
