kmer	count
AA	0.721918
AC	1.97626
AG	1.14073
AT	1.15339
CA	0.452815
CC	1.21732
CG	0.503201
CT	0.71732
GA	0.363376
GC	1.0371
GG	0.593886
GT	0.731732
TA	0.734297
TC	2.30433
TG	1.17232
TT	1.09309
