kmer	count
AA	0.697446
AC	1.95284
AG	1.0936
AT	1.27849
CA	0.474693
CC	1.14002
CG	0.470733
CT	0.800936
GA	0.43303
GC	1.07198
GG	0.637593
GT	0.846052
TA	0.819639
TC	2.04963
TG	1.10071
TT	1.09986
