kmer	count
AA	0.671039
AC	2.13792
AG	1.02376
AT	1.22587
CA	0.436741
CC	1.26787
CG	0.429443
CT	0.795516
GA	0.377037
GC	1.12991
GG	0.58026
GT	0.805663
TA	0.733603
TC	2.30863
TG	1.05627
TT	1.09592
