kmer	count
AA	0.770789
AC	2.04666
AG	1.05588
AT	1.36135
CA	0.413024
CC	1.15944
CG	0.395629
CT	0.751399
GA	0.338136
GC	1.0388
GG	0.589213
GT	0.877743
TA	0.746768
TC	2.27761
TG	1.11014
TT	1.22086
