kmer	count
AA	0.78495
AC	2.06434
AG	1.06181
AT	1.10181
CA	0.432219
CC	1.18475
CG	0.464955
CT	0.706731
GA	0.373101
GC	0.995744
GG	0.582446
GT	0.748561
TA	0.790813
TC	2.50266
TG	1.16193
TT	1.17271
