kmer	count
AA	0.727682
AC	2.04155
AG	1.05809
AT	1.1791
CA	0.410955
CC	1.25499
CG	0.493408
CT	0.697812
GA	0.395502
GC	1.10605
GG	0.55315
GT	0.807505
TA	0.720944
TC	2.35114
TG	1.15663
TT	1.15884
