kmer	count
AA	0.799751
AC	2.24483
AG	0.963137
AT	1.1429
CA	0.490739
CC	1.26539
CG	0.362489
CT	0.69382
GA	0.430374
GC	1.05158
GG	0.512396
GT	0.765117
TA	0.856537
TC	2.5639
TG	0.965294
TT	1.06251
