kmer	count
AA	0.690792
AC	2.04701
AG	0.987736
AT	1.16925
CA	0.523655
CC	1.27758
CG	0.50377
CT	0.731942
GA	0.411493
GC	1.05122
GG	0.594123
GT	0.740535
TA	0.795951
TC	2.29308
TG	1.08999
TT	1.07798
