kmer	count
AA	0.745259
AC	2.03915
AG	1.05401
AT	1.32574
CA	0.444633
CC	1.23514
CG	0.397062
CT	0.737225
GA	0.369407
GC	0.945949
GG	0.593731
GT	0.790011
TA	0.714949
TC	2.3516
TG	1.17532
TT	1.19529
