kmer	count
AA	0.798918
AC	2.02493
AG	1.06975
AT	1.19819
CA	0.459464
CC	1.18316
CG	0.40036
CT	0.668808
GA	0.346573
GC	1.01816
GG	0.521857
GT	0.724667
TA	0.822636
TC	2.56138
TG	1.17321
TT	1.1849
