kmer	count
AA	0.693488
AC	1.97076
AG	1.02201
AT	1.28978
CA	0.478061
CC	1.17846
CG	0.488098
CT	0.785136
GA	0.363543
GC	1.02616
GG	0.545249
GT	0.778961
TA	0.798004
TC	2.28953
TG	1.0849
TT	1.19207
