kmer	count
AA	0.722418
AC	2.03761
AG	1.04641
AT	1.25462
CA	0.479648
CC	1.23257
CG	0.553585
CT	0.74414
GA	0.365312
GC	1.09814
GG	0.60111
GT	0.814934
TA	0.727266
TC	2.10319
TG	1.1186
TT	1.10626
