kmer	count
AA	0.739918
AC	2.03609
AG	0.933822
AT	1.2223
CA	0.532013
CC	1.27867
CG	0.518034
CT	0.708845
GA	0.41864
GC	1.01604
GG	0.591276
GT	0.750251
TA	0.784082
TC	2.32447
TG	1.15609
TT	1.13491
