kmer	count
AA	0.76158
AC	2.10936
AG	1.05894
AT	1.21665
CA	0.403711
CC	1.24169
CG	0.429154
CT	0.64425
GA	0.351811
GC	1.10846
GG	0.550501
GT	0.725865
TA	0.797976
TC	2.49191
TG	1.05414
TT	1.2102
