kmer	count
AA	0.755002
AC	2.02537
AG	0.985949
AT	1.23127
CA	0.457261
CC	1.24087
CG	0.454603
CT	0.768293
GA	0.343882
GC	1.05747
GG	0.541717
GT	0.77845
TA	0.703864
TC	2.50024
TG	1.06998
TT	1.17374
