kmer	count
AA	0.710898
AC	2.06868
AG	1.05643
AT	1.13658
CA	0.458513
CC	1.18708
CG	0.558635
CT	0.694066
GA	0.376933
GC	1.07537
GG	0.594227
GT	0.738528
TA	0.738092
TC	2.41436
TG	1.11046
TT	1.09772
