kmer	count
AA	0.727122
AC	2.09442
AG	1.07183
AT	1.23206
CA	0.431612
CC	1.19156
CG	0.45309
CT	0.76564
GA	0.35323
GC	1.03629
GG	0.567281
GT	0.732271
TA	0.745491
TC	2.37089
TG	1.0662
TT	1.11775
