kmer	count
AA	0.560856
AC	1.554
AG	0.765886
AT	0.900353
CA	1.11682
CC	1.46334
CG	0.876288
CT	0.565726
GA	0.611195
GC	0.917072
GG	0.788392
GT	0.586495
TA	1.12808
TC	2.07157
TG	1.37748
TT	0.801075
