kmer	count
AA	0.710223
AC	2.03054
AG	1.1159
AT	1.13012
CA	0.446158
CC	1.21211
CG	0.511046
CT	0.679835
GA	0.368148
GC	1.06122
GG	0.629128
GT	0.759886
TA	0.751554
TC	2.35329
TG	1.19736
TT	1.12546
