kmer	count
AA	0.775622
AC	2.06617
AG	1.09032
AT	1.21989
CA	0.45739
CC	1.1596
CG	0.456687
CT	0.731494
GA	0.379846
GC	0.988929
GG	0.563141
GT	0.732514
TA	0.778422
TC	2.31422
TG	1.08712
TT	1.14069
