kmer	count
AA	0.716028
AC	2.04387
AG	1.05941
AT	1.32041
CA	0.458747
CC	1.11929
CG	0.479075
CT	0.82407
GA	0.403259
GC	1.02842
GG	0.610529
GT	0.743265
TA	0.727636
TC	2.18585
TG	1.08043
TT	1.15205
