kmer	count
AA	0.734458
AC	2.06957
AG	1.10694
AT	1.24857
CA	0.469826
CC	1.19857
CG	0.475386
CT	0.733953
GA	0.373277
GC	1.05789
GG	0.551776
GT	0.755513
TA	0.726311
TC	2.28464
TG	1.06605
TT	1.10206
