kmer	count
AA	0.735339
AC	2.0811
AG	1.02473
AT	1.21327
CA	0.429344
CC	1.21841
CG	0.439314
CT	0.729761
GA	0.366876
GC	1.04165
GG	0.577857
GT	0.781701
TA	0.764573
TC	2.41179
TG	1.10825
TT	1.18719
