kmer	count
AA	0.754327
AC	2.02426
AG	1.14306
AT	1.15839
CA	0.456895
CC	1.1998
CG	0.505822
CT	0.735889
GA	0.388068
GC	1.00546
GG	0.614432
GT	0.703733
TA	0.745342
TC	2.27144
TG	1.20308
TT	1.13423
