kmer	count
AA	0.700051
AC	1.96578
AG	1.09224
AT	1.22105
CA	0.457725
CC	1.1669
CG	0.514214
CT	0.773975
GA	0.394161
GC	0.984857
GG	0.585626
GT	0.779063
TA	0.746895
TC	2.29621
TG	1.12775
TT	1.14686
