kmer	count
AA	0.754958
AC	2.07894
AG	1.11851
AT	1.17228
CA	0.414325
CC	1.18974
CG	0.475708
CT	0.682678
GA	0.378659
GC	1.05284
GG	0.562089
GT	0.747774
TA	0.774591
TC	2.43675
TG	1.12186
TT	1.18631
