kmer	count
AA	0.81268
AC	2.05815
AG	1.01993
AT	1.18587
CA	0.439859
CC	1.22076
CG	0.466211
CT	0.750876
GA	0.382161
GC	0.993001
GG	0.539359
GT	0.755739
TA	0.848651
TC	2.47296
TG	1.10919
TT	1.13276
