kmer	count
AA	0.628306
AC	1.81691
AG	0.891204
AT	1.1194
CA	0.705124
CC	1.28728
CG	0.638202
CT	0.820684
GA	0.470154
GC	1.03439
GG	0.634601
GT	0.713972
TA	0.871802
TC	2.2614
TG	1.09907
TT	1.01881
