kmer	count
AA	0.730613
AC	2.00767
AG	0.946405
AT	1.31874
CA	0.468615
CC	1.21586
CG	0.463963
CT	0.807443
GA	0.403139
GC	1.12472
GG	0.552569
GT	0.792421
TA	0.790991
TC	2.33121
TG	0.964466
TT	1.10997
