kmer	count
AA	0.694124
AC	2.0543
AG	1.03478
AT	1.18076
CA	0.47015
CC	1.30051
CG	0.463143
CT	0.760693
GA	0.392742
GC	1.12121
GG	0.596757
GT	0.78293
TA	0.688535
TC	2.28671
TG	1.03457
TT	1.0766
