kmer	count
AA	0.718248
AC	2.12321
AG	1.11932
AT	1.17472
CA	0.444877
CC	1.14676
CG	0.512772
CT	0.667813
GA	0.350398
GC	1.04156
GG	0.571711
GT	0.729975
TA	0.744029
TC	2.45417
TG	1.09882
TT	1.10545
