kmer	count
AA	0.738931
AC	2.069
AG	1.12438
AT	1.25535
CA	0.451747
CC	1.17894
CG	0.44013
CT	0.804676
GA	0.381086
GC	1.10395
GG	0.533816
GT	0.79306
TA	0.694181
TC	2.17963
TG	1.06135
TT	1.1058
