kmer	count
AA	0.782646
AC	2.02335
AG	1.0003
AT	1.22651
CA	0.460225
CC	1.20731
CG	0.457656
CT	0.778686
GA	0.408656
GC	1.04735
GG	0.569261
GT	0.777864
TA	0.766845
TC	2.4036
TG	1.00218
TT	1.23669
