kmer	count
AA	0.717069
AC	1.91093
AG	1.16673
AT	1.17391
CA	0.444564
CC	1.16309
CG	0.476034
CT	0.772158
GA	0.368822
GC	1.01217
GG	0.607071
GT	0.776792
TA	0.768683
TC	2.33469
TG	1.17217
TT	1.18401
