kmer	count
AA	0.75627
AC	1.99287
AG	1.10909
AT	1.2259
CA	0.472798
CC	1.14398
CG	0.452995
CT	0.695783
GA	0.381285
GC	1.03656
GG	0.577681
GT	0.707608
TA	0.826072
TC	2.29288
TG	1.12736
TT	1.13972
