kmer	count
AA	0.918796
AC	2.09411
AG	0.960983
AT	1.21126
CA	0.492064
CC	1.19037
CG	0.437925
CT	0.619704
GA	0.453885
GC	1.06443
GG	0.546475
GT	0.73907
TA	0.937043
TC	2.45311
TG	1.02869
TT	1.11379
