kmer	count
AA	0.756626
AC	1.9694
AG	1.12167
AT	1.11641
CA	0.467025
CC	1.10396
CG	0.47916
CT	0.719854
GA	0.413998
GC	1.01069
GG	0.599642
GT	0.77753
TA	0.877092
TC	2.36591
TG	1.16622
TT	1.21985
