kmer	count
AA	0.689979
AC	2.09224
AG	0.974445
AT	1.23543
CA	0.525768
CC	1.27607
CG	0.520149
CT	0.69532
GA	0.401305
GC	1.04956
GG	0.557657
GT	0.754924
TA	0.794776
TC	2.34682
TG	1.04945
TT	1.07513
