kmer	count
AA	0.735816
AC	2.00279
AG	1.0504
AT	1.12256
CA	0.461793
CC	1.22719
CG	0.4745
CT	0.689207
GA	0.380554
GC	1.07223
GG	0.576383
GT	0.704777
TA	0.800525
TC	2.52139
TG	1.14766
TT	1.13188
