kmer	count
AA	0.744337
AC	1.99077
AG	1.08176
AT	1.29523
CA	0.476811
CC	1.08167
CG	0.488243
CT	0.775502
GA	0.432797
GC	1.1128
GG	0.576352
GT	0.832995
TA	0.761257
TC	2.22217
TG	1.16885
TT	1.14916
