kmer	count
AA	0.636552
AC	2.10798
AG	0.983131
AT	1.28952
CA	0.462051
CC	1.34848
CG	0.504388
CT	0.811627
GA	0.384699
GC	1.20293
GG	0.575331
GT	0.884576
TA	0.634428
TC	2.13145
TG	1.01899
TT	1.03997
