kmer	count
AA	0.721461
AC	2.06198
AG	1.04023
AT	1.20009
CA	0.439919
CC	1.20048
CG	0.472791
CT	0.691199
GA	0.360934
GC	1.08074
GG	0.563978
GT	0.72604
TA	0.781177
TC	2.39784
TG	1.10491
TT	1.13427
