kmer	count
AA	0.746306
AC	2.02318
AG	0.959164
AT	1.34629
CA	0.442598
CC	1.20383
CG	0.388832
CT	0.783873
GA	0.391026
GC	1.11834
GG	0.531005
GT	0.808687
TA	0.769256
TC	2.26907
TG	0.987366
TT	1.20313
