kmer	count
AA	0.734288
AC	2.01247
AG	1.11772
AT	1.06983
CA	0.468495
CC	1.21676
CG	0.504353
CT	0.753495
GA	0.404099
GC	1.08565
GG	0.598241
GT	0.770576
TA	0.715872
TC	2.32121
TG	1.17989
TT	1.08272
