kmer	count
AA	0.724686
AC	2.07726
AG	0.994297
AT	1.23473
CA	0.526126
CC	1.31306
CG	0.461072
CT	0.79269
GA	0.42207
GC	1.08733
GG	0.550432
GT	0.827051
TA	0.674035
TC	2.25979
TG	1.03213
TT	1.07775
