kmer	count
AA	0.760274
AC	2.07164
AG	1.07493
AT	1.27366
CA	0.500343
CC	1.17122
CG	0.51637
CT	0.744361
GA	0.381246
GC	0.971327
GG	0.562599
GT	0.799452
TA	0.928589
TC	2.26802
TG	1.09313
TT	1.16046
