kmer	count
AA	0.738519
AC	1.95938
AG	0.999705
AT	1.27173
CA	0.479239
CC	1.16808
CG	0.441061
CT	0.777494
GA	0.388165
GC	1.02851
GG	0.552734
GT	0.891613
TA	0.865609
TC	2.42319
TG	1.06811
TT	1.17868
