kmer	count
AA	0.733488
AC	2.00667
AG	1.12816
AT	1.2179
CA	0.50392
CC	1.15453
CG	0.475689
CT	0.734144
GA	0.412888
GC	1.05076
GG	0.611552
GT	0.727663
TA	0.761823
TC	2.21745
TG	1.20402
TT	1.15495
