kmer	count
AA	0.718136
AC	2.14781
AG	1.01194
AT	1.14937
CA	0.458481
CC	1.23715
CG	0.43596
CT	0.67937
GA	0.382884
GC	1.11106
GG	0.565165
GT	0.720934
TA	0.750761
TC	2.53131
TG	1.08729
TT	1.10204
