kmer	count
AA	0.714645
AC	2.06485
AG	1.09235
AT	1.19395
CA	0.431854
CC	1.16804
CG	0.489887
CT	0.713772
GA	0.361115
GC	1.07679
GG	0.577021
GT	0.749745
TA	0.75351
TC	2.39065
TG	1.10398
TT	1.09554
