kmer	count
AA	0.771724
AC	2.06253
AG	1.13554
AT	1.16679
CA	0.441018
CC	1.08404
CG	0.440507
CT	0.689285
GA	0.39697
GC	0.984418
GG	0.581176
GT	0.745105
TA	0.893952
TC	2.36113
TG	1.23631
TT	1.21344
