kmer	count
AA	0.742558
AC	1.98525
AG	1.04843
AT	1.29582
CA	0.499124
CC	1.16051
CG	0.468522
CT	0.731324
GA	0.375315
GC	1.02111
GG	0.582239
GT	0.709157
TA	0.779334
TC	2.27545
TG	1.11997
TT	1.15222
