kmer	count
AA	0.78928
AC	2.22335
AG	0.993227
AT	1.22446
CA	0.473017
CC	1.25949
CG	0.375929
CT	0.669144
GA	0.37353
GC	1.06367
GG	0.481499
GT	0.763496
TA	0.83883
TC	2.49564
TG	1.08098
TT	1.11086
