kmer	count
AA	0.786709
AC	2.04156
AG	1.18311
AT	1.24562
CA	0.407429
CC	1.10959
CG	0.430743
CT	0.717933
GA	0.411841
GC	0.954896
GG	0.530217
GT	0.782253
TA	0.752399
TC	2.34891
TG	1.18641
TT	1.25734
