kmer	count
AA	0.726012
AC	2.09815
AG	0.969302
AT	1.22641
CA	0.430465
CC	1.25566
CG	0.475257
CT	0.805455
GA	0.388913
GC	1.10212
GG	0.555386
GT	0.874643
TA	0.68737
TC	2.33842
TG	1.02716
TT	1.18052
