kmer	count
AA	0.709568
AC	2.06639
AG	1.0448
AT	1.0664
CA	0.461571
CC	1.27313
CG	0.484497
CT	0.690264
GA	0.40266
GC	1.10426
GG	0.581262
GT	0.732356
TA	0.738135
TC	2.50399
TG	1.10853
TT	1.06438
