kmer	count
AA	0.77282
AC	2.04063
AG	1.01262
AT	1.25705
CA	0.474691
CC	1.22324
CG	0.469792
CT	0.774238
GA	0.396535
GC	1.06123
GG	0.566683
GT	0.827761
TA	0.747684
TC	2.27432
TG	1.07871
TT	1.17149
