kmer	count
AA	0.72312
AC	2.01564
AG	1.07388
AT	1.16171
CA	0.479622
CC	1.22664
CG	0.50872
CT	0.683141
GA	0.410172
GC	1.08281
GG	0.578583
GT	0.733657
TA	0.855377
TC	2.38589
TG	1.10444
TT	1.102
