kmer	count
AA	0.665365
AC	2.01473
AG	1.03891
AT	1.18989
CA	0.485032
CC	1.24291
CG	0.514904
CT	0.724896
GA	0.371492
GC	1.06155
GG	0.619609
GT	0.766098
TA	0.733908
TC	2.31369
TG	1.09897
TT	1.12783
