kmer	count
AA	0.760857
AC	1.89323
AG	1.16966
AT	1.18291
CA	0.492838
CC	1.13644
CG	0.407364
CT	0.761221
GA	0.368516
GC	1.00218
GG	0.581489
GT	0.781434
TA	0.960495
TC	2.33117
TG	1.12126
TT	1.20191
