kmer	count
AA	0.710677
AC	2.12782
AG	0.997014
AT	1.18039
CA	0.472176
CC	1.28789
CG	0.481505
CT	0.736386
GA	0.364276
GC	1.08653
GG	0.552065
GT	0.785604
TA	0.696849
TC	2.40319
TG	1.00553
TT	1.10234
