kmer	count
AA	0.375536
AC	1.22705
AG	0.515329
AT	0.698853
CA	1.3346
CC	1.55809
CG	1.01709
CT	0.94685
GA	0.760643
GC	1.17298
GG	0.846843
GT	0.648311
TA	1.2316
TC	2.00563
TG	1.13244
TT	0.654422
