kmer	count
AA	0.733854
AC	2.09951
AG	1.10181
AT	1.22569
CA	0.428088
CC	1.21043
CG	0.468239
CT	0.673496
GA	0.361803
GC	1.08778
GG	0.614136
GT	0.735628
TA	0.739921
TC	2.33656
TG	1.09329
TT	1.05546
