kmer	count
AA	0.749947
AC	2.10169
AG	1.03686
AT	1.18592
CA	0.470208
CC	1.21138
CG	0.514263
CT	0.714289
GA	0.39145
GC	1.0415
GG	0.566752
GT	0.757416
TA	0.782079
TC	2.37116
TG	1.07628
TT	1.04345
