kmer	count
AA	0.75741
AC	2.09871
AG	1.05061
AT	1.18066
CA	0.431717
CC	1.2159
CG	0.443343
CT	0.728055
GA	0.380386
GC	1.07801
GG	0.556542
GT	0.763161
TA	0.742878
TC	2.42563
TG	1.09412
TT	1.1485
