kmer	count
AA	0.817199
AC	1.91462
AG	1.13888
AT	1.16563
CA	0.481644
CC	1.11458
CG	0.482217
CT	0.757777
GA	0.459105
GC	0.995731
GG	0.629271
GT	0.765057
TA	0.844454
TC	2.16636
TG	1.22129
TT	1.1604
