kmer	count
AA	0.747587
AC	1.97864
AG	1.07391
AT	1.24732
CA	0.517266
CC	1.18713
CG	0.455223
CT	0.801044
GA	0.404218
GC	1.00447
GG	0.575247
GT	0.775454
TA	0.776959
TC	2.11356
TG	1.10696
TT	1.14097
