kmer	count
AA	0.668342
AC	2.13731
AG	0.973525
AT	1.20889
CA	0.445538
CC	1.22216
CG	0.471928
CT	0.713141
GA	0.349273
GC	1.08912
GG	0.5755
GT	0.741589
TA	0.741727
TC	2.4557
TG	1.04816
TT	1.16805
