kmer	count
AA	0.724387
AC	2.07804
AG	1.12153
AT	1.23599
CA	0.433097
CC	1.13413
CG	0.456983
CT	0.709278
GA	0.374337
GC	1.03633
GG	0.549194
GT	0.787635
TA	0.720032
TC	2.3302
TG	1.11575
TT	1.14656
