kmer	count
AA	0.842609
AC	2.00322
AG	1.13673
AT	1.23602
CA	0.450734
CC	1.12179
CG	0.490112
CT	0.739449
GA	0.37953
GC	1.02568
GG	0.553582
GT	0.791581
TA	0.749589
TC	2.33163
TG	1.13644
TT	1.15185
