kmer	count
AA	0.694163
AC	2.06996
AG	1.00684
AT	1.2133
CA	0.524345
CC	1.31726
CG	0.513706
CT	0.735296
GA	0.414863
GC	1.03931
GG	0.571902
GT	0.73841
TA	0.728426
TC	2.29765
TG	1.07641
TT	1.02897
