kmer	count
AA	0.759551
AC	1.9529
AG	1.068
AT	1.18751
CA	0.461897
CC	1.10386
CG	0.429777
CT	0.747802
GA	0.377175
GC	1.05081
GG	0.588251
GT	0.783787
TA	0.778348
TC	2.2864
TG	1.16565
TT	1.1575
