kmer	count
AA	0.75174
AC	2.11568
AG	1.04732
AT	1.21132
CA	0.442261
CC	1.12967
CG	0.489876
CT	0.769116
GA	0.376957
GC	1.08181
GG	0.544607
GT	0.8107
TA	0.904277
TC	2.23121
TG	1.07578
TT	1.25075
