kmer	count
AA	0.734248
AC	2.10458
AG	1.0002
AT	1.20421
CA	0.490416
CC	1.24921
CG	0.530986
CT	0.71628
GA	0.396554
GC	1.07591
GG	0.574074
GT	0.759437
TA	0.825327
TC	2.3599
TG	1.05285
TT	1.11795
