kmer	count
AA	0.703523
AC	2.13557
AG	1.00071
AT	1.21897
CA	0.456155
CC	1.21114
CG	0.407403
CT	0.795111
GA	0.369174
GC	1.1003
GG	0.557628
GT	0.754183
TA	0.759814
TC	2.36008
TG	1.00801
TT	1.12335
