kmer	count
AA	0.717933
AC	1.89406
AG	1.11714
AT	1.21048
CA	0.515506
CC	1.1542
CG	0.509502
CT	0.771499
GA	0.385821
GC	1.01511
GG	0.609099
GT	0.757678
TA	0.816369
TC	2.23926
TG	1.10171
TT	1.12394
