kmer	count
AA	0.824304
AC	2.08533
AG	1.03594
AT	1.14236
CA	0.466605
CC	1.21429
CG	0.467029
CT	0.712945
GA	0.401721
GC	1.0319
GG	0.530203
GT	0.758857
TA	0.840495
TC	2.43287
TG	1.07789
TT	1.15829
