kmer	count
AA	0.762488
AC	2.1091
AG	1.04659
AT	1.19384
CA	0.43983
CC	1.19959
CG	0.440748
CT	0.712297
GA	0.367828
GC	1.07085
GG	0.551986
GT	0.771883
TA	0.763273
TC	2.40814
TG	1.09275
TT	1.19082
