kmer	count
AA	0.717339
AC	1.94735
AG	1.0439
AT	1.20585
CA	0.492705
CC	1.28986
CG	0.493835
CT	0.836203
GA	0.39446
GC	1.12047
GG	0.630947
GT	0.865299
TA	0.683427
TC	2.15874
TG	1.08077
TT	1.03331
