kmer	count
AA	0.721156
AC	2.00655
AG	1.06139
AT	1.22573
CA	0.463962
CC	1.18988
CG	0.49236
CT	0.794996
GA	0.406287
GC	1.00546
GG	0.58598
GT	0.861025
TA	0.738742
TC	2.28966
TG	1.05714
TT	1.25036
