kmer	count
AA	0.685839
AC	2.1002
AG	1.00119
AT	1.26507
CA	0.510298
CC	1.15741
CG	0.509474
CT	0.743106
GA	0.414915
GC	1.05847
GG	0.581157
GT	0.731092
TA	0.794395
TC	2.26854
TG	1.11349
TT	1.08635
