kmer	count
AA	0.702815
AC	2.12828
AG	0.938482
AT	1.31204
CA	0.485038
CC	1.28253
CG	0.461452
CT	0.780495
GA	0.403721
GC	1.12634
GG	0.577474
GT	0.802142
TA	0.731495
TC	2.17605
TG	1.00221
TT	1.09377
