kmer	count
AA	0.82346
AC	1.88786
AG	1.1164
AT	1.27497
CA	0.450948
CC	1.13747
CG	0.462172
CT	0.713421
GA	0.343411
GC	1.00011
GG	0.554504
GT	0.821513
TA	0.807114
TC	2.34389
TG	1.14224
TT	1.29685
