kmer	count
AA	0.739001
AC	2.16787
AG	1.05167
AT	1.10691
CA	0.445571
CC	1.19007
CG	0.444288
CT	0.679181
GA	0.36662
GC	1.10763
GG	0.54834
GT	0.710822
TA	0.816195
TC	2.54453
TG	1.08827
TT	1.12259
