kmer	count
AA	0.646431
AC	1.91231
AG	1.12465
AT	1.07009
CA	0.464918
CC	1.3029
CG	0.57065
CT	0.841188
GA	0.388829
GC	1.13615
GG	0.659529
GT	0.774197
TA	0.665589
TC	2.15874
TG	1.13391
TT	1.05877
