kmer	count
AA	0.75263
AC	1.91647
AG	1.08585
AT	1.18333
CA	0.497717
CC	1.13198
CG	0.511722
CT	0.721323
GA	0.405977
GC	0.987222
GG	0.59915
GT	0.802177
TA	0.903105
TC	2.30848
TG	1.16338
TT	1.19943
