kmer	count
AA	0.72672
AC	1.95771
AG	1.14329
AT	1.28969
CA	0.429092
CC	1.23923
CG	0.496945
CT	0.803197
GA	0.365134
GC	1.08235
GG	0.570762
GT	0.798736
TA	0.652486
TC	2.15388
TG	1.07305
TT	1.12751
