kmer	count
AA	0.762879
AC	2.00695
AG	1.07769
AT	1.28988
CA	0.457434
CC	1.2077
CG	0.430132
CT	0.770442
GA	0.371335
GC	1.06332
GG	0.56871
GT	0.817169
TA	0.737431
TC	2.27167
TG	1.11191
TT	1.17591
