kmer	count
AA	0.757027
AC	2.09128
AG	1.0838
AT	1.27778
CA	0.464839
CC	1.20849
CG	0.514851
CT	0.71003
GA	0.399394
GC	1.02835
GG	0.585725
GT	0.761408
TA	0.735093
TC	2.19301
TG	1.0689
TT	1.11626
