kmer	count
AA	0.708825
AC	2.01913
AG	1.18277
AT	1.16655
CA	0.493749
CC	1.18738
CG	0.561885
CT	0.704626
GA	0.382252
GC	1.03023
GG	0.66284
GT	0.769827
TA	0.702946
TC	2.09276
TG	1.2062
TT	1.04774
