kmer	count
AA	0.743717
AC	2.09215
AG	1.02633
AT	1.23596
CA	0.476914
CC	1.20703
CG	0.504826
CT	0.729958
GA	0.399459
GC	1.05949
GG	0.541654
GT	0.733604
TA	0.795725
TC	2.3067
TG	1.03785
TT	1.13267
