kmer	count
AA	0.676052
AC	1.98864
AG	1.09321
AT	1.25134
CA	0.456435
CC	1.2227
CG	0.538581
CT	0.757878
GA	0.372114
GC	1.07638
GG	0.624391
GT	0.793293
TA	0.701005
TC	2.32409
TG	1.14006
TT	1.08268
