kmer	count
AA	0.737037
AC	1.94606
AG	1.05903
AT	1.28953
CA	0.477675
CC	1.14061
CG	0.52037
CT	0.769502
GA	0.394928
GC	1.03201
GG	0.588002
GT	0.777192
TA	0.7387
TC	2.25976
TG	1.06154
TT	1.18444
