kmer	count
AA	0.781742
AC	1.98237
AG	1.04166
AT	1.29595
CA	0.419374
CC	1.19646
CG	0.434193
CT	0.760726
GA	0.400434
GC	1.03254
GG	0.561467
GT	0.870833
TA	0.754291
TC	2.36531
TG	1.04181
TT	1.20442
