kmer	count
AA	0.790668
AC	1.9515
AG	1.21766
AT	1.11955
CA	0.450146
CC	1.11985
CG	0.493078
CT	0.709145
GA	0.408388
GC	1.00361
GG	0.617967
GT	0.785107
TA	0.850396
TC	2.27126
TG	1.14705
TT	1.19219
