kmer	count
AA	0.756719
AC	2.11762
AG	1.05938
AT	1.16827
CA	0.457099
CC	1.19451
CG	0.456736
CT	0.69737
GA	0.382892
GC	1.07186
GG	0.557739
GT	0.753605
TA	0.784853
TC	2.45078
TG	1.07696
TT	1.14449
