kmer	count
AA	0.733953
AC	1.90142
AG	1.06884
AT	1.15821
CA	0.489776
CC	1.19975
CG	0.52013
CT	0.778925
GA	0.365138
GC	1.08782
GG	0.585903
GT	0.756906
TA	0.72584
TC	2.37291
TG	1.10999
TT	1.21007
