kmer	count
AA	0.747367
AC	2.01994
AG	1.0884
AT	1.1945
CA	0.48345
CC	1.13818
CG	0.485456
CT	0.694008
GA	0.370452
GC	0.985934
GG	0.55526
GT	0.705155
TA	0.885891
TC	2.4939
TG	1.17276
TT	1.19022
