kmer	count
AA	0.681809
AC	2.15411
AG	0.971495
AT	1.17704
CA	0.447457
CC	1.24034
CG	0.454086
CT	0.733093
GA	0.386
GC	1.13988
GG	0.556694
GT	0.79155
TA	0.708483
TC	2.47048
TG	0.997218
TT	1.10159
