kmer	count
AA	0.764726
AC	1.87491
AG	1.10635
AT	1.22449
CA	0.494775
CC	1.10494
CG	0.597359
CT	0.724532
GA	0.419436
GC	0.926506
GG	0.655567
GT	0.832146
TA	0.808354
TC	2.13857
TG	1.20091
TT	1.11924
