kmer	count
AA	0.724234
AC	2.11688
AG	1.11736
AT	1.26324
CA	0.45098
CC	1.10234
CG	0.510439
CT	0.68979
GA	0.376347
GC	1.0057
GG	0.557598
GT	0.698246
TA	0.794776
TC	2.33517
TG	1.14739
TT	1.12139
