kmer	count
AA	0.689498
AC	2.00929
AG	1.02129
AT	1.25865
CA	0.503318
CC	1.31636
CG	0.484369
CT	0.825242
GA	0.406455
GC	1.13135
GG	0.601318
GT	0.86276
TA	0.73536
TC	2.09443
TG	1.02121
TT	1.0045
