kmer	count
AA	0.748544
AC	2.10597
AG	1.1409
AT	1.14623
CA	0.42014
CC	1.14274
CG	0.529075
CT	0.721855
GA	0.356181
GC	1.045
GG	0.548889
GT	0.7362
TA	0.727631
TC	2.38116
TG	1.07209
TT	1.15842
