kmer	count
AA	0.783786
AC	2.05052
AG	1.0375
AT	1.27524
CA	0.497284
CC	1.18433
CG	0.390315
CT	0.741318
GA	0.382502
GC	1.06389
GG	0.54352
GT	0.764353
TA	0.819753
TC	2.24165
TG	1.02701
TT	1.13752
