kmer	count
AA	0.716017
AC	2.06006
AG	1.00931
AT	1.25744
CA	0.481511
CC	1.21801
CG	0.514417
CT	0.713511
GA	0.393891
GC	1.01828
GG	0.587942
GT	0.743163
TA	0.800469
TC	2.33339
TG	1.03784
TT	1.14483
