kmer	count
AA	0.798973
AC	1.92227
AG	1.14289
AT	1.22113
CA	0.44888
CC	1.1169
CG	0.471499
CT	0.729422
GA	0.375041
GC	1.04897
GG	0.585474
GT	0.783298
TA	0.830287
TC	2.36883
TG	1.17737
TT	1.13307
