kmer	count
AA	0.789795
AC	2.03399
AG	1.00924
AT	1.32398
CA	0.486281
CC	1.19828
CG	0.410747
CT	0.779357
GA	0.395122
GC	1.05806
GG	0.510739
GT	0.746808
TA	0.816401
TC	2.3796
TG	1.06156
TT	1.16323
