kmer	count
AA	0.758192
AC	2.08734
AG	1.01015
AT	1.20432
CA	0.498129
CC	1.16408
CG	0.453852
CT	0.752693
GA	0.39475
GC	1.0673
GG	0.554645
GT	0.727303
TA	0.771411
TC	2.36797
TG	1.04195
TT	1.11153
