kmer	count
AA	0.709331
AC	2.11859
AG	1.04077
AT	1.17858
CA	0.475026
CC	1.31721
CG	0.472401
CT	0.714635
GA	0.395769
GC	1.06817
GG	0.582237
GT	0.75568
TA	0.750033
TC	2.23038
TG	1.06105
TT	1.08213
