kmer	count
AA	0.733526
AC	1.98591
AG	1.22518
AT	1.22776
CA	0.379339
CC	1.08993
CG	0.479625
CT	0.666413
GA	0.364516
GC	0.971372
GG	0.64796
GT	0.742906
TA	0.781075
TC	2.39378
TG	1.24802
TT	1.17604
