kmer	count
AA	0.770747
AC	2.0023
AG	1.05636
AT	1.2955
CA	0.45005
CC	1.09255
CG	0.426348
CT	0.797715
GA	0.40691
GC	1.01144
GG	0.555769
GT	0.831933
TA	0.829256
TC	2.23288
TG	1.0882
TT	1.12357
