kmer	count
AA	0.721034
AC	2.04059
AG	1.06094
AT	1.23596
CA	0.447624
CC	1.20778
CG	0.480501
CT	0.712201
GA	0.37498
GC	1.10487
GG	0.54974
GT	0.763883
TA	0.664208
TC	2.29128
TG	1.11337
TT	1.17183
