kmer	count
AA	0.319689
AC	1.27349
AG	0.550131
AT	0.7361
CA	1.36992
CC	1.74577
CG	1.21009
CT	0.677529
GA	0.689721
GC	0.882724
GG	1.03654
GT	0.550349
TA	1.20318
TC	1.77044
TG	1.55049
TT	0.602036
