kmer	count
AA	0.724338
AC	2.0857
AG	1.01901
AT	1.14184
CA	0.469766
CC	1.24463
CG	0.428041
CT	0.659508
GA	0.382793
GC	1.11641
GG	0.580661
GT	0.675938
TA	0.83423
TC	2.52856
TG	1.12744
TT	1.09247
