kmer	count
AA	0.673777
AC	2.11052
AG	1.0611
AT	1.22379
CA	0.465114
CC	1.28317
CG	0.480219
CT	0.727672
GA	0.382762
GC	1.09256
GG	0.590705
GT	0.736317
TA	0.715183
TC	2.26627
TG	1.03771
TT	1.12201
