kmer	count
AA	0.735206
AC	1.99421
AG	1.12659
AT	1.18499
CA	0.470597
CC	1.13608
CG	0.484971
CT	0.757533
GA	0.386425
GC	0.9414
GG	0.613465
GT	0.768647
TA	0.749248
TC	2.30456
TG	1.14337
TT	1.11633
