kmer	count
AA	0.713876
AC	2.12841
AG	1.03576
AT	1.16082
CA	0.47006
CC	1.23886
CG	0.455143
CT	0.747282
GA	0.376235
GC	1.09147
GG	0.54855
GT	0.750164
TA	0.759924
TC	2.35872
TG	1.03734
TT	1.10023
