kmer	count
AA	0.73944
AC	2.0514
AG	1.09837
AT	1.26468
CA	0.441596
CC	1.17279
CG	0.480091
CT	0.740864
GA	0.36869
GC	1.07509
GG	0.599031
GT	0.759485
TA	0.738946
TC	2.24255
TG	1.07818
TT	1.11584
