kmer	count
AA	0.774984
AC	1.97236
AG	1.11973
AT	1.14766
CA	0.420745
CC	1.15453
CG	0.472964
CT	0.693381
GA	0.364702
GC	1.04742
GG	0.593628
GT	0.764029
TA	0.767079
TC	2.41573
TG	1.22876
TT	1.13852
