kmer	count
AA	0.604715
AC	1.74806
AG	0.851567
AT	1.06863
CA	0.825784
CC	1.35246
CG	0.60313
CT	0.712982
GA	0.528592
GC	1.01203
GG	0.691146
GT	0.695436
TA	1.07347
TC	2.18086
TG	1.12367
TT	0.950198
