kmer	count
AA	0.771985
AC	1.90365
AG	1.01877
AT	1.30353
CA	0.503893
CC	1.21605
CG	0.491415
CT	0.835087
GA	0.404824
GC	1.03859
GG	0.563472
GT	0.803118
TA	0.776094
TC	2.12541
TG	1.10448
TT	1.27106
