kmer	count
AA	0.676627
AC	1.77886
AG	0.916619
AT	1.00504
CA	0.723593
CC	1.24111
CG	0.670879
CT	0.779601
GA	0.533965
GC	1.10231
GG	0.662682
GT	0.753946
TA	0.902779
TC	2.15868
TG	1.13677
TT	1.01037
