kmer	count
AA	0.732987
AC	1.99191
AG	1.11756
AT	1.18645
CA	0.457481
CC	1.21561
CG	0.454767
CT	0.727833
GA	0.401976
GC	1.09337
GG	0.637442
GT	0.758923
TA	0.732227
TC	2.20182
TG	1.10808
TT	1.0759
