kmer	count
AA	0.757813
AC	1.99433
AG	1.17887
AT	1.18261
CA	0.45755
CC	1.09749
CG	0.487562
CT	0.743244
GA	0.342639
GC	0.970755
GG	0.629265
GT	0.707821
TA	0.843755
TC	2.31907
TG	1.19328
TT	1.20734
