kmer	count
AA	0.79071
AC	2.03426
AG	1.047
AT	1.30073
CA	0.429276
CC	1.11331
CG	0.463118
CT	0.753915
GA	0.37223
GC	1.03142
GG	0.561902
GT	0.767563
TA	0.799474
TC	2.36706
TG	1.12722
TT	1.25868
