kmer	count
AA	0.73374
AC	1.90043
AG	1.02733
AT	1.1311
CA	0.585923
CC	1.20483
CG	0.605111
CT	0.701063
GA	0.447311
GC	0.950908
GG	0.636282
GT	0.752379
TA	0.8666
TC	2.21524
TG	1.16604
TT	1.08147
