kmer	count
AA	0.731219
AC	2.02197
AG	1.08651
AT	1.23919
CA	0.47782
CC	1.13031
CG	0.479131
CT	0.722896
GA	0.399766
GC	1.02166
GG	0.595316
GT	0.757478
TA	0.785705
TC	2.32374
TG	1.10296
TT	1.26504
