kmer	count
AA	0.73956
AC	2.17216
AG	1.02633
AT	1.2659
CA	0.414788
CC	1.29952
CG	0.471046
CT	0.758228
GA	0.358413
GC	1.12428
GG	0.557983
GT	0.782422
TA	0.660962
TC	2.28488
TG	0.986071
TT	1.08122
