kmer	count
AA	0.723751
AC	2.00703
AG	1.0338
AT	1.32523
CA	0.456696
CC	1.16554
CG	0.567828
CT	0.796769
GA	0.415102
GC	1.04459
GG	0.607939
GT	0.768262
TA	0.726107
TC	2.1974
TG	1.07963
TT	1.10961
