kmer	count
AA	0.764256
AC	2.06653
AG	1.06982
AT	1.20648
CA	0.404179
CC	1.19946
CG	0.407551
CT	0.655344
GA	0.36058
GC	1.06172
GG	0.531073
GT	0.742496
TA	0.76682
TC	2.65928
TG	1.06536
TT	1.1979
