kmer	count
AA	0.709293
AC	2.02333
AG	1.13377
AT	1.07374
CA	0.496818
CC	1.14275
CG	0.495149
CT	0.729995
GA	0.390059
GC	0.989029
GG	0.625881
GT	0.698735
TA	0.738913
TC	2.36461
TG	1.22167
TT	1.19521
