kmer	count
AA	0.708599
AC	2.10509
AG	1.04024
AT	1.27625
CA	0.450559
CC	1.21424
CG	0.43483
CT	0.724499
GA	0.366007
GC	1.03855
GG	0.551272
GT	0.763778
TA	0.699474
TC	2.34546
TG	1.09118
TT	1.13819
