kmer	count
AA	0.787818
AC	2.035
AG	1.01079
AT	1.15793
CA	0.51618
CC	1.16257
CG	0.419547
CT	0.745411
GA	0.358446
GC	1.01575
GG	0.557252
GT	0.737946
TA	0.850167
TC	2.50114
TG	1.11505
TT	1.15837
