kmer	count
AA	0.734861
AC	2.09211
AG	1.15549
AT	1.12171
CA	0.394881
CC	1.12808
CG	0.458163
CT	0.679922
GA	0.373542
GC	1.03788
GG	0.554694
GT	0.679129
TA	0.699265
TC	2.49941
TG	1.19406
TT	1.10483
