kmer	count
AA	0.601999
AC	1.82445
AG	0.897852
AT	1.1011
CA	0.71945
CC	1.32225
CG	0.579568
CT	0.816979
GA	0.466031
GC	1.07655
GG	0.628419
GT	0.76046
TA	0.919824
TC	2.18088
TG	1.07925
TT	1.03082
