kmer	count
AA	0.719134
AC	2.01685
AG	1.05361
AT	1.19596
CA	0.451064
CC	1.19887
CG	0.50076
CT	0.786696
GA	0.381386
GC	1.10759
GG	0.573428
GT	0.784174
TA	0.682527
TC	2.29761
TG	1.1141
TT	1.22617
