kmer	count
AA	0.658479
AC	1.99538
AG	0.916361
AT	1.05338
CA	0.672854
CC	1.27502
CG	0.638201
CT	0.790504
GA	0.459764
GC	1.03056
GG	0.593832
GT	0.767761
TA	0.858011
TC	2.27845
TG	1.08656
TT	1.07326
