kmer	count
AA	0.673981
AC	2.01926
AG	1.0346
AT	1.23728
CA	0.471184
CC	1.35387
CG	0.501176
CT	0.808095
GA	0.383719
GC	1.08307
GG	0.591837
GT	0.747854
TA	0.708924
TC	2.14609
TG	1.07121
TT	1.09361
