kmer	count
AA	0.521041
AC	1.30821
AG	0.727359
AT	0.960788
CA	1.13277
CC	1.32319
CG	0.76401
CT	0.725449
GA	0.673406
GC	0.936671
GG	0.733119
GT	0.676236
TA	1.46867
TC	2.06932
TG	1.21239
TT	0.9487
