kmer	count
AA	0.76637
AC	1.88816
AG	1.14802
AT	1.14974
CA	0.466683
CC	1.20004
CG	0.516143
CT	0.704214
GA	0.37783
GC	1.0435
GG	0.628771
GT	0.74585
TA	0.820971
TC	2.269
TG	1.20653
TT	1.14178
