kmer	count
AA	0.773827
AC	1.99738
AG	1.04591
AT	1.17425
CA	0.465042
CC	1.20464
CG	0.493833
CT	0.721996
GA	0.415633
GC	1.057
GG	0.622006
GT	0.744959
TA	0.804478
TC	2.18806
TG	1.12029
TT	1.11792
