kmer	count
AA	0.715328
AC	1.93369
AG	1.12099
AT	1.13549
CA	0.489236
CC	1.18153
CG	0.5839
CT	0.707317
GA	0.402752
GC	1.00263
GG	0.625738
GT	0.698486
TA	0.764585
TC	2.29636
TG	1.15297
TT	1.14749
