kmer	count
AA	0.755679
AC	2.0558
AG	1.03538
AT	1.26467
CA	0.449737
CC	1.18865
CG	0.447822
CT	0.72863
GA	0.381845
GC	1.04258
GG	0.577375
GT	0.790303
TA	0.827334
TC	2.30444
TG	1.09235
TT	1.21807
