kmer	count
AA	0.524655
AC	1.451
AG	0.714296
AT	0.887971
CA	1.15079
CC	1.45194
CG	0.963911
CT	0.722785
GA	0.647184
GC	0.933711
GG	0.798061
GT	0.530564
TA	1.22392
TC	1.9708
TG	1.30351
TT	0.76828
