kmer	count
AA	0.764881
AC	2.09306
AG	1.05071
AT	1.17225
CA	0.481946
CC	1.2115
CG	0.462753
CT	0.713793
GA	0.388817
GC	1.08283
GG	0.592449
GT	0.73924
TA	0.708756
TC	2.32909
TG	1.07285
TT	1.07405
