kmer	count
AA	0.324406
AC	1.27733
AG	0.588394
AT	0.676047
CA	1.3914
CC	1.54127
CG	1.18289
CT	0.50432
GA	0.794148
GC	0.856216
GG	1.07228
GT	0.502171
TA	1.55079
TC	1.72804
TG	1.71522
TT	0.523921
