kmer	count
AA	0.790743
AC	2.09149
AG	1.09791
AT	1.14674
CA	0.436605
CC	1.19326
CG	0.440997
CT	0.732313
GA	0.347356
GC	1.04894
GG	0.568016
GT	0.715379
TA	0.755971
TC	2.4374
TG	1.12157
TT	1.14746
