kmer	count
AA	0.608252
AC	1.77462
AG	0.857478
AT	1.2121
CA	0.647235
CC	1.28589
CG	0.603529
CT	0.776334
GA	0.392812
GC	1.0109
GG	0.623445
GT	0.78201
TA	0.857719
TC	2.18279
TG	1.28466
TT	1.09498
