kmer	count
AA	0.686811
AC	2.10575
AG	0.963633
AT	1.18551
CA	0.458005
CC	1.35394
CG	0.455382
CT	0.807462
GA	0.390747
GC	1.11765
GG	0.514551
GT	0.794669
TA	0.738962
TC	2.41634
TG	1.00399
TT	1.11001
