kmer	count
AA	0.756629
AC	2.0303
AG	1.02769
AT	1.33707
CA	0.435327
CC	1.18473
CG	0.439323
CT	0.789431
GA	0.359783
GC	1.01787
GG	0.575905
GT	0.796937
TA	0.72503
TC	2.24683
TG	1.06018
TT	1.16532
