kmer	count
AA	0.813044
AC	1.88802
AG	1.06609
AT	1.26996
CA	0.485562
CC	1.11275
CG	0.516077
CT	0.751442
GA	0.409223
GC	0.965721
GG	0.609936
GT	0.787301
TA	0.820351
TC	2.23026
TG	1.07317
TT	1.17616
