kmer	count
AA	0.704853
AC	2.0605
AG	1.09865
AT	1.21663
CA	0.465326
CC	1.20951
CG	0.47087
CT	0.743711
GA	0.373517
GC	0.997847
GG	0.602405
GT	0.754562
TA	0.697332
TC	2.32901
TG	1.18977
TT	1.17134
