kmer	count
AA	0.70284
AC	1.9071
AG	1.06185
AT	1.25894
CA	0.508233
CC	1.1911
CG	0.537771
CT	0.784067
GA	0.380764
GC	1.07276
GG	0.638648
GT	0.824149
TA	0.728946
TC	2.13225
TG	1.10763
TT	1.11514
