kmer	count
AA	0.682537
AC	2.05089
AG	1.04052
AT	1.20675
CA	0.451395
CC	1.29513
CG	0.471575
CT	0.74122
GA	0.374052
GC	1.09434
GG	0.55803
GT	0.776833
TA	0.717461
TC	2.39442
TG	1.09136
TT	1.14245
