kmer	count
AA	0.528214
AC	1.47379
AG	0.762301
AT	0.904683
CA	1.01666
CC	1.37554
CG	0.86862
CT	0.755863
GA	0.717565
GC	1.04512
GG	0.874638
GT	0.725668
TA	1.05713
TC	1.98005
TG	1.19975
TT	0.813416
