kmer	count
AA	0.692549
AC	2.02937
AG	1.05592
AT	1.25719
CA	0.463653
CC	1.21601
CG	0.509068
CT	0.780091
GA	0.393855
GC	1.0546
GG	0.585597
GT	0.781948
TA	0.708914
TC	2.30056
TG	1.02861
TT	1.12099
