kmer	count
AA	0.723991
AC	1.89396
AG	1.08827
AT	1.15765
CA	0.497967
CC	1.22523
CG	0.545974
CT	0.790306
GA	0.401292
GC	1.09237
GG	0.675753
GT	0.822008
TA	0.692815
TC	2.23045
TG	1.07994
TT	1.10299
