kmer	count
AA	0.755631
AC	2.09964
AG	1.00313
AT	1.26379
CA	0.497571
CC	1.17949
CG	0.416456
CT	0.760056
GA	0.389143
GC	1.01275
GG	0.561226
GT	0.742133
TA	0.766325
TC	2.30853
TG	1.00927
TT	1.17906
