kmer	count
AA	0.792713
AC	1.97339
AG	1.07966
AT	1.25269
CA	0.490867
CC	1.17674
CG	0.486193
CT	0.74659
GA	0.403871
GC	0.976576
GG	0.591806
GT	0.732912
TA	0.862433
TC	2.26682
TG	1.16833
TT	1.14192
