kmer	count
AA	0.704341
AC	2.12962
AG	0.990276
AT	1.2033
CA	0.456604
CC	1.24848
CG	0.468591
CT	0.773333
GA	0.397666
GC	1.0938
GG	0.599672
GT	0.794473
TA	0.710232
TC	2.28475
TG	1.02795
TT	1.09792
