kmer	count
AA	0.64557
AC	1.99324
AG	1.17061
AT	1.04823
CA	0.411148
CC	1.23248
CG	0.545528
CT	0.684138
GA	0.36347
GC	1.12125
GG	0.639578
GT	0.722315
TA	0.658937
TC	2.39515
TG	1.26138
TT	1.08864
