kmer	count
AA	0.771731
AC	1.91715
AG	1.14835
AT	1.21466
CA	0.468741
CC	1.07769
CG	0.472813
CT	0.689949
GA	0.389244
GC	1.0584
GG	0.613254
GT	0.749681
TA	0.797536
TC	2.24802
TG	1.18467
TT	1.11863
