kmer	count
AA	0.666982
AC	1.85862
AG	0.990185
AT	1.14143
CA	0.653799
CC	1.1987
CG	0.682806
CT	0.759641
GA	0.455742
GC	0.985798
GG	0.639374
GT	0.736114
TA	0.823136
TC	2.25839
TG	1.09969
TT	1.08919
