kmer	count
AA	0.801644
AC	2.10657
AG	1.13727
AT	1.25677
CA	0.425537
CC	1.12469
CG	0.455696
CT	0.714308
GA	0.362837
GC	0.975053
GG	0.548451
GT	0.780613
TA	0.849673
TC	2.30896
TG	1.14315
TT	1.21799
