kmer	count
AA	0.768431
AC	1.99514
AG	1.05344
AT	1.22683
CA	0.524139
CC	1.08843
CG	0.374256
CT	0.769092
GA	0.426107
GC	1.03937
GG	0.576496
GT	0.743897
TA	0.905435
TC	2.32803
TG	1.11692
TT	1.21669
