kmer	count
AA	0.726592
AC	2.02358
AG	1.07827
AT	1.25418
CA	0.436037
CC	1.2484
CG	0.473043
CT	0.774075
GA	0.351025
GC	1.12002
GG	0.56108
GT	0.765919
TA	0.690569
TC	2.23553
TG	1.07272
TT	1.1268
