kmer	count
AA	0.821161
AC	2.03558
AG	1.02446
AT	1.36738
CA	0.464116
CC	1.13067
CG	0.389531
CT	0.774217
GA	0.385593
GC	1.02883
GG	0.498889
GT	0.866976
TA	0.736779
TC	2.3723
TG	1.07277
TT	1.22665
