kmer	count
AA	0.749748
AC	1.91011
AG	1.10866
AT	1.15753
CA	0.460677
CC	1.17264
CG	0.540991
CT	0.736547
GA	0.382856
GC	0.986977
GG	0.620679
GT	0.758427
TA	0.803171
TC	2.35823
TG	1.2163
TT	1.1516
