kmer	count
AA	0.760324
AC	2.12928
AG	0.959139
AT	1.22613
CA	0.429483
CC	1.23958
CG	0.396953
CT	0.713881
GA	0.362578
GC	1.13619
GG	0.524911
GT	0.793109
TA	0.834775
TC	2.51831
TG	1.00593
TT	1.13808
