kmer	count
AA	0.760989
AC	2.00266
AG	1.08201
AT	1.27281
CA	0.473433
CC	1.17747
CG	0.481904
CT	0.755514
GA	0.37162
GC	1.0036
GG	0.56926
GT	0.820455
TA	0.791767
TC	2.30815
TG	1.12376
TT	1.18568
