kmer	count
AA	0.781757
AC	1.98971
AG	1.0482
AT	1.26171
CA	0.451013
CC	1.15232
CG	0.455067
CT	0.785109
GA	0.364466
GC	1.06414
GG	0.547956
GT	0.828166
TA	0.795301
TC	2.23849
TG	1.04166
TT	1.16773
