kmer	count
AA	0.757303
AC	1.95985
AG	1.05444
AT	1.30622
CA	0.480829
CC	1.13347
CG	0.480533
CT	0.787408
GA	0.36954
GC	0.966075
GG	0.606399
GT	0.810327
TA	0.75417
TC	2.28994
TG	1.04226
TT	1.16208
