kmer	count
AA	0.73255
AC	2.15155
AG	1.03675
AT	1.2964
CA	0.449398
CC	1.16569
CG	0.409728
CT	0.733853
GA	0.418536
GC	1.05793
GG	0.554793
GT	0.800322
TA	0.786056
TC	2.27273
TG	1.11122
TT	1.22812
