kmer	count
AA	0.804319
AC	2.03339
AG	1.05647
AT	1.20562
CA	0.413552
CC	1.12967
CG	0.417347
CT	0.670372
GA	0.38307
GC	1.00862
GG	0.577466
GT	0.726583
TA	0.731388
TC	2.51319
TG	1.20594
TT	1.22625
