kmer	count
AA	0.796907
AC	2.07154
AG	1.13432
AT	1.30178
CA	0.427811
CC	1.1239
CG	0.446113
CT	0.726018
GA	0.402848
GC	0.991857
GG	0.567387
GT	0.823488
TA	0.72639
TC	2.29621
TG	1.16909
TT	1.15278
