kmer	count
AA	0.707754
AC	1.93565
AG	1.19626
AT	1.13728
CA	0.411599
CC	1.12462
CG	0.48943
CT	0.732525
GA	0.382965
GC	1.06222
GG	0.603043
GT	0.771387
TA	0.753713
TC	2.36549
TG	1.24243
TT	1.13675
