kmer	count
AA	0.765763
AC	2.01639
AG	1.09923
AT	1.17116
CA	0.462408
CC	1.14968
CG	0.473197
CT	0.697738
GA	0.376041
GC	1.08205
GG	0.571893
GT	0.804584
TA	0.78516
TC	2.35608
TG	1.12315
TT	1.18776
