kmer	count
AA	0.758258
AC	2.19272
AG	0.954309
AT	1.1948
CA	0.487693
CC	1.31269
CG	0.395976
CT	0.739463
GA	0.383439
GC	1.06996
GG	0.466902
GT	0.73065
TA	0.833396
TC	2.5496
TG	1.01302
TT	1.10089
