kmer	count
AA	0.809148
AC	2.09182
AG	0.97587
AT	1.32356
CA	0.467095
CC	1.14299
CG	0.420732
CT	0.732949
GA	0.386011
GC	1.01101
GG	0.534988
GT	0.794416
TA	0.87558
TC	2.44524
TG	1.08733
TT	1.18379
