kmer	count
AA	0.713133
AC	1.83537
AG	1.09289
AT	1.16538
CA	0.488367
CC	1.1612
CG	0.542311
CT	0.696862
GA	0.408243
GC	0.992598
GG	0.620439
GT	0.751841
TA	0.789686
TC	2.44601
TG	1.1722
TT	1.20762
