kmer	count
AA	0.578121
AC	1.67753
AG	0.831903
AT	0.970584
CA	0.839006
CC	1.34054
CG	0.753354
CT	0.715304
GA	0.540085
GC	1.04124
GG	0.733489
GT	0.691577
TA	1.08421
TC	2.16949
TG	1.2175
TT	0.919168
