kmer	count
AA	0.49334
AC	1.99736
AG	0.704494
AT	1.2587
CA	0.507202
CC	1.32724
CG	0.444302
CT	0.789682
GA	0.423675
GC	1.12898
GG	0.558674
GT	0.820349
TA	0.773241
TC	2.50415
TG	1.14868
TT	1.27173
