kmer	count
AA	0.658919
AC	2.14937
AG	0.997888
AT	1.16365
CA	0.448161
CC	1.34929
CG	0.455673
CT	0.774951
GA	0.381247
GC	1.20352
GG	0.545339
GT	0.789276
TA	0.649751
TC	2.34224
TG	1.0133
TT	1.04571
