kmer	count
AA	0.775985
AC	2.06876
AG	1.00296
AT	1.41559
CA	0.45002
CC	1.20767
CG	0.438094
CT	0.809209
GA	0.413661
GC	1.08577
GG	0.554734
GT	0.846546
TA	0.705374
TC	2.12346
TG	0.966132
TT	1.12857
