kmer	count
AA	0.835163
AC	2.01115
AG	1.22268
AT	1.18575
CA	0.470046
CC	1.10272
CG	0.481166
CT	0.714135
GA	0.360439
GC	1.00916
GG	0.570503
GT	0.78436
TA	0.791285
TC	2.20931
TG	1.18415
TT	1.18823
