kmer	count
AA	0.713021
AC	2.15377
AG	1.03688
AT	1.29415
CA	0.410697
CC	1.27806
CG	0.467353
CT	0.733147
GA	0.36963
GC	1.07511
GG	0.559736
GT	0.778485
TA	0.714164
TC	2.33513
TG	1.02842
TT	1.05879
