kmer	count
AA	0.718617
AC	2.17087
AG	0.893959
AT	1.22666
CA	0.48308
CC	1.42043
CG	0.45357
CT	0.885363
GA	0.413899
GC	1.23822
GG	0.534996
GT	0.912049
TA	0.613783
TC	2.14984
TG	0.892852
TT	1.01151
