kmer	count
AA	0.562293
AC	1.55176
AG	0.651548
AT	1.01519
CA	1.07296
CC	1.28945
CG	0.744175
CT	0.812857
GA	0.703814
GC	0.896459
GG	0.733151
GT	0.717112
TA	1.40326
TC	1.98144
TG	1.2036
TT	0.891305
