kmer	count
AA	0.745627
AC	2.0694
AG	0.985264
AT	1.36652
CA	0.437895
CC	1.23316
CG	0.413639
CT	0.750123
GA	0.373458
GC	1.04993
GG	0.477268
GT	0.772641
TA	0.815794
TC	2.2624
TG	1.01742
TT	1.23134
