kmer	count
AA	0.682504
AC	2.04854
AG	1.08775
AT	1.22909
CA	0.45701
CC	1.22615
CG	0.477878
CT	0.782831
GA	0.41784
GC	1.04885
GG	0.6056
GT	0.791868
TA	0.69055
TC	2.17522
TG	1.05364
TT	1.15665
