kmer	count
AA	0.734607
AC	1.90033
AG	1.11515
AT	1.22424
CA	0.437996
CC	1.19792
CG	0.476364
CT	0.79125
GA	0.369574
GC	1.04646
GG	0.597951
GT	0.779462
TA	0.726264
TC	2.27219
TG	1.18803
TT	1.20185
