kmer	count
AA	0.790498
AC	1.915
AG	1.04975
AT	1.32661
CA	0.487716
CC	1.18942
CG	0.393835
CT	0.731009
GA	0.488859
GC	1.02651
GG	0.57145
GT	0.764418
TA	0.749162
TC	2.2901
TG	1.16987
TT	1.13937
