kmer	count
AA	0.709685
AC	2.0536
AG	1.05285
AT	1.15478
CA	0.484118
CC	1.18803
CG	0.526785
CT	0.680189
GA	0.379408
GC	1.0762
GG	0.606151
GT	0.735655
TA	0.762826
TC	2.41371
TG	1.08821
TT	1.09293
