kmer	count
AA	0.708005
AC	2.05413
AG	1.02654
AT	1.20095
CA	0.481877
CC	1.2353
CG	0.531577
CT	0.727321
GA	0.374875
GC	1.10719
GG	0.594331
GT	0.756266
TA	0.769967
TC	2.23395
TG	1.08882
TT	1.11709
