kmer	count
AA	0.740245
AC	1.97324
AG	1.07807
AT	1.18136
CA	0.495636
CC	1.13049
CG	0.588988
CT	0.726597
GA	0.392286
GC	1.02115
GG	0.626865
GT	0.724285
TA	0.81451
TC	2.22877
TG	1.15699
TT	1.1243
