kmer	count
AA	0.748957
AC	2.05324
AG	1.16147
AT	1.16048
CA	0.443422
CC	1.05787
CG	0.468306
CT	0.67143
GA	0.34636
GC	1.02077
GG	0.587266
GT	0.775115
TA	0.749098
TC	2.40817
TG	1.26672
TT	1.2078
