kmer	count
AA	0.688863
AC	2.15075
AG	1.02638
AT	1.17689
CA	0.437149
CC	1.25572
CG	0.476653
CT	0.708547
GA	0.391066
GC	1.14511
GG	0.570976
GT	0.700019
TA	0.750516
TC	2.4539
TG	1.01823
TT	1.05592
