kmer	count
AA	0.786604
AC	2.01565
AG	1.03863
AT	1.15909
CA	0.444928
CC	1.20648
CG	0.518693
CT	0.734804
GA	0.376618
GC	1.03614
GG	0.505359
GT	0.75447
TA	0.831586
TC	2.4835
TG	1.11925
TT	1.1838
