kmer	count
AA	0.7756
AC	1.97364
AG	1.09477
AT	1.20724
CA	0.496695
CC	1.15621
CG	0.496449
CT	0.689406
GA	0.410161
GC	1.03175
GG	0.567716
GT	0.764786
TA	0.7741
TC	2.39133
TG	1.14799
TT	1.1751
