kmer	count
AA	0.729432
AC	1.97873
AG	1.08412
AT	1.23657
CA	0.475327
CC	1.16292
CG	0.560902
CT	0.737426
GA	0.419044
GC	1.04963
GG	0.615178
GT	0.85111
TA	0.762008
TC	2.1822
TG	1.10327
TT	1.07015
