kmer	count
AA	0.674334
AC	1.99164
AG	1.09578
AT	1.18015
CA	0.453226
CC	1.1763
CG	0.521586
CT	0.798413
GA	0.341055
GC	1.03302
GG	0.605058
GT	0.803293
TA	0.76951
TC	2.36822
TG	1.16099
TT	1.15311
