kmer	count
AA	0.700328
AC	2.09154
AG	1.00267
AT	1.26198
CA	0.456339
CC	1.1633
CG	0.439434
CT	0.792659
GA	0.374635
GC	1.02645
GG	0.535348
GT	0.799331
TA	0.755731
TC	2.33899
TG	1.03795
TT	1.20072
