kmer	count
AA	0.736158
AC	2.08823
AG	1.02571
AT	1.16335
CA	0.456547
CC	1.26124
CG	0.461186
CT	0.75288
GA	0.375878
GC	1.10872
GG	0.565806
GT	0.76884
TA	0.744474
TC	2.3812
TG	1.07743
TT	1.12988
