kmer	count
AA	0.705072
AC	2.07277
AG	0.998774
AT	1.26201
CA	0.46786
CC	1.3106
CG	0.462737
CT	0.834961
GA	0.385294
GC	1.10141
GG	0.556912
GT	0.838052
TA	0.64853
TC	2.14693
TG	1.01773
TT	1.12883
