kmer	count
AA	0.715903
AC	2.06695
AG	1.05551
AT	1.12652
CA	0.481589
CC	1.2888
CG	0.435842
CT	0.717874
GA	0.375297
GC	1.08925
GG	0.595688
GT	0.740658
TA	0.732166
TC	2.33803
TG	1.08805
TT	1.05964
