kmer	count
AA	0.823932
AC	1.98511
AG	1.10923
AT	1.23516
CA	0.424005
CC	1.13467
CG	0.430121
CT	0.720395
GA	0.330713
GC	1.0627
GG	0.599831
GT	0.746524
TA	0.75543
TC	2.3636
TG	1.16854
TT	1.21795
