kmer	count
AA	0.746427
AC	2.12014
AG	0.95835
AT	1.35714
CA	0.461817
CC	1.14416
CG	0.464568
CT	0.762516
GA	0.380101
GC	1.03014
GG	0.540302
GT	0.814788
TA	0.856857
TC	2.40469
TG	1.01915
TT	1.25203
