kmer	count
AA	0.799276
AC	1.9371
AG	1.12321
AT	1.14199
CA	0.469208
CC	1.12202
CG	0.529395
CT	0.710486
GA	0.330997
GC	1.02811
GG	0.564334
GT	0.777198
TA	0.789065
TC	2.45586
TG	1.18092
TT	1.19319
