kmer	count
AA	0.755756
AC	2.18965
AG	0.970753
AT	1.30083
CA	0.449878
CC	1.27337
CG	0.398
CT	0.743974
GA	0.411815
GC	1.12474
GG	0.527487
GT	0.790374
TA	0.749664
TC	2.2257
TG	0.973598
TT	1.1046
