kmer	count
AA	0.812883
AC	1.99321
AG	1.02823
AT	1.27342
CA	0.495459
CC	1.16763
CG	0.464574
CT	0.737372
GA	0.377868
GC	1.0055
GG	0.521366
GT	0.838686
TA	0.849345
TC	2.21538
TG	1.17332
TT	1.2711
