kmer	count
AA	0.748076
AC	2.09709
AG	1.07297
AT	1.24628
CA	0.465813
CC	1.14322
CG	0.452854
CT	0.728717
GA	0.380035
GC	1.09936
GG	0.544651
GT	0.738385
TA	0.791602
TC	2.38066
TG	1.12373
TT	1.1706
