kmer	count
AA	0.706065
AC	1.97084
AG	1.06967
AT	1.25644
CA	0.552086
CC	1.15751
CG	0.505973
CT	0.785243
GA	0.392528
GC	1.0103
GG	0.580944
GT	0.753482
TA	0.756911
TC	2.24615
TG	1.05739
TT	1.15185
