kmer	count
AA	0.711458
AC	1.97766
AG	1.10797
AT	1.21022
CA	0.453659
CC	1.25287
CG	0.483573
CT	0.777718
GA	0.388605
GC	1.05218
GG	0.632887
GT	0.755402
TA	0.674653
TC	2.1701
TG	1.09567
TT	1.14066
