kmer	count
AA	0.718612
AC	2.05688
AG	1.03512
AT	1.34803
CA	0.453077
CC	1.22905
CG	0.48868
CT	0.745715
GA	0.384346
GC	1.06791
GG	0.599722
GT	0.777452
TA	0.7037
TC	2.23672
TG	1.04979
TT	1.10095
