kmer	count
AA	0.767765
AC	2.0286
AG	1.10742
AT	1.2239
CA	0.45652
CC	1.19235
CG	0.431242
CT	0.729799
GA	0.378498
GC	1.08305
GG	0.569406
GT	0.770821
TA	0.764798
TC	2.31356
TG	1.13089
TT	1.16216
