kmer	count
AA	0.672867
AC	2.06073
AG	0.984677
AT	1.21489
CA	0.447426
CC	1.22887
CG	0.472426
CT	0.784707
GA	0.379811
GC	1.096
GG	0.549903
GT	0.787634
TA	0.716948
TC	2.48596
TG	1.0536
TT	1.20073
