kmer	count
AA	0.787528
AC	2.00898
AG	1.08365
AT	1.3018
CA	0.426491
CC	1.09721
CG	0.488204
CT	0.732874
GA	0.394444
GC	1.01415
GG	0.573098
GT	0.733967
TA	0.814852
TC	2.39339
TG	1.15132
TT	1.19291
