kmer	count
AA	0.70047
AC	2.11577
AG	0.971746
AT	1.25788
CA	0.458382
CC	1.22083
CG	0.390254
CT	0.766041
GA	0.392525
GC	1.04757
GG	0.506893
GT	0.774751
TA	0.766599
TC	2.40927
TG	0.993425
TT	1.19232
