kmer	count
AA	0.725433
AC	2.15331
AG	1.01133
AT	1.15215
CA	0.461786
CC	1.28006
CG	0.487999
CT	0.720434
GA	0.415016
GC	1.13055
GG	0.585201
GT	0.782901
TA	0.697255
TC	2.28633
TG	1.02883
TT	1.07047
