kmer	count
AA	0.682321
AC	2.0003
AG	1.0697
AT	1.22178
CA	0.442925
CC	1.22591
CG	0.524859
CT	0.766513
GA	0.365939
GC	1.11106
GG	0.616056
GT	0.727964
TA	0.745968
TC	2.27003
TG	1.07599
TT	1.13275
