kmer	count
AA	0.77969
AC	1.97798
AG	1.1458
AT	1.14642
CA	0.460562
CC	1.01054
CG	0.452504
CT	0.725184
GA	0.373062
GC	0.958099
GG	0.587751
GT	0.799828
TA	0.874072
TC	2.43532
TG	1.20386
TT	1.25306
