kmer	count
AA	0.791133
AC	2.01919
AG	1.18308
AT	1.16982
CA	0.434088
CC	1.1689
CG	0.437922
CT	0.670868
GA	0.348812
GC	1.00392
GG	0.55987
GT	0.748189
TA	0.793041
TC	2.44386
TG	1.20619
TT	1.14247
