kmer	count
AA	0.749802
AC	2.03333
AG	1.05517
AT	1.22963
CA	0.454747
CC	1.17326
CG	0.457172
CT	0.746053
GA	0.388084
GC	1.02524
GG	0.578179
GT	0.745631
TA	0.763366
TC	2.31928
TG	1.06517
TT	1.1643
