kmer	count
AA	0.762464
AC	2.01932
AG	1.08753
AT	1.23212
CA	0.468885
CC	1.15671
CG	0.412302
CT	0.718048
GA	0.356838
GC	1.04431
GG	0.59099
GT	0.784199
TA	0.77641
TC	2.36859
TG	1.22165
TT	1.09521
