kmer	count
AA	0.773796
AC	1.9804
AG	0.94854
AT	1.32165
CA	0.490522
CC	1.26462
CG	0.440866
CT	0.80038
GA	0.430464
GC	1.10259
GG	0.538716
GT	0.772584
TA	0.800583
TC	2.27514
TG	1.06687
TT	1.14298
