kmer	count
AA	0.760325
AC	1.8638
AG	0.925186
AT	1.0973
CA	0.523698
CC	1.14976
CG	0.460183
CT	0.683395
GA	0.416703
GC	0.991115
GG	0.62616
GT	0.753303
TA	0.954621
TC	2.41272
TG	1.30206
TT	1.20438
