kmer	count
AA	0.730876
AC	2.20912
AG	0.932509
AT	1.21395
CA	0.50018
CC	1.32956
CG	0.454065
CT	0.68784
GA	0.383531
GC	1.07971
GG	0.510621
GT	0.738914
TA	0.781974
TC	2.44007
TG	1.00573
TT	1.04139
