kmer	count
AA	0.674894
AC	1.84902
AG	0.751321
AT	1.24881
CA	0.785385
CC	1.29181
CG	0.624891
CT	0.85748
GA	0.529103
GC	1.04246
GG	0.613399
GT	0.800666
TA	0.940251
TC	2.06806
TG	0.999697
TT	1.0276
