kmer	count
AA	0.729255
AC	2.05185
AG	1.05107
AT	1.20815
CA	0.495748
CC	1.21675
CG	0.434138
CT	0.809342
GA	0.376221
GC	1.04417
GG	0.568696
GT	0.806943
TA	0.749998
TC	2.2207
TG	1.13186
TT	1.20448
