kmer	count
AA	0.685656
AC	2.15334
AG	1.03952
AT	1.23408
CA	0.416834
CC	1.24607
CG	0.428061
CT	0.758448
GA	0.379117
GC	1.08624
GG	0.55036
GT	0.765298
TA	0.661722
TC	2.36817
TG	1.00775
TT	1.16002
