kmer	count
AA	0.716671
AC	2.03449
AG	1.12016
AT	1.19002
CA	0.482228
CC	1.15605
CG	0.576701
CT	0.717533
GA	0.377979
GC	1.06142
GG	0.607317
GT	0.7419
TA	0.769281
TC	2.24401
TG	1.11862
TT	1.09978
