kmer	count
AA	0.861692
AC	2.04974
AG	1.05322
AT	1.20789
CA	0.458439
CC	1.05396
CG	0.383443
CT	0.686145
GA	0.395912
GC	1.04387
GG	0.492435
GT	0.745485
TA	0.820335
TC	2.44593
TG	1.15959
TT	1.33007
