kmer	count
AA	0.667721
AC	2.08093
AG	0.886892
AT	1.35004
CA	0.493382
CC	1.47249
CG	0.398052
CT	0.910684
GA	0.422629
GC	1.20169
GG	0.542872
GT	0.979881
TA	0.589032
TC	2.02952
TG	0.841727
TT	1.06932
