kmer	count
AA	0.703195
AC	2.0661
AG	1.04129
AT	1.07711
CA	0.471596
CC	1.30058
CG	0.520143
CT	0.716405
GA	0.370126
GC	1.11568
GG	0.584156
GT	0.697392
TA	0.77763
TC	2.43786
TG	1.11691
TT	1.06737
