kmer	count
AA	0.684282
AC	2.11876
AG	0.943288
AT	1.20604
CA	0.452853
CC	1.36481
CG	0.491326
CT	0.811841
GA	0.371985
GC	1.16578
GG	0.561287
GT	0.813124
TA	0.691022
TC	2.27638
TG	0.968201
TT	1.08742
