kmer	count
AA	0.743806
AC	2.00037
AG	1.13386
AT	1.09491
CA	0.449414
CC	1.17507
CG	0.517395
CT	0.682835
GA	0.347381
GC	1.07813
GG	0.603698
GT	0.675272
TA	0.76272
TC	2.46916
TG	1.20518
TT	1.10609
