kmer	count
AA	0.754372
AC	2.17521
AG	1.00777
AT	1.19759
CA	0.393142
CC	1.30026
CG	0.423433
CT	0.69004
GA	0.386703
GC	1.14171
GG	0.55335
GT	0.781697
TA	0.681065
TC	2.53669
TG	0.981003
TT	1.10535
