kmer	count
AA	0.772258
AC	2.16224
AG	0.943808
AT	1.21396
CA	0.500851
CC	1.23603
CG	0.433804
CT	0.648893
GA	0.431741
GC	1.13846
GG	0.534938
GT	0.716126
TA	0.850462
TC	2.3249
TG	1.04295
TT	1.08226
