kmer	count
AA	0.716471
AC	2.05763
AG	1.08329
AT	1.23937
CA	0.450588
CC	1.18999
CG	0.463777
CT	0.780944
GA	0.377483
GC	1.02321
GG	0.558505
GT	0.782025
TA	0.69257
TC	2.37562
TG	1.126
TT	1.20391
