kmer	count
AA	0.727714
AC	2.13426
AG	1.01974
AT	1.15748
CA	0.466247
CC	1.19161
CG	0.464975
CT	0.726673
GA	0.385906
GC	1.05555
GG	0.545636
GT	0.771126
TA	0.780127
TC	2.47486
TG	1.05321
TT	1.05437
