kmer	count
AA	0.757272
AC	1.94996
AG	1.09077
AT	1.19911
CA	0.503215
CC	1.10776
CG	0.489656
CT	0.731023
GA	0.401045
GC	0.948764
GG	0.637216
GT	0.806328
TA	0.942458
TC	2.24397
TG	1.18893
TT	1.21359
