kmer	count
AA	0.674636
AC	1.94385
AG	1.11915
AT	1.18588
CA	0.466446
CC	1.11859
CG	0.549814
CT	0.745361
GA	0.400234
GC	0.956395
GG	0.662845
GT	0.749078
TA	0.74436
TC	2.33378
TG	1.18903
TT	1.11
