kmer	count
AA	0.748909
AC	2.02686
AG	1.06653
AT	1.26075
CA	0.479573
CC	1.10452
CG	0.459087
CT	0.788294
GA	0.459418
GC	1.0149
GG	0.550192
GT	0.784044
TA	0.807558
TC	2.27815
TG	1.12504
TT	1.22329
