kmer	count
AA	0.725306
AC	1.94187
AG	1.03056
AT	1.26126
CA	0.471859
CC	1.21829
CG	0.505082
CT	0.734827
GA	0.393048
GC	1.05742
GG	0.56073
GT	0.761266
TA	0.8059
TC	2.32118
TG	1.09507
TT	1.11079
