kmer	count
AA	0.690353
AC	2.07283
AG	1.04875
AT	1.28995
CA	0.45831
CC	1.21797
CG	0.482504
CT	0.762512
GA	0.334702
GC	1.04189
GG	0.604772
GT	0.781983
TA	0.740224
TC	2.28208
TG	1.08056
TT	1.09592
