kmer	count
AA	0.707465
AC	2.05709
AG	1.08471
AT	1.2136
CA	0.440738
CC	1.20854
CG	0.482892
CT	0.781601
GA	0.400139
GC	1.06798
GG	0.604549
GT	0.821136
TA	0.668716
TC	2.17559
TG	1.07391
TT	1.13591
