kmer	count
AA	0.814413
AC	1.95402
AG	1.15659
AT	1.19069
CA	0.435361
CC	1.07978
CG	0.383029
CT	0.725026
GA	0.363023
GC	0.935246
GG	0.563372
GT	0.737708
TA	0.861725
TC	2.53375
TG	1.1957
TT	1.20428
