kmer	count
AA	0.598119
AC	1.37909
AG	0.739985
AT	1.0662
CA	1.30741
CC	1.26806
CG	0.822043
CT	1.08884
GA	0.61568
GC	0.930912
GG	0.714752
GT	0.748434
TA	1.05725
TC	1.75812
TG	1.06004
TT	0.865159
