kmer	count
AA	0.857522
AC	1.6809
AG	1.40509
AT	0.774241
CA	0.618166
CC	1.11519
CG	0.665779
CT	0.527892
GA	0.438393
GC	0.881017
GG	0.745677
GT	0.511339
TA	1.07538
TC	2.23206
TG	1.6387
TT	0.793909
