kmer	count
AA	0.782381
AC	2.10641
AG	1.01196
AT	1.22341
CA	0.456458
CC	1.20182
CG	0.369751
CT	0.667262
GA	0.423257
GC	1.04443
GG	0.488544
GT	0.827394
TA	0.874387
TC	2.51244
TG	1.04385
TT	1.21076
