kmer	count
AA	0.76505
AC	2.00758
AG	1.1232
AT	1.30217
CA	0.447251
CC	1.1678
CG	0.46763
CT	0.728499
GA	0.381719
GC	1.00955
GG	0.624427
GT	0.762619
TA	0.693219
TC	2.29097
TG	1.16936
TT	1.13921
