kmer	count
AA	0.517309
AC	1.51056
AG	0.719172
AT	0.934382
CA	1.13466
CC	1.36436
CG	0.687399
CT	0.80091
GA	0.698374
GC	0.950228
GG	0.730042
GT	0.675904
TA	1.27984
TC	1.9688
TG	1.20687
TT	0.89583
