kmer	count
AA	0.73629
AC	2.04786
AG	1.04052
AT	1.31582
CA	0.451334
CC	1.18434
CG	0.492704
CT	0.739122
GA	0.372393
GC	1.03733
GG	0.557771
GT	0.778809
TA	0.806043
TC	2.25244
TG	1.09606
TT	1.1144
