kmer	count
AA	0.724751
AC	1.94359
AG	1.09671
AT	1.34441
CA	0.404848
CC	1.14622
CG	0.419206
CT	0.750841
GA	0.361508
GC	1.06667
GG	0.571662
GT	0.760896
TA	0.667358
TC	2.3535
TG	1.21203
TT	1.2742
