kmer	count
AA	0.704279
AC	1.99249
AG	1.02136
AT	1.2385
CA	0.491545
CC	1.14449
CG	0.45208
CT	0.763909
GA	0.380722
GC	1.01267
GG	0.579608
GT	0.790081
TA	0.726907
TC	2.30938
TG	1.11325
TT	1.19775
