kmer	count
AA	0.71855
AC	2.13383
AG	0.854188
AT	1.3486
CA	0.456277
CC	1.19481
CG	0.39155
CT	0.687889
GA	0.414044
GC	1.07996
GG	0.568792
GT	0.804362
TA	0.837672
TC	2.43711
TG	1.12622
TT	1.17493
