kmer	count
AA	0.759098
AC	2.17253
AG	1.01251
AT	1.26056
CA	0.427968
CC	1.25948
CG	0.47983
CT	0.683638
GA	0.352426
GC	1.0285
GG	0.55895
GT	0.740343
TA	0.748671
TC	2.45195
TG	1.10186
TT	1.14447
