kmer	count
AA	0.764478
AC	1.84817
AG	1.00865
AT	1.41412
CA	0.452953
CC	1.28026
CG	0.479765
CT	0.889747
GA	0.370415
GC	1.04663
GG	0.578038
GT	0.941336
TA	0.753203
TC	2.02477
TG	1.05948
TT	1.19496
