kmer	count
AA	0.661783
AC	1.77415
AG	0.906956
AT	1.14807
CA	0.527929
CC	1.24701
CG	0.492576
CT	0.707827
GA	0.43453
GC	1.0248
GG	0.628078
GT	0.788552
TA	0.818638
TC	2.36681
TG	1.23987
TT	1.148
