kmer	count
AA	0.697225
AC	1.93739
AG	1.07636
AT	1.15068
CA	0.474258
CC	1.19607
CG	0.464002
CT	0.792308
GA	0.354563
GC	1.02782
GG	0.566067
GT	0.759414
TA	0.710515
TC	2.41057
TG	1.11562
TT	1.15302
