kmer	count
AA	0.662348
AC	2.05429
AG	0.983323
AT	1.14882
CA	0.509459
CC	1.27324
CG	0.569617
CT	0.739899
GA	0.404591
GC	1.04629
GG	0.581654
GT	0.719621
TA	0.764277
TC	2.42207
TG	1.06921
TT	1.07343
