kmer	count
AA	0.688448
AC	1.99271
AG	0.945914
AT	1.14509
CA	0.538813
CC	1.24444
CG	0.478449
CT	0.759991
GA	0.426572
GC	1.117
GG	0.566732
GT	0.793869
TA	0.811508
TC	2.37486
TG	1.08601
TT	1.15353
