kmer	count
AA	0.720461
AC	2.05199
AG	1.04022
AT	1.14826
CA	0.419447
CC	1.26604
CG	0.455009
CT	0.678543
GA	0.364845
GC	1.08137
GG	0.522274
GT	0.740973
TA	0.810593
TC	2.60036
TG	1.08967
TT	1.15525
