kmer	count
AA	0.690684
AC	1.95053
AG	1.15024
AT	1.18439
CA	0.494945
CC	1.16387
CG	0.58884
CT	0.7643
GA	0.348611
GC	1.02372
GG	0.61505
GT	0.767697
TA	0.72405
TC	2.24825
TG	1.13579
TT	1.10967
