kmer	count
AA	0.736225
AC	2.0202
AG	1.12752
AT	1.21004
CA	0.446478
CC	1.12933
CG	0.475961
CT	0.725211
GA	0.386813
GC	0.99723
GG	0.609257
GT	0.759704
TA	0.758058
TC	2.27763
TG	1.12769
TT	1.14375
