kmer	count
AA	0.835254
AC	2.07384
AG	1.05296
AT	1.34548
CA	0.469917
CC	1.24895
CG	0.43833
CT	0.757636
GA	0.382734
GC	1.01038
GG	0.609384
GT	0.748727
TA	0.803727
TC	2.19757
TG	1.06302
TT	1.08819
