kmer	count
AA	0.853136
AC	2.0404
AG	1.1391
AT	1.23706
CA	0.441287
CC	1.10311
CG	0.413504
CT	0.650788
GA	0.408075
GC	0.966326
GG	0.562836
GT	0.793343
TA	0.809297
TC	2.37374
TG	1.16578
TT	1.21437
