kmer	count
AA	0.733197
AC	2.09533
AG	0.999406
AT	1.32763
CA	0.491995
CC	1.16526
CG	0.484702
CT	0.767463
GA	0.367649
GC	0.973539
GG	0.548182
GT	0.802883
TA	0.771431
TC	2.33136
TG	0.972737
TT	1.19823
