kmer	count
AA	0.722736
AC	2.03691
AG	1.02857
AT	1.1792
CA	0.452834
CC	1.19916
CG	0.479556
CT	0.775865
GA	0.395402
GC	1.06274
GG	0.561251
GT	0.776999
TA	0.723093
TC	2.30017
TG	1.08423
TT	1.16805
