kmer	count
AA	0.779806
AC	2.01484
AG	1.0349
AT	1.20088
CA	0.401203
CC	1.23688
CG	0.482632
CT	0.688243
GA	0.386232
GC	1.04054
GG	0.572053
GT	0.730735
TA	0.743564
TC	2.31167
TG	1.17608
TT	1.14261
