kmer	count
AA	0.707473
AC	1.95175
AG	0.926607
AT	1.21999
CA	0.610257
CC	1.14378
CG	0.608755
CT	0.737413
GA	0.448901
GC	0.982768
GG	0.607252
GT	0.718553
TA	0.888879
TC	2.27253
TG	1.11666
TT	1.12792
