kmer	count
AA	0.710936
AC	1.99097
AG	1.06754
AT	1.20668
CA	0.46704
CC	1.1107
CG	0.574106
CT	0.72521
GA	0.38058
GC	1.02406
GG	0.58843
GT	0.801923
TA	0.818416
TC	2.309
TG	1.14181
TT	1.12743
