kmer	count
AA	0.718183
AC	1.90709
AG	1.07146
AT	1.22293
CA	0.439039
CC	1.16158
CG	0.513932
CT	0.721296
GA	0.399385
GC	1.0479
GG	0.601201
GT	0.755197
TA	0.823927
TC	2.3599
TG	1.14319
TT	1.23901
