kmer	count
AA	0.736875
AC	1.95091
AG	0.990438
AT	1.23587
CA	0.493398
CC	1.20517
CG	0.503153
CT	0.761624
GA	0.460871
GC	1.08245
GG	0.642998
GT	0.78493
TA	0.705308
TC	2.13313
TG	1.14982
TT	1.09806
