kmer	count
AA	0.737608
AC	2.0608
AG	1.11606
AT	1.11383
CA	0.428959
CC	1.20381
CG	0.490942
CT	0.677208
GA	0.339039
GC	1.09095
GG	0.575585
GT	0.734043
TA	0.764966
TC	2.49726
TG	1.12095
TT	1.15679
