kmer	count
AA	0.718005
AC	1.96752
AG	1.08845
AT	1.24297
CA	0.457241
CC	1.25961
CG	0.443895
CT	0.689686
GA	0.405184
GC	1.10394
GG	0.62187
GT	0.818841
TA	0.769546
TC	2.05533
TG	1.14635
TT	1.12998
