kmer	count
AA	0.720628
AC	2.05529
AG	1.12322
AT	1.2141
CA	0.471764
CC	1.16192
CG	0.488416
CT	0.681524
GA	0.369643
GC	1.06355
GG	0.609106
GT	0.786085
TA	0.736714
TC	2.33837
TG	1.14612
TT	1.13965
