kmer	count
AA	0.712576
AC	1.99195
AG	1.05772
AT	1.22393
CA	0.498231
CC	1.20868
CG	0.506884
CT	0.750356
GA	0.40016
GC	1.05886
GG	0.574866
GT	0.786804
TA	0.81377
TC	2.29113
TG	1.1508
TT	1.10025
