kmer	count
AA	0.705799
AC	1.98291
AG	0.96957
AT	1.33565
CA	0.47036
CC	1.27418
CG	0.462543
CT	0.881185
GA	0.45019
GC	1.12701
GG	0.593532
GT	0.936738
TA	0.62436
TC	2.0816
TG	0.956617
TT	1.10762
