kmer	count
AA	0.79547
AC	2.00491
AG	1.11307
AT	1.22215
CA	0.45593
CC	1.15629
CG	0.476403
CT	0.739455
GA	0.389692
GC	0.977136
GG	0.585769
GT	0.745956
TA	0.807489
TC	2.35083
TG	1.17919
TT	1.12781
