kmer	count
AA	0.718552
AC	2.05894
AG	1.01066
AT	1.1494
CA	0.498853
CC	1.15326
CG	0.48954
CT	0.725912
GA	0.406096
GC	1.02456
GG	0.59423
GT	0.721077
TA	0.883039
TC	2.37418
TG	1.19939
TT	1.17675
