kmer	count
AA	0.706358
AC	1.984
AG	1.12243
AT	1.13031
CA	0.50841
CC	1.19686
CG	0.540476
CT	0.731559
GA	0.373079
GC	1.05323
GG	0.63931
GT	0.738479
TA	0.712665
TC	2.259
TG	1.1765
TT	1.03879
