kmer	count
AA	0.710822
AC	1.84864
AG	0.871311
AT	1.13242
CA	0.562768
CC	1.20831
CG	0.496147
CT	0.755379
GA	0.42159
GC	1.05803
GG	0.595522
GT	0.793833
TA	0.878176
TC	2.29932
TG	1.30488
TT	1.15499
