kmer	count
AA	0.733334
AC	2.16817
AG	1.01467
AT	1.25818
CA	0.470455
CC	1.27427
CG	0.477653
CT	0.755173
GA	0.353833
GC	1.07975
GG	0.57085
GT	0.779512
TA	0.685847
TC	2.22753
TG	1.03319
TT	1.09824
