kmer	count
AA	0.332613
AC	1.1841
AG	0.600535
AT	0.729499
CA	1.4112
CC	1.56598
CG	1.10663
CT	0.528758
GA	0.7693
GC	0.845776
GG	1.09649
GT	0.511806
TA	1.3505
TC	1.7581
TG	1.76699
TT	0.547812
