kmer	count
AA	0.73226
AC	1.9121
AG	1.15491
AT	1.10442
CA	0.502879
CC	1.18635
CG	0.497165
CT	0.693827
GA	0.382645
GC	1.02181
GG	0.585914
GT	0.710758
TA	0.816987
TC	2.47577
TG	1.14172
TT	1.16501
