kmer	count
AA	0.708241
AC	2.15489
AG	1.01106
AT	1.20794
CA	0.426162
CC	1.24579
CG	0.543917
CT	0.759815
GA	0.365096
GC	1.10628
GG	0.607059
GT	0.797026
TA	0.699685
TC	2.21335
TG	1.06442
TT	1.11645
