kmer	count
AA	0.738273
AC	1.96349
AG	1.20872
AT	1.14983
CA	0.470091
CC	1.18946
CG	0.544823
CT	0.736328
GA	0.359811
GC	1.01871
GG	0.665019
GT	0.763746
TA	0.695189
TC	2.16774
TG	1.20453
TT	1.02001
