kmer	count
AA	0.761728
AC	1.87218
AG	1.04085
AT	1.17691
CA	0.421872
CC	1.20286
CG	0.414908
CT	0.705786
GA	0.36685
GC	1.09089
GG	0.613771
GT	0.718371
TA	0.869354
TC	2.43832
TG	1.24831
TT	1.13399
