kmer	count
AA	0.77963
AC	1.9749
AG	1.0835
AT	1.16611
CA	0.476024
CC	1.19032
CG	0.444502
CT	0.663418
GA	0.399495
GC	1.04499
GG	0.612668
GT	0.762674
TA	0.82415
TC	2.37646
TG	1.19181
TT	1.11924
