kmer	count
AA	0.741002
AC	2.01919
AG	1.08977
AT	1.08442
CA	0.449213
CC	1.14993
CG	0.504056
CT	0.728605
GA	0.372156
GC	0.97895
GG	0.615852
GT	0.812841
TA	0.755717
TC	2.45492
TG	1.19317
TT	1.1688
