kmer	count
AA	0.737947
AC	2.13363
AG	0.929969
AT	1.22758
CA	0.500575
CC	1.32356
CG	0.43389
CT	0.759404
GA	0.410527
GC	1.13942
GG	0.571115
GT	0.796892
TA	0.684747
TC	2.27343
TG	0.983924
TT	1.06096
