kmer	count
AA	0.682801
AC	2.15574
AG	0.98318
AT	1.20434
CA	0.471466
CC	1.30483
CG	0.463457
CT	0.75788
GA	0.392539
GC	1.10373
GG	0.58352
GT	0.728609
TA	0.759313
TC	2.32761
TG	1.0376
TT	1.04024
