kmer	count
AA	0.751101
AC	2.0213
AG	1.04557
AT	1.29342
CA	0.481595
CC	1.18117
CG	0.503224
CT	0.861272
GA	0.382849
GC	1.04365
GG	0.561671
GT	0.802957
TA	0.698035
TC	2.24766
TG	1.11163
TT	1.15175
