kmer	count
AA	0.790918
AC	2.01565
AG	0.9759
AT	1.19806
CA	0.519356
CC	1.21858
CG	0.45158
CT	0.738038
GA	0.372695
GC	1.03018
GG	0.565293
GT	0.793953
TA	0.887945
TC	2.46263
TG	1.05023
TT	1.09514
