kmer	count
AA	0.742379
AC	2.07672
AG	1.07058
AT	1.17412
CA	0.457127
CC	1.20591
CG	0.436098
CT	0.717399
GA	0.37165
GC	1.09558
GG	0.568073
GT	0.755018
TA	0.808722
TC	2.40638
TG	1.11041
TT	1.10805
