kmer	count
AA	0.879956
AC	1.73166
AG	1.42771
AT	0.690834
CA	0.605649
CC	1.08302
CG	0.638259
CT	0.523623
GA	0.465563
GC	0.876788
GG	0.756393
GT	0.451007
TA	1.05669
TC	2.34256
TG	1.59645
TT	0.794795
