kmer	count
AA	0.703538
AC	2.07412
AG	1.02407
AT	1.25181
CA	0.46108
CC	1.24276
CG	0.503853
CT	0.748062
GA	0.387813
GC	1.07891
GG	0.598865
GT	0.746138
TA	0.744861
TC	2.22689
TG	1.06888
TT	1.12991
