kmer	count
AA	0.753288
AC	2.01746
AG	1.06598
AT	1.19384
CA	0.444643
CC	1.21522
CG	0.472323
CT	0.694924
GA	0.39328
GC	1.0192
GG	0.565606
GT	0.729057
TA	0.796197
TC	2.49947
TG	1.12827
TT	1.15566
