kmer	count
AA	0.602958
AC	1.74806
AG	0.839849
AT	1.11265
CA	0.811067
CC	1.41874
CG	0.696229
CT	0.827246
GA	0.558519
GC	1.09234
GG	0.742501
GT	0.77471
TA	0.862686
TC	1.96079
TG	1.05659
TT	0.909748
