kmer	count
AA	0.72784
AC	2.00043
AG	1.0639
AT	1.20579
CA	0.490027
CC	1.23967
CG	0.516831
CT	0.679068
GA	0.385033
GC	1.10053
GG	0.62891
GT	0.75203
TA	0.735433
TC	2.23016
TG	1.10021
TT	1.1094
