kmer	count
AA	0.719539
AC	2.04592
AG	1.01374
AT	1.25082
CA	0.487009
CC	1.22651
CG	0.431768
CT	0.757967
GA	0.395127
GC	1.05391
GG	0.566994
GT	0.78274
TA	0.778754
TC	2.32412
TG	1.0404
TT	1.08461
