kmer	count
AA	0.747539
AC	1.9149
AG	1.14937
AT	1.38688
CA	0.432083
CC	1.18273
CG	0.42233
CT	0.861098
GA	0.342354
GC	1.0219
GG	0.58108
GT	0.876673
TA	0.628137
TC	2.05943
TG	1.06513
TT	1.18028
