kmer	count
AA	0.359505
AC	1.25046
AG	0.506263
AT	0.719872
CA	1.33462
CC	1.6279
CG	1.03554
CT	0.982808
GA	0.710631
GC	1.17769
GG	0.831898
GT	0.658395
TA	1.12024
TC	2.01476
TG	1.11786
TT	0.691547
