kmer	count
AA	0.667211
AC	2.05563
AG	0.967926
AT	1.20058
CA	0.540065
CC	1.30533
CG	0.595969
CT	0.739333
GA	0.386354
GC	1.02311
GG	0.598705
GT	0.741694
TA	0.792555
TC	2.29359
TG	1.06819
TT	1.07154
