kmer	count
AA	0.684239
AC	2.04633
AG	1.05825
AT	1.31175
CA	0.467006
CC	1.19871
CG	0.481067
CT	0.737587
GA	0.396375
GC	1.01294
GG	0.576246
GT	0.809573
TA	0.794895
TC	2.19924
TG	1.04568
TT	1.18774
