kmer	count
AA	0.787239
AC	2.06272
AG	1.03602
AT	1.29818
CA	0.480281
CC	1.16624
CG	0.461824
CT	0.754235
GA	0.405405
GC	1.02426
GG	0.564327
GT	0.73643
TA	0.837188
TC	2.31786
TG	1.12897
TT	1.14579
