kmer	count
AA	0.818741
AC	2.01439
AG	1.14371
AT	1.1859
CA	0.448493
CC	1.06757
CG	0.433107
CT	0.670927
GA	0.392872
GC	0.99227
GG	0.573261
GT	0.791341
TA	0.839265
TC	2.4074
TG	1.18326
TT	1.20882
