kmer	count
AA	0.84196
AC	1.99977
AG	1.14216
AT	1.23926
CA	0.387589
CC	1.08334
CG	0.413642
CT	0.758375
GA	0.356365
GC	1.04484
GG	0.575991
GT	0.809083
TA	0.77756
TC	2.30045
TG	1.11624
TT	1.28166
