kmer	count
AA	0.690539
AC	2.09139
AG	1.00999
AT	1.25223
CA	0.461644
CC	1.26225
CG	0.476822
CT	0.791173
GA	0.383807
GC	1.09127
GG	0.584159
GT	0.828383
TA	0.705683
TC	2.20478
TG	1.03623
TT	1.10074
