kmer	count
AA	0.792705
AC	1.84453
AG	1.12546
AT	1.22066
CA	0.478351
CC	1.07048
CG	0.547335
CT	0.750037
GA	0.339451
GC	0.980438
GG	0.613803
GT	0.799907
TA	1.02172
TC	2.27044
TG	1.16255
TT	1.24519
