kmer	count
AA	0.726311
AC	1.99356
AG	1.06479
AT	1.26961
CA	0.482199
CC	1.16423
CG	0.476469
CT	0.749861
GA	0.380922
GC	1.00742
GG	0.548349
GT	0.778639
TA	0.81588
TC	2.28393
TG	1.04118
TT	1.20121
