kmer	count
AA	0.720871
AC	2.04717
AG	1.14211
AT	1.17531
CA	0.414141
CC	1.20462
CG	0.448457
CT	0.770118
GA	0.381646
GC	1.09071
GG	0.589208
GT	0.762125
TA	0.751475
TC	2.30951
TG	1.12485
TT	1.11864
