kmer	count
AA	0.711534
AC	2.08469
AG	1.00719
AT	1.16102
CA	0.44936
CC	1.26065
CG	0.473352
CT	0.693693
GA	0.378735
GC	1.11132
GG	0.567946
GT	0.726933
TA	0.750369
TC	2.52854
TG	1.12315
TT	1.08187
