kmer	count
AA	0.740612
AC	1.98069
AG	1.06164
AT	1.17373
CA	0.523221
CC	1.15559
CG	0.521883
CT	0.736636
GA	0.361332
GC	1.02458
GG	0.631878
GT	0.75826
TA	0.792715
TC	2.2305
TG	1.10228
TT	1.16024
