kmer	count
AA	0.802072
AC	2.12447
AG	1.09565
AT	1.20153
CA	0.395473
CC	1.074
CG	0.389223
CT	0.694148
GA	0.341844
GC	1.13478
GG	0.515563
GT	0.766203
TA	0.786207
TC	2.59032
TG	1.09774
TT	1.16751
