kmer	count
AA	0.705649
AC	1.97867
AG	1.08654
AT	1.21975
CA	0.441512
CC	1.19362
CG	0.481002
CT	0.786553
GA	0.375895
GC	1.0845
GG	0.631707
GT	0.806916
TA	0.701519
TC	2.25399
TG	1.09002
TT	1.08648
