kmer	count
AA	0.62938
AC	1.92842
AG	0.947725
AT	1.063
CA	0.621193
CC	1.30281
CG	0.539154
CT	0.757374
GA	0.456068
GC	1.11323
GG	0.627676
GT	0.788642
TA	0.844909
TC	2.32739
TG	1.08021
TT	1.03912
