kmer	count
AA	0.714035
AC	2.06597
AG	1.10227
AT	1.21861
CA	0.455782
CC	1.19345
CG	0.486668
CT	0.719783
GA	0.35772
GC	1.056
GG	0.604155
GT	0.75731
TA	0.727173
TC	2.23329
TG	1.10965
TT	1.14513
