kmer	count
AA	0.733495
AC	2.07894
AG	1.09811
AT	1.19061
CA	0.443299
CC	1.14368
CG	0.477334
CT	0.757707
GA	0.378223
GC	1.02883
GG	0.584642
GT	0.785578
TA	0.798292
TC	2.32433
TG	1.13883
TT	1.17856
