kmer	count
AA	0.771712
AC	1.98764
AG	1.09882
AT	1.10001
CA	0.439275
CC	1.17288
CG	0.529703
CT	0.69207
GA	0.387944
GC	1.03523
GG	0.618128
GT	0.788945
TA	0.789826
TC	2.37357
TG	1.23236
TT	1.09885
