kmer	count
AA	0.769191
AC	2.01238
AG	1.1529
AT	1.19306
CA	0.441557
CC	1.09501
CG	0.499289
CT	0.694481
GA	0.349987
GC	1.00381
GG	0.584301
GT	0.780125
TA	0.817408
TC	2.44541
TG	1.18384
TT	1.14433
