kmer	count
AA	0.694645
AC	2.046
AG	0.944877
AT	1.3769
CA	0.505683
CC	1.31647
CG	0.427622
CT	0.788636
GA	0.422273
GC	1.12377
GG	0.54696
GT	0.844018
TA	0.713549
TC	2.16902
TG	0.980358
TT	1.08955
