kmer	count
AA	0.753226
AC	2.14237
AG	0.907178
AT	1.2368
CA	0.495371
CC	1.27994
CG	0.398281
CT	0.72398
GA	0.389818
GC	1.07079
GG	0.509431
GT	0.768298
TA	0.824828
TC	2.36408
TG	0.99326
TT	1.14261
