kmer	count
AA	0.681292
AC	2.01564
AG	1.13705
AT	1.06247
CA	0.416059
CC	1.33534
CG	0.519185
CT	0.707774
GA	0.365123
GC	1.15166
GG	0.671903
GT	0.732597
TA	0.634526
TC	2.33512
TG	1.11255
TT	1.04611
