kmer	count
AA	0.587442
AC	1.96691
AG	0.706648
AT	1.3242
CA	0.545813
CC	1.29483
CG	0.554654
CT	0.754492
GA	0.397311
GC	1.04794
GG	0.547177
GT	0.813471
TA	0.760851
TC	2.52853
TG	1.09556
TT	1.27079
