kmer	count
AA	0.704488
AC	2.0829
AG	1.02404
AT	1.20542
CA	0.463173
CC	1.28758
CG	0.482882
CT	0.760453
GA	0.380557
GC	1.10864
GG	0.573249
GT	0.742275
TA	0.711062
TC	2.32387
TG	1.04418
TT	1.07528
