kmer	count
AA	0.726442
AC	2.03387
AG	1.19932
AT	0.993144
CA	0.400918
CC	1.14581
CG	0.440553
CT	0.663152
GA	0.336533
GC	1.04019
GG	0.614372
GT	0.665572
TA	0.806991
TC	2.63411
TG	1.24968
TT	1.0942
