kmer	count
AA	0.748618
AC	2.02946
AG	1.14353
AT	1.16733
CA	0.463226
CC	1.17506
CG	0.502195
CT	0.696969
GA	0.395936
GC	1.04429
GG	0.616122
GT	0.742946
TA	0.760829
TC	2.36168
TG	1.1572
TT	1.07727
