kmer	count
AA	0.67036
AC	2.11414
AG	1.08391
AT	1.2615
CA	0.394089
CC	1.22017
CG	0.526769
CT	0.760782
GA	0.395776
GC	1.04433
GG	0.60385
GT	0.788646
TA	0.682022
TC	2.29677
TG	1.11938
TT	1.17722
