kmer	count
AA	0.732961
AC	2.00102
AG	1.08281
AT	1.2424
CA	0.460524
CC	1.15236
CG	0.491034
CT	0.772621
GA	0.38404
GC	1.02415
GG	0.561043
GT	0.78039
TA	0.72139
TC	2.25634
TG	1.11279
TT	1.16286
