kmer	count
AA	0.713174
AC	1.97718
AG	1.11934
AT	1.25867
CA	0.479479
CC	1.19084
CG	0.476537
CT	0.77096
GA	0.370184
GC	1.05455
GG	0.602209
GT	0.834614
TA	0.760287
TC	2.16499
TG	1.06142
TT	1.11148
