kmer	count
AA	0.753171
AC	1.94219
AG	1.12543
AT	1.19215
CA	0.493626
CC	1.09301
CG	0.527688
CT	0.742795
GA	0.359744
GC	1.05202
GG	0.602071
GT	0.723738
TA	0.740287
TC	2.30694
TG	1.14507
TT	1.13166
