kmer	count
AA	0.306736
AC	1.30153
AG	0.531192
AT	0.750875
CA	1.37702
CC	1.65761
CG	1.1561
CT	0.687573
GA	0.719609
GC	0.900772
GG	0.995767
GT	0.543873
TA	1.27349
TC	1.7618
TG	1.57182
TT	0.597092
