kmer	count
AA	0.71671
AC	2.00072
AG	1.10121
AT	1.24423
CA	0.48631
CC	1.16247
CG	0.424107
CT	0.736961
GA	0.408584
GC	0.989254
GG	0.588855
GT	0.711179
TA	0.779302
TC	2.32226
TG	1.11926
TT	1.11031
