kmer	count
AA	0.80509
AC	2.03869
AG	1.04089
AT	1.25416
CA	0.471456
CC	1.11845
CG	0.424381
CT	0.769061
GA	0.397536
GC	1.03313
GG	0.543679
GT	0.805547
TA	0.803971
TC	2.38718
TG	1.10059
TT	1.20851
