kmer	count
AA	0.667809
AC	2.00668
AG	1.04577
AT	1.39291
CA	0.480067
CC	1.23172
CG	0.477672
CT	0.798012
GA	0.394233
GC	1.07305
GG	0.597766
GT	0.866874
TA	0.726764
TC	2.04212
TG	1.0146
TT	1.1746
