kmer	count
AA	0.755042
AC	2.00202
AG	1.10035
AT	1.34046
CA	0.433297
CC	1.07702
CG	0.453099
CT	0.705091
GA	0.3348
GC	0.957855
GG	0.530519
GT	0.767958
TA	0.770798
TC	2.34525
TG	1.09952
TT	1.29254
