kmer	count
AA	0.776127
AC	1.97814
AG	1.04612
AT	1.23837
CA	0.451372
CC	1.19377
CG	0.526677
CT	0.747402
GA	0.384146
GC	1.04638
GG	0.583332
GT	0.739241
TA	0.712526
TC	2.33553
TG	1.16872
TT	1.19043
