kmer	count
AA	0.690904
AC	1.9386
AG	1.13073
AT	1.21105
CA	0.520331
CC	1.18869
CG	0.527992
CT	0.75701
GA	0.387365
GC	0.996466
GG	0.614637
GT	0.741819
TA	0.866125
TC	2.30886
TG	1.16284
TT	1.07354
