kmer	count
AA	0.765539
AC	2.12072
AG	1.02833
AT	1.17603
CA	0.407919
CC	1.14974
CG	0.434848
CT	0.79196
GA	0.401325
GC	1.049
GG	0.510436
GT	0.745003
TA	0.776695
TC	2.51614
TG	1.04325
TT	1.23886
