kmer	count
AA	0.66603
AC	2.07948
AG	0.957773
AT	1.23513
CA	0.493429
CC	1.2352
CG	0.478858
CT	0.727017
GA	0.407869
GC	1.08322
GG	0.565234
GT	0.783541
TA	0.7758
TC	2.38339
TG	1.0232
TT	1.12627
