kmer	count
AA	0.72405
AC	1.96123
AG	1.14064
AT	1.11916
CA	0.452495
CC	1.21927
CG	0.554169
CT	0.699361
GA	0.379078
GC	1.05925
GG	0.560868
GT	0.646535
TA	0.79574
TC	2.49556
TG	1.19448
TT	1.09298
