kmer	count
AA	0.73844
AC	2.00346
AG	1.08514
AT	1.23503
CA	0.425802
CC	1.19977
CG	0.462522
CT	0.778805
GA	0.379675
GC	1.04931
GG	0.538992
GT	0.786798
TA	0.70379
TC	2.30028
TG	1.0696
TT	1.17287
