kmer	count
AA	0.681008
AC	2.04353
AG	1.14731
AT	1.22318
CA	0.475161
CC	1.18232
CG	0.498337
CT	0.781743
GA	0.355809
GC	1.07762
GG	0.595866
GT	0.757164
TA	0.747308
TC	2.15283
TG	1.11343
TT	1.10348
