kmer	count
AA	0.689924
AC	1.88486
AG	1.06752
AT	1.29568
CA	0.465202
CC	1.2135
CG	0.510282
CT	0.846714
GA	0.363196
GC	1.08058
GG	0.581252
GT	0.857587
TA	0.688639
TC	2.17819
TG	1.06645
TT	1.14803
