kmer	count
AA	0.781202
AC	2.0016
AG	1.09426
AT	1.24817
CA	0.443201
CC	1.19289
CG	0.431253
CT	0.706589
GA	0.377124
GC	1.04056
GG	0.581084
GT	0.753978
TA	0.79857
TC	2.39939
TG	1.13819
TT	1.14653
