kmer	count
AA	0.72507
AC	2.10614
AG	1.01914
AT	1.25611
CA	0.519988
CC	1.17731
CG	0.458504
CT	0.740702
GA	0.383456
GC	1.02245
GG	0.56384
GT	0.722741
TA	0.826375
TC	2.42962
TG	1.063
TT	1.18771
