kmer	count
AA	0.748638
AC	2.09079
AG	1.0753
AT	1.25946
CA	0.414882
CC	1.16395
CG	0.465662
CT	0.766543
GA	0.35549
GC	1.05292
GG	0.580907
GT	0.793339
TA	0.789115
TC	2.35051
TG	1.09726
TT	1.1812
