kmer	count
AA	0.629514
AC	1.9176
AG	0.942545
AT	1.13777
CA	0.660282
CC	1.3243
CG	0.557401
CT	0.768162
GA	0.474204
GC	1.16429
GG	0.641563
GT	0.768541
TA	0.786612
TC	2.16579
TG	1.04953
TT	0.987754
