kmer	count
AA	0.771198
AC	1.9729
AG	1.09389
AT	1.29539
CA	0.465468
CC	1.12086
CG	0.439521
CT	0.753243
GA	0.398202
GC	0.996047
GG	0.56049
GT	0.775698
TA	0.83271
TC	2.20611
TG	1.07702
TT	1.19285
