kmer	count
AA	0.700028
AC	2.02034
AG	1.04345
AT	1.21011
CA	0.45071
CC	1.33001
CG	0.497084
CT	0.798072
GA	0.405144
GC	1.13676
GG	0.613313
GT	0.740496
TA	0.685898
TC	2.17346
TG	1.06756
TT	1.06184
