kmer	count
AA	0.717003
AC	2.03518
AG	1.03848
AT	1.24394
CA	0.454814
CC	1.19655
CG	0.563926
CT	0.794584
GA	0.381818
GC	1.02965
GG	0.601912
GT	0.786507
TA	0.701037
TC	2.29396
TG	1.11629
TT	1.1606
