kmer	count
AA	0.698588
AC	1.97933
AG	1.05935
AT	1.25825
CA	0.47178
CC	1.21176
CG	0.499454
CT	0.771062
GA	0.401913
GC	1.06398
GG	0.567925
GT	0.800033
TA	0.820927
TC	2.25993
TG	1.00911
TT	1.13885
