kmer	count
AA	0.563823
AC	2.04229
AG	0.707117
AT	1.4022
CA	0.424687
CC	1.31766
CG	0.42875
CT	0.848707
GA	0.358094
GC	1.13984
GG	0.491774
GT	0.892891
TA	0.64761
TC	2.48754
TG	0.999241
TT	1.29223
