kmer	count
AA	0.77026
AC	2.08545
AG	1.13494
AT	1.18351
CA	0.417002
CC	1.1214
CG	0.453248
CT	0.658384
GA	0.371936
GC	1.03075
GG	0.555131
GT	0.713767
TA	0.775525
TC	2.50819
TG	1.19777
TT	1.1894
