kmer	count
AA	0.748288
AC	2.09077
AG	0.922033
AT	1.2994
CA	0.523108
CC	1.32834
CG	0.462824
CT	0.814308
GA	0.407436
GC	1.11992
GG	0.533951
GT	0.774304
TA	0.773174
TC	2.22941
TG	0.945614
TT	1.04725
