kmer	count
AA	0.73827
AC	2.03084
AG	1.06087
AT	1.24808
CA	0.405814
CC	1.21768
CG	0.490788
CT	0.727047
GA	0.360353
GC	1.11195
GG	0.571335
GT	0.771207
TA	0.745046
TC	2.32428
TG	1.12248
TT	1.20931
