kmer	count
AA	0.754746
AC	2.06751
AG	1.0514
AT	1.19008
CA	0.447158
CC	1.17152
CG	0.446596
CT	0.710352
GA	0.387849
GC	1.07923
GG	0.54704
GT	0.764461
TA	0.804383
TC	2.44988
TG	1.13255
TT	1.13649
