kmer	count
AA	0.743819
AC	2.00438
AG	1.09433
AT	1.23088
CA	0.461468
CC	1.22067
CG	0.473682
CT	0.713996
GA	0.388339
GC	1.03398
GG	0.578879
GT	0.73178
TA	0.770611
TC	2.28195
TG	1.11505
TT	1.0949
