kmer	count
AA	0.694705
AC	2.01968
AG	1.0076
AT	1.15732
CA	0.48361
CC	1.25739
CG	0.440842
CT	0.687428
GA	0.404543
GC	1.09863
GG	0.605237
GT	0.749431
TA	0.785591
TC	2.48609
TG	1.10585
TT	1.10372
