kmer	count
AA	0.758077
AC	2.07734
AG	1.01447
AT	1.31742
CA	0.450309
CC	1.26534
CG	0.484365
CT	0.747905
GA	0.363467
GC	1.05984
GG	0.573946
GT	0.726984
TA	0.759478
TC	2.20557
TG	1.08274
TT	1.1015
