kmer	count
AA	0.753477
AC	1.93246
AG	1.14905
AT	1.20055
CA	0.454936
CC	1.18229
CG	0.566316
CT	0.748507
GA	0.341243
GC	1.07519
GG	0.604028
GT	0.72679
TA	0.771981
TC	2.18552
TG	1.16083
TT	1.10834
