kmer	count
AA	0.803768
AC	2.0505
AG	1.05365
AT	1.30569
CA	0.479872
CC	1.13391
CG	0.394007
CT	0.709671
GA	0.375384
GC	1.04333
GG	0.589694
GT	0.774031
TA	0.814967
TC	2.32876
TG	1.11384
TT	1.18483
