kmer	count
AA	0.713872
AC	2.08988
AG	1.03731
AT	1.21421
CA	0.449646
CC	1.19773
CG	0.522093
CT	0.729748
GA	0.386579
GC	1.05664
GG	0.566915
GT	0.80506
TA	0.802598
TC	2.28801
TG	1.0555
TT	1.1306
