kmer	count
AA	0.695016
AC	1.99638
AG	0.960157
AT	1.24932
CA	0.481443
CC	1.32705
CG	0.532511
CT	0.769993
GA	0.435146
GC	1.11593
GG	0.642605
GT	0.815721
TA	0.699454
TC	2.14198
TG	1.07131
TT	1.04552
