kmer	count
AA	0.778117
AC	2.021
AG	1.0612
AT	1.26329
CA	0.459252
CC	1.19357
CG	0.473852
CT	0.788753
GA	0.395372
GC	1.0241
GG	0.541262
GT	0.733287
TA	0.737442
TC	2.33666
TG	1.09665
TT	1.23564
