kmer	count
AA	0.723837
AC	2.08542
AG	1.04163
AT	1.22358
CA	0.453316
CC	1.23054
CG	0.467507
CT	0.751774
GA	0.37733
GC	1.10169
GG	0.564407
GT	0.754066
TA	0.724667
TC	2.32014
TG	1.03203
TT	1.11225
