kmer	count
AA	0.643555
AC	1.91361
AG	0.947071
AT	1.0939
CA	0.639195
CC	1.30812
CG	0.607525
CT	0.781551
GA	0.506285
GC	1.16266
GG	0.643586
GT	0.795916
TA	0.762128
TC	2.15572
TG	1.07953
TT	0.972523
