kmer	count
AA	0.760133
AC	1.98477
AG	1.10549
AT	1.1955
CA	0.426798
CC	1.18034
CG	0.484413
CT	0.711742
GA	0.380729
GC	1.04243
GG	0.58983
GT	0.762135
TA	0.769608
TC	2.3812
TG	1.15391
TT	1.19436
