kmer	count
AA	0.718092
AC	1.92218
AG	1.08112
AT	1.0911
CA	0.494229
CC	1.19389
CG	0.541439
CT	0.693553
GA	0.391207
GC	1.02742
GG	0.628635
GT	0.669644
TA	0.819853
TC	2.50329
TG	1.17335
TT	1.13608
