kmer	count
AA	0.826042
AC	2.00384
AG	1.04464
AT	1.25593
CA	0.424128
CC	1.15924
CG	0.447938
CT	0.722963
GA	0.369979
GC	0.965975
GG	0.571437
GT	0.715101
TA	0.763161
TC	2.4338
TG	1.16736
TT	1.28135
