kmer	count
AA	0.76371
AC	2.12072
AG	1.11671
AT	1.11266
CA	0.488973
CC	1.15219
CG	0.494823
CT	0.61571
GA	0.417411
GC	1.01499
GG	0.618332
GT	0.722114
TA	0.778938
TC	2.4073
TG	1.2323
TT	1.05503
