kmer	count
AA	0.744403
AC	2.02996
AG	1.05752
AT	1.25257
CA	0.450932
CC	1.10959
CG	0.508764
CT	0.740449
GA	0.417186
GC	1.04148
GG	0.573477
GT	0.817203
TA	0.805325
TC	2.23854
TG	1.05866
TT	1.1807
