kmer	count
AA	0.761915
AC	1.95813
AG	1.00942
AT	1.32883
CA	0.49474
CC	1.18672
CG	0.50413
CT	0.842171
GA	0.4218
GC	0.952639
GG	0.559976
GT	0.874729
TA	0.749296
TC	2.15567
TG	0.983466
TT	1.20415
