kmer	count
AA	0.746575
AC	1.93953
AG	1.14128
AT	1.13774
CA	0.431442
CC	1.17427
CG	0.456408
CT	0.684468
GA	0.355683
GC	1.05646
GG	0.589115
GT	0.760894
TA	0.736017
TC	2.51259
TG	1.12968
TT	1.22088
