kmer	count
AA	0.78588
AC	2.04993
AG	0.996002
AT	1.35341
CA	0.474628
CC	1.153
CG	0.435661
CT	0.76147
GA	0.343277
GC	1.06587
GG	0.519094
GT	0.766234
TA	0.773392
TC	2.36746
TG	1.1409
TT	1.22693
