kmer	count
AA	0.810589
AC	1.95391
AG	1.12609
AT	1.12583
CA	0.508082
CC	1.16482
CG	0.432691
CT	0.702789
GA	0.407004
GC	1.0222
GG	0.567246
GT	0.730718
TA	0.896696
TC	2.34669
TG	1.17868
TT	1.12524
