kmer	count
AA	0.729611
AC	1.93361
AG	0.97917
AT	1.03553
CA	0.559524
CC	1.26219
CG	0.490731
CT	0.753194
GA	0.449639
GC	1.11029
GG	0.58449
GT	0.816966
TA	0.783941
TC	2.44667
TG	1.02401
TT	1.07425
