kmer	count
AA	0.753965
AC	2.03074
AG	1.04612
AT	1.23689
CA	0.457111
CC	1.06014
CG	0.469072
CT	0.733691
GA	0.413869
GC	1.07845
GG	0.555712
GT	0.752392
TA	0.797299
TC	2.41694
TG	1.03539
TT	1.17118
