kmer	count
AA	0.720532
AC	2.06169
AG	1.05362
AT	1.30433
CA	0.455716
CC	1.23832
CG	0.45381
CT	0.770944
GA	0.351908
GC	1.08176
GG	0.573626
GT	0.852312
TA	0.750899
TC	2.34643
TG	1.0504
TT	1.09268
