kmer	count
AA	0.752412
AC	2.00716
AG	1.06088
AT	1.2626
CA	0.499625
CC	1.21926
CG	0.429498
CT	0.788008
GA	0.44651
GC	0.983613
GG	0.608849
GT	0.831192
TA	0.775506
TC	2.12479
TG	1.12338
TT	1.17431
