kmer	count
AA	0.738858
AC	2.1005
AG	1.08833
AT	1.26058
CA	0.434054
CC	1.21458
CG	0.416794
CT	0.74229
GA	0.356984
GC	1.09269
GG	0.572831
GT	0.792106
TA	0.723906
TC	2.24308
TG	1.01681
TT	1.14687
