kmer	count
AA	0.806327
AC	2.06634
AG	1.09442
AT	1.29255
CA	0.430807
CC	1.13568
CG	0.429521
CT	0.715719
GA	0.40975
GC	1.058
GG	0.580008
GT	0.7837
TA	0.751557
TC	2.31178
TG	1.11786
TT	1.18551
