kmer	count
AA	0.67649
AC	2.07208
AG	1.01331
AT	1.20302
CA	0.463878
CC	1.20083
CG	0.456231
CT	0.729599
GA	0.364521
GC	1.07744
GG	0.594876
GT	0.755768
TA	0.762317
TC	2.40214
TG	1.07378
TT	1.12213
