kmer	count
AA	0.758661
AC	2.10042
AG	1.08099
AT	1.21135
CA	0.438477
CC	1.12888
CG	0.480609
CT	0.718825
GA	0.418029
GC	1.01064
GG	0.52687
GT	0.849778
TA	0.829379
TC	2.40408
TG	1.08707
TT	1.18809
