kmer	count
AA	0.705445
AC	1.88732
AG	1.15603
AT	1.25101
CA	0.435333
CC	1.22875
CG	0.504116
CT	0.763445
GA	0.413188
GC	1.128
GG	0.657584
GT	0.821844
TA	0.692594
TC	2.08377
TG	1.21165
TT	1.05275
