kmer	count
AA	0.771877
AC	2.00542
AG	1.05805
AT	1.26578
CA	0.469221
CC	1.16436
CG	0.486963
CT	0.820377
GA	0.358097
GC	1.05609
GG	0.561406
GT	0.808089
TA	0.732677
TC	2.24686
TG	1.11792
TT	1.2213
