kmer	count
AA	0.714352
AC	2.01806
AG	1.08121
AT	1.15535
CA	0.441638
CC	1.2055
CG	0.449619
CT	0.737673
GA	0.346277
GC	1.07866
GG	0.584217
GT	0.74731
TA	0.730593
TC	2.38128
TG	1.09669
TT	1.13814
