kmer	count
AA	0.725766
AC	2.0308
AG	1.06145
AT	1.17285
CA	0.464348
CC	1.06809
CG	0.517905
CT	0.741292
GA	0.353783
GC	1.0455
GG	0.569401
GT	0.787061
TA	0.76908
TC	2.47996
TG	1.18241
TT	1.19952
