kmer	count
AA	0.697
AC	2.06404
AG	0.911094
AT	1.32917
CA	0.483402
CC	1.49203
CG	0.422979
CT	0.888721
GA	0.390988
GC	1.23101
GG	0.556879
GT	0.923454
TA	0.607181
TC	2.07658
TG	0.905275
TT	1.0186
