kmer	count
AA	0.662094
AC	2.08251
AG	1.05453
AT	1.21872
CA	0.457376
CC	1.39329
CG	0.535898
CT	0.7681
GA	0.4103
GC	1.12636
GG	0.60039
GT	0.8353
TA	0.618874
TC	2.16132
TG	1.03065
TT	1.00814
