kmer	count
AA	0.708857
AC	2.05615
AG	1.04908
AT	1.28658
CA	0.454966
CC	1.20781
CG	0.497213
CT	0.746748
GA	0.398102
GC	1.09938
GG	0.630719
GT	0.759588
TA	0.702002
TC	2.23098
TG	1.05589
TT	1.09144
