kmer	count
AA	0.732919
AC	2.08522
AG	1.07536
AT	1.28999
CA	0.453814
CC	1.14539
CG	0.418098
CT	0.715846
GA	0.408118
GC	1.00439
GG	0.567439
GT	0.820003
TA	0.809565
TC	2.32197
TG	1.12845
TT	1.20774
