kmer	count
AA	0.759981
AC	2.08982
AG	1.0725
AT	1.32253
CA	0.455405
CC	1.24016
CG	0.440442
CT	0.751287
GA	0.391632
GC	1.06853
GG	0.576844
GT	0.758402
TA	0.67636
TC	2.24971
TG	1.0239
TT	1.0682
