kmer	count
AA	0.767385
AC	1.96987
AG	1.09125
AT	1.20728
CA	0.466157
CC	1.18123
CG	0.492856
CT	0.69513
GA	0.4104
GC	1.02286
GG	0.644065
GT	0.721467
TA	0.777342
TC	2.31339
TG	1.16047
TT	1.15386
