kmer	count
AA	0.628088
AC	2.00521
AG	1.02913
AT	1.24649
CA	0.485651
CC	1.29291
CG	0.545927
CT	0.884319
GA	0.40733
GC	1.14776
GG	0.632173
GT	0.865139
TA	0.650571
TC	2.06639
TG	1.04331
TT	1.03261
