kmer	count
AA	0.762794
AC	2.12218
AG	1.06885
AT	1.28783
CA	0.442921
CC	1.18911
CG	0.462825
CT	0.707219
GA	0.371696
GC	1.06241
GG	0.525102
GT	0.731362
TA	0.739794
TC	2.34428
TG	1.04749
TT	1.12466
