kmer	count
AA	0.770028
AC	2.06744
AG	1.12678
AT	1.16576
CA	0.436473
CC	1.158
CG	0.4458
CT	0.707261
GA	0.359686
GC	1.10973
GG	0.598027
GT	0.76783
TA	0.805114
TC	2.31788
TG	1.20039
TT	1.05853
