kmer	count
AA	0.740514
AC	2.04689
AG	1.0707
AT	1.1823
CA	0.449314
CC	1.17927
CG	0.45695
CT	0.741233
GA	0.379859
GC	1.0659
GG	0.561077
GT	0.771053
TA	0.774235
TC	2.35778
TG	1.07745
TT	1.10112
