kmer	count
AA	0.763538
AC	1.91444
AG	1.13823
AT	1.26724
CA	0.522681
CC	1.03316
CG	0.486309
CT	0.747517
GA	0.355358
GC	1.0109
GG	0.588679
GT	0.80618
TA	0.862269
TC	2.32912
TG	1.18272
TT	1.18345
