kmer	count
AA	0.983663
AC	1.20778
AG	1.6225
AT	0.343762
CA	0.86803
CC	1.24763
CG	0.882392
CT	0.493711
GA	0.499993
GC	0.622367
GG	0.844475
GT	0.187722
TA	1.51688
TC	1.78405
TG	2.09993
TT	0.542721
