kmer	count
AA	0.751779
AC	2.04054
AG	1.05216
AT	1.24012
CA	0.439794
CC	1.18877
CG	0.458302
CT	0.736925
GA	0.378913
GC	1.03483
GG	0.554841
GT	0.786595
TA	0.752712
TC	2.39476
TG	1.1142
TT	1.20277
