kmer	count
AA	0.760272
AC	1.94375
AG	1.14408
AT	1.18296
CA	0.437527
CC	1.20187
CG	0.450351
CT	0.735769
GA	0.397856
GC	1.07796
GG	0.632665
GT	0.771159
TA	0.759992
TC	2.21711
TG	1.15594
TT	1.15006
