kmer	count
AA	0.74325
AC	2.13277
AG	1.0775
AT	1.20258
CA	0.423232
CC	1.18471
CG	0.441888
CT	0.703093
GA	0.376669
GC	1.05875
GG	0.552225
GT	0.73402
TA	0.731818
TC	2.40212
TG	1.07635
TT	1.11355
