kmer	count
AA	0.757768
AC	2.04824
AG	1.10536
AT	1.18422
CA	0.4135
CC	1.18033
CG	0.483332
CT	0.671307
GA	0.379498
GC	1.04821
GG	0.577066
GT	0.720681
TA	0.806989
TC	2.39876
TG	1.14695
TT	1.20325
