kmer	count
AA	0.688705
AC	2.03814
AG	1.06303
AT	1.22771
CA	0.446115
CC	1.22009
CG	0.501532
CT	0.800396
GA	0.365226
GC	1.0382
GG	0.558289
GT	0.806778
TA	0.706171
TC	2.27902
TG	1.06593
TT	1.15252
