kmer	count
AA	0.805186
AC	2.10951
AG	1.13599
AT	1.12205
CA	0.406443
CC	1.1568
CG	0.433314
CT	0.701433
GA	0.319246
GC	1.0713
GG	0.588343
GT	0.739697
TA	0.790091
TC	2.37379
TG	1.17082
TT	1.15938
