kmer	count
AA	0.684164
AC	2.131
AG	1.00855
AT	1.20908
CA	0.431821
CC	1.21046
CG	0.459963
CT	0.75966
GA	0.386437
GC	1.10778
GG	0.537037
GT	0.813913
TA	0.672411
TC	2.45989
TG	1.11164
TT	1.15667
