kmer	count
AA	0.764535
AC	2.05114
AG	1.12952
AT	1.23096
CA	0.45186
CC	1.14012
CG	0.463394
CT	0.695943
GA	0.395541
GC	1.01103
GG	0.561547
GT	0.754759
TA	0.843473
TC	2.3734
TG	1.13975
TT	1.16708
