kmer	count
AA	0.758206
AC	1.99264
AG	1.12162
AT	1.22276
CA	0.441307
CC	1.18522
CG	0.476683
CT	0.677889
GA	0.421599
GC	1.03845
GG	0.599218
GT	0.748152
TA	0.809308
TC	2.36959
TG	1.16215
TT	1.11704
