kmer	count
AA	0.675234
AC	2.04761
AG	1.06509
AT	1.11201
CA	0.497308
CC	1.30059
CG	0.474991
CT	0.72057
GA	0.36956
GC	1.10507
GG	0.620265
GT	0.747224
TA	0.721925
TC	2.35783
TG	1.06676
TT	1.03466
