kmer	count
AA	0.56505
AC	1.42308
AG	0.736657
AT	1.05197
CA	1.3545
CC	1.34698
CG	0.74128
CT	1.10478
GA	0.61532
GC	0.901237
GG	0.671272
GT	0.720445
TA	1.04299
TC	1.72733
TG	1.02962
TT	0.948638
