kmer	count
AA	0.735782
AC	1.97527
AG	1.09458
AT	1.12659
CA	0.449851
CC	1.17711
CG	0.488349
CT	0.706438
GA	0.375617
GC	0.982018
GG	0.609025
GT	0.721764
TA	0.923927
TC	2.47397
TG	1.18902
TT	1.13273
