kmer	count
AA	0.706348
AC	2.07704
AG	1.08424
AT	1.27061
CA	0.464095
CC	1.19686
CG	0.431534
CT	0.739134
GA	0.408381
GC	1.01433
GG	0.62004
GT	0.751718
TA	0.814709
TC	2.19541
TG	1.20159
TT	1.15893
