kmer	count
AA	0.733094
AC	2.02492
AG	1.02997
AT	1.24963
CA	0.456593
CC	1.16257
CG	0.43039
CT	0.739692
GA	0.379607
GC	1.01781
GG	0.535345
GT	0.779334
TA	0.786358
TC	2.3807
TG	1.08094
TT	1.17052
