kmer	count
AA	0.772376
AC	2.03892
AG	0.991172
AT	1.22472
CA	0.471513
CC	1.17076
CG	0.435661
CT	0.743758
GA	0.40776
GC	1.05619
GG	0.556983
GT	0.848137
TA	0.879969
TC	2.4314
TG	1.05007
TT	1.15291
