kmer	count
AA	0.74247
AC	1.99942
AG	1.00765
AT	1.16623
CA	0.501409
CC	1.23387
CG	0.510719
CT	0.710954
GA	0.400474
GC	1.05142
GG	0.583411
GT	0.723287
TA	0.85222
TC	2.39597
TG	1.13813
TT	1.13063
