kmer	count
AA	0.747466
AC	1.91277
AG	1.02313
AT	1.30622
CA	0.458657
CC	1.21651
CG	0.490296
CT	0.868245
GA	0.393159
GC	1.0805
GG	0.572183
GT	0.860424
TA	0.806804
TC	2.24789
TG	1.04615
TT	1.13073
