kmer	count
AA	0.71965
AC	1.96081
AG	1.21409
AT	1.07492
CA	0.443602
CC	1.16032
CG	0.528557
CT	0.673772
GA	0.367704
GC	1.08984
GG	0.638726
GT	0.723698
TA	0.714556
TC	2.38869
TG	1.23619
TT	1.06602
