kmer	count
AA	0.74599
AC	1.96173
AG	1.11633
AT	1.06069
CA	0.472634
CC	1.15924
CG	0.486418
CT	0.6733
GA	0.37271
GC	1.03007
GG	0.597585
GT	0.711159
TA	0.905156
TC	2.48168
TG	1.16541
TT	1.16446
