kmer	count
AA	0.710708
AC	2.05692
AG	1.03237
AT	1.23924
CA	0.454411
CC	1.20188
CG	0.515345
CT	0.733717
GA	0.364284
GC	1.09389
GG	0.559858
GT	0.777682
TA	0.79715
TC	2.25072
TG	1.11714
TT	1.11897
