kmer	count
AA	0.705636
AC	2.05578
AG	1.08993
AT	1.19986
CA	0.445914
CC	1.19621
CG	0.466317
CT	0.785127
GA	0.387085
GC	1.08706
GG	0.637381
GT	0.816574
TA	0.669458
TC	2.17407
TG	1.07567
TT	1.12292
