kmer	count
AA	0.672334
AC	1.97904
AG	0.813717
AT	1.30344
CA	0.565329
CC	1.32756
CG	0.439574
CT	0.959127
GA	0.567441
GC	1.213
GG	0.615271
GT	1.01434
TA	0.696156
TC	1.93121
TG	0.869004
TT	1.02002
