kmer	count
AA	0.809742
AC	1.97041
AG	0.982318
AT	1.30638
CA	0.491963
CC	1.22266
CG	0.409633
CT	0.775
GA	0.410701
GC	1.06068
GG	0.558839
GT	0.803442
TA	0.82377
TC	2.34701
TG	1.00764
TT	1.15894
