kmer	count
AA	0.728678
AC	2.0976
AG	1.04156
AT	1.29736
CA	0.436743
CC	1.19065
CG	0.461486
CT	0.811393
GA	0.415649
GC	1.01581
GG	0.585764
GT	0.778632
TA	0.741899
TC	2.31839
TG	1.06177
TT	1.15523
