kmer	count
AA	0.718261
AC	2.06419
AG	1.10994
AT	1.16794
CA	0.414859
CC	1.21047
CG	0.476196
CT	0.745025
GA	0.363792
GC	1.09083
GG	0.572183
GT	0.800528
TA	0.691817
TC	2.26752
TG	1.11091
TT	1.12059
