kmer	count
AA	0.429434
AC	1.41451
AG	0.657296
AT	0.821593
CA	1.31936
CC	1.59373
CG	1.01886
CT	0.721124
GA	0.668644
GC	0.934183
GG	0.863974
GT	0.559025
TA	1.16178
TC	1.84931
TG	1.34135
TT	0.714338
