kmer	count
AA	0.703363
AC	2.14358
AG	0.971825
AT	1.13164
CA	0.455927
CC	1.26885
CG	0.474851
CT	0.738223
GA	0.388229
GC	1.11554
GG	0.550621
GT	0.769376
TA	0.686876
TC	2.47981
TG	1.00865
TT	1.10241
