kmer	count
AA	0.719712
AC	1.96076
AG	1.04168
AT	1.18354
CA	0.48688
CC	1.17277
CG	0.502252
CT	0.736786
GA	0.373716
GC	1.02363
GG	0.58998
GT	0.778238
TA	0.796143
TC	2.26957
TG	1.15539
TT	1.16324
