kmer	count
AA	0.751788
AC	2.06547
AG	1.09359
AT	1.2986
CA	0.441452
CC	1.18942
CG	0.435082
CT	0.764284
GA	0.379985
GC	1.05211
GG	0.553976
GT	0.791757
TA	0.741628
TC	2.2536
TG	1.10523
TT	1.20319
