kmer	count
AA	0.791987
AC	1.91809
AG	1.14228
AT	1.19097
CA	0.450964
CC	1.08138
CG	0.431472
CT	0.728429
GA	0.397893
GC	1.01645
GG	0.554327
GT	0.782636
TA	0.883354
TC	2.38527
TG	1.19129
TT	1.23466
