kmer	count
AA	0.727467
AC	1.95679
AG	1.06024
AT	1.23404
CA	0.520894
CC	1.18329
CG	0.541103
CT	0.843272
GA	0.421944
GC	1.04913
GG	0.602758
GT	0.785545
TA	0.73337
TC	2.13707
TG	1.0531
TT	1.10498
