kmer	count
AA	0.816977
AC	1.90302
AG	1.10868
AT	1.2225
CA	0.507262
CC	1.12255
CG	0.506284
CT	0.698078
GA	0.396603
GC	0.954406
GG	0.623641
GT	0.748547
TA	0.818993
TC	2.3906
TG	1.20584
TT	1.10331
