kmer	count
AA	0.710714
AC	2.11575
AG	1.02452
AT	1.26393
CA	0.406965
CC	1.28213
CG	0.437937
CT	0.771924
GA	0.360056
GC	1.12596
GG	0.536354
GT	0.774121
TA	0.654559
TC	2.31936
TG	0.989693
TT	1.17966
