kmer	count
AA	0.783633
AC	2.03197
AG	1.06934
AT	1.30595
CA	0.422874
CC	1.17664
CG	0.417937
CT	0.721651
GA	0.387875
GC	0.985371
GG	0.581224
GT	0.727836
TA	0.7663
TC	2.29478
TG	1.08904
TT	1.16452
