kmer	count
AA	0.755172
AC	2.02062
AG	0.948126
AT	1.23969
CA	0.517126
CC	1.25403
CG	0.545196
CT	0.666663
GA	0.468101
GC	0.98831
GG	0.606693
GT	0.752807
TA	0.841598
TC	2.32027
TG	1.15537
TT	1.09306
