kmer	count
AA	0.673442
AC	2.03046
AG	1.15992
AT	1.10043
CA	0.45218
CC	1.23795
CG	0.500886
CT	0.750459
GA	0.387928
GC	1.06962
GG	0.627534
GT	0.689766
TA	0.689167
TC	2.36429
TG	1.14022
TT	1.01122
