kmer	count
AA	0.724273
AC	2.01712
AG	1.01799
AT	1.21392
CA	0.470144
CC	1.22605
CG	0.494753
CT	0.717613
GA	0.410241
GC	1.06232
GG	0.58443
GT	0.744352
TA	0.778361
TC	2.47925
TG	1.10668
TT	1.09559
