kmer	count
AA	0.72545
AC	2.06094
AG	1.08177
AT	1.11825
CA	0.449072
CC	1.17997
CG	0.471377
CT	0.743116
GA	0.385156
GC	1.06497
GG	0.612267
GT	0.810363
TA	0.679875
TC	2.47942
TG	1.08769
TT	1.10208
