kmer	count
AA	0.683818
AC	2.06169
AG	1.03205
AT	1.00037
CA	0.494509
CC	1.29895
CG	0.519528
CT	0.658429
GA	0.404697
GC	1.09654
GG	0.539987
GT	0.696676
TA	0.805017
TC	2.56579
TG	1.1281
TT	1.09989
