kmer	count
AA	0.770816
AC	1.90123
AG	1.05445
AT	1.25271
CA	0.538633
CC	1.12639
CG	0.504525
CT	0.685999
GA	0.477462
GC	1.01451
GG	0.636108
GT	0.842226
TA	0.906105
TC	2.1784
TG	1.14999
TT	1.15063
