kmer	count
AA	0.721885
AC	1.99674
AG	1.1102
AT	1.18124
CA	0.486254
CC	1.14085
CG	0.490834
CT	0.70609
GA	0.417878
GC	1.0253
GG	0.617258
GT	0.781709
TA	0.766392
TC	2.24163
TG	1.11427
TT	1.14205
