kmer	count
AA	0.737158
AC	2.0488
AG	1.0523
AT	1.25024
CA	0.422432
CC	1.26713
CG	0.414287
CT	0.735337
GA	0.37508
GC	1.15517
GG	0.527268
GT	0.733298
TA	0.714823
TC	2.43416
TG	1.08598
TT	1.13177
