kmer	count
AA	0.725617
AC	2.11867
AG	1.02175
AT	1.20618
CA	0.459986
CC	1.30066
CG	0.476066
CT	0.752327
GA	0.406512
GC	1.1354
GG	0.550482
GT	0.739595
TA	0.706201
TC	2.32573
TG	1.00272
TT	1.05765
