kmer	count
AA	0.799088
AC	2.06314
AG	1.16638
AT	1.13909
CA	0.408602
CC	1.17675
CG	0.480941
CT	0.667713
GA	0.343811
GC	1.07567
GG	0.560596
GT	0.6985
TA	0.767813
TC	2.50445
TG	1.11375
TT	1.12621
