kmer	count
AA	0.689094
AC	2.04269
AG	0.955115
AT	1.28659
CA	0.479992
CC	1.21425
CG	0.456245
CT	0.755418
GA	0.398408
GC	1.07591
GG	0.483036
GT	0.782313
TA	0.819468
TC	2.44118
TG	0.991684
TT	1.17382
