kmer	count
AA	0.803127
AC	1.89743
AG	1.0662
AT	1.27025
CA	0.533383
CC	1.09035
CG	0.522645
CT	0.748133
GA	0.426453
GC	0.97089
GG	0.591533
GT	0.73941
TA	0.852231
TC	2.19551
TG	1.26645
TT	1.21818
