kmer	count
AA	0.690548
AC	2.0878
AG	1.14022
AT	1.07283
CA	0.463382
CC	1.21639
CG	0.49767
CT	0.707059
GA	0.371776
GC	1.0127
GG	0.624582
GT	0.682669
TA	0.783466
TC	2.39651
TG	1.11624
TT	1.06429
