kmer	count
AA	0.693688
AC	2.00516
AG	1.09464
AT	1.19824
CA	0.497585
CC	1.22412
CG	0.541641
CT	0.742938
GA	0.377957
GC	1.02504
GG	0.614597
GT	0.743766
TA	0.776373
TC	2.22913
TG	1.11131
TT	1.09991
