kmer	count
AA	0.708888
AC	2.01537
AG	1.02444
AT	1.11321
CA	0.497218
CC	1.23766
CG	0.504302
CT	0.758579
GA	0.412598
GC	1.10602
GG	0.615635
GT	0.793217
TA	0.760332
TC	2.27414
TG	1.14824
TT	1.07509
