kmer	count
AA	0.739295
AC	2.00284
AG	1.07524
AT	1.32301
CA	0.463359
CC	1.2222
CG	0.474236
CT	0.783854
GA	0.387008
GC	1.03154
GG	0.560927
GT	0.766145
TA	0.706433
TC	2.19842
TG	1.06338
TT	1.13874
