kmer	count
AA	0.7257
AC	2.0903
AG	0.99799
AT	1.29601
CA	0.436685
CC	1.18736
CG	0.435531
CT	0.840367
GA	0.383344
GC	1.05736
GG	0.540385
GT	0.774721
TA	0.794913
TC	2.30444
TG	0.994825
TT	1.13513
