kmer	count
AA	0.693621
AC	1.9624
AG	1.04313
AT	1.30245
CA	0.473609
CC	1.12412
CG	0.533965
CT	0.781703
GA	0.388371
GC	1.02117
GG	0.583812
GT	0.773796
TA	0.756681
TC	2.34947
TG	1.21222
TT	1.18831
