kmer	count
AA	0.755904
AC	2.07317
AG	1.01287
AT	1.29102
CA	0.450519
CC	1.13852
CG	0.414382
CT	0.792371
GA	0.389088
GC	1.00354
GG	0.536794
GT	0.78529
TA	0.739771
TC	2.3139
TG	1.04574
TT	1.20084
