kmer	count
AA	0.777082
AC	2.08951
AG	1.05251
AT	1.21728
CA	0.452917
CC	1.16729
CG	0.465176
CT	0.732452
GA	0.345721
GC	1.03366
GG	0.551577
GT	0.795128
TA	0.816234
TC	2.43763
TG	1.10918
TT	1.1619
