kmer	count
AA	0.750902
AC	2.025
AG	1.06555
AT	1.17135
CA	0.423626
CC	1.19668
CG	0.497827
CT	0.761061
GA	0.384539
GC	1.09795
GG	0.58517
GT	0.806517
TA	0.678474
TC	2.30519
TG	1.16089
TT	1.14575
