kmer	count
AA	0.729976
AC	2.13704
AG	1.00399
AT	1.29165
CA	0.43976
CC	1.09929
CG	0.461897
CT	0.768281
GA	0.36361
GC	1.03468
GG	0.498715
GT	0.751614
TA	0.747575
TC	2.43596
TG	1.00392
TT	1.2519
