kmer	count
AA	0.693657
AC	2.04274
AG	1.10996
AT	1.24121
CA	0.496907
CC	1.14315
CG	0.465826
CT	0.694483
GA	0.378438
GC	1.04869
GG	0.601759
GT	0.741677
TA	0.802249
TC	2.32193
TG	1.09631
TT	1.09233
