kmer	count
AA	0.748771
AC	1.98746
AG	1.1107
AT	1.29909
CA	0.395922
CC	1.12147
CG	0.450785
CT	0.783342
GA	0.394985
GC	1.03521
GG	0.574362
GT	0.801645
TA	0.761461
TC	2.25243
TG	1.20572
TT	1.23778
