kmer	count
AA	0.72038
AC	2.10302
AG	1.02566
AT	1.30097
CA	0.451068
CC	1.19332
CG	0.476905
CT	0.760737
GA	0.364418
GC	1.04651
GG	0.521295
GT	0.785126
TA	0.797545
TC	2.25597
TG	1.03696
TT	1.18545
