kmer	count
AA	0.719867
AC	2.05984
AG	1.01178
AT	1.27895
CA	0.434703
CC	1.27342
CG	0.456867
CT	0.745199
GA	0.388563
GC	1.07458
GG	0.596053
GT	0.833291
TA	0.709514
TC	2.21626
TG	1.05539
TT	1.10739
