kmer	count
AA	0.732565
AC	1.98243
AG	1.07396
AT	1.19937
CA	0.533795
CC	1.14642
CG	0.540482
CT	0.763375
GA	0.4238
GC	0.99267
GG	0.604468
GT	0.734385
TA	0.867857
TC	2.18461
TG	1.14795
TT	1.06199
