kmer	count
AA	0.756457
AC	2.01962
AG	1.02294
AT	1.29529
CA	0.447679
CC	1.20233
CG	0.47198
CT	0.765707
GA	0.37762
GC	1.0525
GG	0.556568
GT	0.795088
TA	0.775451
TC	2.27062
TG	1.01838
TT	1.16774
