kmer	count
AA	0.674832
AC	2.02314
AG	0.991875
AT	1.20112
CA	0.491452
CC	1.28031
CG	0.446638
CT	0.745851
GA	0.393013
GC	1.08157
GG	0.587422
GT	0.754483
TA	0.773919
TC	2.42131
TG	1.10979
TT	1.11339
