kmer	count
AA	0.715091
AC	1.94611
AG	1.14475
AT	1.07328
CA	0.426037
CC	1.13959
CG	0.51717
CT	0.756033
GA	0.393496
GC	0.995903
GG	0.644113
GT	0.766542
TA	0.853976
TC	2.33729
TG	1.18563
TT	1.18694
