kmer	count
AA	0.721895
AC	2.12998
AG	0.99463
AT	1.17766
CA	0.452311
CC	1.26173
CG	0.444353
CT	0.735296
GA	0.385331
GC	1.11033
GG	0.543646
GT	0.761491
TA	0.725397
TC	2.40614
TG	1.04393
TT	1.08111
