kmer	count
AA	0.750204
AC	1.96665
AG	1.03068
AT	1.19378
CA	0.470789
CC	1.1879
CG	0.463736
CT	0.736788
GA	0.406911
GC	1.0111
GG	0.571225
GT	0.855441
TA	0.858552
TC	2.29335
TG	1.09915
TT	1.29021
