kmer	count
AA	0.593001
AC	1.42329
AG	0.759196
AT	0.92304
CA	1.18675
CC	1.34399
CG	0.793266
CT	0.71595
GA	0.640135
GC	0.867342
GG	0.695328
GT	0.629703
TA	1.49327
TC	2.07998
TG	1.2078
TT	0.842335
