kmer	count
AA	0.801718
AC	1.97405
AG	1.16593
AT	1.26668
CA	0.447316
CC	1.09871
CG	0.422028
CT	0.668282
GA	0.417958
GC	1.01441
GG	0.619948
GT	0.732189
TA	0.754762
TC	2.3495
TG	1.15003
TT	1.21467
