kmer	count
AA	0.796366
AC	2.02971
AG	1.0994
AT	1.20406
CA	0.466676
CC	1.08103
CG	0.500441
CT	0.67876
GA	0.40078
GC	0.991998
GG	0.597896
GT	0.746101
TA	0.822702
TC	2.4551
TG	1.19113
TT	1.12147
