kmer	count
AA	0.751648
AC	2.04841
AG	1.11473
AT	1.19201
CA	0.44437
CC	1.07929
CG	0.524904
CT	0.738371
GA	0.394427
GC	1.0499
GG	0.66129
GT	0.785438
TA	0.722441
TC	2.19502
TG	1.18162
TT	1.06928
