kmer	count
AA	0.725066
AC	2.21447
AG	0.810462
AT	1.32162
CA	0.479836
CC	1.25182
CG	0.380648
CT	0.719787
GA	0.369092
GC	1.07617
GG	0.545717
GT	0.775649
TA	0.856224
TC	2.31351
TG	1.18323
TT	1.21846
