kmer	count
AA	0.6905
AC	2.09087
AG	1.15029
AT	1.09319
CA	0.383087
CC	1.23148
CG	0.523941
CT	0.682148
GA	0.334905
GC	1.11497
GG	0.626531
GT	0.726584
TA	0.689929
TC	2.43183
TG	1.19107
TT	1.08214
