kmer	count
AA	0.784225
AC	2.04206
AG	1.08314
AT	1.31266
CA	0.443543
CC	1.10367
CG	0.511408
CT	0.755217
GA	0.409917
GC	0.972988
GG	0.609106
GT	0.814935
TA	0.788447
TC	2.27709
TG	1.11235
TT	1.18646
