kmer	count
AA	0.722612
AC	1.99995
AG	1.0927
AT	1.2729
CA	0.463329
CC	1.21062
CG	0.468287
CT	0.72911
GA	0.379496
GC	1.01992
GG	0.619246
GT	0.825661
TA	0.727648
TC	2.18102
TG	1.07999
TT	1.14698
