kmer	count
AA	0.774239
AC	2.06412
AG	1.09129
AT	1.12666
CA	0.472825
CC	1.15966
CG	0.424276
CT	0.68838
GA	0.366486
GC	1.01865
GG	0.54727
GT	0.789306
TA	0.849666
TC	2.46895
TG	1.15593
TT	1.17207
