kmer	count
AA	0.759291
AC	2.06825
AG	1.06168
AT	1.23819
CA	0.518248
CC	1.11448
CG	0.438696
CT	0.727355
GA	0.397943
GC	0.981594
GG	0.519827
GT	0.777979
TA	0.771449
TC	2.50183
TG	1.11277
TT	1.19147
