kmer	count
AA	0.764839
AC	2.19278
AG	1.04728
AT	1.2372
CA	0.412363
CC	1.23148
CG	0.377745
CT	0.69196
GA	0.348569
GC	1.08576
GG	0.490013
GT	0.77406
TA	0.777705
TC	2.4963
TG	1.03673
TT	1.19376
