kmer	count
AA	0.76422
AC	2.12443
AG	1.06804
AT	1.18723
CA	0.41604
CC	1.21064
CG	0.463774
CT	0.715543
GA	0.39221
GC	1.06797
GG	0.61567
GT	0.769653
TA	0.684951
TC	2.3165
TG	1.07619
TT	1.07572
