kmer	count
AA	0.815059
AC	2.04492
AG	1.04838
AT	1.30699
CA	0.473678
CC	1.11129
CG	0.462802
CT	0.745032
GA	0.371955
GC	1.04357
GG	0.522478
GT	0.76069
TA	0.80521
TC	2.25248
TG	1.03618
TT	1.19459
