kmer	count
AA	0.771417
AC	1.97068
AG	1.08388
AT	1.18903
CA	0.431623
CC	1.08611
CG	0.414645
CT	0.732486
GA	0.439584
GC	1.00906
GG	0.615577
GT	0.805098
TA	0.870196
TC	2.40876
TG	1.12168
TT	1.20449
