kmer	count
AA	0.783846
AC	2.13745
AG	0.995264
AT	1.26529
CA	0.490673
CC	1.18081
CG	0.459493
CT	0.731813
GA	0.399271
GC	1.05661
GG	0.528767
GT	0.813857
TA	0.840364
TC	2.34458
TG	1.07002
TT	1.15512
