kmer	count
AA	0.736471
AC	2.00152
AG	1.05105
AT	1.11387
CA	0.455966
CC	1.24439
CG	0.439559
CT	0.712748
GA	0.418002
GC	1.07908
GG	0.56336
GT	0.737221
TA	0.777555
TC	2.48624
TG	1.12468
TT	1.13389
