kmer	count
AA	0.518465
AC	1.75915
AG	0.749303
AT	1.29812
CA	0.527045
CC	1.17346
CG	0.480453
CT	0.817927
GA	0.412511
GC	1.02652
GG	0.541557
GT	0.886441
TA	0.858354
TC	2.45997
TG	1.25914
TT	1.41953
