kmer	count
AA	0.754992
AC	2.00538
AG	1.12264
AT	1.18562
CA	0.465064
CC	1.11162
CG	0.448744
CT	0.691185
GA	0.359968
GC	0.979824
GG	0.591841
GT	0.716277
TA	0.790806
TC	2.33829
TG	1.17795
TT	1.16218
