kmer	count
AA	0.788275
AC	2.04522
AG	0.988698
AT	1.20052
CA	0.461919
CC	1.24995
CG	0.501514
CT	0.706658
GA	0.369837
GC	1.06139
GG	0.575559
GT	0.798183
TA	0.779936
TC	2.34939
TG	1.0831
TT	1.1964
