kmer	count
AA	0.760307
AC	2.15631
AG	1.02259
AT	1.18477
CA	0.436255
CC	1.1615
CG	0.444404
CT	0.725206
GA	0.368375
GC	1.0535
GG	0.54588
GT	0.775011
TA	0.715468
TC	2.45915
TG	1.05571
TT	1.11231
