kmer	count
AA	0.723995
AC	2.08164
AG	1.04189
AT	1.2414
CA	0.443475
CC	1.23361
CG	0.482599
CT	0.721338
GA	0.372348
GC	1.11142
GG	0.622861
GT	0.746815
TA	0.708281
TC	2.31028
TG	1.13074
TT	1.09405
