kmer	count
AA	0.510861
AC	1.88973
AG	0.70582
AT	1.3496
CA	0.526136
CC	1.25638
CG	0.443847
CT	0.852972
GA	0.418038
GC	1.10407
GG	0.54413
GT	0.841228
TA	0.829873
TC	2.45364
TG	1.1743
TT	1.26378
