kmer	count
AA	0.773109
AC	2.08361
AG	1.09411
AT	1.25603
CA	0.420358
CC	1.17394
CG	0.473598
CT	0.741025
GA	0.330361
GC	1.06295
GG	0.577853
GT	0.809656
TA	0.737806
TC	2.37605
TG	1.0827
TT	1.14376
