kmer	count
AA	0.733708
AC	2.00684
AG	1.09955
AT	1.23032
CA	0.449835
CC	1.19468
CG	0.471334
CT	0.728497
GA	0.417617
GC	1.03803
GG	0.613763
GT	0.785605
TA	0.79054
TC	2.27476
TG	1.18091
TT	1.08488
