kmer	count
AA	0.759069
AC	2.09637
AG	1.08893
AT	1.23231
CA	0.462934
CC	1.14963
CG	0.416752
CT	0.741396
GA	0.414073
GC	1.01385
GG	0.564964
GT	0.814191
TA	0.814939
TC	2.23864
TG	1.16315
TT	1.18225
