kmer	count
AA	0.757018
AC	1.97975
AG	1.16289
AT	1.22984
CA	0.451501
CC	1.13502
CG	0.366656
CT	0.725008
GA	0.370406
GC	1.03995
GG	0.598393
GT	0.802895
TA	0.776269
TC	2.34356
TG	1.20559
TT	1.14625
