kmer	count
AA	0.681491
AC	2.06675
AG	1.08681
AT	1.17507
CA	0.463466
CC	1.21842
CG	0.502562
CT	0.741776
GA	0.391305
GC	1.10179
GG	0.598185
GT	0.764781
TA	0.749164
TC	2.31669
TG	1.05649
TT	1.06447
