kmer	count
AA	0.801991
AC	2.04122
AG	1.05081
AT	1.16021
CA	0.422556
CC	1.15812
CG	0.499018
CT	0.755534
GA	0.396033
GC	1.07384
GG	0.550344
GT	0.756153
TA	0.799877
TC	2.33708
TG	1.11819
TT	1.21606
