kmer	count
AA	0.715452
AC	2.12066
AG	1.14962
AT	1.11058
CA	0.446076
CC	1.19194
CG	0.517446
CT	0.768931
GA	0.380839
GC	1.06336
GG	0.608364
GT	0.761281
TA	0.717916
TC	2.30447
TG	1.16717
TT	1.03221
