kmer	count
AA	0.692629
AC	2.12996
AG	0.941653
AT	1.34864
CA	0.435709
CC	1.33025
CG	0.433169
CT	0.831703
GA	0.400844
GC	1.12734
GG	0.561136
GT	0.902588
TA	0.626573
TC	2.20305
TG	0.957227
TT	1.05928
