kmer	count
AA	0.685052
AC	2.04522
AG	1.04668
AT	1.3655
CA	0.471237
CC	1.18595
CG	0.464913
CT	0.773174
GA	0.400122
GC	1.04677
GG	0.588028
GT	0.818304
TA	0.742451
TC	2.20712
TG	1.02908
TT	1.12607
