kmer	count
AA	0.66608
AC	1.88949
AG	1.0798
AT	1.14001
CA	0.479903
CC	1.29795
CG	0.631037
CT	0.785793
GA	0.416552
GC	1.16817
GG	0.680247
GT	0.837515
TA	0.623981
TC	2.17562
TG	1.08598
TT	1.02708
