kmer	count
AA	0.768053
AC	2.05699
AG	1.03554
AT	1.2055
CA	0.465786
CC	1.18723
CG	0.521565
CT	0.723818
GA	0.395308
GC	1.07478
GG	0.531914
GT	0.741203
TA	0.794627
TC	2.33264
TG	1.05471
TT	1.13521
