kmer	count
AA	0.734495
AC	2.06531
AG	1.05213
AT	1.13394
CA	0.43009
CC	1.24373
CG	0.445723
CT	0.700577
GA	0.374337
GC	1.09317
GG	0.567908
GT	0.733767
TA	0.743102
TC	2.52565
TG	1.12652
TT	1.11431
