kmer	count
AA	0.77613
AC	2.07294
AG	1.02244
AT	1.31215
CA	0.463533
CC	1.29267
CG	0.419637
CT	0.794823
GA	0.412935
GC	1.11509
GG	0.567201
GT	0.811616
TA	0.723959
TC	2.10035
TG	0.987011
TT	1.07643
