kmer	count
AA	0.662069
AC	2.02958
AG	1.14757
AT	1.19831
CA	0.488668
CC	1.20505
CG	0.578909
CT	0.76887
GA	0.407323
GC	1.05636
GG	0.627785
GT	0.746946
TA	0.71312
TC	2.19167
TG	1.11401
TT	1.04865
