kmer	count
AA	0.66618
AC	1.89037
AG	1.10873
AT	1.12913
CA	0.46281
CC	1.235
CG	0.527111
CT	0.854475
GA	0.393709
GC	1.03071
GG	0.643817
GT	0.784879
TA	0.73581
TC	2.22919
TG	1.13965
TT	1.1551
