kmer	count
AA	0.788051
AC	1.92659
AG	1.11639
AT	1.1824
CA	0.45176
CC	1.18605
CG	0.455077
CT	0.755649
GA	0.419098
GC	1.02649
GG	0.574917
GT	0.814308
TA	0.786483
TC	2.30081
TG	1.13831
TT	1.18352
