kmer	count
AA	0.761568
AC	2.11107
AG	1.03788
AT	1.24477
CA	0.431196
CC	1.14411
CG	0.457087
CT	0.670789
GA	0.412943
GC	1.0017
GG	0.542573
GT	0.750566
TA	0.824094
TC	2.58025
TG	1.10101
TT	1.14996
