kmer	count
AA	0.808927
AC	1.993
AG	1.09964
AT	1.23837
CA	0.447389
CC	1.17535
CG	0.442254
CT	0.726846
GA	0.383856
GC	0.960618
GG	0.562843
GT	0.748212
TA	0.826397
TC	2.38632
TG	1.1557
TT	1.20684
