kmer	count
AA	0.674129
AC	2.03752
AG	1.05223
AT	1.17029
CA	0.497418
CC	1.25322
CG	0.515872
CT	0.738837
GA	0.369169
GC	1.0306
GG	0.615826
GT	0.736307
TA	0.759186
TC	2.28868
TG	1.14742
TT	1.06011
