kmer	count
AA	0.774758
AC	1.93702
AG	1.1945
AT	1.26495
CA	0.461112
CC	1.11927
CG	0.458535
CT	0.78382
GA	0.372873
GC	0.927679
GG	0.600921
GT	0.783657
TA	0.798166
TC	2.19968
TG	1.19378
TT	1.23626
