kmer	count
AA	0.723141
AC	2.06885
AG	1.04224
AT	1.20808
CA	0.459256
CC	1.22985
CG	0.45276
CT	0.77817
GA	0.394465
GC	1.08165
GG	0.562432
GT	0.792196
TA	0.734942
TC	2.27502
TG	1.02369
TT	1.12204
