kmer	count
AA	0.681858
AC	2.05513
AG	0.956032
AT	1.45622
CA	0.505819
CC	1.26276
CG	0.423105
CT	0.874538
GA	0.388232
GC	1.01904
GG	0.581132
GT	0.88602
TA	0.71829
TC	2.03181
TG	1.0065
TT	1.12508
