kmer	count
AA	0.75481
AC	2.06923
AG	1.04145
AT	1.1595
CA	0.434899
CC	1.21084
CG	0.439362
CT	0.729261
GA	0.385314
GC	1.06769
GG	0.562618
GT	0.730762
TA	0.823051
TC	2.48571
TG	1.08955
TT	1.15789
