kmer	count
AA	0.753301
AC	1.99049
AG	1.17729
AT	1.19645
CA	0.44095
CC	1.16541
CG	0.495778
CT	0.731802
GA	0.376644
GC	1.02803
GG	0.600565
GT	0.759666
TA	0.784298
TC	2.27236
TG	1.17698
TT	1.13921
