kmer	count
AA	0.727441
AC	2.11936
AG	1.05665
AT	1.16966
CA	0.451456
CC	1.21372
CG	0.502433
CT	0.702195
GA	0.371661
GC	1.1026
GG	0.543567
GT	0.744018
TA	0.771682
TC	2.39136
TG	1.04963
TT	1.09525
