kmer	count
AA	0.775533
AC	1.92558
AG	1.16152
AT	1.18764
CA	0.444848
CC	1.11969
CG	0.485001
CT	0.724496
GA	0.431559
GC	0.957071
GG	0.592854
GT	0.81581
TA	0.843049
TC	2.33254
TG	1.14315
TT	1.20637
