kmer	count
AA	0.708034
AC	2.0869
AG	1.0528
AT	1.12994
CA	0.438693
CC	1.26029
CG	0.459676
CT	0.720079
GA	0.381358
GC	1.11683
GG	0.557967
GT	0.760824
TA	0.754932
TC	2.37295
TG	1.05218
TT	1.10217
