kmer	count
AA	0.750111
AC	1.99303
AG	1.0612
AT	1.25158
CA	0.477258
CC	1.14809
CG	0.494056
CT	0.821308
GA	0.356968
GC	0.967093
GG	0.566059
GT	0.775904
TA	0.842344
TC	2.23373
TG	1.16638
TT	1.28549
