kmer	count
AA	0.756546
AC	2.06855
AG	0.986167
AT	1.30679
CA	0.506642
CC	1.29271
CG	0.393299
CT	0.788961
GA	0.421127
GC	1.06671
GG	0.547558
GT	0.806922
TA	0.745841
TC	2.2009
TG	0.962558
TT	1.09275
