kmer	count
AA	0.742409
AC	2.02031
AG	1.08302
AT	1.23244
CA	0.483794
CC	1.19182
CG	0.465408
CT	0.658395
GA	0.394496
GC	1.02033
GG	0.562103
GT	0.711044
TA	0.858298
TC	2.50175
TG	1.10648
TT	1.15726
