kmer	count
AA	0.738712
AC	2.10063
AG	1.04226
AT	1.19704
CA	0.448766
CC	1.16117
CG	0.42589
CT	0.702257
GA	0.369206
GC	1.07512
GG	0.549588
GT	0.71908
TA	0.739146
TC	2.48117
TG	1.06181
TT	1.13656
