kmer	count
AA	0.788507
AC	2.01843
AG	1.15451
AT	1.18559
CA	0.436947
CC	1.1168
CG	0.437903
CT	0.710794
GA	0.375127
GC	1.0409
GG	0.53476
GT	0.729877
TA	0.817651
TC	2.45154
TG	1.1352
TT	1.20096
