kmer	count
AA	0.778579
AC	2.04833
AG	1.09605
AT	1.20047
CA	0.457441
CC	1.15588
CG	0.489189
CT	0.699696
GA	0.411703
GC	1.0449
GG	0.559854
GT	0.759368
TA	0.808904
TC	2.31563
TG	1.17402
TT	1.17692
