kmer	count
AA	0.712704
AC	2.12692
AG	1.00392
AT	1.23744
CA	0.449788
CC	1.37111
CG	0.463191
CT	0.707506
GA	0.392014
GC	1.10838
GG	0.541127
GT	0.787429
TA	0.7086
TC	2.34318
TG	1.00344
TT	1.14707
