kmer	count
AA	0.670061
AC	1.97976
AG	1.12871
AT	1.13211
CA	0.451787
CC	1.13708
CG	0.564596
CT	0.762898
GA	0.398742
GC	1.00905
GG	0.64921
GT	0.794214
TA	0.696129
TC	2.20446
TG	1.22151
TT	1.12294
