kmer	count
AA	0.764811
AC	1.92773
AG	1.08133
AT	1.34209
CA	0.45186
CC	1.10987
CG	0.490083
CT	0.752223
GA	0.384549
GC	0.979044
GG	0.602734
GT	0.782216
TA	0.833311
TC	2.23178
TG	1.19357
TT	1.25337
