kmer	count
AA	0.802272
AC	1.87973
AG	1.02742
AT	1.30534
CA	0.485616
CC	1.08605
CG	0.475997
CT	0.779633
GA	0.422248
GC	0.95913
GG	0.595003
GT	0.78479
TA	0.895744
TC	2.31352
TG	1.16536
TT	1.22576
