kmer	count
AA	0.745843
AC	2.05008
AG	1.15417
AT	1.21605
CA	0.407991
CC	1.09202
CG	0.40207
CT	0.708728
GA	0.377481
GC	1.03932
GG	0.595109
GT	0.749582
TA	0.680635
TC	2.43429
TG	1.06727
TT	1.16929
