kmer	count
AA	0.70687
AC	2.0444
AG	1.02436
AT	1.22143
CA	0.433239
CC	1.22158
CG	0.462264
CT	0.772675
GA	0.362071
GC	1.09538
GG	0.551605
GT	0.783615
TA	0.72968
TC	2.48034
TG	1.03629
TT	1.20828
