kmer	count
AA	0.727614
AC	2.15101
AG	1.02815
AT	1.19847
CA	0.414354
CC	1.21899
CG	0.43978
CT	0.686723
GA	0.36347
GC	1.09793
GG	0.53026
GT	0.776603
TA	0.81172
TC	2.47494
TG	1.11938
TT	1.15481
