kmer	count
AA	0.713956
AC	2.1062
AG	0.961828
AT	1.24355
CA	0.498692
CC	1.27769
CG	0.562605
CT	0.745904
GA	0.403743
GC	1.03012
GG	0.58991
GT	0.786085
TA	0.740343
TC	2.33597
TG	1.01152
TT	1.05903
