kmer	count
AA	0.880387
AC	2.10696
AG	0.983108
AT	1.29843
CA	0.422027
CC	1.09994
CG	0.37791
CT	0.749248
GA	0.353908
GC	1.0684
GG	0.529954
GT	0.775826
TA	0.813834
TC	2.48006
TG	1.02551
TT	1.24784
