kmer	count
AA	0.772369
AC	2.01674
AG	1.09391
AT	1.14837
CA	0.424828
CC	1.13824
CG	0.498108
CT	0.711804
GA	0.355322
GC	1.05476
GG	0.574915
GT	0.753579
TA	0.798124
TC	2.44247
TG	1.21501
TT	1.15328
