kmer	count
AA	0.762791
AC	1.96441
AG	1.13606
AT	1.20708
CA	0.444172
CC	1.16381
CG	0.514622
CT	0.72628
GA	0.358612
GC	1.03587
GG	0.608892
GT	0.797452
TA	0.771996
TC	2.27244
TG	1.16866
TT	1.16766
