kmer	count
AA	0.72765
AC	2.05891
AG	1.0076
AT	1.27641
CA	0.472697
CC	1.3028
CG	0.429131
CT	0.790881
GA	0.407025
GC	1.09401
GG	0.578306
GT	0.8276
TA	0.690629
TC	2.17207
TG	0.989223
TT	1.10398
