kmer	count
AA	0.743462
AC	1.9263
AG	1.08355
AT	1.07834
CA	0.522674
CC	1.21011
CG	0.546828
CT	0.64318
GA	0.403848
GC	1.0196
GG	0.621029
GT	0.717334
TA	0.799443
TC	2.42225
TG	1.23774
TT	1.10524
