kmer	count
AA	0.798926
AC	2.07398
AG	1.11529
AT	1.25607
CA	0.465874
CC	1.1804
CG	0.453019
CT	0.71682
GA	0.341955
GC	0.998046
GG	0.562661
GT	0.738882
TA	0.748924
TC	2.25793
TG	1.08712
TT	1.13388
