kmer	count
AA	0.707751
AC	2.09038
AG	0.974991
AT	1.25282
CA	0.52331
CC	1.28761
CG	0.44697
CT	0.750112
GA	0.375376
GC	1.0826
GG	0.58881
GT	0.771975
TA	0.75677
TC	2.24399
TG	1.04571
TT	1.05926
