kmer	count
AA	0.709323
AC	2.0106
AG	1.00345
AT	1.34618
CA	0.476323
CC	1.20739
CG	0.435426
CT	0.843288
GA	0.387332
GC	1.02407
GG	0.580323
GT	0.821054
TA	0.728633
TC	2.13441
TG	1.06877
TT	1.15276
