kmer	count
AA	0.712016
AC	2.04796
AG	1.01979
AT	1.19683
CA	0.490194
CC	1.18838
CG	0.503046
CT	0.741838
GA	0.400718
GC	1.1216
GG	0.587187
GT	0.77028
TA	0.792756
TC	2.40414
TG	1.08028
TT	1.07425
