kmer	count
AA	0.819566
AC	2.13823
AG	1.05568
AT	1.20258
CA	0.481184
CC	1.14241
CG	0.431157
CT	0.681754
GA	0.397459
GC	1.04833
GG	0.536653
GT	0.783587
TA	0.830026
TC	2.39113
TG	1.1262
TT	1.1252
