kmer	count
AA	0.731343
AC	1.97016
AG	1.12119
AT	1.21314
CA	0.442924
CC	1.18988
CG	0.495642
CT	0.734734
GA	0.364004
GC	1.00928
GG	0.602773
GT	0.787231
TA	0.680282
TC	2.34178
TG	1.19217
TT	1.20304
