kmer	count
AA	0.737556
AC	2.04917
AG	1.16072
AT	1.10616
CA	0.466981
CC	1.13543
CG	0.488926
CT	0.71717
GA	0.389275
GC	1.08193
GG	0.594779
GT	0.780253
TA	0.803091
TC	2.32402
TG	1.16444
TT	1.09881
