kmer	count
AA	0.699721
AC	2.14485
AG	1.0255
AT	1.18771
CA	0.437314
CC	1.30065
CG	0.467572
CT	0.747786
GA	0.36845
GC	1.141
GG	0.573986
GT	0.762675
TA	0.681586
TC	2.35026
TG	1.01508
TT	1.07185
