kmer	count
AA	0.607359
AC	1.72321
AG	0.868397
AT	1.03573
CA	0.89868
CC	1.30049
CG	0.727843
CT	0.674012
GA	0.532443
GC	0.965567
GG	0.720525
GT	0.674425
TA	1.01668
TC	2.07923
TG	1.24295
TT	0.963344
