kmer	count
AA	0.784671
AC	2.06235
AG	1.04152
AT	1.25527
CA	0.405512
CC	1.20981
CG	0.438103
CT	0.705698
GA	0.39422
GC	1.09391
GG	0.566383
GT	0.780389
TA	0.746733
TC	2.27767
TG	1.1898
TT	1.1819
