kmer	count
AA	0.714205
AC	2.05384
AG	1.06352
AT	1.07546
CA	0.472446
CC	1.26396
CG	0.501263
CT	0.683011
GA	0.396455
GC	1.115
GG	0.586571
GT	0.71082
TA	0.786215
TC	2.47402
TG	1.1347
TT	1.01819
