kmer	count
AA	0.697602
AC	2.10497
AG	1.00694
AT	1.16576
CA	0.46273
CC	1.32085
CG	0.49127
CT	0.706139
GA	0.379692
GC	1.11508
GG	0.53103
GT	0.751106
TA	0.744925
TC	2.41538
TG	1.01165
TT	1.09418
