kmer	count
AA	0.673668
AC	1.94705
AG	1.09199
AT	1.28883
CA	0.463713
CC	1.22339
CG	0.473741
CT	0.793237
GA	0.385026
GC	1.04901
GG	0.603764
GT	0.776526
TA	0.71268
TC	2.27063
TG	1.06042
TT	1.11372
