kmer	count
AA	0.790241
AC	2.02582
AG	1.07007
AT	1.13392
CA	0.454137
CC	1.23622
CG	0.45354
CT	0.70657
GA	0.428215
GC	1.09278
GG	0.571123
GT	0.778542
TA	0.765395
TC	2.4081
TG	1.04897
TT	1.13293
