kmer	count
AA	0.719462
AC	1.98099
AG	1.13103
AT	1.11735
CA	0.416836
CC	1.16168
CG	0.584897
CT	0.711226
GA	0.368244
GC	1.01173
GG	0.609219
GT	0.744347
TA	0.771008
TC	2.41094
TG	1.2088
TT	1.18512
