kmer	count
AA	0.648245
AC	1.98413
AG	1.09634
AT	1.03488
CA	0.440478
CC	1.31609
CG	0.545514
CT	0.690047
GA	0.368758
GC	1.19775
GG	0.66614
GT	0.794422
TA	0.619065
TC	2.41385
TG	1.13685
TT	0.964232
