kmer	count
AA	0.670976
AC	2.11003
AG	1.09223
AT	1.19204
CA	0.424093
CC	1.32524
CG	0.480999
CT	0.732497
GA	0.357153
GC	1.11128
GG	0.618905
GT	0.75451
TA	0.663478
TC	2.24831
TG	1.10595
TT	1.03277
