kmer	count
AA	0.75242
AC	1.86687
AG	1.05496
AT	1.30423
CA	0.5262
CC	1.16269
CG	0.570231
CT	0.776523
GA	0.440144
GC	0.996504
GG	0.578406
GT	0.792747
TA	0.832098
TC	2.13452
TG	1.08334
TT	1.14566
