kmer	count
AA	0.710757
AC	2.11397
AG	0.990783
AT	1.13766
CA	0.47377
CC	1.27194
CG	0.460409
CT	0.694178
GA	0.388311
GC	1.13439
GG	0.571485
GT	0.738805
TA	0.749172
TC	2.3819
TG	1.07889
TT	1.07818
