kmer	count
AA	0.780455
AC	2.03196
AG	1.08131
AT	1.27984
CA	0.472623
CC	1.17281
CG	0.491388
CT	0.722642
GA	0.423864
GC	1.06485
GG	0.565755
GT	0.747213
TA	0.80938
TC	2.20176
TG	1.08057
TT	1.07227
