kmer	count
AA	0.524923
AC	1.35773
AG	0.750771
AT	1.01519
CA	1.18001
CC	1.42932
CG	0.946638
CT	0.923265
GA	0.625479
GC	0.957256
GG	0.786902
GT	0.648316
TA	1.08209
TC	1.80582
TG	1.18853
TT	0.829059
