kmer	count
AA	0.717169
AC	1.97779
AG	1.07004
AT	1.20096
CA	0.500038
CC	1.15503
CG	0.515238
CT	0.735822
GA	0.406996
GC	1.00122
GG	0.62316
GT	0.778189
TA	0.772799
TC	2.23246
TG	1.14146
TT	1.12809
