kmer	count
AA	0.645612
AC	1.95066
AG	1.12114
AT	1.12985
CA	0.470998
CC	1.22551
CG	0.53562
CT	0.852289
GA	0.393319
GC	1.10593
GG	0.672528
GT	0.777389
TA	0.717838
TC	2.09132
TG	1.15932
TT	1.0431
