kmer	count
AA	0.689532
AC	2.02217
AG	1.07401
AT	1.1293
CA	0.528112
CC	1.25374
CG	0.50527
CT	0.746978
GA	0.412995
GC	1.05516
GG	0.616441
GT	0.759056
TA	0.764168
TC	2.26044
TG	1.09495
TT	1.0241
