kmer	count
AA	0.724739
AC	1.87601
AG	1.20528
AT	1.07198
CA	0.498002
CC	1.21707
CG	0.603708
CT	0.666489
GA	0.42525
GC	1.05114
GG	0.699253
GT	0.728762
TA	0.733681
TC	2.17153
TG	1.32686
TT	0.966974
