kmer	count
AA	0.722158
AC	2.02786
AG	1.12678
AT	1.07579
CA	0.461456
CC	1.22372
CG	0.497621
CT	0.648896
GA	0.4025
GC	1.08829
GG	0.609122
GT	0.699396
TA	0.753401
TC	2.379
TG	1.1607
TT	1.05476
