kmer	count
AA	0.736355
AC	2.0093
AG	0.992187
AT	1.18722
CA	0.477693
CC	1.1601
CG	0.538127
CT	0.747351
GA	0.337388
GC	1.01865
GG	0.620707
GT	0.812242
TA	0.7741
TC	2.32638
TG	1.15856
TT	1.27055
