kmer	count
AA	0.710253
AC	1.99392
AG	1.07577
AT	1.25817
CA	0.520687
CC	1.19428
CG	0.454294
CT	0.781651
GA	0.347698
GC	1.02218
GG	0.58512
GT	0.825931
TA	0.74338
TC	2.18608
TG	1.08733
TT	1.12826
