kmer	count
AA	0.703572
AC	2.0195
AG	1.14345
AT	1.14245
CA	0.399965
CC	1.24522
CG	0.562159
CT	0.680635
GA	0.330882
GC	1.08578
GG	0.623517
GT	0.716027
TA	0.702644
TC	2.43056
TG	1.18223
TT	1.09255
