kmer	count
AA	0.762423
AC	1.98671
AG	1.15293
AT	1.32575
CA	0.430147
CC	1.16071
CG	0.454161
CT	0.757567
GA	0.387399
GC	0.972451
GG	0.578078
GT	0.706209
TA	0.80256
TC	2.25478
TG	1.18009
TT	1.23963
