kmer	count
AA	0.712028
AC	2.08549
AG	1.03759
AT	1.14652
CA	0.429555
CC	1.24588
CG	0.466256
CT	0.700971
GA	0.3605
GC	1.07456
GG	0.589059
GT	0.743755
TA	0.72565
TC	2.53163
TG	1.14152
TT	1.10083
