kmer	count
AA	0.755144
AC	2.07044
AG	1.12429
AT	1.18371
CA	0.424344
CC	1.18119
CG	0.50879
CT	0.717784
GA	0.349885
GC	1.03289
GG	0.568062
GT	0.746379
TA	0.744189
TC	2.33073
TG	1.09595
TT	1.13627
