kmer	count
AA	0.751916
AC	2.03762
AG	1.09428
AT	1.19411
CA	0.424199
CC	1.16797
CG	0.487717
CT	0.727106
GA	0.36499
GC	1.06373
GG	0.612928
GT	0.719625
TA	0.752443
TC	2.44875
TG	1.12449
TT	1.14478
