kmer	count
AA	0.71965
AC	1.9657
AG	1.08851
AT	1.13704
CA	0.493279
CC	1.17234
CG	0.539103
CT	0.715466
GA	0.406092
GC	1.03023
GG	0.592477
GT	0.766246
TA	0.758753
TC	2.3936
TG	1.17302
TT	1.14003
