kmer	count
AA	0.711815
AC	2.01049
AG	1.00078
AT	1.41908
CA	0.48482
CC	1.25579
CG	0.49366
CT	0.848431
GA	0.358565
GC	1.06206
GG	0.598176
GT	0.853188
TA	0.691927
TC	2.07725
TG	0.990021
TT	1.13629
