kmer	count
AA	0.699858
AC	2.04688
AG	1.05723
AT	1.0779
CA	0.464469
CC	1.2883
CG	0.515311
CT	0.66579
GA	0.397003
GC	1.11301
GG	0.611362
GT	0.713663
TA	0.779242
TC	2.44293
TG	1.12478
TT	1.06595
