kmer	count
AA	0.685871
AC	1.90158
AG	1.12863
AT	1.28276
CA	0.468883
CC	1.14425
CG	0.514133
CT	0.773933
GA	0.414923
GC	1.01308
GG	0.593402
GT	0.770886
TA	0.788485
TC	2.26243
TG	1.12122
TT	1.10376
