kmer	count
AA	0.710598
AC	1.97871
AG	1.08678
AT	1.21873
CA	0.460496
CC	1.12982
CG	0.468429
CT	0.73005
GA	0.372955
GC	1.04173
GG	0.549635
GT	0.740044
TA	0.759709
TC	2.38051
TG	1.13296
TT	1.17656
