kmer	count
AA	0.664633
AC	2.00566
AG	0.943768
AT	1.18385
CA	0.541038
CC	1.35876
CG	0.518422
CT	0.783583
GA	0.420016
GC	1.09935
GG	0.595371
GT	0.78657
TA	0.699396
TC	2.28171
TG	1.05994
TT	1.02947
