kmer	count
AA	0.768383
AC	2.0761
AG	1.00159
AT	1.25584
CA	0.473879
CC	1.21856
CG	0.469188
CT	0.760329
GA	0.381493
GC	1.07061
GG	0.504744
GT	0.799969
TA	0.75676
TC	2.30809
TG	0.995459
TT	1.15759
