kmer	count
AA	0.759447
AC	2.07339
AG	1.01064
AT	1.1762
CA	0.445042
CC	1.23934
CG	0.441058
CT	0.716611
GA	0.365603
GC	1.09792
GG	0.552611
GT	0.748033
TA	0.786257
TC	2.4778
TG	1.08723
TT	1.15403
