kmer	count
AA	0.766332
AC	2.02323
AG	1.07225
AT	1.23595
CA	0.484837
CC	1.17452
CG	0.473963
CT	0.730451
GA	0.39544
GC	1.04447
GG	0.601228
GT	0.777644
TA	0.785178
TC	2.32967
TG	1.1945
TT	1.05201
