kmer	count
AA	0.773792
AC	1.94233
AG	1.0816
AT	1.24887
CA	0.448892
CC	1.17733
CG	0.445477
CT	0.720092
GA	0.361702
GC	1.06545
GG	0.602715
GT	0.775866
TA	0.724234
TC	2.31127
TG	1.2245
TT	1.17747
