kmer	count
AA	0.809511
AC	2.05023
AG	1.02695
AT	1.2809
CA	0.424673
CC	1.21141
CG	0.445476
CT	0.721359
GA	0.369587
GC	1.04081
GG	0.551869
GT	0.756945
TA	0.777412
TC	2.44637
TG	1.08897
TT	1.1437
