kmer	count
AA	0.75936
AC	1.98977
AG	1.09243
AT	1.20052
CA	0.477504
CC	1.17259
CG	0.520604
CT	0.767489
GA	0.401958
GC	1.04394
GG	0.584892
GT	0.677728
TA	0.768756
TC	2.282
TG	1.09086
TT	1.11718
