kmer	count
AA	0.379679
AC	1.89838
AG	0.809779
AT	1.08873
CA	0.446664
CC	1.16998
CG	0.534459
CT	0.565444
GA	0.427473
GC	1.22261
GG	0.766437
GT	0.840742
TA	0.722913
TC	2.13275
TG	2.00994
TT	0.956757
