kmer	count
AA	0.841743
AC	2.07759
AG	1.05088
AT	1.20774
CA	0.483283
CC	1.12113
CG	0.39133
CT	0.732137
GA	0.432468
GC	0.996405
GG	0.567168
GT	0.734542
TA	0.892441
TC	2.40627
TG	1.14514
TT	1.09489
