kmer	count
AA	0.717443
AC	2.05934
AG	1.09719
AT	1.12222
CA	0.440478
CC	1.21115
CG	0.474553
CT	0.732251
GA	0.388897
GC	1.07818
GG	0.58481
GT	0.77412
TA	0.721661
TC	2.4347
TG	1.10747
TT	1.11179
