kmer	count
AA	0.704621
AC	2.03201
AG	1.05805
AT	1.10946
CA	0.46642
CC	1.22949
CG	0.452876
CT	0.733367
GA	0.342107
GC	1.10185
GG	0.585181
GT	0.713003
TA	0.772845
TC	2.43035
TG	1.11602
TT	1.07882
