kmer	count
AA	0.788888
AC	2.04006
AG	1.04577
AT	1.21684
CA	0.466081
CC	1.11196
CG	0.469915
CT	0.780619
GA	0.378857
GC	1.04859
GG	0.574762
GT	0.751691
TA	0.776836
TC	2.25216
TG	1.0391
TT	1.21185
