kmer	count
AA	0.765064
AC	1.96706
AG	1.03245
AT	1.19082
CA	0.462061
CC	1.22103
CG	0.490155
CT	0.712999
GA	0.424523
GC	1.04658
GG	0.55024
GT	0.787745
TA	0.877769
TC	2.35648
TG	1.14173
TT	1.12851
