kmer	count
AA	0.71937
AC	1.96235
AG	1.0367
AT	1.22723
CA	0.551459
CC	1.21762
CG	0.4782
CT	0.730717
GA	0.40421
GC	0.991391
GG	0.593297
GT	0.743089
TA	0.865665
TC	2.17839
TG	1.12931
TT	1.1191
