kmer	count
AA	0.713811
AC	2.08158
AG	1.04645
AT	1.21873
CA	0.44124
CC	1.23032
CG	0.470823
CT	0.748498
GA	0.34617
GC	1.0481
GG	0.596279
GT	0.746028
TA	0.767171
TC	2.25237
TG	1.09578
TT	1.15421
