kmer	count
AA	0.732246
AC	2.01719
AG	1.05401
AT	1.27459
CA	0.460636
CC	1.22048
CG	0.495296
CT	0.802263
GA	0.403497
GC	1.018
GG	0.568687
GT	0.816492
TA	0.773986
TC	2.22179
TG	1.13728
TT	1.16177
