kmer	count
AA	0.774466
AC	2.02949
AG	1.06191
AT	1.21347
CA	0.437523
CC	1.19293
CG	0.41439
CT	0.767659
GA	0.387999
GC	1.09826
GG	0.577024
GT	0.7658
TA	0.829953
TC	2.30341
TG	1.09794
TT	1.1763
