kmer	count
AA	0.675986
AC	2.06213
AG	1.04064
AT	1.22618
CA	0.469746
CC	1.22649
CG	0.4091
CT	0.736888
GA	0.349846
GC	1.11584
GG	0.548712
GT	0.746333
TA	0.737218
TC	2.42253
TG	1.03992
TT	1.12553
