kmer	count
AA	0.718861
AC	2.01931
AG	1.04594
AT	1.29299
CA	0.450255
CC	1.26191
CG	0.455424
CT	0.787233
GA	0.387571
GC	1.06355
GG	0.574363
GT	0.797887
TA	0.695802
TC	2.20858
TG	1.06395
TT	1.11351
