kmer	count
AA	0.857525
AC	2.1164
AG	1.06992
AT	1.20371
CA	0.418852
CC	1.11072
CG	0.435403
CT	0.675719
GA	0.388206
GC	1.01387
GG	0.573698
GT	0.753051
TA	0.815092
TC	2.37388
TG	1.18579
TT	1.18256
