kmer	count
AA	0.730489
AC	1.86497
AG	1.09378
AT	1.16885
CA	0.557789
CC	1.1284
CG	0.589191
CT	0.687509
GA	0.438836
GC	1.02377
GG	0.66749
GT	0.820186
TA	0.790754
TC	2.12331
TG	1.11349
TT	1.17814
