kmer	count
AA	0.662748
AC	1.83505
AG	1.05458
AT	1.15048
CA	0.482263
CC	1.16471
CG	0.588038
CT	1.00834
GA	0.411265
GC	1.10144
GG	0.674326
GT	0.898341
TA	0.663912
TC	2.08294
TG	1.07359
TT	1.13802
