kmer	count
AA	0.732234
AC	1.96219
AG	1.04406
AT	1.24009
CA	0.490701
CC	1.10425
CG	0.485503
CT	0.738711
GA	0.373498
GC	0.97102
GG	0.586498
GT	0.825158
TA	0.741698
TC	2.46842
TG	1.16589
TT	1.22035
