kmer	count
AA	0.772701
AC	2.02849
AG	1.09576
AT	1.14367
CA	0.418334
CC	1.16188
CG	0.448545
CT	0.703211
GA	0.349072
GC	1.0076
GG	0.580503
GT	0.701128
TA	0.78145
TC	2.53153
TG	1.21976
TT	1.16852
