kmer	count
AA	0.662225
AC	2.08605
AG	0.95105
AT	1.31386
CA	0.471388
CC	1.28343
CG	0.486919
CT	0.783911
GA	0.370415
GC	1.07615
GG	0.561019
GT	0.815904
TA	0.676672
TC	2.33651
TG	0.993301
TT	1.14444
