kmer	count
AA	0.762552
AC	1.97044
AG	1.12118
AT	1.24927
CA	0.459725
CC	1.13713
CG	0.420349
CT	0.795747
GA	0.377016
GC	0.942353
GG	0.576647
GT	0.727388
TA	0.819123
TC	2.30339
TG	1.05812
TT	1.18104
