kmer	count
AA	0.612249
AC	1.71657
AG	0.84174
AT	0.985888
CA	0.900841
CC	1.32338
CG	0.727842
CT	0.567846
GA	0.538181
GC	0.946693
GG	0.73105
GT	0.602073
TA	1.2067
TC	2.20747
TG	1.31792
TT	0.930943
