kmer	count
AA	0.745727
AC	1.84809
AG	1.24066
AT	1.0018
CA	0.505015
CC	1.23284
CG	0.615201
CT	0.688892
GA	0.41338
GC	1.01772
GG	0.694743
GT	0.718742
TA	0.747868
TC	2.17133
TG	1.31326
TT	0.998806
