kmer	count
AA	0.771803
AC	2.03088
AG	1.08651
AT	1.17291
CA	0.494348
CC	1.17427
CG	0.432712
CT	0.707598
GA	0.438419
GC	1.02071
GG	0.549871
GT	0.780609
TA	0.816303
TC	2.34607
TG	1.08781
TT	1.21608
