kmer	count
AA	0.733559
AC	1.99332
AG	1.05248
AT	1.24113
CA	0.484695
CC	1.19047
CG	0.516372
CT	0.773477
GA	0.352924
GC	1.03139
GG	0.595564
GT	0.723604
TA	0.817062
TC	2.33153
TG	1.078
TT	1.08173
