kmer	count
AA	0.74048
AC	1.86888
AG	1.08824
AT	1.2318
CA	0.483973
CC	1.12836
CG	0.474981
CT	0.74523
GA	0.350261
GC	0.959041
GG	0.583348
GT	0.857713
TA	0.874298
TC	2.35519
TG	1.17696
TT	1.27642
