kmer	count
AA	0.689789
AC	2.1181
AG	1.04767
AT	1.25194
CA	0.449992
CC	1.25305
CG	0.451958
CT	0.727948
GA	0.386105
GC	1.08651
GG	0.571072
GT	0.788366
TA	0.709734
TC	2.33277
TG	1.03746
TT	1.07976
