kmer	count
AA	0.7596
AC	2.03482
AG	1.07855
AT	1.18044
CA	0.437612
CC	1.14167
CG	0.471029
CT	0.704337
GA	0.420031
GC	1.05317
GG	0.563277
GT	0.746511
TA	0.792443
TC	2.344
TG	1.21619
TT	1.18347
