kmer	count
AA	0.741979
AC	2.0131
AG	1.06032
AT	1.34723
CA	0.417399
CC	1.1156
CG	0.528678
CT	0.825887
GA	0.367701
GC	1.01853
GG	0.568068
GT	0.811541
TA	0.710704
TC	2.19715
TG	1.0892
TT	1.18735
