kmer	count
AA	0.671467
AC	2.0641
AG	1.05757
AT	1.23623
CA	0.424923
CC	1.22262
CG	0.483097
CT	0.753328
GA	0.334646
GC	1.08145
GG	0.620688
GT	0.808347
TA	0.703431
TC	2.27701
TG	1.07808
TT	1.14132
