kmer	count
AA	0.749034
AC	2.06413
AG	0.945733
AT	1.2956
CA	0.483904
CC	1.27226
CG	0.39293
CT	0.772458
GA	0.451368
GC	1.12512
GG	0.553636
GT	0.854757
TA	0.69082
TC	2.11356
TG	1.00635
TT	1.1603
