kmer	count
AA	0.800437
AC	2.1102
AG	1.0716
AT	1.26621
CA	0.444536
CC	1.17481
CG	0.450274
CT	0.684406
GA	0.35513
GC	1.07571
GG	0.534489
GT	0.7472
TA	0.790727
TC	2.42927
TG	1.09544
TT	1.17074
