kmer	count
AA	0.727655
AC	2.00795
AG	1.10863
AT	1.24197
CA	0.455314
CC	1.21429
CG	0.461362
CT	0.719854
GA	0.369682
GC	1.04924
GG	0.609865
GT	0.803353
TA	0.749349
TC	2.2297
TG	1.16539
TT	1.16024
