kmer	count
AA	0.77534
AC	1.92442
AG	1.12197
AT	1.2241
CA	0.465882
CC	1.17016
CG	0.507508
CT	0.76808
GA	0.404769
GC	0.980751
GG	0.576471
GT	0.83451
TA	0.792915
TC	2.29723
TG	1.08097
TT	1.23491
