kmer	count
AA	0.783611
AC	2.15769
AG	1.06376
AT	1.13057
CA	0.466868
CC	1.15945
CG	0.434469
CT	0.700167
GA	0.388226
GC	1.05507
GG	0.615569
GT	0.752697
TA	0.813164
TC	2.33952
TG	1.15691
TT	1.09604
