kmer	count
AA	0.682092
AC	2.00339
AG	1.07248
AT	1.20411
CA	0.469933
CC	1.35154
CG	0.554754
CT	0.78784
GA	0.386989
GC	1.16209
GG	0.618205
GT	0.828097
TA	0.626005
TC	2.16089
TG	1.07117
TT	0.999975
