kmer	count
AA	0.713762
AC	2.01797
AG	1.11976
AT	1.25259
CA	0.472275
CC	1.23943
CG	0.439703
CT	0.762231
GA	0.374209
GC	1.06269
GG	0.600166
GT	0.768944
TA	0.742967
TC	2.2075
TG	1.06996
TT	1.06557
