kmer	count
AA	0.780029
AC	2.01486
AG	1.0713
AT	1.30066
CA	0.434759
CC	1.18138
CG	0.433803
CT	0.822511
GA	0.384318
GC	1.03241
GG	0.596956
GT	0.769028
TA	0.722812
TC	2.23121
TG	1.13194
TT	1.1961
