kmer	count
AA	0.703087
AC	1.98877
AG	1.1706
AT	1.24493
CA	0.446978
CC	1.2311
CG	0.47643
CT	0.792548
GA	0.367029
GC	1.04603
GG	0.638202
GT	0.843211
TA	0.645936
TC	2.11936
TG	1.13681
TT	1.14896
