kmer	count
AA	0.784092
AC	1.90659
AG	1.14727
AT	1.31978
CA	0.434828
CC	1.16321
CG	0.440304
CT	0.758708
GA	0.394451
GC	1.07244
GG	0.591562
GT	0.852107
TA	0.728609
TC	2.20163
TG	1.11714
TT	1.17357
