kmer	count
AA	0.698785
AC	1.93657
AG	1.10625
AT	1.22474
CA	0.480954
CC	1.1824
CG	0.509673
CT	0.767943
GA	0.3802
GC	1.10506
GG	0.612839
GT	0.779788
TA	0.736123
TC	2.30924
TG	1.12255
TT	1.10918
