kmer	count
AA	0.725767
AC	2.01608
AG	1.02004
AT	1.2208
CA	0.474421
CC	1.19165
CG	0.479524
CT	0.757104
GA	0.389143
GC	1.03236
GG	0.554789
GT	0.786713
TA	0.848897
TC	2.43473
TG	1.10332
TT	1.13385
