kmer	count
AA	0.802134
AC	2.02477
AG	1.09864
AT	1.18146
CA	0.475629
CC	1.18658
CG	0.46913
CT	0.711353
GA	0.398546
GC	1.04169
GG	0.564183
GT	0.757121
TA	0.87645
TC	2.34962
TG	1.10347
TT	1.13345
