kmer	count
AA	0.755435
AC	1.99421
AG	1.12554
AT	1.21723
CA	0.443887
CC	1.14878
CG	0.458189
CT	0.772846
GA	0.37355
GC	1.06473
GG	0.612439
GT	0.793561
TA	0.739311
TC	2.22201
TG	1.08731
TT	1.11113
