kmer	count
AA	0.71527
AC	2.08029
AG	0.924778
AT	1.33756
CA	0.507137
CC	1.38178
CG	0.425736
CT	0.771402
GA	0.404088
GC	1.1714
GG	0.534492
GT	0.787835
TA	0.71531
TC	2.17671
TG	0.948664
TT	1.09099
