kmer	count
AA	0.752059
AC	1.98218
AG	1.06116
AT	1.12875
CA	0.504649
CC	1.21728
CG	0.431032
CT	0.686541
GA	0.410516
GC	1.08869
GG	0.57111
GT	0.724173
TA	0.865471
TC	2.37282
TG	1.08037
TT	1.06296
