kmer	count
AA	0.748698
AC	2.02868
AG	1.1015
AT	1.18863
CA	0.440743
CC	1.17255
CG	0.469697
CT	0.786095
GA	0.398627
GC	1.10483
GG	0.583757
GT	0.773653
TA	0.836514
TC	2.22823
TG	1.11213
TT	1.13789
