kmer	count
AA	0.719659
AC	2.07692
AG	0.969058
AT	1.15776
CA	0.494622
CC	1.31921
CG	0.463485
CT	0.706538
GA	0.384789
GC	1.06155
GG	0.570168
GT	0.735224
TA	0.812512
TC	2.43684
TG	1.09581
TT	1.10872
