kmer	count
AA	0.721171
AC	2.04195
AG	1.17896
AT	1.18059
CA	0.442024
CC	1.14891
CG	0.492757
CT	0.740236
GA	0.331894
GC	0.992523
GG	0.578601
GT	0.762722
TA	0.709845
TC	2.29905
TG	1.14476
TT	1.14228
