kmer	count
AA	0.750086
AC	2.02839
AG	1.07579
AT	1.19372
CA	0.480721
CC	1.17276
CG	0.461425
CT	0.782792
GA	0.389025
GC	1.01667
GG	0.578247
GT	0.788176
TA	0.727813
TC	2.22661
TG	1.04087
TT	1.20215
