kmer	count
AA	0.764708
AC	1.9772
AG	1.14855
AT	1.18932
CA	0.425932
CC	1.09338
CG	0.469785
CT	0.707022
GA	0.401553
GC	1.0528
GG	0.612266
GT	0.776273
TA	0.825219
TC	2.40594
TG	1.13549
TT	1.15123
