kmer	count
AA	0.714566
AC	2.07545
AG	0.997433
AT	1.09861
CA	0.492031
CC	1.26526
CG	0.501314
CT	0.694585
GA	0.395808
GC	1.08454
GG	0.548065
GT	0.699486
TA	0.849969
TC	2.51438
TG	1.08287
TT	1.10211
