kmer	count
AA	0.701791
AC	2.08101
AG	1.04013
AT	1.27981
CA	0.467037
CC	1.23118
CG	0.497324
CT	0.752598
GA	0.374359
GC	1.06155
GG	0.572246
GT	0.777229
TA	0.777297
TC	2.22589
TG	1.05622
TT	1.11816
