kmer	count
AA	0.74747
AC	2.02281
AG	1.10667
AT	1.21598
CA	0.476915
CC	1.28244
CG	0.473102
CT	0.719021
GA	0.381425
GC	1.08411
GG	0.58372
GT	0.784441
TA	0.715419
TC	2.25255
TG	1.12669
TT	1.06454
