kmer	count
AA	0.712975
AC	2.0898
AG	1.03781
AT	1.16031
CA	0.460292
CC	1.23131
CG	0.454895
CT	0.767143
GA	0.377083
GC	1.10982
GG	0.571423
GT	0.787716
TA	0.755214
TC	2.37703
TG	1.07897
TT	1.10799
