kmer	count
AA	0.671428
AC	2.05712
AG	0.988127
AT	1.24271
CA	0.523531
CC	1.44575
CG	0.522424
CT	0.889204
GA	0.428054
GC	1.19711
GG	0.625664
GT	0.906981
TA	0.622687
TC	1.94738
TG	0.934657
TT	0.971753
