kmer	count
AA	0.811396
AC	1.9136
AG	1.11511
AT	1.2639
CA	0.479501
CC	1.13953
CG	0.457691
CT	0.689968
GA	0.398106
GC	0.971809
GG	0.584099
GT	0.71278
TA	0.813778
TC	2.40155
TG	1.18726
TT	1.20765
