kmer	count
AA	0.670376
AC	2.06739
AG	1.09734
AT	1.32937
CA	0.447878
CC	1.20098
CG	0.488677
CT	0.759406
GA	0.362772
GC	0.993701
GG	0.583716
GT	0.778553
TA	0.774562
TC	2.14814
TG	1.09238
TT	1.18585
