kmer	count
AA	0.72293
AC	2.01178
AG	1.10506
AT	1.16532
CA	0.476034
CC	1.22338
CG	0.477998
CT	0.691858
GA	0.394965
GC	1.04624
GG	0.604268
GT	0.757542
TA	0.73713
TC	2.37633
TG	1.17137
TT	1.11466
