kmer	count
AA	0.734642
AC	2.03116
AG	1.17326
AT	1.17057
CA	0.407792
CC	1.1752
CG	0.444253
CT	0.713366
GA	0.359837
GC	1.07697
GG	0.571601
GT	0.736147
TA	0.767006
TC	2.47719
TG	1.1268
TT	1.1099
