kmer	count
AA	0.7089
AC	2.03043
AG	1.13483
AT	1.0612
CA	0.435043
CC	1.2312
CG	0.536091
CT	0.708045
GA	0.375836
GC	1.02897
GG	0.639256
GT	0.735163
TA	0.627657
TC	2.37437
TG	1.20914
TT	1.05314
