kmer	count
AA	0.730455
AC	2.04295
AG	1.06049
AT	1.1456
CA	0.438932
CC	1.2713
CG	0.454561
CT	0.726522
GA	0.363958
GC	1.11698
GG	0.571621
GT	0.762125
TA	0.698286
TC	2.42468
TG	1.08191
TT	1.15977
