kmer	count
AA	0.745797
AC	1.96747
AG	1.10043
AT	1.24367
CA	0.50177
CC	1.13416
CG	0.492546
CT	0.800737
GA	0.38131
GC	1.01413
GG	0.57004
GT	0.809265
TA	0.787679
TC	2.22076
TG	1.10398
TT	1.08554
