kmer	count
AA	0.776522
AC	2.0361
AG	1.09753
AT	1.13863
CA	0.462388
CC	1.28765
CG	0.479478
CT	0.699351
GA	0.362726
GC	1.02056
GG	0.550115
GT	0.743116
TA	0.752212
TC	2.37242
TG	1.16778
TT	1.12926
