kmer	count
AA	0.734828
AC	1.94635
AG	1.01469
AT	1.23256
CA	0.520811
CC	1.17381
CG	0.519949
CT	0.742028
GA	0.451859
GC	1.07535
GG	0.641524
GT	0.805703
TA	0.779932
TC	2.17457
TG	1.08242
TT	1.09337
