kmer	count
AA	0.720524
AC	2.02206
AG	0.975135
AT	1.21045
CA	0.477885
CC	1.23021
CG	0.468807
CT	0.74581
GA	0.417142
GC	1.09853
GG	0.563278
GT	0.785146
TA	0.75262
TC	2.32913
TG	1.00287
TT	1.18376
