kmer	count
AA	0.732477
AC	1.97356
AG	1.10061
AT	1.23203
CA	0.489904
CC	1.21345
CG	0.506529
CT	0.742896
GA	0.407449
GC	1.02283
GG	0.607603
GT	0.795157
TA	0.792659
TC	2.18477
TG	1.06317
TT	1.10198
