kmer	count
AA	0.681389
AC	2.00888
AG	1.15268
AT	1.07041
CA	0.416471
CC	1.25916
CG	0.594156
CT	0.711814
GA	0.368961
GC	1.10427
GG	0.649251
GT	0.722905
TA	0.661084
TC	2.39761
TG	1.15702
TT	1.05188
