kmer	count
AA	0.756864
AC	2.04515
AG	1.0428
AT	1.23439
CA	0.470029
CC	1.15679
CG	0.471384
CT	0.750853
GA	0.35175
GC	0.986096
GG	0.565947
GT	0.791005
TA	0.82014
TC	2.26706
TG	1.07933
TT	1.18631
