kmer	count
AA	0.682472
AC	2.02252
AG	1.06085
AT	1.24251
CA	0.454308
CC	1.25009
CG	0.47212
CT	0.768682
GA	0.362906
GC	1.12403
GG	0.597967
GT	0.815827
TA	0.686788
TC	2.25579
TG	1.07186
TT	1.08271
