kmer	count
AA	0.798647
AC	2.03087
AG	1.06833
AT	1.22052
CA	0.441739
CC	1.14445
CG	0.49367
CT	0.707638
GA	0.374194
GC	1.00335
GG	0.557083
GT	0.787949
TA	0.845729
TC	2.35408
TG	1.16256
TT	1.23058
