kmer	count
AA	0.725174
AC	1.91059
AG	1.06092
AT	1.10454
CA	0.546074
CC	1.17071
CG	0.554607
CT	0.704592
GA	0.443002
GC	1.01626
GG	0.607982
GT	0.697866
TA	0.85735
TC	2.31363
TG	1.25312
TT	1.15143
