kmer	count
AA	0.675371
AC	1.98581
AG	1.16796
AT	1.16998
CA	0.471678
CC	1.23511
CG	0.50472
CT	0.771947
GA	0.404221
GC	1.12391
GG	0.648755
GT	0.805351
TA	0.70466
TC	2.0878
TG	1.15629
TT	1.09894
