kmer	count
AA	0.763921
AC	2.05928
AG	0.994728
AT	1.28801
CA	0.439695
CC	1.25723
CG	0.405644
CT	0.774118
GA	0.369262
GC	1.06306
GG	0.536313
GT	0.784929
TA	0.745431
TC	2.38228
TG	1.05773
TT	1.21456
