kmer	count
AA	0.734328
AC	1.96472
AG	1.13931
AT	1.2349
CA	0.418025
CC	1.09132
CG	0.467707
CT	0.664561
GA	0.391553
GC	1.04554
GG	0.592349
GT	0.828721
TA	0.775816
TC	2.43644
TG	1.1926
TT	1.17535
