kmer	count
AA	0.728349
AC	2.00485
AG	1.19854
AT	1.11845
CA	0.430707
CC	1.19829
CG	0.477762
CT	0.706419
GA	0.384942
GC	1.08661
GG	0.632501
GT	0.720619
TA	0.706777
TC	2.29359
TG	1.15556
TT	1.03265
