kmer	count
AA	0.826397
AC	1.97417
AG	1.07817
AT	1.25265
CA	0.479743
CC	1.1629
CG	0.422677
CT	0.790518
GA	0.385089
GC	0.989395
GG	0.548886
GT	0.793049
TA	0.789533
TC	2.40236
TG	1.04022
TT	1.22012
