kmer	count
AA	0.699079
AC	1.96662
AG	1.01742
AT	1.24213
CA	0.507624
CC	1.29967
CG	0.514693
CT	0.843708
GA	0.400002
GC	1.11289
GG	0.622301
GT	0.828212
TA	0.670237
TC	2.12921
TG	1.01042
TT	1.08201
