kmer	count
AA	0.718303
AC	2.00369
AG	1.09489
AT	1.24263
CA	0.420478
CC	1.18138
CG	0.511528
CT	0.76581
GA	0.369365
GC	1.02505
GG	0.60675
GT	0.778617
TA	0.733425
TC	2.23429
TG	1.11809
TT	1.15011
