kmer	count
AA	0.725328
AC	2.17081
AG	1.00474
AT	1.10939
CA	0.445725
CC	1.22837
CG	0.413817
CT	0.701626
GA	0.370553
GC	1.14799
GG	0.533634
GT	0.719955
TA	0.746718
TC	2.52704
TG	1.07215
TT	1.16105
