kmer	count
AA	0.812029
AC	2.05784
AG	1.0829
AT	1.25949
CA	0.445279
CC	1.21637
CG	0.44183
CT	0.691533
GA	0.369921
GC	1.02609
GG	0.540508
GT	0.753715
TA	0.828012
TC	2.38727
TG	1.1353
TT	1.13248
