kmer	count
AA	0.666749
AC	1.98961
AG	1.02449
AT	1.24569
CA	0.467633
CC	1.42341
CG	0.478746
CT	0.81763
GA	0.417867
GC	1.19276
GG	0.607117
GT	0.865401
TA	0.592004
TC	2.10113
TG	1.04773
TT	1.01541
