kmer	count
AA	0.757162
AC	2.05638
AG	1.06652
AT	1.25619
CA	0.433904
CC	1.15658
CG	0.465379
CT	0.788621
GA	0.408337
GC	1.08663
GG	0.579019
GT	0.811426
TA	0.746925
TC	2.36637
TG	1.05806
TT	1.12662
