kmer	count
AA	0.735529
AC	2.05427
AG	1.19952
AT	1.07531
CA	0.395846
CC	1.10579
CG	0.508256
CT	0.63853
GA	0.342333
GC	1.04551
GG	0.565816
GT	0.669924
TA	0.767279
TC	2.51487
TG	1.17422
TT	1.15052
