kmer	count
AA	0.723421
AC	1.99589
AG	1.05966
AT	1.29613
CA	0.466494
CC	1.24603
CG	0.468499
CT	0.789218
GA	0.379575
GC	1.07251
GG	0.586683
GT	0.785639
TA	0.708896
TC	2.22022
TG	1.04918
TT	1.08982
