kmer	count
AA	0.807439
AC	2.0571
AG	1.11148
AT	1.19757
CA	0.465896
CC	1.10677
CG	0.447037
CT	0.70663
GA	0.381506
GC	1.025
GG	0.592288
GT	0.692515
TA	0.850212
TC	2.3762
TG	1.19601
TT	1.12738
