kmer	count
AA	0.667696
AC	2.05957
AG	1.13526
AT	1.21183
CA	0.421197
CC	1.14941
CG	0.514165
CT	0.752318
GA	0.346684
GC	1.02552
GG	0.623327
GT	0.761344
TA	0.751379
TC	2.34053
TG	1.10789
TT	1.11549
