kmer	count
AA	0.676391
AC	2.00239
AG	1.04159
AT	1.20309
CA	0.478664
CC	1.23879
CG	0.523193
CT	0.747172
GA	0.367033
GC	1.07485
GG	0.606874
GT	0.780854
TA	0.721747
TC	2.38213
TG	1.11874
TT	1.13616
