kmer	count
AA	0.734327
AC	2.01996
AG	1.11048
AT	1.21629
CA	0.423105
CC	1.2268
CG	0.450404
CT	0.686876
GA	0.37593
GC	1.07689
GG	0.560017
GT	0.743923
TA	0.711887
TC	2.36897
TG	1.07261
TT	1.14694
