kmer	count
AA	0.806271
AC	1.99987
AG	1.12819
AT	1.16254
CA	0.454815
CC	1.1302
CG	0.449964
CT	0.685306
GA	0.391136
GC	0.968495
GG	0.590575
GT	0.743384
TA	0.870626
TC	2.38854
TG	1.19702
TT	1.17206
