kmer	count
AA	0.656267
AC	2.07548
AG	1.12935
AT	1.10727
CA	0.451288
CC	1.31658
CG	0.523928
CT	0.765806
GA	0.342943
GC	1.16982
GG	0.619215
GT	0.770909
TA	0.657675
TC	2.22482
TG	1.08137
TT	1.04241
