kmer	count
AA	0.74454
AC	2.02378
AG	1.12628
AT	1.15769
CA	0.440115
CC	1.14937
CG	0.479025
CT	0.6907
GA	0.381065
GC	1.04973
GG	0.616258
GT	0.742927
TA	0.757955
TC	2.39843
TG	1.18583
TT	1.13629
