kmer	count
AA	0.740878
AC	2.04632
AG	1.05169
AT	1.14695
CA	0.456469
CC	1.25767
CG	0.460536
CT	0.724936
GA	0.37873
GC	1.09698
GG	0.575922
GT	0.749049
TA	0.747168
TC	2.41401
TG	1.11357
TT	1.11517
