kmer	count
AA	0.754394
AC	1.98856
AG	1.01018
AT	1.29409
CA	0.485732
CC	1.25411
CG	0.462466
CT	0.811891
GA	0.478785
GC	1.12235
GG	0.593362
GT	0.946476
TA	0.593536
TC	2.09998
TG	1.01746
TT	1.13093
