kmer	count
AA	0.524829
AC	1.62083
AG	0.788875
AT	0.804744
CA	1.08194
CC	1.43368
CG	0.841592
CT	0.631331
GA	0.576767
GC	0.953325
GG	0.807982
GT	0.548108
TA	1.19498
TC	2.06614
TG	1.36901
TT	0.795637
