kmer	count
AA	0.716964
AC	1.96822
AG	1.13747
AT	1.19476
CA	0.491794
CC	1.1866
CG	0.529777
CT	0.724101
GA	0.406624
GC	0.998996
GG	0.67161
GT	0.707409
TA	0.802142
TC	2.23841
TG	1.08128
TT	1.09605
