kmer	count
AA	0.665607
AC	1.88777
AG	1.15324
AT	1.18459
CA	0.486737
CC	1.10544
CG	0.557186
CT	0.694123
GA	0.431212
GC	0.955667
GG	0.616736
GT	0.758137
TA	0.785499
TC	2.39019
TG	1.23683
TT	1.24143
