kmer	count
AA	0.744181
AC	2.05739
AG	1.04362
AT	1.25052
CA	0.466552
CC	1.21867
CG	0.450445
CT	0.709065
GA	0.386112
GC	1.01671
GG	0.527468
GT	0.769332
TA	0.767613
TC	2.31463
TG	1.07713
TT	1.16083
