kmer	count
AA	0.747253
AC	2.0035
AG	1.10399
AT	1.2315
CA	0.442155
CC	1.18921
CG	0.481418
CT	0.777466
GA	0.390856
GC	1.019
GG	0.559937
GT	0.786221
TA	0.748564
TC	2.25933
TG	1.05508
TT	1.15477
