kmer	count
AA	0.783142
AC	1.98323
AG	1.01594
AT	1.23992
CA	0.449905
CC	1.18425
CG	0.483387
CT	0.746483
GA	0.372129
GC	1.02443
GG	0.541773
GT	0.731397
TA	0.84494
TC	2.37615
TG	1.14844
TT	1.26394
