kmer	count
AA	0.699381
AC	2.06395
AG	1.1154
AT	1.11329
CA	0.440981
CC	1.23812
CG	0.529483
CT	0.747277
GA	0.390993
GC	1.06977
GG	0.607258
GT	0.796608
TA	0.741433
TC	2.27524
TG	1.14965
TT	1.07921
