kmer	count
AA	0.701744
AC	2.00261
AG	1.01257
AT	1.34732
CA	0.454641
CC	1.20398
CG	0.517439
CT	0.801389
GA	0.388226
GC	1.04241
GG	0.547595
GT	0.842983
TA	0.746347
TC	2.22601
TG	1.05011
TT	1.14613
