kmer	count
AA	0.732794
AC	2.0439
AG	1.05572
AT	1.24297
CA	0.470843
CC	1.18811
CG	0.473354
CT	0.758641
GA	0.379332
GC	1.07147
GG	0.563977
GT	0.79515
TA	0.750895
TC	2.14089
TG	1.11038
TT	1.1724
