kmer	count
AA	0.722105
AC	2.04926
AG	1.08986
AT	1.23199
CA	0.439239
CC	1.11114
CG	0.447028
CT	0.72329
GA	0.384421
GC	1.02696
GG	0.566376
GT	0.69971
TA	0.826989
TC	2.38916
TG	1.12771
TT	1.13113
