kmer	count
AA	0.729326
AC	1.99073
AG	1.02378
AT	1.21187
CA	0.453588
CC	1.2648
CG	0.495723
CT	0.720578
GA	0.380511
GC	1.12935
GG	0.623519
GT	0.755983
TA	0.757889
TC	2.3368
TG	1.06724
TT	1.14358
