kmer	count
AA	0.751731
AC	2.06432
AG	1.04005
AT	1.29548
CA	0.438715
CC	1.17239
CG	0.447129
CT	0.744479
GA	0.37964
GC	1.08227
GG	0.579847
GT	0.804646
TA	0.690988
TC	2.24311
TG	1.0934
TT	1.11901
