kmer	count
AA	0.713012
AC	1.92
AG	1.00152
AT	1.23627
CA	0.482241
CC	1.22172
CG	0.430602
CT	0.745438
GA	0.391938
GC	1.07758
GG	0.595448
GT	0.780588
TA	0.779049
TC	2.33123
TG	1.07105
TT	1.15254
