kmer	count
AA	0.724641
AC	2.20175
AG	0.842044
AT	1.2157
CA	0.500669
CC	1.36329
CG	0.473616
CT	0.732143
GA	0.408959
GC	1.11384
GG	0.513799
GT	0.737725
TA	0.813933
TC	2.43383
TG	0.954114
TT	1.05343
