kmer	count
AA	0.713037
AC	2.12419
AG	0.966105
AT	1.37036
CA	0.433366
CC	1.2682
CG	0.432337
CT	0.761724
GA	0.414455
GC	1.12612
GG	0.501956
GT	0.827013
TA	0.741891
TC	2.19451
TG	1.01518
TT	1.13031
