kmer	count
AA	0.759384
AC	1.96245
AG	1.07131
AT	1.19336
CA	0.518099
CC	1.158
CG	0.560274
CT	0.68538
GA	0.415584
GC	1.033
GG	0.579087
GT	0.665315
TA	0.885937
TC	2.21923
TG	1.18037
TT	1.12045
