kmer	count
AA	0.72066
AC	1.80168
AG	0.946897
AT	1.138
CA	0.70314
CC	1.30521
CG	0.602395
CT	0.693926
GA	0.470684
GC	0.977671
GG	0.597232
GT	0.693782
TA	1.09398
TC	2.22845
TG	1.10507
TT	1.11774
