kmer	count
AA	0.729298
AC	1.9441
AG	1.08802
AT	1.31676
CA	0.449848
CC	1.14045
CG	0.509577
CT	0.756594
GA	0.382752
GC	0.967441
GG	0.557485
GT	0.854326
TA	0.737155
TC	2.25763
TG	1.1955
TT	1.30879
