kmer	count
AA	0.719261
AC	1.99022
AG	1.17001
AT	1.18745
CA	0.456122
CC	1.14979
CG	0.534042
CT	0.731961
GA	0.34451
GC	0.993967
GG	0.598862
GT	0.763125
TA	0.721677
TC	2.24706
TG	1.20435
TT	1.11539
