kmer	count
AA	0.707983
AC	2.02127
AG	1.0892
AT	1.21605
CA	0.440989
CC	1.20545
CG	0.475693
CT	0.733552
GA	0.369797
GC	1.04647
GG	0.573384
GT	0.744624
TA	0.775777
TC	2.30956
TG	1.10692
TT	1.13482
