kmer	count
AA	0.781525
AC	1.97002
AG	1.0688
AT	1.32481
CA	0.461517
CC	1.15774
CG	0.41332
CT	0.768872
GA	0.431014
GC	1.02224
GG	0.534643
GT	0.786436
TA	0.801437
TC	2.32602
TG	1.11888
TT	1.21417
