kmer	count
AA	0.741482
AC	2.0403
AG	1.07852
AT	1.22574
CA	0.433522
CC	1.19144
CG	0.521367
CT	0.73954
GA	0.393853
GC	1.14463
GG	0.584406
GT	0.759241
TA	0.725461
TC	2.31825
TG	1.09222
TT	1.13833
