kmer	count
AA	0.719601
AC	2.03293
AG	1.01973
AT	1.26035
CA	0.497488
CC	1.23298
CG	0.494708
CT	0.781363
GA	0.438696
GC	1.09918
GG	0.611205
GT	0.761653
TA	0.69772
TC	2.16938
TG	1.01854
TT	1.12573
