kmer	count
AA	0.780926
AC	1.91658
AG	1.08638
AT	1.13864
CA	0.447468
CC	1.09576
CG	0.498602
CT	0.70599
GA	0.382207
GC	0.97394
GG	0.589494
GT	0.819838
TA	0.872073
TC	2.49447
TG	1.2055
TT	1.19233
