kmer	count
AA	0.722933
AC	1.85452
AG	0.997071
AT	1.33633
CA	0.483138
CC	1.20473
CG	0.50425
CT	1.0091
GA	0.44965
GC	1.07388
GG	0.609484
GT	0.942863
TA	0.712156
TC	1.9524
TG	0.979463
TT	1.11428
