kmer	count
AA	0.70134
AC	2.08931
AG	1.02026
AT	1.22892
CA	0.458399
CC	1.2656
CG	0.518706
CT	0.793637
GA	0.363191
GC	1.10939
GG	0.563028
GT	0.744394
TA	0.729409
TC	2.34309
TG	0.988967
TT	1.1002
