kmer	count
AA	0.760693
AC	2.04479
AG	1.06857
AT	1.23632
CA	0.434762
CC	1.19999
CG	0.480603
CT	0.731391
GA	0.361779
GC	1.05544
GG	0.546931
GT	0.7612
TA	0.748982
TC	2.3942
TG	1.06344
TT	1.09111
