kmer	count
AA	0.580868
AC	1.51802
AG	0.784442
AT	1.02661
CA	1.03563
CC	1.27202
CG	0.912395
CT	0.848886
GA	0.593531
GC	0.967504
GG	0.712445
GT	0.682052
TA	1.07636
TC	1.96515
TG	1.22911
TT	0.909901
