kmer	count
AA	0.747159
AC	2.08238
AG	1.11234
AT	1.15709
CA	0.430295
CC	1.13142
CG	0.423428
CT	0.710301
GA	0.383179
GC	1.06513
GG	0.588945
GT	0.76913
TA	0.74518
TC	2.47009
TG	1.15362
TT	1.15026
