kmer	count
AA	0.814678
AC	1.99127
AG	1.17848
AT	1.16301
CA	0.410564
CC	1.12764
CG	0.500958
CT	0.707565
GA	0.36754
GC	0.999349
GG	0.595825
GT	0.711292
TA	0.775692
TC	2.50043
TG	1.11261
TT	1.17572
