kmer	count
AA	0.737507
AC	2.0388
AG	1.02443
AT	1.29282
CA	0.496973
CC	1.23519
CG	0.49373
CT	0.771054
GA	0.376661
GC	1.00248
GG	0.587417
GT	0.8376
TA	0.764018
TC	2.20336
TG	1.00306
TT	1.13
