kmer	count
AA	0.678704
AC	2.00225
AG	1.05585
AT	1.28391
CA	0.480942
CC	1.19603
CG	0.481295
CT	0.797957
GA	0.359574
GC	1.01011
GG	0.59826
GT	0.799271
TA	0.746138
TC	2.18142
TG	1.10394
TT	1.17031
