kmer	count
AA	0.757916
AC	1.99872
AG	1.08877
AT	1.22299
CA	0.483678
CC	1.14646
CG	0.545863
CT	0.750194
GA	0.421035
GC	1.02005
GG	0.607513
GT	0.748726
TA	0.773096
TC	2.21964
TG	1.09349
TT	1.11212
