kmer	count
AA	0.73281
AC	2.10028
AG	1.08852
AT	1.19826
CA	0.430642
CC	1.21557
CG	0.461801
CT	0.713334
GA	0.357013
GC	1.07168
GG	0.576599
GT	0.746392
TA	0.716719
TC	2.32339
TG	1.11831
TT	1.09283
