kmer	count
AA	0.683357
AC	2.10426
AG	1.02893
AT	1.14683
CA	0.483264
CC	1.30781
CG	0.526209
CT	0.719186
GA	0.381198
GC	1.11474
GG	0.592023
GT	0.748019
TA	0.726969
TC	2.36005
TG	1.05156
TT	1.01838
