kmer	count
AA	0.796288
AC	2.12016
AG	0.990446
AT	1.19786
CA	0.427466
CC	1.22405
CG	0.449534
CT	0.72846
GA	0.385428
GC	1.07683
GG	0.560399
GT	0.814923
TA	0.842227
TC	2.30742
TG	1.0605
TT	1.2151
