kmer	count
AA	0.331235
AC	1.32294
AG	0.587166
AT	0.761112
CA	1.25058
CC	1.52489
CG	1.16834
CT	0.67674
GA	0.678536
GC	0.925801
GG	0.927496
GT	0.573989
TA	1.35474
TC	1.79996
TG	1.52521
TT	0.619802
