kmer	count
AA	0.756039
AC	2.07088
AG	0.956914
AT	1.23956
CA	0.487416
CC	1.23722
CG	0.465548
CT	0.765943
GA	0.405819
GC	1.10793
GG	0.55394
GT	0.786841
TA	0.786428
TC	2.26964
TG	1.00645
TT	1.11213
