kmer	count
AA	0.705936
AC	1.99891
AG	1.00298
AT	1.24782
CA	0.518222
CC	1.11513
CG	0.486602
CT	0.76125
GA	0.452435
GC	1.09652
GG	0.607938
GT	0.77529
TA	0.774229
TC	2.25695
TG	1.07018
TT	1.1215
