kmer	count
AA	0.664172
AC	1.90746
AG	1.17014
AT	1.27163
CA	0.474366
CC	1.14788
CG	0.437607
CT	0.748999
GA	0.348797
GC	1.02801
GG	0.607778
GT	0.797386
TA	0.687881
TC	2.11373
TG	1.2178
TT	1.21239
