kmer	count
AA	0.815473
AC	2.10845
AG	0.95888
AT	1.3578
CA	0.434478
CC	1.28405
CG	0.411348
CT	0.732493
GA	0.399276
GC	1.12218
GG	0.529769
GT	0.793558
TA	0.768077
TC	2.31201
TG	1.01181
TT	1.14406
