kmer	count
AA	0.707707
AC	1.9473
AG	1.0937
AT	1.23202
CA	0.433498
CC	1.17648
CG	0.494283
CT	0.733797
GA	0.367733
GC	1.01431
GG	0.584194
GT	0.778473
TA	0.74492
TC	2.41901
TG	1.1389
TT	1.26599
