kmer	count
AA	0.755535
AC	1.94243
AG	1.1057
AT	1.2218
CA	0.488767
CC	1.06134
CG	0.529626
CT	0.731611
GA	0.331722
GC	1.00645
GG	0.58318
GT	0.785392
TA	0.905254
TC	2.29973
TG	1.21238
TT	1.25007
