kmer	count
AA	0.763008
AC	1.9721
AG	1.13616
AT	1.16105
CA	0.419394
CC	1.21861
CG	0.506905
CT	0.723251
GA	0.374983
GC	1.06128
GG	0.577976
GT	0.749537
TA	0.806765
TC	2.38256
TG	1.10575
TT	1.15613
