kmer	count
AA	0.758601
AC	2.06399
AG	1.10557
AT	1.23093
CA	0.448306
CC	1.12589
CG	0.519755
CT	0.750362
GA	0.383667
GC	1.01042
GG	0.622248
GT	0.769722
TA	0.722642
TC	2.22563
TG	1.09913
TT	1.12763
