kmer	count
AA	0.684159
AC	2.05161
AG	0.94666
AT	1.26163
CA	0.459811
CC	1.24573
CG	0.502311
CT	0.808626
GA	0.44769
GC	1.16301
GG	0.690056
GT	0.896259
TA	0.684002
TC	2.14377
TG	0.983919
TT	1.10185
