kmer	count
AA	0.692676
AC	1.86752
AG	1.01562
AT	1.15639
CA	0.624501
CC	1.17054
CG	0.626952
CT	0.733756
GA	0.459025
GC	0.991581
GG	0.653955
GT	0.728407
TA	0.882218
TC	2.17651
TG	1.17163
TT	1.06309
