kmer	count
AA	0.700489
AC	2.04849
AG	1.0856
AT	1.2809
CA	0.453776
CC	1.18759
CG	0.439542
CT	0.756531
GA	0.384014
GC	1.05422
GG	0.57424
GT	0.775632
TA	0.740643
TC	2.17288
TG	1.09468
TT	1.17762
