kmer	count
AA	0.78971
AC	1.97159
AG	1.05858
AT	1.11649
CA	0.468054
CC	1.22131
CG	0.476342
CT	0.728638
GA	0.405126
GC	1.04023
GG	0.540364
GT	0.75114
TA	0.852787
TC	2.4495
TG	1.10686
TT	1.13219
