kmer	count
AA	0.822912
AC	1.95238
AG	1.03071
AT	1.17391
CA	0.478225
CC	1.16951
CG	0.533527
CT	0.719636
GA	0.478141
GC	1.10266
GG	0.631207
GT	0.822621
TA	0.792253
TC	2.20384
TG	1.15446
TT	1.04679
