kmer	count
AA	0.78586
AC	2.09473
AG	0.959678
AT	1.27165
CA	0.456038
CC	1.17014
CG	0.424666
CT	0.806922
GA	0.37699
GC	1.09118
GG	0.532646
GT	0.819652
TA	0.795104
TC	2.24141
TG	0.995154
TT	1.17302
