kmer	count
AA	0.761025
AC	2.0614
AG	1.11536
AT	1.14344
CA	0.452847
CC	1.11318
CG	0.449298
CT	0.705182
GA	0.39023
GC	1.05011
GG	0.552266
GT	0.770911
TA	0.735403
TC	2.50512
TG	1.17186
TT	1.13398
