kmer	count
AA	0.678219
AC	1.98622
AG	1.00551
AT	1.26563
CA	0.496237
CC	1.27018
CG	0.466436
CT	0.832607
GA	0.415914
GC	1.04281
GG	0.58751
GT	0.828053
TA	0.734925
TC	2.16933
TG	1.02494
TT	1.14233
