kmer	count
AA	0.718847
AC	1.65623
AG	0.858318
AT	1.15681
CA	0.924875
CC	1.2667
CG	0.596574
CT	0.762629
GA	0.533288
GC	0.904036
GG	0.586966
GT	0.75162
TA	1.19614
TC	2.09488
TG	1.13504
TT	1.08754
