kmer	count
AA	0.732281
AC	2.09489
AG	1.08546
AT	1.2974
CA	0.443131
CC	1.1687
CG	0.497599
CT	0.807951
GA	0.371724
GC	1.02948
GG	0.573132
GT	0.80704
TA	0.716667
TC	2.1958
TG	1.0325
TT	1.13164
