kmer	count
AA	0.702127
AC	2.0135
AG	1.06906
AT	1.18659
CA	0.457233
CC	1.16988
CG	0.54074
CT	0.679081
GA	0.370435
GC	1.05394
GG	0.620009
GT	0.755239
TA	0.794486
TC	2.37124
TG	1.1957
TT	1.14883
