kmer	count
AA	0.743101
AC	1.97074
AG	1.03496
AT	1.22614
CA	0.535735
CC	1.22397
CG	0.556821
CT	0.762359
GA	0.424686
GC	0.964336
GG	0.617028
GT	0.744588
TA	0.764359
TC	2.12619
TG	1.15339
TT	1.10849
