kmer	count
AA	0.743108
AC	2.04783
AG	1.06263
AT	1.2801
CA	0.500997
CC	1.21256
CG	0.518774
CT	0.732857
GA	0.409928
GC	1.04037
GG	0.592489
GT	0.770528
TA	0.767657
TC	2.16036
TG	1.06059
TT	1.09569
