kmer	count
AA	0.764239
AC	1.98303
AG	1.11223
AT	1.2265
CA	0.47942
CC	1.14842
CG	0.445293
CT	0.780708
GA	0.416658
GC	1.04224
GG	0.582467
GT	0.765605
TA	0.777202
TC	2.26069
TG	1.09046
TT	1.21731
