kmer	count
AA	0.734215
AC	1.98521
AG	0.976073
AT	1.34755
CA	0.508482
CC	1.12819
CG	0.466419
CT	0.821662
GA	0.3927
GC	1.05404
GG	0.540503
GT	0.819468
TA	0.776509
TC	2.26796
TG	1.01146
TT	1.17298
