kmer	count
AA	0.712788
AC	1.89842
AG	1.08149
AT	1.2226
CA	0.487732
CC	1.18884
CG	0.479441
CT	0.748314
GA	0.417092
GC	1.03454
GG	0.588032
GT	0.793214
TA	0.767551
TC	2.26598
TG	1.1213
TT	1.12377
