kmer	count
AA	0.69408
AC	1.99717
AG	1.08423
AT	1.2362
CA	0.479792
CC	1.16616
CG	0.500166
CT	0.775587
GA	0.363264
GC	1.04589
GG	0.603191
GT	0.772955
TA	0.782308
TC	2.26258
TG	1.08342
TT	1.12163
