kmer	count
AA	0.807524
AC	1.96538
AG	1.12958
AT	1.20923
CA	0.427216
CC	1.14423
CG	0.441886
CT	0.736479
GA	0.378099
GC	1.01892
GG	0.592129
GT	0.826004
TA	0.72615
TC	2.33837
TG	1.18745
TT	1.14985
