kmer	count
AA	0.742789
AC	2.05534
AG	1.1275
AT	1.11587
CA	0.495591
CC	1.21751
CG	0.503123
CT	0.723516
GA	0.374997
GC	1.10881
GG	0.63907
GT	0.733121
TA	0.73799
TC	2.20958
TG	1.14843
TT	1.08074
