kmer	count
AA	0.776237
AC	2.10196
AG	1.10078
AT	1.20879
CA	0.441259
CC	1.17115
CG	0.475694
CT	0.732964
GA	0.373977
GC	1.02172
GG	0.547757
GT	0.719341
TA	0.749533
TC	2.42568
TG	1.11296
TT	1.16793
