kmer	count
AA	0.713332
AC	2.08194
AG	1.08705
AT	1.14294
CA	0.416279
CC	1.07894
CG	0.522655
CT	0.706138
GA	0.370988
GC	1.02385
GG	0.570868
GT	0.766934
TA	0.752588
TC	2.50997
TG	1.15342
TT	1.10736
