kmer	count
AA	0.770153
AC	1.92012
AG	1.16535
AT	1.18877
CA	0.453592
CC	1.15936
CG	0.541985
CT	0.752806
GA	0.368806
GC	0.985941
GG	0.567781
GT	0.773705
TA	0.839957
TC	2.25393
TG	1.23261
TT	1.17993
