kmer	count
AA	0.723539
AC	2.01306
AG	1.02676
AT	1.17542
CA	0.574575
CC	1.2006
CG	0.54056
CT	0.673607
GA	0.418175
GC	1.01127
GG	0.626932
GT	0.681492
TA	0.856248
TC	2.26497
TG	1.15124
TT	1.059
