kmer	count
AA	0.748002
AC	1.98555
AG	1.09652
AT	1.24968
CA	0.445126
CC	1.15943
CG	0.453998
CT	0.775162
GA	0.380308
GC	1.01473
GG	0.530485
GT	0.818165
TA	0.817221
TC	2.36702
TG	1.1066
TT	1.21288
