kmer	count
AA	0.714043
AC	2.01068
AG	1.11165
AT	1.23662
CA	0.448365
CC	1.20478
CG	0.519978
CT	0.738373
GA	0.37503
GC	1.04343
GG	0.609224
GT	0.766055
TA	0.734722
TC	2.22902
TG	1.13049
TT	1.0854
