kmer	count
AA	0.720571
AC	2.06475
AG	1.12349
AT	1.21828
CA	0.410439
CC	1.13178
CG	0.408361
CT	0.788646
GA	0.340769
GC	1.0457
GG	0.534476
GT	0.807522
TA	0.754988
TC	2.43817
TG	1.11093
TT	1.22423
