kmer	count
AA	0.750372
AC	2.00576
AG	1.01949
AT	1.2486
CA	0.450494
CC	1.20424
CG	0.499682
CT	0.780364
GA	0.394872
GC	1.03523
GG	0.545825
GT	0.772217
TA	0.762305
TC	2.25854
TG	1.05245
TT	1.19681
