kmer	count
AA	0.71495
AC	2.11284
AG	1.05018
AT	1.2698
CA	0.430158
CC	1.13433
CG	0.456241
CT	0.775091
GA	0.375868
GC	1.0988
GG	0.579055
GT	0.756143
TA	0.667246
TC	2.29328
TG	1.08028
TT	1.15163
