kmer	count
AA	0.798173
AC	1.97718
AG	1.06066
AT	1.19018
CA	0.444165
CC	1.13035
CG	0.475315
CT	0.745024
GA	0.43922
GC	1.05322
GG	0.548657
GT	0.794218
TA	0.784873
TC	2.40223
TG	1.10196
TT	1.19885
