kmer	count
AA	0.761519
AC	2.1696
AG	1.04238
AT	1.15875
CA	0.406421
CC	1.15762
CG	0.44402
CT	0.681002
GA	0.398476
GC	1.0804
GG	0.529826
GT	0.78837
TA	0.787418
TC	2.60389
TG	1.05917
TT	1.11903
