kmer	count
AA	0.750334
AC	2.08266
AG	1.02534
AT	1.18026
CA	0.474903
CC	1.20814
CG	0.450892
CT	0.757661
GA	0.378257
GC	1.06019
GG	0.545842
GT	0.747571
TA	0.758738
TC	2.38018
TG	1.05127
TT	1.09856
