kmer	count
AA	0.73418
AC	2.03915
AG	0.991254
AT	1.28335
CA	0.47213
CC	1.19064
CG	0.455272
CT	0.791944
GA	0.382085
GC	1.08485
GG	0.555103
GT	0.777844
TA	0.761863
TC	2.27622
TG	1.04355
TT	1.14087
