kmer	count
AA	0.529219
AC	1.30476
AG	0.701809
AT	1.05983
CA	1.42599
CC	1.38687
CG	0.956823
CT	1.21676
GA	0.613542
GC	0.981062
GG	0.709655
GT	0.731202
TA	0.937871
TC	1.66659
TG	0.976772
TT	0.810235
