kmer	count
AA	0.713153
AC	2.04157
AG	1.01627
AT	1.29662
CA	0.498635
CC	1.19903
CG	0.49202
CT	0.795169
GA	0.391675
GC	1.06127
GG	0.583488
GT	0.802619
TA	0.771925
TC	2.20979
TG	1.02063
TT	1.11413
