kmer	count
AA	0.733329
AC	2.03389
AG	1.0079
AT	1.20352
CA	0.377827
CC	1.26892
CG	0.449267
CT	0.781994
GA	0.38323
GC	1.16525
GG	0.587085
GT	0.878848
TA	0.68984
TC	2.34941
TG	1.06548
TT	1.10707
