kmer	count
AA	0.678111
AC	2.07451
AG	1.06312
AT	1.24517
CA	0.473937
CC	1.17292
CG	0.460208
CT	0.760485
GA	0.403266
GC	1.06478
GG	0.60532
GT	0.77662
TA	0.749256
TC	2.22494
TG	1.08142
TT	1.12071
