kmer	count
AA	0.78613
AC	2.05685
AG	1.14536
AT	1.17299
CA	0.460538
CC	1.13503
CG	0.515144
CT	0.700831
GA	0.346673
GC	1.03404
GG	0.626278
GT	0.718064
TA	0.792037
TC	2.29098
TG	1.19849
TT	1.15177
