kmer	count
AA	0.732711
AC	2.06156
AG	0.951851
AT	1.37803
CA	0.508632
CC	1.24871
CG	0.397646
CT	0.856725
GA	0.430898
GC	1.09243
GG	0.561736
GT	0.874565
TA	0.717556
TC	2.02911
TG	0.992923
TT	1.11387
