kmer	count
AA	0.817614
AC	2.01208
AG	1.10408
AT	1.25075
CA	0.450784
CC	1.07857
CG	0.421795
CT	0.683722
GA	0.402371
GC	1.0209
GG	0.597424
GT	0.776165
TA	0.823899
TC	2.32451
TG	1.21706
TT	1.17708
