kmer	count
AA	0.783437
AC	2.02648
AG	1.07463
AT	1.24973
CA	0.378937
CC	1.07636
CG	0.463134
CT	0.698074
GA	0.347502
GC	0.980972
GG	0.546155
GT	0.804199
TA	0.872599
TC	2.44775
TG	1.20235
TT	1.28952
