kmer	count
AA	0.765488
AC	2.11895
AG	1.04401
AT	1.19487
CA	0.466918
CC	1.20807
CG	0.438716
CT	0.747797
GA	0.383199
GC	1.10043
GG	0.555134
GT	0.787307
TA	0.708091
TC	2.29994
TG	1.04287
TT	1.08615
