kmer	count
AA	0.627502
AC	1.72231
AG	0.866978
AT	1.03632
CA	0.815209
CC	1.28807
CG	0.686388
CT	0.679543
GA	0.519241
GC	1.0114
GG	0.694143
GT	0.630737
TA	1.07531
TC	2.26419
TG	1.24158
TT	0.961596
