kmer	count
AA	0.685347
AC	1.94825
AG	1.17077
AT	1.05558
CA	0.390947
CC	1.19627
CG	0.500958
CT	0.741673
GA	0.386291
GC	1.12477
GG	0.633968
GT	0.718973
TA	0.627994
TC	2.42914
TG	1.22211
TT	1.09454
