kmer	count
AA	0.719475
AC	2.10327
AG	1.06871
AT	1.17738
CA	0.429596
CC	1.26521
CG	0.458996
CT	0.723502
GA	0.365093
GC	1.06328
GG	0.569782
GT	0.750535
TA	0.713223
TC	2.36065
TG	1.06108
TT	1.11654
