kmer	count
AA	0.393213
AC	1.29171
AG	0.683245
AT	0.741935
CA	1.34943
CC	1.39469
CG	1.11964
CT	0.519885
GA	0.717668
GC	0.783898
GG	0.992233
GT	0.54336
TA	1.48536
TC	1.70834
TG	1.73872
TT	0.611833
