kmer	count
AA	0.677852
AC	2.01402
AG	1.16713
AT	1.05065
CA	0.414469
CC	1.24496
CG	0.520338
CT	0.716922
GA	0.363595
GC	1.12856
GG	0.649488
GT	0.72541
TA	0.67274
TC	2.36294
TG	1.18513
TT	1.05323
