kmer	count
AA	0.733904
AC	2.05422
AG	0.997431
AT	1.08933
CA	0.495458
CC	1.21879
CG	0.47597
CT	0.689374
GA	0.392805
GC	1.09514
GG	0.594584
GT	0.718969
TA	0.751735
TC	2.48104
TG	1.13089
TT	1.13432
