kmer	count
AA	0.67742
AC	2.0214
AG	1.14526
AT	1.14243
CA	0.414614
CC	1.23804
CG	0.464933
CT	0.741752
GA	0.366571
GC	1.08703
GG	0.621625
GT	0.770822
TA	0.687562
TC	2.29708
TG	1.16497
TT	1.05299
