kmer	count
AA	0.710487
AC	2.13543
AG	1.01761
AT	1.13343
CA	0.463429
CC	1.23079
CG	0.498916
CT	0.691567
GA	0.388016
GC	1.11775
GG	0.573099
GT	0.759859
TA	0.700668
TC	2.42527
TG	1.06411
TT	1.08585
