kmer	count
AA	0.714653
AC	1.92752
AG	0.991129
AT	1.1982
CA	0.595585
CC	1.16707
CG	0.554561
CT	0.789326
GA	0.41399
GC	1.02404
GG	0.565492
GT	0.718404
TA	0.883995
TC	2.28956
TG	1.20028
TT	1.14787
