kmer	count
AA	0.671407
AC	2.00861
AG	1.046
AT	1.33324
CA	0.473397
CC	1.16218
CG	0.479723
CT	0.817205
GA	0.389248
GC	0.998611
GG	0.606605
GT	0.852988
TA	0.674589
TC	2.17055
TG	1.07757
TT	1.18067
