kmer	count
AA	0.744176
AC	2.00359
AG	1.14044
AT	1.18453
CA	0.453379
CC	1.13173
CG	0.513975
CT	0.734433
GA	0.386988
GC	1.0522
GG	0.612422
GT	0.752126
TA	0.734854
TC	2.25374
TG	1.10618
TT	1.14044
