kmer	count
AA	0.754319
AC	2.15012
AG	1.04236
AT	1.16046
CA	0.487876
CC	1.24274
CG	0.458018
CT	0.716391
GA	0.371128
GC	1.14022
GG	0.576437
GT	0.742908
TA	0.7847
TC	2.3095
TG	1.05122
TT	1.10329
