kmer	count
AA	0.762471
AC	2.13828
AG	0.955813
AT	1.26585
CA	0.454722
CC	1.20751
CG	0.456279
CT	0.687514
GA	0.37192
GC	1.1223
GG	0.492561
GT	0.768001
TA	0.777351
TC	2.44632
TG	0.989487
TT	1.15321
