kmer	count
AA	0.771406
AC	2.00187
AG	1.06647
AT	1.26825
CA	0.518829
CC	1.17828
CG	0.484073
CT	0.733944
GA	0.390469
GC	0.976479
GG	0.588527
GT	0.770768
TA	0.834428
TC	2.27224
TG	1.13678
TT	1.18935
