kmer	count
AA	0.666695
AC	1.929
AG	0.918336
AT	1.0855
CA	0.587116
CC	1.32006
CG	0.495818
CT	0.830003
GA	0.48095
GC	1.0938
GG	0.556738
GT	0.806389
TA	0.738455
TC	2.28548
TG	1.05387
TT	1.08251
