kmer	count
AA	0.788459
AC	1.9511
AG	1.09745
AT	1.20565
CA	0.464138
CC	1.10108
CG	0.48394
CT	0.783546
GA	0.354427
GC	0.942732
GG	0.614676
GT	0.788107
TA	0.907319
TC	2.4038
TG	1.09548
TT	1.20004
