kmer	count
AA	0.677297
AC	2.02905
AG	1.11043
AT	1.1983
CA	0.444353
CC	1.11979
CG	0.543046
CT	0.746282
GA	0.359494
GC	1.03442
GG	0.592006
GT	0.698926
TA	0.823269
TC	2.39011
TG	1.25711
TT	1.15209
