kmer	count
sequence	0
AA	0.0731117
AC	0.0530124
AG	0.0773781
AT	0.0496884
CA	0.0776513
CC	0.0735634
CG	0.0180563
CT	0.0771055
GA	0.0618015
GC	0.058632
GG	0.0742212
GT	0.0531975
TA	0.0406277
TC	0.0611672
TG	0.0781805
TT	0.0726054
