kmer	count
sequence	0
AA	0.0470858
AC	0.0938916
AG	0.0789259
AT	0.0484856
CA	0.0392212
CC	0.105523
CG	0.0213795
CT	0.0517434
GA	0.0258844
GC	0.0732502
GG	0.0540087
GT	0.0342072
TA	0.030593
TC	0.138687
TG	0.0851362
TT	0.0719776
