kmer	count
sequence	0
AA	0.0521566
AC	0.0946834
AG	0.0843328
AT	0.0513782
CA	0.0302733
CC	0.101661
CG	0.0176739
CT	0.0538289
GA	0.0222869
GC	0.0749625
GG	0.0502537
GT	0.0367316
TA	0.0301868
TC	0.144649
TG	0.0804982
TT	0.0744435
