kmer	count
sequence	0
AA	0.0536939
AC	0.107509
AG	0.0826808
AT	0.0640047
CA	0.0353825
CC	0.0857449
CG	0.00887603
CT	0.0576334
GA	0.0237099
GC	0.0610865
GG	0.0426049
GT	0.0399786
TA	0.0311512
TC	0.139244
TG	0.0853071
TT	0.081392
