kmer	count
sequence	0
AA	0.0470529
AC	0.0972914
AG	0.0844808
AT	0.0509331
CA	0.030513
CC	0.103308
CG	0.0190612
CT	0.0545188
GA	0.0228131
GC	0.0744633
GG	0.0535526
GT	0.0372165
TA	0.0279766
TC	0.141234
TG	0.0809629
TT	0.0746218
