kmer	count
sequence	0
AA	0.0487116
AC	0.0977336
AG	0.0775225
AT	0.0526855
CA	0.0306427
CC	0.105961
CG	0.0183173
CT	0.0564111
GA	0.0251164
GC	0.0759391
GG	0.0511332
GT	0.0365104
TA	0.0274759
TC	0.141447
TG	0.0789817
TT	0.0754114
