kmer	count
sequence	0
AA	0.0535846
AC	0.106216
AG	0.0850741
AT	0.0614619
CA	0.0334928
CC	0.0871941
CG	0.00896643
CT	0.0594974
GA	0.0234955
GC	0.0599253
GG	0.0432956
GT	0.0416229
TA	0.0301085
TC	0.137433
TG	0.0849574
TT	0.0836737
