kmer	count
sequence	0
AA	0.0482776
AC	0.104396
AG	0.0761183
AT	0.0528792
CA	0.0303085
CC	0.111362
CG	0.0157584
CT	0.0544987
GA	0.0224422
GC	0.078329
GG	0.0488432
GT	0.0376607
TA	0.0264781
TC	0.146478
TG	0.0728535
TT	0.0733162
