kmer	count
sequence	0
AA	0.0489714
AC	0.0946747
AG	0.086137
AT	0.0497568
CA	0.030528
CC	0.0983989
CG	0.0184941
CT	0.0525689
GA	0.023637
GC	0.0758259
GG	0.0541396
GT	0.0371403
TA	0.0289319
TC	0.145597
TG	0.0807914
TT	0.0744072
