kmer	count
sequence	0
AA	0.0544177
AC	0.108058
AG	0.0781914
AT	0.0617028
CA	0.0387587
CC	0.0913616
CG	0.0084258
CT	0.0573214
GA	0.0242663
GC	0.0640102
GG	0.0419994
GT	0.0402883
TA	0.0311884
TC	0.140983
TG	0.0795914
TT	0.0794359
