kmer	count
sequence	0
AA	0.0526138
AC	0.107121
AG	0.0810418
AT	0.0609968
CA	0.0379265
CC	0.0894925
CG	0.00953234
CT	0.0605236
GA	0.0241351
GC	0.0622982
GG	0.0447716
GT	0.04178
TA	0.0291886
TC	0.135244
TG	0.0829347
TT	0.0803995
