kmer	count
sequence	0
AA	0.0486905
AC	0.103155
AG	0.0768452
AT	0.0503968
CA	0.0338294
CC	0.112321
CG	0.0175198
CT	0.0528968
GA	0.0230952
GC	0.0822817
GG	0.0503373
GT	0.0362103
TA	0.0281151
TC	0.141071
TG	0.0724206
TT	0.0708135
