kmer	count
sequence	0
AA	0.0515419
AC	0.0969965
AG	0.0797712
AT	0.0532477
CA	0.0302361
CC	0.0990367
CG	0.0170914
CT	0.0544852
GA	0.0233126
GC	0.0740183
GG	0.0498027
GT	0.0348518
TA	0.0307713
TC	0.145896
TG	0.0802395
TT	0.0787009
