kmer	count
sequence	0
AA	0.0486147
AC	0.0939047
AG	0.081123
AT	0.0510528
CA	0.0348726
CC	0.0999261
CG	0.0186923
CT	0.054119
GA	0.0243812
GC	0.069819
GG	0.0545992
GT	0.0387144
TA	0.0330994
TC	0.138382
TG	0.0809752
TT	0.0777244
