kmer	count
sequence	0
AA	0.0525737
AC	0.102375
AG	0.0786216
AT	0.062037
CA	0.0370406
CC	0.0897577
CG	0.00845959
CT	0.0570664
GA	0.0242556
GC	0.0625866
GG	0.0428954
GT	0.0410075
TA	0.0321895
TC	0.142284
TG	0.0846915
TT	0.0821584
