kmer	count
sequence	0
AA	0.0589434
AC	0.112531
AG	0.0732062
AT	0.0608936
CA	0.038335
CC	0.0890409
CG	0.00849949
CT	0.0507641
GA	0.027536
GC	0.0658711
GG	0.040489
GT	0.0384806
TA	0.033736
TC	0.142774
TG	0.0792607
TT	0.0796391
