kmer	count
sequence	0
AA	0.0504104
AC	0.100945
AG	0.073833
AT	0.05837
CA	0.0322527
CC	0.101526
CG	0.0159605
CT	0.0572506
GA	0.0231324
GC	0.074289
GG	0.0458917
GT	0.040461
TA	0.0286046
TC	0.145262
TG	0.0719675
TT	0.0798441
