kmer	count
sequence	0
AA	0.0491294
AC	0.0904746
AG	0.0776374
AT	0.0532946
CA	0.0363264
CC	0.100376
CG	0.0199044
CT	0.0547969
GA	0.0275862
GC	0.0737112
GG	0.0560601
GT	0.0409696
TA	0.0328781
TC	0.131512
TG	0.0786275
TT	0.0767156
