kmer	count
sequence	0
AA	0.0525979
AC	0.0973995
AG	0.0838362
AT	0.0506755
CA	0.0314252
CC	0.0979602
CG	0.0150051
CT	0.0546003
GA	0.0222139
GC	0.0698457
GG	0.0474449
GT	0.0354568
TA	0.0307844
TC	0.151519
TG	0.0818604
TT	0.0773749
