kmer	count
sequence	0
AA	0.04709
AC	0.0998246
AG	0.0787757
AT	0.049991
CA	0.0298192
CC	0.109427
CG	0.0184177
CT	0.0532068
GA	0.0234101
GC	0.0804399
GG	0.0501484
GT	0.0378699
TA	0.0262661
TC	0.142822
TG	0.078371
TT	0.0741207
