kmer	count
sequence	0
AA	0.0512621
AC	0.102246
AG	0.0755032
AT	0.0545146
CA	0.0337763
CC	0.106222
CG	0.0166518
CT	0.055849
GA	0.0242967
GC	0.0750584
GG	0.0460914
GT	0.039086
TA	0.0286056
TC	0.141805
TG	0.0753086
TT	0.073724
