kmer	count
sequence	0
AA	0.0528258
AC	0.109826
AG	0.0821232
AT	0.0626418
CA	0.0360901
CC	0.0910822
CG	0.00896697
CT	0.0575632
GA	0.024068
GC	0.0625387
GG	0.0433906
GT	0.0407958
TA	0.0303607
TC	0.134846
TG	0.0833056
TT	0.0795759
