kmer	count
sequence	0
AA	0.0499387
AC	0.100206
AG	0.0769012
AT	0.0519318
CA	0.0303356
CC	0.109624
CG	0.0174566
CT	0.0549544
GA	0.0224724
GC	0.0768793
GG	0.0495225
GT	0.0363808
TA	0.0272472
TC	0.147867
TG	0.0746671
TT	0.0736157
