kmer	count
sequence	0
AA	0.0506639
AC	0.0984303
AG	0.0823112
AT	0.0519017
CA	0.0318161
CC	0.103184
CG	0.018032
CT	0.0536176
GA	0.0242208
GC	0.0729718
GG	0.0505232
GT	0.0362327
TA	0.0289749
TC	0.141893
TG	0.0809891
TT	0.0742377
