kmer	count
sequence	0
AA	0.0526606
AC	0.101298
AG	0.0860525
AT	0.0577424
CA	0.037902
CC	0.0855655
CG	0.0103754
CT	0.0547356
GA	0.0250492
GC	0.0586952
GG	0.0462024
GT	0.0390455
TA	0.0318674
TC	0.140343
TG	0.0895462
TT	0.0829187
