kmer	count
sequence	0
AA	0.0521325
AC	0.108281
AG	0.0851244
AT	0.0579879
CA	0.0372375
CC	0.0899538
CG	0.00932265
CT	0.0549452
GA	0.0230767
GC	0.0633922
GG	0.0460649
GT	0.039378
TA	0.0292593
TC	0.138681
TG	0.0881671
TT	0.0769959
