kmer	count
sequence	0
AA	0.0507399
AC	0.106102
AG	0.0792965
AT	0.0628847
CA	0.0416587
CC	0.0885418
CG	0.00891709
CT	0.0595476
GA	0.0230039
GC	0.0606417
GG	0.0443666
GT	0.0428075
TA	0.0304166
TC	0.133127
TG	0.084138
TT	0.0838097
