kmer	count
sequence	0
AA	0.046919
AC	0.0947178
AG	0.0863674
AT	0.0465191
CA	0.031434
CC	0.103676
CG	0.0188444
CT	0.0537977
GA	0.0228436
GC	0.0761614
GG	0.0553334
GT	0.036265
TA	0.026299
TC	0.1461
TG	0.0820163
TT	0.072706
