kmer	count
sequence	0
AA	0.0532719
AC	0.106449
AG	0.0799645
AT	0.0594491
CA	0.0345134
CC	0.0915445
CG	0.00842527
CT	0.0595814
GA	0.0240479
GC	0.0639263
GG	0.0422775
GT	0.0409173
TA	0.029564
TC	0.142852
TG	0.0823636
TT	0.0808524
