kmer	count
sequence	0
AA	0.0517851
AC	0.111821
AG	0.0780637
AT	0.0609842
CA	0.0356385
CC	0.0907687
CG	0.00752654
CT	0.0587005
GA	0.0225635
GC	0.0646832
GG	0.0415085
GT	0.0411065
TA	0.0302509
TC	0.14331
TG	0.0803313
TT	0.0809585
