kmer	count
sequence	0
AA	0.0544588
AC	0.113568
AG	0.0747587
AT	0.0652482
CA	0.0336705
CC	0.0830136
CG	0.00846413
CT	0.0578072
GA	0.0220439
GC	0.061551
GG	0.0380188
GT	0.0405534
TA	0.029764
TC	0.148029
TG	0.0787583
TT	0.0902918
