kmer	count
sequence	0
AA	0.051311
AC	0.105284
AG	0.0876967
AT	0.0587737
CA	0.034288
CC	0.0831384
CG	0.00943929
CT	0.0571198
GA	0.0229125
GC	0.0612747
GG	0.0493747
GT	0.0407422
TA	0.029044
TC	0.13336
TG	0.0931021
TT	0.0831384
