kmer	count
sequence	0
AA	0.0513121
AC	0.0962296
AG	0.0770456
AT	0.0521751
CA	0.0315971
CC	0.102735
CG	0.0170377
CT	0.0557596
GA	0.0247821
GC	0.0718016
GG	0.0509802
GT	0.0381024
TA	0.0312873
TC	0.143559
TG	0.0778422
TT	0.0777537
