kmer	count
sequence	0
AA	0.0476244
AC	0.0972967
AG	0.0823652
AT	0.0479967
CA	0.033028
CC	0.102324
CG	0.0189902
CT	0.0546619
GA	0.0220807
GC	0.0715296
GG	0.053098
GT	0.0377942
TA	0.0287087
TC	0.145331
TG	0.0822163
TT	0.0749553
