kmer	count
sequence	0
AA	0.0499559
AC	0.0997723
AG	0.0839026
AT	0.050072
CA	0.0289512
CC	0.0977276
CG	0.0165435
CT	0.0495609
GA	0.0225382
GC	0.0730285
GG	0.0489335
GT	0.0345741
TA	0.028835
TC	0.155351
TG	0.0834611
TT	0.0767926
