kmer	count
sequence	0
AA	0.0541864
AC	0.0936831
AG	0.0864842
AT	0.0498087
CA	0.0327194
CC	0.0968286
CG	0.0175433
CT	0.0551592
GA	0.0271743
GC	0.0720215
GG	0.0556132
GT	0.0370971
TA	0.0302549
TC	0.132791
TG	0.0846358
TT	0.0739996
