kmer	count
sequence	0
AA	0.0454769
AC	0.0991352
AG	0.0777357
AT	0.0515945
CA	0.0318166
CC	0.113361
CG	0.0178124
CT	0.0540023
GA	0.0233158
GC	0.0793081
GG	0.0491868
GT	0.0382536
TA	0.025699
TC	0.147216
TG	0.0732151
TT	0.0728711
