kmer	count
sequence	0
AA	0.050709
AC	0.108211
AG	0.0874491
AT	0.0561434
CA	0.0334871
CC	0.0902237
CG	0.009606
CT	0.0569663
GA	0.0228095
GC	0.065539
GG	0.046193
GT	0.039132
TA	0.0274402
TC	0.139785
TG	0.0874299
TT	0.0788764
