kmer	count
sequence	0
AA	0.0507985
AC	0.108468
AG	0.0765298
AT	0.0589407
CA	0.0406923
CC	0.0936649
CG	0.0092174
CT	0.0555577
GA	0.0253825
GC	0.0618699
GG	0.0441852
GT	0.0390055
TA	0.0324974
TC	0.139972
TG	0.0849635
TT	0.0782548
