kmer	count
sequence	0
AA	0.0396821
AC	0.0841814
AG	0.0601554
AT	0.0423617
CA	0.0853556
CC	0.106551
CG	0.0155055
CT	0.0461853
GA	0.0367014
GC	0.0548564
GG	0.0592521
GT	0.030168
TA	0.0471789
TC	0.126543
TG	0.107364
TT	0.0579575
