kmer	count
sequence	0
AA	0.0466937
AC	0.0977056
AG	0.0765339
AT	0.0511408
CA	0.0344805
CC	0.100799
CG	0.018207
CT	0.0545566
GA	0.0235886
GC	0.0720547
GG	0.0521075
GT	0.0371552
TA	0.0291957
TC	0.147171
TG	0.0814321
TT	0.0771784
