kmer	count
sequence	0
AA	0.0459171
AC	0.101123
AG	0.0755573
AT	0.052546
CA	0.0302947
CC	0.110665
CG	0.0169946
CT	0.0580138
GA	0.0219135
GC	0.0769296
GG	0.0485138
GT	0.0374937
TA	0.0266847
TC	0.147462
TG	0.0727918
TT	0.0770985
