kmer	count
sequence	0
AA	0.0552758
AC	0.109335
AG	0.0775106
AT	0.0659406
CA	0.0332673
CC	0.0887977
CG	0.00800566
CT	0.0601132
GA	0.0247808
GC	0.0620085
GG	0.0370297
GT	0.0419519
TA	0.0313437
TC	0.138133
TG	0.0801132
TT	0.0863932
