kmer	count
sequence	0
AA	0.0513297
AC	0.0981083
AG	0.0796264
AT	0.0532492
CA	0.0314231
CC	0.100344
CG	0.0175123
CT	0.0523587
GA	0.022202
GC	0.0728985
GG	0.0502612
GT	0.0368648
TA	0.0302557
TC	0.146133
TG	0.0798243
TT	0.077608
