kmer	count
sequence	0
AA	0.0481549
AC	0.096461
AG	0.0825771
AT	0.0566243
CA	0.0292196
CC	0.0993043
CG	0.0174229
CT	0.057925
GA	0.0232607
GC	0.0723533
GG	0.0503025
GT	0.0393224
TA	0.0286449
TC	0.137901
TG	0.0814277
TT	0.0790986
