kmer	count
sequence	0
AA	0.0531202
AC	0.107482
AG	0.079728
AT	0.0565202
CA	0.0425764
CC	0.0872347
CG	0.00949325
CT	0.0518022
GA	0.0255764
GC	0.0609325
GG	0.0465303
GT	0.0363112
TA	0.033064
TC	0.142399
TG	0.0903864
TT	0.0768437
