kmer	count
sequence	0
AA	0.0509222
AC	0.108985
AG	0.0797072
AT	0.060547
CA	0.0383875
CC	0.0867132
CG	0.00866237
CT	0.058734
GA	0.0240174
GC	0.0605023
GG	0.0436476
GT	0.03982
TA	0.0311801
TC	0.141508
TG	0.0871385
TT	0.0795282
