kmer	count
sequence	0
AA	0.0523745
AC	0.101414
AG	0.0889661
AT	0.0640237
CA	0.0347128
CC	0.0859599
CG	0.0100052
CT	0.0587158
GA	0.0203391
GC	0.0575415
GG	0.0477711
GT	0.0432618
TA	0.0288412
TC	0.127625
TG	0.0918315
TT	0.0866175
