kmer	count
sequence	0
AA	0.0484684
AC	0.0955512
AG	0.0830814
AT	0.0491737
CA	0.0314137
CC	0.106384
CG	0.0173065
CT	0.0528517
GA	0.0220929
GC	0.0762293
GG	0.0525998
GT	0.0380391
TA	0.0266526
TC	0.145783
TG	0.0783706
TT	0.0760026
