kmer	count
sequence	0
AA	0.0511665
AC	0.110079
AG	0.073658
AT	0.0601133
CA	0.0418347
CC	0.0925708
CG	0.00899207
CT	0.0551529
GA	0.026795
GC	0.0614496
GG	0.0412458
GT	0.0385051
TA	0.0326614
TC	0.139706
TG	0.0855719
TT	0.0804983
