kmer	count
sequence	0
AA	0.0519297
AC	0.110637
AG	0.084613
AT	0.0580111
CA	0.0352314
CC	0.0895733
CG	0.00929198
CT	0.0592852
GA	0.0220663
GC	0.0624958
GG	0.0437759
GT	0.0416015
TA	0.0282836
TC	0.137256
TG	0.0883842
TT	0.0775634
