kmer	count
sequence	0
AA	0.0484895
AC	0.0991686
AG	0.0800013
AT	0.0506156
CA	0.0315435
CC	0.101961
CG	0.0172315
CT	0.0530592
GA	0.0237053
GC	0.0782242
GG	0.050457
GT	0.0365892
TA	0.0274816
TC	0.149721
TG	0.0812389
TT	0.0705128
