kmer	count
sequence	0
AA	0.0554862
AC	0.107725
AG	0.0829559
AT	0.0624932
CA	0.035804
CC	0.0864252
CG	0.00841978
CT	0.0557768
GA	0.0232769
GC	0.0608925
GG	0.0419622
GT	0.0407317
TA	0.031258
TC	0.139547
TG	0.0850808
TT	0.0821641
