kmer	count
sequence	0
AA	0.0503856
AC	0.0947779
AG	0.0781453
AT	0.0510361
CA	0.029107
CC	0.10414
CG	0.0155408
CT	0.0512916
GA	0.0226491
GC	0.0757991
GG	0.0525925
GT	0.0347751
TA	0.0287354
TC	0.15053
TG	0.0844871
TT	0.0760082
