kmer	count
sequence	0
AA	0.0444328
AC	0.0940819
AG	0.0866139
AT	0.0518445
CA	0.0316171
CC	0.109956
CG	0.0188389
CT	0.0572109
GA	0.0246932
GC	0.0812474
GG	0.0576237
GT	0.0391601
TA	0.0250497
TC	0.126844
TG	0.0814726
TT	0.0693136
