kmer	count
sequence	0
AA	0.0236115
AC	0.0908613
AG	0.0621833
AT	0.0470796
CA	0.0310678
CC	0.103049
CG	0.020218
CT	0.0448332
GA	0.0264315
GC	0.0857471
GG	0.0689227
GT	0.0405793
TA	0.027483
TC	0.129577
TG	0.137845
TT	0.0605105
