kmer	count
sequence	0
AA	0.0504371
AC	0.0995212
AG	0.0828684
AT	0.0511657
CA	0.0287052
CC	0.106411
CG	0.0172356
CT	0.0509784
GA	0.0224396
GC	0.0759784
GG	0.0497918
GT	0.0371774
TA	0.0284346
TC	0.146607
TG	0.0772898
TT	0.0749584
