kmer	count
sequence	0
AA	0.0480801
AC	0.0926945
AG	0.0888987
AT	0.0485752
CA	0.0283309
CC	0.0991308
CG	0.019144
CT	0.0546265
GA	0.0234899
GC	0.0722852
GG	0.0600176
GT	0.0391682
TA	0.0271757
TC	0.138629
TG	0.0844427
TT	0.0753108
