kmer	count
sequence	0
AA	0.0512449
AC	0.0980068
AG	0.0824195
AT	0.0561073
CA	0.0311746
CC	0.0952479
CG	0.016277
CT	0.0523829
GA	0.0233464
GC	0.0702462
GG	0.0470032
GT	0.0384509
TA	0.0304504
TC	0.14701
TG	0.0793158
TT	0.081316
