kmer	count
sequence	0
AA	0.0528539
AC	0.10867
AG	0.0801607
AT	0.0653781
CA	0.0346102
CC	0.0870241
CG	0.00771397
CT	0.0568135
GA	0.0236699
GC	0.0591893
GG	0.0410336
GT	0.040359
TA	0.0327624
TC	0.141433
TG	0.0854403
TT	0.0828885
