kmer	count
sequence	0
AA	0.0445348
AC	0.0881854
AG	0.0672798
AT	0.048249
CA	0.0508313
CC	0.110577
CG	0.0221436
CT	0.0519278
GA	0.0304917
GC	0.0694376
GG	0.053272
GT	0.0342059
TA	0.0399363
TC	0.139017
TG	0.0798727
TT	0.0700389
