kmer	count
sequence	0
AA	0.0480794
AC	0.0972258
AG	0.0836136
AT	0.0488877
CA	0.0328182
CC	0.104856
CG	0.0193676
CT	0.0555807
GA	0.0239265
GC	0.0734286
GG	0.0548047
GT	0.0346611
TA	0.0263839
TC	0.142751
TG	0.0821586
TT	0.0714563
