kmer	count
sequence	0
AA	0.0470997
AC	0.0997532
AG	0.0790955
AT	0.0493662
CA	0.0302656
CC	0.111264
CG	0.0169725
CT	0.054447
GA	0.0223071
GC	0.0805488
GG	0.0515346
GT	0.0367017
TA	0.0256001
TC	0.147337
TG	0.0751912
TT	0.0725153
