kmer	count
sequence	0
AA	0.0572046
AC	0.107822
AG	0.0819374
AT	0.0606397
CA	0.0366546
CC	0.0884035
CG	0.00864839
CT	0.0566186
GA	0.0239649
GC	0.0604377
GG	0.0415648
GT	0.0395441
TA	0.0315626
TC	0.139405
TG	0.0854533
TT	0.080139
