kmer	count
sequence	0
AA	0.0494262
AC	0.0984156
AG	0.0823965
AT	0.0524553
CA	0.032912
CC	0.101736
CG	0.0182327
CT	0.0542902
GA	0.0228636
GC	0.0706879
GG	0.0509116
GT	0.034776
TA	0.029912
TC	0.143386
TG	0.0814062
TT	0.0761927
