kmer	count
sequence	0
AA	0.0363931
AC	0.104172
AG	0.0534816
AT	0.06633
CA	0.0442129
CC	0.100614
CG	0.00907696
CT	0.0599804
GA	0.0254198
GC	0.0663726
GG	0.0413577
GT	0.0437228
TA	0.0308745
TC	0.147106
TG	0.0861459
TT	0.0847396
