kmer	count
sequence	0
AA	0.0475726
AC	0.0997418
AG	0.0805365
AT	0.0531768
CA	0.0315471
CC	0.105189
CG	0.016844
CT	0.0551917
GA	0.0221019
GC	0.07361
GG	0.0513822
GT	0.0372458
TA	0.0261948
TC	0.141899
TG	0.0826144
TT	0.0751527
