kmer	count
sequence	0
AA	0.0546755
AC	0.111229
AG	0.081801
AT	0.059983
CA	0.0361727
CC	0.0900317
CG	0.00832871
CT	0.0575007
GA	0.023892
GC	0.0624326
GG	0.040827
GT	0.0422478
TA	0.0292974
TC	0.142045
TG	0.0804128
TT	0.0791227
