kmer	count
sequence	0
AA	0.0541516
AC	0.110221
AG	0.0759533
AT	0.0606103
CA	0.0356216
CC	0.089463
CG	0.0084894
CT	0.0557875
GA	0.024199
GC	0.0616539
GG	0.0407829
GT	0.0390907
TA	0.0312782
TC	0.149199
TG	0.0826658
TT	0.0808326
