kmer	count
sequence	0
AA	0.0473232
AC	0.104178
AG	0.0778655
AT	0.0491136
CA	0.0305599
CC	0.112305
CG	0.0161664
CT	0.0523784
GA	0.0222924
GC	0.0814639
GG	0.047288
GT	0.0356679
TA	0.0266983
TC	0.151869
TG	0.0737757
TT	0.0710549
