kmer	count
sequence	0
AA	0.0478926
AC	0.0980344
AG	0.0739048
AT	0.0534911
CA	0.0314884
CC	0.109965
CG	0.0166732
CT	0.0557403
GA	0.0273567
GC	0.0829503
GG	0.0509486
GT	0.039825
TA	0.0269411
TC	0.136148
TG	0.0735869
TT	0.0750538
