kmer	count
sequence	0
AA	0.0448085
AC	0.0909554
AG	0.0783989
AT	0.0494295
CA	0.0365861
CC	0.102173
CG	0.0199184
CT	0.0543693
GA	0.0251769
GC	0.0718019
GG	0.0552298
GT	0.0367455
TA	0.0292243
TC	0.144337
TG	0.0834343
TT	0.0774109
