kmer	count
sequence	0
AA	0.0442978
AC	0.0981443
AG	0.0864787
AT	0.0460544
CA	0.026957
CC	0.108369
CG	0.0191424
CT	0.0530132
GA	0.0217548
GC	0.0808035
GG	0.0556031
GT	0.0347942
TA	0.0236465
TC	0.147802
TG	0.0830331
TT	0.0701063
