kmer	count
sequence	0
AA	0.0464914
AC	0.0995995
AG	0.0760404
AT	0.0510709
CA	0.0319694
CC	0.109768
CG	0.0185791
CT	0.0597249
GA	0.0227756
GC	0.0787219
GG	0.0502177
GT	0.038708
TA	0.0267282
TC	0.142521
TG	0.0742469
TT	0.0728365
