kmer	count
sequence	0
AA	0.0434639
AC	0.0979905
AG	0.0853547
AT	0.0463311
CA	0.0291282
CC	0.11631
CG	0.02007
CT	0.0533594
GA	0.0222014
GC	0.082792
GG	0.056937
GT	0.0357252
TA	0.0236222
TC	0.142545
TG	0.0785801
TT	0.0655892
