kmer	count
sequence	0
AA	0.0515547
AC	0.105937
AG	0.074228
AT	0.0620707
CA	0.0377651
CC	0.0975257
CG	0.00912464
CT	0.0596536
GA	0.0261252
GC	0.0654066
GG	0.0469522
GT	0.0434736
TA	0.0285067
TC	0.130795
TG	0.0847887
TT	0.0760922
