kmer	count
sequence	0
AA	0.0494163
AC	0.0998768
AG	0.0794906
AT	0.0527027
CA	0.0319058
CC	0.103899
CG	0.017134
CT	0.053473
GA	0.0220123
GC	0.0752114
GG	0.0491082
GT	0.0383246
TA	0.0281914
TC	0.147051
TG	0.0769915
TT	0.0752114
