kmer	count
sequence	0
AA	0.0483136
AC	0.0990553
AG	0.0783546
AT	0.0591071
CA	0.047268
CC	0.0905836
CG	0.0102795
CT	0.0567499
GA	0.0269216
GC	0.0572816
GG	0.0483491
GT	0.039133
TA	0.033816
TC	0.134271
TG	0.0933307
TT	0.0771848
