kmer	count
sequence	0
AA	0.0488701
AC	0.101501
AG	0.076781
AT	0.0503448
CA	0.0307398
CC	0.109675
CG	0.0160579
CT	0.0527242
GA	0.0224778
GC	0.0791384
GG	0.0488043
GT	0.0361454
TA	0.027719
TC	0.150941
TG	0.075202
TT	0.0728775
