kmer	count
sequence	0
AA	0.0454006
AC	0.0990424
AG	0.0801661
AT	0.0482395
CA	0.0297021
CC	0.109042
CG	0.0167578
CT	0.0552731
GA	0.0236854
GC	0.0791704
GG	0.0541714
GT	0.0388119
TA	0.0240032
TC	0.150417
TG	0.0760773
TT	0.0700394
