kmer	count
sequence	0
AA	0.0554771
AC	0.106859
AG	0.0849949
AT	0.0604911
CA	0.0367887
CC	0.084267
CG	0.00855757
CT	0.0537053
GA	0.0231363
GC	0.0606823
GG	0.0428908
GT	0.0379797
TA	0.0325099
TC	0.140854
TG	0.0877077
TT	0.0830981
