kmer	count
sequence	0
AA	0.0464514
AC	0.10106
AG	0.0737801
AT	0.0522395
CA	0.0375128
CC	0.118204
CG	0.0179993
CT	0.0591022
GA	0.024862
GC	0.0794949
GG	0.0493088
GT	0.0402237
TA	0.0236897
TC	0.137962
TG	0.068456
TT	0.0696527
