kmer	count
sequence	0
AA	0.0510682
AC	0.0980065
AG	0.0832738
AT	0.0543245
CA	0.0281153
CC	0.102812
CG	0.0171551
CT	0.054126
GA	0.0229529
GC	0.0735049
GG	0.0502343
GT	0.038599
TA	0.0284727
TC	0.144151
TG	0.0775157
TT	0.075689
