kmer	count
sequence	0
AA	0.0555056
AC	0.107262
AG	0.0805468
AT	0.0604039
CA	0.0366372
CC	0.082721
CG	0.00824711
CT	0.0559804
GA	0.0240666
GC	0.0644524
GG	0.0403609
GT	0.039936
TA	0.0319888
TC	0.146649
TG	0.0808967
TT	0.0843455
