kmer	count
sequence	0
AA	0.0469625
AC	0.0977219
AG	0.0768393
AT	0.0519731
CA	0.0304058
CC	0.110015
CG	0.0159031
CT	0.0542139
GA	0.0224698
GC	0.0774928
GG	0.0504793
GT	0.0382174
TA	0.0275115
TC	0.147112
TG	0.0765592
TT	0.0761235
