kmer	count
sequence	0
AA	0.0542906
AC	0.111984
AG	0.0726845
AT	0.0617454
CA	0.0388677
CC	0.0918078
CG	0.00742782
CT	0.0546687
GA	0.0245793
GC	0.06342
GG	0.0387327
GT	0.0400832
TA	0.0331146
TC	0.145504
TG	0.0794911
TT	0.0815979
