kmer	count
sequence	0
AA	0.0461885
AC	0.101049
AG	0.0808763
AT	0.0477577
CA	0.0289685
CC	0.109783
CG	0.017633
CT	0.0544681
GA	0.0229187
GC	0.0796374
GG	0.0504419
GT	0.0362777
TA	0.0255823
TC	0.149571
TG	0.0765403
TT	0.0723076
