kmer	count
sequence	0
AA	0.0534925
AC	0.110562
AG	0.0714491
AT	0.0654995
CA	0.0399935
CC	0.0997412
CG	0.00801668
CT	0.0611137
GA	0.0250746
GC	0.0672071
GG	0.039652
GT	0.0415573
TA	0.0302333
TC	0.134738
TG	0.0740554
TT	0.0776144
