kmer	count
sequence	0
AA	0.0473422
AC	0.0998754
AG	0.0780731
AT	0.0513289
CA	0.0289452
CC	0.108513
CG	0.0176495
CT	0.0575581
GA	0.0225083
GC	0.0813953
GG	0.0475083
GT	0.0376661
TA	0.0241279
TC	0.150415
TG	0.0736711
TT	0.0734219
