kmer	count
sequence	0
AA	0.051038
AC	0.108218
AG	0.072964
AT	0.0528805
CA	0.031108
CC	0.107204
CG	0.014556
CT	0.0505159
GA	0.0237379
GC	0.077079
GG	0.043023
GT	0.03596
TA	0.0315379
TC	0.15382
TG	0.0729026
TT	0.0734553
