kmer	count
sequence	0
AA	0.0475518
AC	0.106849
AG	0.0860149
AT	0.0604572
CA	0.0368394
CC	0.0900215
CG	0.00932057
CT	0.0654549
GA	0.0238497
GC	0.0603939
GG	0.0463287
GT	0.0429969
TA	0.0278141
TC	0.132301
TG	0.0857197
TT	0.0780861
