kmer	count
sequence	0
AA	0.0509793
AC	0.108201
AG	0.0693162
AT	0.0719336
CA	0.0384037
CC	0.101974
CG	0.00800265
CT	0.0733927
GA	0.0260537
GC	0.0681729
GG	0.0399982
GT	0.0514155
TA	0.0252715
TC	0.117227
TG	0.0699179
TT	0.0797407
