kmer	count
sequence	0
AA	0.0494284
AC	0.109726
AG	0.0739249
AT	0.057612
CA	0.0419162
CC	0.0958991
CG	0.0101433
CT	0.0578479
GA	0.0237162
GC	0.0603339
GG	0.0441844
GT	0.0397568
TA	0.0318454
TC	0.141898
TG	0.0841408
TT	0.0776266
