kmer	count
sequence	0
AA	0.0479333
AC	0.0973604
AG	0.0878066
AT	0.0506418
CA	0.0313865
CC	0.106225
CG	0.0179914
CT	0.0533012
GA	0.0241965
GC	0.0753144
GG	0.0543353
GT	0.0377393
TA	0.0271513
TC	0.136134
TG	0.0798943
TT	0.0725894
