kmer	count
sequence	0
AA	0.0585822
AC	0.104694
AG	0.0866357
AT	0.0607982
CA	0.0375775
CC	0.0816851
CG	0.00895825
CT	0.054551
GA	0.027747
GC	0.0600203
GG	0.0465358
GT	0.0421273
TA	0.0312596
TC	0.129541
TG	0.0910677
TT	0.0782197
