kmer	count
sequence	0
AA	0.05618
AC	0.11091
AG	0.0802288
AT	0.0631901
CA	0.0346334
CC	0.0883112
CG	0.00812217
CT	0.058146
GA	0.0229565
GC	0.0623163
GG	0.0423981
GT	0.0434903
TA	0.0279212
TC	0.138176
TG	0.0821551
TT	0.0808642
