kmer	count
sequence	0
AA	0.0530995
AC	0.112897
AG	0.0790448
AT	0.0604934
CA	0.0340346
CC	0.0905783
CG	0.00869966
CT	0.0587065
GA	0.0226709
GC	0.0642166
GG	0.04081
GT	0.0406159
TA	0.0289248
TC	0.143189
TG	0.0803263
TT	0.0816927
