kmer	count
sequence	0
AA	0.0521167
AC	0.0992503
AG	0.078175
AT	0.0660259
CA	0.0376246
CC	0.0883926
CG	0.00910899
CT	0.0768035
GA	0.0273155
GC	0.0642887
GG	0.0453621
GT	0.0501509
TA	0.0285727
TC	0.119217
TG	0.0758092
TT	0.0817866
