kmer	count
sequence	0
AA	0.0496403
AC	0.103156
AG	0.0857972
AT	0.0489441
CA	0.0278255
CC	0.102437
CG	0.0155256
CT	0.051404
GA	0.0207937
GC	0.0777675
GG	0.0501508
GT	0.0357159
TA	0.0288002
TC	0.148225
TG	0.0795312
TT	0.0742864
