kmer	count
sequence	0
AA	0.0468395
AC	0.0938412
AG	0.0916261
AT	0.0507834
CA	0.0262021
CC	0.0994598
CG	0.0184765
CT	0.0495408
GA	0.0213938
GC	0.0711507
GG	0.0576445
GT	0.0377634
TA	0.0277147
TC	0.145003
TG	0.0861156
TT	0.0764452
