kmer	count
sequence	0
AA	0.0465646
AC	0.0887881
AG	0.0733099
AT	0.055523
CA	0.0349234
CC	0.104721
CG	0.0196078
CT	0.0764153
GA	0.0257048
GC	0.0770819
GG	0.0551003
GT	0.0464508
TA	0.025152
TC	0.122183
TG	0.0715215
TT	0.0769518
