kmer	count
sequence	0
AA	0.0501393
AC	0.0912256
AG	0.0843489
AT	0.053273
CA	0.0348189
CC	0.0939241
CG	0.0193245
CT	0.0557974
GA	0.0209784
GC	0.0718141
GG	0.0530989
GT	0.038649
TA	0.0338614
TC	0.139798
TG	0.0806929
TT	0.0782556
