kmer	count
sequence	0
AA	0.0498128
AC	0.100241
AG	0.0745989
AT	0.0525668
CA	0.0312834
CC	0.104599
CG	0.0165508
CT	0.0570053
GA	0.024385
GC	0.0737166
GG	0.0438235
GT	0.036738
TA	0.028984
TC	0.152567
TG	0.0727273
TT	0.0804011
