kmer	count
sequence	0
AA	0.0472334
AC	0.100114
AG	0.0811166
AT	0.0543419
CA	0.0310844
CC	0.106182
CG	0.016793
CT	0.0575866
GA	0.022886
GC	0.0748502
GG	0.049091
GT	0.0378709
TA	0.0256848
TC	0.140833
TG	0.0768069
TT	0.0775251
