kmer	count
sequence	0
AA	0.044745
AC	0.0969923
AG	0.0870677
AT	0.0459561
CA	0.0298412
CC	0.111291
CG	0.0213632
CT	0.052752
GA	0.0224061
GC	0.0788925
GG	0.0573947
GT	0.035325
TA	0.0243911
TC	0.143184
TG	0.0797672
TT	0.0686314
