kmer	count
sequence	0
AA	0.0494445
AC	0.0936771
AG	0.0894939
AT	0.0567823
CA	0.0274997
CC	0.101015
CG	0.0188589
CT	0.0549307
GA	0.0216706
GC	0.0665889
GG	0.0570566
GT	0.041078
TA	0.0266081
TC	0.134892
TG	0.0807845
TT	0.0796187
