kmer	count
sequence	0
AA	0.0464001
AC	0.101188
AG	0.0718815
AT	0.0507448
CA	0.0328793
CC	0.118953
CG	0.0165738
CT	0.0584111
GA	0.0241898
GC	0.0805375
GG	0.0470207
GT	0.0375092
TA	0.0262867
TC	0.14643
TG	0.0696336
TT	0.0713615
