kmer	count
sequence	0
AA	0.0549033
AC	0.110279
AG	0.0806793
AT	0.0645074
CA	0.0346829
CC	0.0911156
CG	0.00780477
CT	0.0583896
GA	0.0234593
GC	0.0620558
GG	0.0425551
GT	0.0414755
TA	0.0295771
TC	0.134121
TG	0.084143
TT	0.0802519
