kmer	count
sequence	0
AA	0.0501031
AC	0.0990425
AG	0.0788284
AT	0.0513
CA	0.0341113
CC	0.103564
CG	0.0170224
CT	0.0549904
GA	0.0247357
GC	0.0731099
GG	0.0497041
GT	0.037037
TA	0.02949
TC	0.140734
TG	0.0756699
TT	0.0805572
