kmer	count
sequence	0
AA	0.0495133
AC	0.100025
AG	0.0800574
AT	0.054942
CA	0.0313241
CC	0.106795
CG	0.0155997
CT	0.0511981
GA	0.0233683
GC	0.0759079
GG	0.0514788
GT	0.0378136
TA	0.0276114
TC	0.144671
TG	0.0761575
TT	0.0735368
