kmer	count
sequence	0
AA	0.0453995
AC	0.100473
AG	0.0819533
AT	0.0535786
CA	0.0309193
CC	0.109096
CG	0.0190847
CT	0.0552145
GA	0.0216294
GC	0.0774093
GG	0.0514177
GT	0.038735
TA	0.02583
TC	0.139652
TG	0.0783585
TT	0.0712497
