kmer	count
sequence	0
AA	0.048264
AC	0.0969414
AG	0.078119
AT	0.0525563
CA	0.0330981
CC	0.102378
CG	0.0172326
CT	0.0567849
GA	0.0261351
GC	0.0730955
GG	0.049504
GT	0.0394887
TA	0.0298868
TC	0.139005
TG	0.0765293
TT	0.0809805
