kmer	count
sequence	0
AA	0.0526377
AC	0.111265
AG	0.0732558
AT	0.0613045
CA	0.0379663
CC	0.0984895
CG	0.00801574
CT	0.0582226
GA	0.0258269
GC	0.0685679
GG	0.0422924
GT	0.0422924
TA	0.0283011
TC	0.138944
TG	0.0760627
TT	0.0765547
