kmer	count
sequence	0
AA	0.0489836
AC	0.101644
AG	0.0765975
AT	0.0526261
CA	0.034795
CC	0.106605
CG	0.0171026
CT	0.0557483
GA	0.0223756
GC	0.0748283
GG	0.0501284
GT	0.0369805
TA	0.029626
TC	0.141608
TG	0.074412
TT	0.0759384
