kmer	count
sequence	0
AA	0.050779
AC	0.100793
AG	0.0822136
AT	0.0640017
CA	0.0400661
CC	0.0889168
CG	0.00924367
CT	0.060543
GA	0.0243029
GC	0.0599308
GG	0.0457898
GT	0.0433412
TA	0.0300266
TC	0.133697
TG	0.0843868
TT	0.0819687
