kmer	count
sequence	0
AA	0.0479659
AC	0.0959319
AG	0.0755914
AT	0.0549651
CA	0.0338247
CC	0.101817
CG	0.0189121
CT	0.0588504
GA	0.022626
GC	0.0742772
GG	0.04968
GT	0.0396812
TA	0.0267112
TC	0.142212
TG	0.0786196
TT	0.0783339
