kmer	count
sequence	0
AA	0.0453843
AC	0.0997308
AG	0.08487
AT	0.0479613
CA	0.0263429
CC	0.109065
CG	0.0197572
CT	0.0531153
GA	0.0201867
GC	0.0781984
GG	0.0537166
GT	0.0347898
TA	0.0256843
TC	0.149095
TG	0.0826079
TT	0.0694938
