kmer	count
sequence	0
AA	0.0493754
AC	0.108388
AG	0.0881411
AT	0.0564349
CA	0.0369241
CC	0.0964385
CG	0.00955587
CT	0.0560154
GA	0.0244626
GC	0.0650495
GG	0.050552
GT	0.0380188
TA	0.0254448
TC	0.132923
TG	0.0901669
TT	0.0721089
