kmer	count
sequence	0
AA	0.0477056
AC	0.097413
AG	0.0810286
AT	0.055405
CA	0.0299045
CC	0.103234
CG	0.01583
CT	0.0560825
GA	0.0234986
GC	0.0746227
GG	0.0485679
GT	0.0390206
TA	0.0288266
TC	0.144718
TG	0.0774561
TT	0.0766862
