kmer	count
sequence	0
AA	0.0504038
AC	0.11047
AG	0.0818639
AT	0.0626876
CA	0.0363017
CC	0.0908284
CG	0.00930272
CT	0.0622225
GA	0.0235739
GC	0.0632373
GG	0.0437228
GT	0.0419679
TA	0.0294516
TC	0.132733
TG	0.0828365
TT	0.0783965
