kmer	count
sequence	0
AA	0.0479645
AC	0.0990804
AG	0.0803108
AT	0.0458041
CA	0.0341697
CC	0.107722
CG	0.0184723
CT	0.0494906
GA	0.0251913
GC	0.0765846
GG	0.0525826
GT	0.0329805
TA	0.0308202
TC	0.14976
TG	0.080291
TT	0.0687755
