kmer	count
sequence	0
AA	0.0518805
AC	0.107499
AG	0.0812763
AT	0.0665005
CA	0.0350023
CC	0.0878563
CG	0.00866298
CT	0.0600568
GA	0.0242758
GC	0.0625876
GG	0.0428477
GT	0.0430813
TA	0.0288312
TC	0.135804
TG	0.0819771
TT	0.0818603
