kmer	count
sequence	0
AA	0.0486588
AC	0.101654
AG	0.0782746
AT	0.0498705
CA	0.0310592
CC	0.10735
CG	0.0167324
CT	0.0531671
GA	0.0232127
GC	0.0771936
GG	0.049431
GT	0.0357219
TA	0.0288318
TC	0.15011
TG	0.0745682
TT	0.0741643
