kmer	count
sequence	0
AA	0.0534245
AC	0.108376
AG	0.0799536
AT	0.064989
CA	0.0368515
CC	0.0872424
CG	0.00840867
CT	0.0614464
GA	0.0257146
GC	0.0600619
GG	0.041514
GT	0.0423691
TA	0.0313136
TC	0.1346
TG	0.0816231
TT	0.0821117
