kmer	count
sequence	0
AA	0.0500221
AC	0.106998
AG	0.0821743
AT	0.0604448
CA	0.0359778
CC	0.0875982
CG	0.00906247
CT	0.0599177
GA	0.0222566
GC	0.061856
GG	0.043238
GT	0.0423029
TA	0.0304519
TC	0.139457
TG	0.0853708
TT	0.0828714
