kmer	count
sequence	0
AA	0.0443302
AC	0.0905573
AG	0.0660306
AT	0.0516142
CA	0.0707349
CC	0.096248
CG	0.0132213
CT	0.0514815
GA	0.0330627
GC	0.0570962
GG	0.0533025
GT	0.0354338
TA	0.0412573
TC	0.126693
TG	0.0983156
TT	0.070621
