kmer	count
sequence	0
AA	0.0513024
AC	0.0992608
AG	0.0807814
AT	0.0524903
CA	0.0265312
CC	0.0973689
CG	0.0177314
CT	0.0522703
GA	0.0216913
GC	0.0696498
GG	0.0466385
GT	0.0373548
TA	0.031195
TC	0.150343
TG	0.0801214
TT	0.0852693
