kmer	count
sequence	0
AA	0.0512793
AC	0.102506
AG	0.0779478
AT	0.0526246
CA	0.0292271
CC	0.105671
CG	0.0166447
CT	0.0553416
GA	0.0233975
GC	0.0813506
GG	0.050699
GT	0.0375099
TA	0.0273279
TC	0.139409
TG	0.0759694
TT	0.0730942
