kmer	count
sequence	0
AA	0.0504818
AC	0.0924016
AG	0.0772675
AT	0.0509531
CA	0.0342742
CC	0.104525
CG	0.0180928
CT	0.0548021
GA	0.0277283
GC	0.0772151
GG	0.0549853
GT	0.0384897
TA	0.0289066
TC	0.136128
TG	0.0832111
TT	0.0705383
