kmer	count
sequence	0
AA	0.0540358
AC	0.111182
AG	0.0871861
AT	0.0589061
CA	0.033719
CC	0.0866706
CG	0.00860307
CT	0.0523472
GA	0.0221653
GC	0.0607903
GG	0.0413623
GT	0.0378962
TA	0.0314083
TC	0.15002
TG	0.0851064
TT	0.0786008
