kmer	count
sequence	0
AA	0.0475283
AC	0.0988676
AG	0.0804932
AT	0.0542792
CA	0.0298073
CC	0.103359
CG	0.0172855
CT	0.0536803
GA	0.0226209
GC	0.074804
GG	0.0498693
GT	0.0386542
TA	0.027929
TC	0.141469
TG	0.0791322
TT	0.080221
