kmer	count
sequence	0
AA	0.0483635
AC	0.103835
AG	0.0725925
AT	0.0523072
CA	0.0303925
CC	0.112171
CG	0.0156095
CT	0.0533462
GA	0.0221272
GC	0.0801492
GG	0.045695
GT	0.0364615
TA	0.0284797
TC	0.15508
TG	0.0689557
TT	0.0744344
