kmer	count
sequence	0
AA	0.0500171
AC	0.106377
AG	0.0878182
AT	0.0578549
CA	0.0387195
CC	0.0883521
CG	0.0101017
CT	0.0578336
GA	0.0241116
GC	0.0618486
GG	0.0470272
GT	0.0395097
TA	0.0289595
TC	0.136127
TG	0.0895695
TT	0.0757731
