kmer	count
sequence	0
AA	0.0381282
AC	0.0959988
AG	0.0581154
AT	0.0645957
CA	0.0438362
CC	0.09225
CG	0.00926833
CT	0.0641625
GA	0.0253372
GC	0.0614309
GG	0.0442129
GT	0.0452679
TA	0.0309698
TC	0.139929
TG	0.0933426
TT	0.0931542
