kmer	count
sequence	0
AA	0.055081
AC	0.106029
AG	0.0842862
AT	0.0621527
CA	0.0353584
CC	0.082656
CG	0.0083804
CT	0.0592368
GA	0.0245442
GC	0.0581347
GG	0.0426826
GT	0.0410754
TA	0.0329935
TC	0.138908
TG	0.0827479
TT	0.0857327
