kmer	count
sequence	0
AA	0.0480632
AC	0.0937521
AG	0.0809986
AT	0.0571535
CA	0.0317821
CC	0.100231
CG	0.0186894
CT	0.0566447
GA	0.0236415
GC	0.0715013
GG	0.0520317
GT	0.0396174
TA	0.0291025
TC	0.135812
TG	0.0811343
TT	0.0798453
