kmer	count
sequence	0
AA	0.0519887
AC	0.105481
AG	0.0804626
AT	0.0626994
CA	0.0349979
CC	0.0869866
CG	0.00898319
CT	0.0623742
GA	0.0251814
GC	0.0620491
GG	0.0459931
GT	0.0442453
TA	0.0289616
TC	0.134219
TG	0.0826372
TT	0.0827389
