kmer	count
sequence	0
AA	0.0488887
AC	0.0979204
AG	0.0801297
AT	0.0501049
CA	0.0328389
CC	0.108032
CG	0.0175522
CT	0.0530859
GA	0.0248498
GC	0.0788896
GG	0.050725
GT	0.0363207
TA	0.0268768
TC	0.147071
TG	0.0754793
TT	0.0712344
