kmer	count
sequence	0
AA	0.0449913
AC	0.0934049
AG	0.0800899
AT	0.0515613
CA	0.0370722
CC	0.107095
CG	0.0195353
CT	0.0542343
GA	0.0255309
GC	0.0729203
GG	0.0545841
GT	0.0361979
TA	0.0301024
TC	0.137472
TG	0.084012
TT	0.0711966
