kmer	count
sequence	0
AA	0.048891
AC	0.107609
AG	0.0797723
AT	0.0618837
CA	0.0373343
CC	0.0990796
CG	0.00866752
CT	0.0613474
GA	0.0235286
GC	0.0623681
GG	0.0435971
GT	0.0410193
TA	0.0294972
TC	0.132591
TG	0.0844434
TT	0.078371
