kmer	count
sequence	0
AA	0.0435832
AC	0.0964607
AG	0.0786903
AT	0.0514948
CA	0.0321536
CC	0.120384
CG	0.0204294
CT	0.0593163
GA	0.0232684
GC	0.0860782
GG	0.0555856
GT	0.0395906
TA	0.0221639
TC	0.132615
TG	0.0728814
TT	0.0653053
