kmer	count
sequence	0
AA	0.0479092
AC	0.095048
AG	0.0809694
AT	0.0532675
CA	0.0308888
CC	0.104294
CG	0.0177558
CT	0.0588709
GA	0.022869
GC	0.072179
GG	0.0474189
GT	0.037718
TA	0.0284373
TC	0.146564
TG	0.0782377
TT	0.0775723
