kmer	count
sequence	0
AA	0.0544701
AC	0.119772
AG	0.076813
AT	0.0618931
CA	0.033293
CC	0.0971784
CG	0.00662613
CT	0.0559458
GA	0.0223872
GC	0.0672501
GG	0.038591
GT	0.0406718
TA	0.0268144
TC	0.148151
TG	0.0750273
TT	0.0751158
