kmer	count
sequence	0
AA	0.0461357
AC	0.0993044
AG	0.0734234
AT	0.049486
CA	0.0359317
CC	0.113524
CG	0.0177485
CT	0.0519411
GA	0.0242954
GC	0.0767224
GG	0.0506368
GT	0.0357271
TA	0.0283617
TC	0.149251
TG	0.0747788
TT	0.0727329
