kmer	count
sequence	0
AA	0.0488769
AC	0.102363
AG	0.0774859
AT	0.0540353
CA	0.0311334
CC	0.104302
CG	0.0154021
CT	0.0539987
GA	0.0246579
GC	0.0751079
GG	0.0489134
GT	0.0379381
TA	0.0275481
TC	0.143375
TG	0.0767542
TT	0.0781079
