kmer	count
sequence	0
AA	0.053844
AC	0.106305
AG	0.0847522
AT	0.0586726
CA	0.036617
CC	0.0846767
CG	0.00938058
CT	0.0546991
GA	0.0229359
GC	0.0579182
GG	0.042703
GT	0.0377487
TA	0.0338506
TC	0.143425
TG	0.0902346
TT	0.0822373
