kmer	count
sequence	0
AA	0.053399
AC	0.0975731
AG	0.0819667
AT	0.0530684
CA	0.0331636
CC	0.0999868
CG	0.015904
CT	0.0524071
GA	0.0243354
GC	0.0721135
GG	0.0499273
GT	0.0373958
TA	0.0314112
TC	0.140921
TG	0.079553
TT	0.0768748
