kmer	count
sequence	0
AA	0.0547342
AC	0.110322
AG	0.0730695
AT	0.0646294
CA	0.0366317
CC	0.0928599
CG	0.00778036
CT	0.0594102
GA	0.0278619
GC	0.0644354
GG	0.0415017
GT	0.0458285
TA	0.029123
TC	0.129899
TG	0.0786185
TT	0.0832945
