kmer	count
sequence	0
AA	0.0510114
AC	0.0976757
AG	0.0769754
AT	0.0514845
CA	0.0304294
CC	0.104566
CG	0.0183345
CT	0.0559498
GA	0.0231843
GC	0.0756447
GG	0.0481725
GT	0.0357819
TA	0.0295127
TC	0.143335
TG	0.07804
TT	0.079903
