kmer	count
sequence	0
AA	0.0479518
AC	0.0959514
AG	0.0793932
AT	0.0544123
CA	0.0329728
CC	0.10045
CG	0.0181374
CT	0.0580015
GA	0.023928
GC	0.080781
GG	0.0516367
GT	0.039577
TA	0.0270387
TC	0.135624
TG	0.0809246
TT	0.0732198
