kmer	count
sequence	0
AA	0.0473879
AC	0.0997622
AG	0.0851331
AT	0.051945
CA	0.0291592
CC	0.102668
CG	0.0175682
CT	0.0545869
GA	0.0221914
GC	0.0754243
GG	0.04894
GT	0.0373159
TA	0.0272769
TC	0.14431
TG	0.0804438
TT	0.0758867
