kmer	count
sequence	0
AA	0.0501281
AC	0.11092
AG	0.0825768
AT	0.0603145
CA	0.0354676
CC	0.0908953
CG	0.00862256
CT	0.0566657
GA	0.0240215
GC	0.0641588
GG	0.0433952
GT	0.0413101
TA	0.0296251
TC	0.142196
TG	0.08186
TT	0.077842
