kmer	count
sequence	0
AA	0.047036
AC	0.104024
AG	0.0744231
AT	0.0525408
CA	0.0323434
CC	0.119402
CG	0.0174744
CT	0.0532069
GA	0.0237237
GC	0.0816518
GG	0.0476237
GT	0.0377503
TA	0.0259374
TC	0.142401
TG	0.0701916
TT	0.07027
