kmer	count
sequence	0
AA	0.0492465
AC	0.0972669
AG	0.061507
AT	0.0617114
CA	0.0595658
CC	0.0942784
CG	0.0103704
CT	0.0661814
GA	0.0326692
GC	0.0606386
GG	0.0454151
GT	0.0440868
TA	0.0378544
TC	0.122478
TG	0.0798978
TT	0.0768327
