kmer	count
sequence	0
AA	0.0476721
AC	0.0980193
AG	0.0739922
AT	0.0522748
CA	0.0330497
CC	0.105696
CG	0.016932
CT	0.0557642
GA	0.0224486
GC	0.0752052
GG	0.048885
GT	0.0382839
TA	0.0298096
TC	0.149513
TG	0.0762022
TT	0.076252
