kmer	count
sequence	0
AA	0.0509633
AC	0.105472
AG	0.0802042
AT	0.0632235
CA	0.0363322
CC	0.0884489
CG	0.00886411
CT	0.0563245
GA	0.0229185
GC	0.0611517
GG	0.0431244
GT	0.0417147
TA	0.0329147
TC	0.13954
TG	0.0859498
TT	0.0828527
