kmer	count
sequence	0
AA	0.0537481
AC	0.109902
AG	0.091111
AT	0.0545892
CA	0.0307012
CC	0.0821614
CG	0.00873091
CT	0.0508209
GA	0.0221217
GC	0.0610827
GG	0.0415854
GT	0.0358825
TA	0.0297759
TC	0.153354
TG	0.0925745
TT	0.0818586
