kmer	count
sequence	0
AA	0.047276
AC	0.0985006
AG	0.0776639
AT	0.0543728
CA	0.032629
CC	0.106104
CG	0.0199296
CT	0.0617096
GA	0.0231044
GC	0.0748092
GG	0.0513046
GT	0.0382584
TA	0.0250787
TC	0.138093
TG	0.0766768
TT	0.0744891
