kmer	count
sequence	0
AA	0.0505161
AC	0.108169
AG	0.0823879
AT	0.0626046
CA	0.0371955
CC	0.0876651
CG	0.00929887
CT	0.0583039
GA	0.0222475
GC	0.0616282
GG	0.0431932
GT	0.0426585
TA	0.0286405
TC	0.138204
TG	0.0848521
TT	0.0824344
