kmer	count
sequence	0
AA	0.0521985
AC	0.110904
AG	0.0795849
AT	0.0630015
CA	0.0338935
CC	0.0914145
CG	0.0078811
CT	0.0578527
GA	0.0242751
GC	0.0638543
GG	0.0414271
GT	0.0417272
TA	0.0297871
TC	0.138306
TG	0.0817645
TT	0.0821277
