kmer	count
sequence	0
AA	0.0442617
AC	0.0987196
AG	0.0737806
AT	0.0517835
CA	0.0340153
CC	0.113145
CG	0.0177682
CT	0.0546919
GA	0.0246548
GC	0.0782436
GG	0.0515829
GT	0.037258
TA	0.0276636
TC	0.145639
TG	0.0760037
TT	0.0707886
