kmer	count
sequence	0
AA	0.047875
AC	0.0988038
AG	0.0844185
AT	0.0506764
CA	0.0289976
CC	0.104558
CG	0.0174137
CT	0.0536796
GA	0.0219059
GC	0.0772259
GG	0.0523168
GT	0.0350293
TA	0.027231
TC	0.149758
TG	0.0774783
TT	0.0726327
