kmer	count
sequence	0
AA	0.0546182
AC	0.108689
AG	0.0786019
AT	0.0648393
CA	0.0373719
CC	0.0895716
CG	0.00947253
CT	0.0614419
GA	0.0252505
GC	0.0625072
GG	0.0422089
GT	0.0424105
TA	0.0295117
TC	0.132011
TG	0.0807037
TT	0.08079
