kmer	count
sequence	0
AA	0.0527673
AC	0.108078
AG	0.074518
AT	0.0606815
CA	0.0371167
CC	0.0891549
CG	0.00855446
CT	0.0593477
GA	0.026517
GC	0.065021
GG	0.0425767
GT	0.0417052
TA	0.0306609
TC	0.141282
TG	0.0789286
TT	0.0830903
