kmer	count
sequence	0
AA	0.0547721
AC	0.11077
AG	0.0810597
AT	0.0646587
CA	0.0390865
CC	0.0903842
CG	0.00876252
CT	0.0576844
GA	0.0238095
GC	0.0592939
GG	0.0431228
GT	0.0377325
TA	0.0309626
TC	0.132587
TG	0.0863223
TT	0.0789904
