kmer	count
sequence	0
AA	0.0511982
AC	0.107385
AG	0.0784682
AT	0.0634063
CA	0.03649
CC	0.100896
CG	0.00890298
CT	0.0649186
GA	0.0251235
GC	0.0695408
GG	0.0451979
GT	0.0457589
TA	0.0254772
TC	0.126069
TG	0.0768827
TT	0.074285
