kmer	count
sequence	0
AA	0.0519499
AC	0.106116
AG	0.0764702
AT	0.0720718
CA	0.0388758
CC	0.0942717
CG	0.00801759
CT	0.0665997
GA	0.024555
GC	0.0601233
GG	0.0414387
GT	0.0478112
TA	0.0288495
TC	0.122706
TG	0.0778036
TT	0.0823405
