kmer	count
sequence	0
AA	0.05142
AC	0.106054
AG	0.0795404
AT	0.0664238
CA	0.0360052
CC	0.0891442
CG	0.00866966
CT	0.0621824
GA	0.0238042
GC	0.060071
GG	0.0428999
GT	0.0425635
TA	0.0307549
TC	0.132063
TG	0.0834828
TT	0.0849215
