kmer	count
sequence	0
AA	0.0454765
AC	0.100348
AG	0.077736
AT	0.0459287
CA	0.0325118
CC	0.114869
CG	0.0187637
CT	0.0524216
GA	0.0233324
GC	0.0801018
GG	0.0514174
GT	0.0344044
TA	0.0271808
TC	0.150246
TG	0.0765951
TT	0.0686669
