kmer	count
sequence	0
AA	0.0494257
AC	0.109177
AG	0.0821803
AT	0.0549338
CA	0.033489
CC	0.0912576
CG	0.00853383
CT	0.0578714
GA	0.0253665
GC	0.0675215
GG	0.0447842
GT	0.0430363
TA	0.026894
TC	0.142769
TG	0.0842073
TT	0.0785523
