kmer	count
sequence	0
AA	0.0484054
AC	0.095988
AG	0.0809499
AT	0.0526898
CA	0.0336227
CC	0.103876
CG	0.0185847
CT	0.0512428
GA	0.0246851
GC	0.0748212
GG	0.0520372
GT	0.0380774
TA	0.0290262
TC	0.141953
TG	0.0791624
TT	0.074878
