kmer	count
sequence	0
AA	0.0493221
AC	0.0996666
AG	0.0779062
AT	0.0533674
CA	0.0313181
CC	0.104623
CG	0.0167593
CT	0.0520338
GA	0.0233385
GC	0.0765948
GG	0.0474328
GT	0.0354745
TA	0.0289842
TC	0.154701
TG	0.0745499
TT	0.0739275
