kmer	count
sequence	0
AA	0.0497525
AC	0.102322
AG	0.0821061
AT	0.0640237
CA	0.0365791
CC	0.0897492
CG	0.00830589
CT	0.0640858
GA	0.0233228
GC	0.0629673
GG	0.0439321
GT	0.0458999
TA	0.0279418
TC	0.133619
TG	0.0836388
TT	0.081754
