kmer	count
sequence	0
AA	0.0437087
AC	0.0840412
AG	0.073223
AT	0.0533471
CA	0.0381181
CC	0.112666
CG	0.0236695
CT	0.082099
GA	0.0294598
GC	0.0803928
GG	0.0579394
GT	0.0477565
TA	0.0248493
TC	0.111268
TG	0.0677412
TT	0.0697197
