kmer	count
sequence	0
AA	0.050917
AC	0.106599
AG	0.0881452
AT	0.0616941
CA	0.0332577
CC	0.0890149
CG	0.009775
CT	0.0569862
GA	0.0222348
GC	0.0607487
GG	0.044602
GT	0.039913
TA	0.0285876
TC	0.140083
TG	0.0872188
TT	0.0802231
