kmer	count
sequence	0
AA	0.0659282
AC	0.0611345
AG	0.121295
AT	0.0174179
CA	0.0671505
CC	0.0986631
CG	0.018793
CT	0.0398587
GA	0.0302712
GC	0.0368984
GG	0.0667876
GT	0.0111154
TA	0.0582697
TC	0.110065
TG	0.158117
TT	0.0382353
