kmer	count
sequence	0
AA	0.0525199
AC	0.113077
AG	0.0779777
AT	0.0591083
CA	0.034793
CC	0.0929896
CG	0.00798567
CT	0.0565764
GA	0.0235828
GC	0.0644586
GG	0.0405693
GT	0.0402707
TA	0.0298049
TC	0.146158
TG	0.0810908
TT	0.0790366
