kmer	count
sequence	0
AA	0.0491545
AC	0.097673
AG	0.0812234
AT	0.0554005
CA	0.0323692
CC	0.104378
CG	0.0173772
CT	0.0565401
GA	0.0227221
GC	0.0719826
GG	0.0493577
GT	0.0386151
TA	0.0280845
TC	0.14075
TG	0.0777515
TT	0.0766207
