kmer	count
sequence	0
AA	0.0476262
AC	0.100582
AG	0.0785136
AT	0.0523353
CA	0.031658
CC	0.1103
CG	0.0180444
CT	0.0526136
GA	0.022304
GC	0.0792628
GG	0.0494028
GT	0.0368595
TA	0.0257288
TC	0.145511
TG	0.0768654
TT	0.0723918
