kmer	count
sequence	0
AA	0.0487122
AC	0.112053
AG	0.0673033
AT	0.068778
CA	0.0376737
CC	0.108895
CG	0.00726959
CT	0.0709231
GA	0.0252052
GC	0.0714147
GG	0.0410106
GT	0.0502763
TA	0.0241028
TC	0.12406
TG	0.0657391
TT	0.0765839
