kmer	count
sequence	0
AA	0.0538673
AC	0.112353
AG	0.075717
AT	0.064928
CA	0.0371405
CC	0.0914348
CG	0.0087321
CT	0.0567004
GA	0.0254977
GC	0.0639384
GG	0.0410021
GT	0.0406916
TA	0.0306206
TC	0.138937
TG	0.0785889
TT	0.0798502
