kmer	count
sequence	0
AA	0.0501169
AC	0.107722
AG	0.0714494
AT	0.0501169
CA	0.0340809
CC	0.115101
CG	0.014173
CT	0.053441
GA	0.024547
GC	0.0765634
GG	0.04314
GT	0.0359804
TA	0.030282
TC	0.155465
TG	0.0681254
TT	0.0696961
