kmer	count
sequence	0
AA	0.0432996
AC	0.0995156
AG	0.0703068
AT	0.0546749
CA	0.032071
CC	0.113117
CG	0.018543
CT	0.060913
GA	0.0251725
GC	0.0822203
GG	0.0590293
GT	0.0423455
TA	0.0245854
TC	0.13325
TG	0.0677871
TT	0.0731689
