kmer	count
sequence	0
AA	0.0514383
AC	0.0948318
AG	0.0796824
AT	0.0492094
CA	0.03406
CC	0.0971651
CG	0.0192241
CT	0.052309
GA	0.0250052
GC	0.069931
GG	0.0530403
GT	0.035871
TA	0.0320053
TC	0.142126
TG	0.0850804
TT	0.0790207
