kmer	count
sequence	0
AA	0.051974
AC	0.111316
AG	0.0798917
AT	0.0636914
CA	0.0336211
CC	0.0877921
CG	0.00825548
CT	0.0598744
GA	0.0228801
GC	0.0635583
GG	0.0431859
GT	0.0402343
TA	0.0266528
TC	0.140498
TG	0.0835978
TT	0.0829764
