kmer	count
sequence	0
AA	0.0519087
AC	0.105368
AG	0.07838
AT	0.0622093
CA	0.040316
CC	0.0859115
CG	0.00937754
CT	0.0601418
GA	0.0269143
GC	0.0643506
GG	0.0450417
GT	0.040796
TA	0.0300524
TC	0.137193
TG	0.0821088
TT	0.0799306
