kmer	count
sequence	0
AA	0.0465325
AC	0.0955613
AG	0.0689338
AT	0.057131
CA	0.0420435
CC	0.0916855
CG	0.00919701
CT	0.0560142
GA	0.026956
GC	0.0599777
GG	0.0458756
GT	0.0414085
TA	0.0330873
TC	0.145313
TG	0.0974883
TT	0.082795
