kmer	count
sequence	0
AA	0.0522448
AC	0.110668
AG	0.0798734
AT	0.0595357
CA	0.0358787
CC	0.0933615
CG	0.00892172
CT	0.0607061
GA	0.0233691
GC	0.0650614
GG	0.0410975
GT	0.0405219
TA	0.0288181
TC	0.142249
TG	0.0791059
TT	0.0785879
