kmer	count
sequence	0
AA	0.0525631
AC	0.110861
AG	0.082357
AT	0.0613195
CA	0.0342397
CC	0.0863852
CG	0.00824061
CT	0.0576229
GA	0.0226586
GC	0.0623142
GG	0.0410311
GT	0.0389802
TA	0.030015
TC	0.147054
TG	0.0835605
TT	0.0807973
