kmer	count
sequence	0
AA	0.0258661
AC	0.0612453
AG	0.0406992
AT	0.0328109
CA	0.085906
CC	0.130824
CG	0.0379475
CT	0.0657267
GA	0.0435557
GC	0.0775984
GG	0.0689239
GT	0.0296661
TA	0.0433723
TC	0.124351
TG	0.0812149
TT	0.0502909
