kmer	count
sequence	0
AA	0.0493717
AC	0.0979141
AG	0.0795752
AT	0.0520508
CA	0.0329464
CC	0.104038
CG	0.0188174
CT	0.0590036
GA	0.0248772
GC	0.0698794
GG	0.0520827
GT	0.0390381
TA	0.0274606
TC	0.138324
TG	0.0781081
TT	0.0765134
