kmer	count
sequence	0
AA	0.0509983
AC	0.113114
AG	0.080334
AT	0.0597478
CA	0.0338912
CC	0.095512
CG	0.0086375
CT	0.0575303
GA	0.0225626
GC	0.0666974
GG	0.0423436
GT	0.0401347
TA	0.0281688
TC	0.142863
TG	0.0801876
TT	0.0772768
