kmer	count
sequence	0
AA	0.0536179
AC	0.108232
AG	0.0750433
AT	0.0681326
CA	0.0392331
CC	0.092331
CG	0.00771231
CT	0.0646664
GA	0.0271231
GC	0.0633666
GG	0.0421577
GT	0.0477253
TA	0.0290511
TC	0.124523
TG	0.0762132
TT	0.0808709
