kmer	count
sequence	0
AA	0.0455325
AC	0.0824901
AG	0.0616532
AT	0.0491768
CA	0.0635397
CC	0.109758
CG	0.022509
CT	0.0569371
GA	0.0335706
GC	0.0646973
GG	0.0543646
GT	0.0347282
TA	0.0434317
TC	0.127465
TG	0.0810753
TT	0.0690705
