kmer	count
sequence	0
AA	0.0514575
AC	0.108755
AG	0.0805615
AT	0.0640708
CA	0.0356909
CC	0.0871251
CG	0.00875923
CT	0.059189
GA	0.0229141
GC	0.0613146
GG	0.0439129
GT	0.0421844
TA	0.0297347
TC	0.140638
TG	0.0836448
TT	0.0800477
