kmer	count
sequence	0
AA	0.0492946
AC	0.100472
AG	0.0784645
AT	0.0538821
CA	0.0301437
CC	0.111746
CG	0.0154722
CT	0.0543149
GA	0.0227863
GC	0.0773825
GG	0.0500736
GT	0.0390158
TA	0.0267896
TC	0.142344
TG	0.0760409
TT	0.0717779
