kmer	count
sequence	0
AA	0.047866
AC	0.0990849
AG	0.0830431
AT	0.0517561
CA	0.0328431
CC	0.112626
CG	0.018524
CT	0.053664
GA	0.0225622
GC	0.0781157
GG	0.0527193
GT	0.0371406
TA	0.0262485
TC	0.137782
TG	0.0772081
TT	0.0688167
