kmer	count
sequence	0
AA	0.0467708
AC	0.099634
AG	0.0808238
AT	0.0509637
CA	0.033358
CC	0.112746
CG	0.0186944
CT	0.0583997
GA	0.0230263
GC	0.0764455
GG	0.050454
GT	0.0373888
TA	0.0257135
TC	0.140011
TG	0.0757274
TT	0.0698434
