kmer	count
sequence	0
AA	0.0461066
AC	0.0985005
AG	0.0819411
AT	0.0504457
CA	0.0315249
CC	0.107769
CG	0.0199244
CT	0.0559065
GA	0.0224039
GC	0.077661
GG	0.0503572
GT	0.0381368
TA	0.0270382
TC	0.142748
TG	0.0778381
TT	0.0716984
