kmer	count
sequence	0
AA	0.050912
AC	0.106592
AG	0.0872466
AT	0.0604489
CA	0.0360627
CC	0.0895493
CG	0.00886608
CT	0.0601226
GA	0.0230083
GC	0.0624433
GG	0.0455996
GT	0.0402328
TA	0.0288646
TC	0.132212
TG	0.0863582
TT	0.0814809
