kmer	count
sequence	0
AA	0.0486388
AC	0.097657
AG	0.0846139
AT	0.0549232
CA	0.0311611
CC	0.104463
CG	0.018118
CT	0.0559192
GA	0.0227186
GC	0.0746538
GG	0.0546149
GT	0.037066
TA	0.0257778
TC	0.13643
TG	0.078543
TT	0.0747012
