kmer	count
sequence	0
AA	0.0501558
AC	0.10045
AG	0.0768086
AT	0.0551402
CA	0.0322257
CC	0.103634
CG	0.0161648
CT	0.0535133
GA	0.0236414
GC	0.0761855
GG	0.050848
GT	0.037037
TA	0.0296989
TC	0.144791
TG	0.0743856
TT	0.0753202
