kmer	count
sequence	0
AA	0.047619
AC	0.105157
AG	0.0845452
AT	0.0588619
CA	0.0375779
CC	0.093568
CG	0.0108355
CT	0.0653998
GA	0.0249705
GC	0.0661738
GG	0.0488818
GT	0.0426494
TA	0.0262129
TC	0.127969
TG	0.08481
TT	0.0747688
