kmer	count
sequence	0
AA	0.0540219
AC	0.106262
AG	0.0803115
AT	0.0643765
CA	0.0366653
CC	0.0867194
CG	0.0083176
CT	0.0595387
GA	0.0225976
GC	0.0601965
GG	0.0430308
GT	0.0440917
TA	0.0310849
TC	0.135034
TG	0.0857222
TT	0.0820302
