kmer	count
sequence	0
AA	0.0470472
AC	0.100318
AG	0.0784208
AT	0.0483216
CA	0.0304059
CC	0.111048
CG	0.0170379
CT	0.0511348
GA	0.022934
GC	0.0788174
GG	0.0494902
GT	0.0356569
TA	0.027048
TC	0.153452
TG	0.0775641
TT	0.0713032
