kmer	count
sequence	0
AA	0.0527065
AC	0.105967
AG	0.0858194
AT	0.0610084
CA	0.0354752
CC	0.0875945
CG	0.00948299
CT	0.0597125
GA	0.0233194
GC	0.0591928
GG	0.043399
GT	0.0416509
TA	0.0292589
TC	0.135158
TG	0.087419
TT	0.0828361
