kmer	count
sequence	0
AA	0.0529086
AC	0.100231
AG	0.0824561
AT	0.054663
CA	0.0307018
CC	0.0942752
CG	0.01759
CT	0.0518006
GA	0.0238689
GC	0.0734995
GG	0.0498615
GT	0.0374885
TA	0.0295937
TC	0.143536
TG	0.0769621
TT	0.0805633
