kmer	count
sequence	0
AA	0.0457709
AC	0.0968541
AG	0.0749597
AT	0.0505762
CA	0.0340171
CC	0.114992
CG	0.0188638
CT	0.0565107
GA	0.0244642
GC	0.0816548
GG	0.0554967
GT	0.0377045
TA	0.0259622
TC	0.133533
TG	0.0788085
TT	0.0698318
