kmer	count
sequence	0
AA	0.0464458
AC	0.0966072
AG	0.0817667
AT	0.0493431
CA	0.0337506
CC	0.106958
CG	0.0189764
CT	0.0524174
GA	0.024196
GC	0.0749325
GG	0.0528155
GT	0.0366701
TA	0.0268059
TC	0.145021
TG	0.080683
TT	0.0726103
