kmer	count
sequence	0
AA	0.047708
AC	0.092238
AG	0.0814332
AT	0.0556924
CA	0.0354334
CC	0.103559
CG	0.0181139
CT	0.0583936
GA	0.0248272
GC	0.0680861
GG	0.0526734
GT	0.0375785
TA	0.0296735
TC	0.137284
TG	0.0802415
TT	0.0770636
