kmer	count
sequence	0
AA	0.0523346
AC	0.111464
AG	0.0853714
AT	0.0575931
CA	0.0334374
CC	0.081849
CG	0.00934845
CT	0.052969
GA	0.022286
GC	0.0605479
GG	0.0424019
GT	0.0398144
TA	0.0303991
TC	0.151812
TG	0.0880423
TT	0.0803299
