kmer	count
sequence	0
AA	0.0519267
AC	0.108547
AG	0.0855014
AT	0.0583181
CA	0.0367306
CC	0.0855279
CG	0.00859257
CT	0.0558517
GA	0.0240008
GC	0.0586363
GG	0.0445541
GT	0.0395152
TA	0.031347
TC	0.142202
TG	0.0877025
TT	0.081046
