kmer	count
sequence	0
AA	0.0539459
AC	0.104787
AG	0.0815858
AT	0.0602655
CA	0.0415254
CC	0.0871619
CG	0.00990575
CT	0.0588222
GA	0.0262185
GC	0.057379
GG	0.0453303
GT	0.0393387
TA	0.0331285
TC	0.131836
TG	0.0899609
TT	0.0788087
