kmer	count
sequence	0
AA	0.0482228
AC	0.106839
AG	0.0756807
AT	0.0513752
CA	0.0286001
CC	0.115657
CG	0.0159905
CT	0.051695
GA	0.0232091
GC	0.082648
GG	0.0464181
GT	0.0370523
TA	0.024831
TC	0.152846
TG	0.0705866
TT	0.068348
