kmer	count
sequence	0
AA	0.0517099
AC	0.113124
AG	0.0762591
AT	0.0578128
CA	0.0371674
CC	0.0923686
CG	0.00791731
CT	0.0556686
GA	0.0238619
GC	0.064658
GG	0.0400814
GT	0.0410161
TA	0.0301847
TC	0.148147
TG	0.0798603
TT	0.0801627
