kmer	count
sequence	0
AA	0.0494128
AC	0.099371
AG	0.0825546
AT	0.0485402
CA	0.0323237
CC	0.108279
CG	0.0171436
CT	0.0524488
GA	0.0235792
GC	0.0760644
GG	0.0531578
GT	0.0346871
TA	0.0270698
TC	0.147366
TG	0.0769552
TT	0.0710468
