kmer	count
sequence	0
AA	0.0512752
AC	0.110305
AG	0.0792995
AT	0.0591628
CA	0.0374627
CC	0.0920351
CG	0.0085237
CT	0.0569632
GA	0.0239453
GC	0.0642312
GG	0.0429054
GT	0.039683
TA	0.0296666
TC	0.143132
TG	0.0818732
TT	0.0795365
