kmer	count
sequence	0
AA	0.0416875
AC	0.0934939
AG	0.0724289
AT	0.0459005
CA	0.0419376
CC	0.11377
CG	0.0203917
CT	0.0567889
GA	0.0287792
GC	0.0795083
GG	0.0553076
GT	0.0374937
TA	0.0291639
TC	0.141318
TG	0.0755069
TT	0.066523
