kmer	count
sequence	0
AA	0.0530136
AC	0.108726
AG	0.0833132
AT	0.0608265
CA	0.0351435
CC	0.0862253
CG	0.0079975
CT	0.0574172
GA	0.0229413
GC	0.0607554
GG	0.0436666
GT	0.0392346
TA	0.0315638
TC	0.142052
TG	0.084961
TT	0.0821626
