kmer	count
sequence	0
AA	0.0525629
AC	0.113014
AG	0.0788969
AT	0.0605861
CA	0.0363516
CC	0.0934735
CG	0.00875799
CT	0.0568669
GA	0.0247143
GC	0.0658199
GG	0.0413305
GT	0.0395759
TA	0.0290483
TC	0.142317
TG	0.0797966
TT	0.0768873
