kmer	count
sequence	0
AA	0.0585963
AC	0.107976
AG	0.080553
AT	0.0657797
CA	0.0348777
CC	0.0845287
CG	0.00903567
CT	0.0571506
GA	0.0234024
GC	0.0599517
GG	0.0386049
GT	0.0409316
TA	0.0316926
TC	0.137862
TG	0.0830378
TT	0.0860196
