kmer	count
sequence	0
AA	0.0479994
AC	0.0941439
AG	0.0838435
AT	0.0521231
CA	0.030685
CC	0.10584
CG	0.0193852
CT	0.0553375
GA	0.0216542
GC	0.0746957
GG	0.0531856
GT	0.0380501
TA	0.0273356
TC	0.140144
TG	0.0791616
TT	0.0764154
