kmer	count
sequence	0
AA	0.0439821
AC	0.0993555
AG	0.0866782
AT	0.0489711
CA	0.0321245
CC	0.11192
CG	0.018797
CT	0.0510063
GA	0.0236446
GC	0.0777743
GG	0.0582283
GT	0.0372548
TA	0.0264289
TC	0.13589
TG	0.0839505
TT	0.0639946
