kmer	count
sequence	0
AA	0.049943
AC	0.0940752
AG	0.077858
AT	0.0547664
CA	0.0335359
CC	0.0997341
CG	0.0181162
CT	0.0596658
GA	0.0235093
GC	0.0695025
GG	0.0511964
GT	0.0375617
TA	0.0311432
TC	0.138245
TG	0.0802507
TT	0.0808963
