kmer	count
sequence	0
AA	0.0557689
AC	0.109677
AG	0.081989
AT	0.0598146
CA	0.0355917
CC	0.0886977
CG	0.00851812
CT	0.0557177
GA	0.0231986
GC	0.0626824
GG	0.0422833
GT	0.0399106
TA	0.0296
TC	0.14445
TG	0.0835083
TT	0.078592
