kmer	count
sequence	0
AA	0.0515143
AC	0.101875
AG	0.0874196
AT	0.0622147
CA	0.0365189
CC	0.0824866
CG	0.00993963
CT	0.0599323
GA	0.0243459
GC	0.058926
GG	0.0443479
GT	0.0412065
TA	0.031316
TC	0.136578
TG	0.087616
TT	0.0837628
