kmer	count
sequence	0
AA	0.051971
AC	0.108166
AG	0.0816112
AT	0.0653626
CA	0.0368442
CC	0.090796
CG	0.00943016
CT	0.0610857
GA	0.0230846
GC	0.0628385
GG	0.0427512
GT	0.0427512
TA	0.0276595
TC	0.13395
TG	0.0819267
TT	0.0797707
