kmer	count
sequence	0
AA	0.0532357
AC	0.102272
AG	0.0839884
AT	0.0609669
CA	0.0379886
CC	0.0863142
CG	0.00910951
CT	0.058878
GA	0.0247873
GC	0.0586626
GG	0.0463444
GT	0.0412835
TA	0.0320663
TC	0.134963
TG	0.0870679
TT	0.0820717
