kmer	count
sequence	0
AA	0.0508462
AC	0.106809
AG	0.0807272
AT	0.0608368
CA	0.0362084
CC	0.0905513
CG	0.00962732
CT	0.0592928
GA	0.0235839
GC	0.0634404
GG	0.0427477
GT	0.0409918
TA	0.0290031
TC	0.142109
TG	0.0812873
TT	0.0819382
