kmer	count
sequence	0
AA	0.0528247
AC	0.114762
AG	0.0776299
AT	0.0638172
CA	0.0320072
CC	0.0962186
CG	0.00767201
CT	0.0592686
GA	0.0220002
GC	0.0672287
GG	0.0407557
GT	0.0419686
TA	0.0277314
TC	0.138945
TG	0.0788732
TT	0.078297
