kmer	count
sequence	0
AA	0.0476954
AC	0.0956068
AG	0.0823718
AT	0.0468933
CA	0.0321158
CC	0.104276
CG	0.018202
CT	0.0514284
GA	0.0226137
GC	0.0725612
GG	0.0532486
GT	0.0344913
TA	0.0327945
TC	0.150676
TG	0.0810452
TT	0.0739804
