kmer	count
sequence	0
AA	0.0447413
AC	0.092854
AG	0.068262
AT	0.0528861
CA	0.0601645
CC	0.0967767
CG	0.0115162
CT	0.0618974
GA	0.0330046
GC	0.0641975
GG	0.0515155
GT	0.039574
TA	0.036502
TC	0.128442
TG	0.0872613
TT	0.0704046
