kmer	count
sequence	0
AA	0.0480144
AC	0.0964415
AG	0.0895307
AT	0.0504384
CA	0.0294997
CC	0.104719
CG	0.0184116
CT	0.0530944
GA	0.0233883
GC	0.0731305
GG	0.0575039
GT	0.0365652
TA	0.0246003
TC	0.136256
TG	0.0906911
TT	0.0677153
