kmer	count
sequence	0
AA	0.0489115
AC	0.100892
AG	0.0779986
AT	0.0505797
CA	0.0300547
CC	0.109491
CG	0.0167048
CT	0.0548239
GA	0.0226447
GC	0.0780953
GG	0.0491051
GT	0.0364371
TA	0.0263866
TC	0.14779
TG	0.0755793
TT	0.0745055
