kmer	count
sequence	0
AA	0.0530924
AC	0.103587
AG	0.0857851
AT	0.0599726
CA	0.0369266
CC	0.0831148
CG	0.00940605
CT	0.0584811
GA	0.0233106
GC	0.059708
GG	0.0440713
GT	0.0399817
TA	0.0302148
TC	0.140778
TG	0.0888402
TT	0.0827299
