kmer	count
sequence	0
AA	0.0515115
AC	0.0991019
AG	0.0773463
AT	0.0564129
CA	0.0315267
CC	0.102232
CG	0.0155262
CT	0.053978
GA	0.0246964
GC	0.0739312
GG	0.0466734
GT	0.0402542
TA	0.0294713
TC	0.143593
TG	0.0728877
TT	0.0808563
