kmer	count
sequence	0
AA	0.0507618
AC	0.108716
AG	0.089536
AT	0.0594364
CA	0.0335215
CC	0.0845448
CG	0.00908873
CT	0.0575402
GA	0.0209673
GC	0.059153
GG	0.0445936
GT	0.0405397
TA	0.0296855
TC	0.141889
TG	0.0880757
TT	0.0819511
