kmer	count
sequence	0
AA	0.0521803
AC	0.0999887
AG	0.0839115
AT	0.053788
CA	0.03018
CC	0.105009
CG	0.016049
CT	0.0516162
GA	0.0230157
GC	0.073814
GG	0.0473853
GT	0.0363006
TA	0.0295876
TC	0.146161
TG	0.0770012
TT	0.0740114
