kmer	count
sequence	0
AA	0.0528831
AC	0.109402
AG	0.0855792
AT	0.0613241
CA	0.0338656
CC	0.0825791
CG	0.00816129
CT	0.0552222
GA	0.0234415
GC	0.0604851
GG	0.0413912
GT	0.0395861
TA	0.0313739
TC	0.14431
TG	0.0876894
TT	0.0827062
