kmer	count
sequence	0
AA	0.0487871
AC	0.109787
AG	0.0789937
AT	0.0615652
CA	0.0365118
CC	0.0876451
CG	0.0089656
CT	0.0592819
GA	0.0242365
GC	0.0623822
GG	0.0437387
GT	0.0415183
TA	0.0307302
TC	0.138506
TG	0.0865348
TT	0.0808161
