kmer	count
sequence	0
AA	0.0523585
AC	0.112867
AG	0.0814483
AT	0.0613898
CA	0.0326159
CC	0.0935733
CG	0.00836604
CT	0.0561673
GA	0.0227031
GC	0.0627037
GG	0.0419134
GT	0.0406826
TA	0.0289901
TC	0.143603
TG	0.0816646
TT	0.0789535
