kmer	count
sequence	0
AA	0.0520866
AC	0.109921
AG	0.0781239
AT	0.0640013
CA	0.0367522
CC	0.0954021
CG	0.00803916
CT	0.0630414
GA	0.0243335
GC	0.0650932
GG	0.0414077
GT	0.0434955
TA	0.0270332
TC	0.131218
TG	0.0787238
TT	0.0813275
