kmer	count
sequence	0
AA	0.0514975
AC	0.108077
AG	0.0809561
AT	0.0620172
CA	0.0351674
CC	0.0932545
CG	0.00897818
CT	0.059527
GA	0.024817
GC	0.0655407
GG	0.0461783
GT	0.0399106
TA	0.0281881
TC	0.134724
TG	0.0830058
TT	0.078161
