kmer	count
sequence	0
AA	0.0504741
AC	0.0991029
AG	0.0797422
AT	0.0524613
CA	0.0325044
CC	0.0995004
CG	0.015869
CT	0.0560098
GA	0.0237609
GC	0.0726452
GG	0.0484301
GT	0.0355135
TA	0.0289559
TC	0.149322
TG	0.077897
TT	0.0778118
