kmer	count
sequence	0
AA	0.0366667
AC	0.0727083
AG	0.0596528
AT	0.0434028
CA	0.0718056
CC	0.117326
CG	0.0331944
CT	0.0642361
GA	0.0352083
GC	0.0683681
GG	0.0631597
GT	0.0332639
TA	0.0399653
TC	0.117396
TG	0.0842708
TT	0.059375
