kmer	count
sequence	0
AA	0.0556452
AC	0.104504
AG	0.0815893
AT	0.0584776
CA	0.0387884
CC	0.079878
CG	0.00936271
CT	0.0548584
GA	0.0253344
GC	0.0585563
GG	0.0433517
GT	0.0392014
TA	0.0325924
TC	0.14404
TG	0.0866837
TT	0.0871361
