kmer	count
sequence	0
AA	0.0539209
AC	0.104313
AG	0.0825657
AT	0.0616435
CA	0.0403089
CC	0.0871946
CG	0.00900591
CT	0.063408
GA	0.0255282
GC	0.0602227
GG	0.0437234
GT	0.0415234
TA	0.0306843
TC	0.130001
TG	0.0844218
TT	0.0815344
