kmer	count
sequence	0
AA	0.0485453
AC	0.0992379
AG	0.0809019
AT	0.0505873
CA	0.0290725
CC	0.108164
CG	0.0168624
CT	0.0507979
GA	0.0238306
GC	0.080165
GG	0.054524
GT	0.0364195
TA	0.02602
TC	0.146015
TG	0.0761863
TT	0.0726706
