kmer	count
sequence	0
AA	0.0496844
AC	0.0978807
AG	0.074764
AT	0.0655147
CA	0.042911
CC	0.0951868
CG	0.0106989
CT	0.0807805
GA	0.0279274
GC	0.0648348
GG	0.0476319
GT	0.0512751
TA	0.0265805
TC	0.110953
TG	0.074533
TT	0.0788434
