kmer	count
sequence	0
AA	0.0477671
AC	0.103268
AG	0.0765031
AT	0.0500038
CA	0.0281674
CC	0.106756
CG	0.0167943
CT	0.0516718
GA	0.0228979
GC	0.0779058
GG	0.0457957
GT	0.0395026
TA	0.0283191
TC	0.154219
TG	0.0745697
TT	0.0758587
