kmer	count
sequence	0
AA	0.0481988
AC	0.0970941
AG	0.0793708
AT	0.0534102
CA	0.0336695
CC	0.102185
CG	0.0169308
CT	0.0538184
GA	0.0228146
GC	0.0739914
GG	0.0508646
GT	0.0378963
TA	0.0282901
TC	0.146134
TG	0.0783862
TT	0.0769452
