kmer	count
sequence	0
AA	0.0549079
AC	0.108574
AG	0.0807492
AT	0.0623798
CA	0.0347957
CC	0.0902845
CG	0.00893429
CT	0.059375
GA	0.023758
GC	0.0629407
GG	0.0445913
GT	0.0400441
TA	0.0288862
TC	0.134455
TG	0.0838141
TT	0.0815104
