kmer	count
sequence	0
AA	0.0536103
AC	0.111325
AG	0.0847409
AT	0.060209
CA	0.0333407
CC	0.08924
CG	0.00839832
CT	0.0534525
GA	0.0222113
GC	0.0633189
GG	0.0442017
GT	0.0394184
TA	0.0295836
TC	0.142519
TG	0.0864459
TT	0.0779844
