kmer	count
sequence	0
AA	0.0491787
AC	0.0969616
AG	0.0748555
AT	0.0556061
CA	0.0336298
CC	0.105596
CG	0.015906
CT	0.0580082
GA	0.0236642
GC	0.0752775
GG	0.0469389
GT	0.0394404
TA	0.0301565
TC	0.146043
TG	0.0732974
TT	0.0754398
