kmer	count
sequence	0
AA	0.0503192
AC	0.095806
AG	0.0854761
AT	0.0522699
CA	0.0306349
CC	0.101702
CG	0.0150736
CT	0.0544423
GA	0.0226104
GC	0.074304
GG	0.0525359
GT	0.0391913
TA	0.0269551
TC	0.142357
TG	0.0823728
TT	0.0739493
