kmer	count
sequence	0
AA	0.0466106
AC	0.102344
AG	0.0795643
AT	0.0533562
CA	0.0312396
CC	0.109035
CG	0.0178868
CT	0.0558443
GA	0.0238029
GC	0.0783755
GG	0.0519463
GT	0.0374599
TA	0.0262081
TC	0.142044
TG	0.0735652
TT	0.0707177
