kmer	count
sequence	0
AA	0.0522028
AC	0.108989
AG	0.0859964
AT	0.0606094
CA	0.0380804
CC	0.0880748
CG	0.00968712
CT	0.055005
GA	0.0253869
GC	0.0616487
GG	0.0471365
GT	0.0413651
TA	0.0304161
TC	0.130312
TG	0.0870356
TT	0.0780537
