kmer	count
sequence	0
AA	0.051562
AC	0.102619
AG	0.0710678
AT	0.0553311
CA	0.0340768
CC	0.103007
CG	0.0153093
CT	0.0518729
GA	0.025373
GC	0.0727386
GG	0.048065
GT	0.0360584
TA	0.031862
TC	0.146682
TG	0.0726997
TT	0.0816755
