kmer	count
sequence	0
AA	0.0529424
AC	0.109619
AG	0.0854708
AT	0.0612825
CA	0.0359375
CC	0.087987
CG	0.00868506
CT	0.0560471
GA	0.0225852
GC	0.0619724
GG	0.0428977
GT	0.0402394
TA	0.0295252
TC	0.13817
TG	0.0850446
TT	0.081595
