kmer	count
sequence	0
AA	0.0474811
AC	0.0982012
AG	0.0780514
AT	0.0477054
CA	0.0320403
CC	0.108746
CG	0.0175212
CT	0.0512931
GA	0.0233949
GC	0.0769863
GG	0.0509505
GT	0.0342016
TA	0.0291626
TC	0.153879
TG	0.0785995
TT	0.0717854
