kmer	count
sequence	0
AA	0.0522916
AC	0.0825453
AG	0.107503
AT	0.029582
CA	0.0404072
CC	0.106883
CG	0.0274634
CT	0.0402522
GA	0.0247248
GC	0.0615925
GG	0.0674314
GT	0.0222188
TA	0.0373844
TC	0.134811
TG	0.10975
TT	0.0551594
