kmer	count
sequence	0
AA	0.0537397
AC	0.102679
AG	0.0737775
AT	0.0589782
CA	0.0485609
CC	0.0861667
CG	0.0101982
CT	0.0563291
GA	0.027328
GC	0.0562693
GG	0.0446171
GT	0.038781
TA	0.0365701
TC	0.137516
TG	0.0855492
TT	0.0829399
