kmer	count
sequence	0
AA	0.05218
AC	0.0961629
AG	0.0774474
AT	0.0561464
CA	0.034346
CC	0.100746
CG	0.0177459
CT	0.0565578
GA	0.0244153
GC	0.0723646
GG	0.0479492
GT	0.0407804
TA	0.0307028
TC	0.136503
TG	0.0782701
TT	0.0776825
