kmer	count
sequence	0
AA	0.0438357
AC	0.0955875
AG	0.0639231
AT	0.0543531
CA	0.0364334
CC	0.126417
CG	0.0162979
CT	0.0679694
GA	0.0332541
GC	0.0879444
GG	0.0512701
GT	0.0468063
TA	0.024503
TC	0.122162
TG	0.059411
TT	0.069832
