kmer	count
sequence	0
AA	0.049899
AC	0.0969816
AG	0.0737158
AT	0.0499296
CA	0.0349905
CC	0.110176
CG	0.0175412
CT	0.0552868
GA	0.0230821
GC	0.0763791
GG	0.0486745
GT	0.0382661
TA	0.0311945
TC	0.148442
TG	0.0720015
TT	0.0734403
