kmer	count
sequence	0
AA	0.0538625
AC	0.107331
AG	0.0819252
AT	0.0653089
CA	0.0360896
CC	0.0892706
CG	0.00865825
CT	0.0603265
GA	0.0234367
GC	0.0604765
GG	0.0421472
GT	0.0415721
TA	0.0290005
TC	0.135206
TG	0.0834193
TT	0.081969
