kmer	count
sequence	0
AA	0.0449959
AC	0.100455
AG	0.0756617
AT	0.0449338
CA	0.0343672
CC	0.114454
CG	0.0190653
CT	0.0503929
GA	0.0241935
GC	0.0787014
GG	0.0479942
GT	0.0336022
TA	0.0296526
TC	0.154487
TG	0.0761166
TT	0.0709264
