kmer	count
sequence	0
AA	0.0495314
AC	0.105459
AG	0.0835329
AT	0.059075
CA	0.0363618
CC	0.0934528
CG	0.00916741
CT	0.0610761
GA	0.0236027
GC	0.0621879
GG	0.0466238
GT	0.041356
TA	0.0285968
TC	0.133731
TG	0.0865773
TT	0.0796675
