kmer	count
sequence	0
AA	0.0471828
AC	0.088345
AG	0.0684183
AT	0.0497677
CA	0.0380538
CC	0.101826
CG	0.0170146
CT	0.0498004
GA	0.0248675
GC	0.0740462
GG	0.054414
GT	0.0370395
TA	0.0350435
TC	0.146195
TG	0.0901119
TT	0.0778745
