kmer	count
sequence	0
AA	0.0490115
AC	0.0986114
AG	0.0750177
AT	0.0579842
CA	0.0352436
CC	0.110614
CG	0.0153271
CT	0.0625147
GA	0.0259473
GC	0.079048
GG	0.0499823
GT	0.0420981
TA	0.0275065
TC	0.126824
TG	0.0712226
TT	0.0730466
