kmer	count
sequence	0
AA	0.0488271
AC	0.105346
AG	0.0863612
AT	0.0619203
CA	0.0363339
CC	0.086743
CG	0.00812875
CT	0.0598472
GA	0.0223677
GC	0.0595199
GG	0.0454992
GT	0.0431533
TA	0.0274959
TC	0.129351
TG	0.0925259
TT	0.0865794
