kmer	count
sequence	0
AA	0.0465914
AC	0.0991589
AG	0.0833333
AT	0.0561089
CA	0.0284418
CC	0.107459
CG	0.0194223
CT	0.0561089
GA	0.0230744
GC	0.0748672
GG	0.0505755
GT	0.0410027
TA	0.0262284
TC	0.138225
TG	0.0747565
TT	0.0746459
