kmer	count
sequence	0
AA	0.0544635
AC	0.109136
AG	0.0812153
AT	0.0598055
CA	0.0373941
CC	0.0864321
CG	0.00880598
CT	0.0583239
GA	0.0243312
GC	0.060515
GG	0.042444
GT	0.0395852
TA	0.0310296
TC	0.142189
TG	0.0819039
TT	0.0824256
