kmer	count
sequence	0
AA	0.0488366
AC	0.0994032
AG	0.0740088
AT	0.0491223
CA	0.0290131
CC	0.110275
CG	0.0163953
CT	0.0541536
GA	0.0224582
GC	0.0813732
GG	0.0467416
GT	0.0371711
TA	0.0270927
TC	0.155112
TG	0.0726915
TT	0.0761515
