kmer	count
sequence	0
AA	0.0488727
AC	0.0963271
AG	0.0750759
AT	0.0557906
CA	0.0330215
CC	0.110511
CG	0.018066
CT	0.0611407
GA	0.0243119
GC	0.0774897
GG	0.0493207
GT	0.0407605
TA	0.0293137
TC	0.137312
TG	0.072463
TT	0.0702235
