kmer	count
sequence	0
AA	0.0475424
AC	0.0949411
AG	0.0856568
AT	0.0517677
CA	0.0289738
CC	0.0985628
CG	0.0171314
CT	0.0523426
GA	0.0233688
GC	0.0761426
GG	0.0522564
GT	0.0389192
TA	0.0274504
TC	0.14852
TG	0.0804829
TT	0.0759414
