kmer	count
sequence	0
AA	0.0550822
AC	0.107022
AG	0.082771
AT	0.0632223
CA	0.0362927
CC	0.0860818
CG	0.00757065
CT	0.0570434
GA	0.0230915
GC	0.061472
GG	0.0428511
GT	0.0394348
TA	0.03062
TC	0.140426
TG	0.0829397
TT	0.0840784
