kmer	count
sequence	0
AA	0.0494559
AC	0.0991783
AG	0.0756578
AT	0.0543638
CA	0.0329758
CC	0.108508
CG	0.0166055
CT	0.0570295
GA	0.0241007
GC	0.0777746
GG	0.0498322
GT	0.0402672
TA	0.0273309
TC	0.138959
TG	0.0723492
TT	0.0756108
