kmer	count
sequence	0
AA	0.0529894
AC	0.112134
AG	0.0807061
AT	0.058032
CA	0.0351982
CC	0.08923
CG	0.00867362
CT	0.0543311
GA	0.023118
GC	0.0644412
GG	0.0407146
GT	0.0386946
TA	0.0307592
TC	0.147132
TG	0.0830952
TT	0.0807509
