kmer	count
sequence	0
AA	0.0539828
AC	0.111512
AG	0.0816137
AT	0.0596989
CA	0.0356914
CC	0.087911
CG	0.00868066
CT	0.0563855
GA	0.0241237
GC	0.0619272
GG	0.0412719
GT	0.0391792
TA	0.0313899
TC	0.143502
TG	0.0819818
TT	0.0811486
