kmer	count
sequence	0
AA	0.0539616
AC	0.107726
AG	0.0832017
AT	0.0594455
CA	0.0375976
CC	0.0853514
CG	0.00938844
CT	0.0564403
GA	0.0239537
GC	0.0601035
GG	0.0443099
GT	0.0376415
TA	0.0314337
TC	0.139554
TG	0.0882688
TT	0.0816224
