kmer	count
sequence	0
AA	0.057695
AC	0.105504
AG	0.0819096
AT	0.0624483
CA	0.0353059
CC	0.0812896
CG	0.00819785
CT	0.0595894
GA	0.0234913
GC	0.0602783
GG	0.0410926
GT	0.0421948
TA	0.0314825
TC	0.138606
TG	0.0832874
TT	0.0876274
