kmer	count
sequence	0
AA	0.057577
AC	0.109739
AG	0.0853473
AT	0.0615378
CA	0.0358485
CC	0.0860634
CG	0.0082125
CT	0.0558315
GA	0.0222879
GC	0.0582483
GG	0.0417786
GT	0.039138
TA	0.031015
TC	0.139814
TG	0.0849893
TT	0.0825725
