kmer	count
sequence	0
AA	0.0527716
AC	0.112038
AG	0.0768076
AT	0.0656136
CA	0.0364538
CC	0.095573
CG	0.0078162
CT	0.0607999
GA	0.0250151
GC	0.0646346
GG	0.0423935
GT	0.0443843
TA	0.0280012
TC	0.131717
TG	0.0771666
TT	0.0788147
