kmer	count
sequence	0
AA	0.0573489
AC	0.109245
AG	0.0832863
AT	0.0587392
CA	0.0392101
CC	0.0882609
CG	0.00940609
CT	0.0566538
GA	0.0249381
GC	0.060086
GG	0.0432506
GT	0.0408177
TA	0.0316288
TC	0.136377
TG	0.0822218
TT	0.0785289
