kmer	count
sequence	0
AA	0.0480828
AC	0.0976082
AG	0.0830866
AT	0.051044
CA	0.0311503
CC	0.102639
CG	0.0179575
CT	0.0555239
GA	0.0231397
GC	0.0756264
GG	0.0504746
GT	0.0383637
TA	0.0283789
TC	0.144438
TG	0.0769742
TT	0.0755125
