kmer	count
sequence	0
AA	0.0500064
AC	0.107696
AG	0.0839029
AT	0.0625929
CA	0.035637
CC	0.0864711
CG	0.0100819
CT	0.059876
GA	0.0225411
GC	0.0614467
GG	0.0425139
GT	0.0411555
TA	0.0292482
TC	0.137348
TG	0.0856009
TT	0.0838816
