kmer	count
sequence	0
AA	0.0488692
AC	0.100687
AG	0.0754989
AT	0.0480044
CA	0.0326386
CC	0.108115
CG	0.0167627
CT	0.0505543
GA	0.0228603
GC	0.0799778
GG	0.0485588
GT	0.0340798
TA	0.0305322
TC	0.153437
TG	0.0767849
TT	0.0726386
