kmer	count
sequence	0
AA	0.0477301
AC	0.0971557
AG	0.0807723
AT	0.0520961
CA	0.0318554
CC	0.108198
CG	0.0174007
CT	0.0542368
GA	0.0252427
GC	0.076597
GG	0.0541732
GT	0.0367725
TA	0.027786
TC	0.137976
TG	0.0803908
TT	0.0716163
