kmer	count
sequence	0
AA	0.0525186
AC	0.110452
AG	0.0855236
AT	0.0605714
CA	0.0344522
CC	0.0865973
CG	0.00900985
CT	0.0549227
GA	0.023505
GC	0.0607348
GG	0.0433453
GT	0.0404743
TA	0.0304608
TC	0.142827
TG	0.0858037
TT	0.0788012
