kmer	count
sequence	0
AA	0.0541924
AC	0.108406
AG	0.0849377
AT	0.0608615
CA	0.0381486
CC	0.0815821
CG	0.00815821
CT	0.0562896
GA	0.0251248
GC	0.057464
GG	0.0437482
GT	0.0378759
TA	0.0326748
TC	0.138354
TG	0.0891322
TT	0.0830502
