kmer	count
sequence	0
AA	0.0529114
AC	0.108585
AG	0.0808622
AT	0.0606986
CA	0.0376485
CC	0.0890439
CG	0.00944846
CT	0.0560262
GA	0.0241091
GC	0.0646856
GG	0.0446258
GT	0.0397874
TA	0.030775
TC	0.136432
TG	0.0844755
TT	0.0798862
