kmer	count
sequence	0
AA	0.0543689
AC	0.100636
AG	0.0765651
AT	0.051992
CA	0.0299967
CC	0.104988
CG	0.0158353
CT	0.0542015
GA	0.0238366
GC	0.0778373
GG	0.0488785
GT	0.0387345
TA	0.0288249
TC	0.14302
TG	0.0730164
TT	0.0772682
