kmer	count
sequence	0
AA	0.0488308
AC	0.0982597
AG	0.0839962
AT	0.0479337
CA	0.0333114
CC	0.101728
CG	0.0178219
CT	0.0524191
GA	0.0226661
GC	0.0735004
GG	0.0498475
GT	0.0349261
TA	0.0331021
TC	0.147449
TG	0.0801986
TT	0.0740087
