kmer	count
sequence	0
AA	0.046669
AC	0.0996437
AG	0.0783755
AT	0.0540435
CA	0.0313858
CC	0.106234
CG	0.0178126
CT	0.0598504
GA	0.0248308
GC	0.0729248
GG	0.0516922
GT	0.0394727
TA	0.0265408
TC	0.140114
TG	0.0729248
TT	0.0774849
