kmer	count
sequence	0
AA	0.0540865
AC	0.105082
AG	0.0750343
AT	0.065216
CA	0.0386489
CC	0.0900194
CG	0.00836663
CT	0.0658092
GA	0.0289554
GC	0.0638268
GG	0.0431756
GT	0.0482798
TA	0.0296266
TC	0.123564
TG	0.0775943
TT	0.0827142
