kmer	count
sequence	0
AA	0.0556034
AC	0.109419
AG	0.0804704
AT	0.0627965
CA	0.0349507
CC	0.085104
CG	0.00781095
CT	0.0590455
GA	0.0237197
GC	0.0596854
GG	0.0398711
GT	0.0411509
TA	0.0304936
TC	0.141303
TG	0.0808897
TT	0.0876856
