kmer	count
sequence	0
AA	0.0543682
AC	0.109617
AG	0.0785972
AT	0.0610224
CA	0.0386527
CC	0.0891068
CG	0.00939408
CT	0.0559144
GA	0.0246399
GC	0.0594959
GG	0.0427235
GT	0.0398857
TA	0.0309418
TC	0.13868
TG	0.0852709
TT	0.0816894
