kmer	count
sequence	0
AA	0.0556885
AC	0.112249
AG	0.0810088
AT	0.0587699
CA	0.0317061
CC	0.0869486
CG	0.00784544
CT	0.0542897
GA	0.0221375
GC	0.0630676
GG	0.0409098
GT	0.0403219
TA	0.0303681
TC	0.149732
TG	0.0827522
TT	0.0822048
