kmer	count
sequence	0
AA	0.0514497
AC	0.111816
AG	0.0784297
AT	0.0610128
CA	0.0348481
CC	0.0940007
CG	0.00816617
CT	0.0573499
GA	0.023019
GC	0.0651965
GG	0.0427664
GT	0.0412223
TA	0.0285564
TC	0.142779
TG	0.0804802
TT	0.0789073
