kmer	count
sequence	0
AA	0.049712
AC	0.0975909
AG	0.0810539
AT	0.0496717
CA	0.0318052
CC	0.103452
CG	0.0166177
CT	0.0500544
GA	0.0240503
GC	0.0761793
GG	0.0528341
GT	0.036438
TA	0.0299118
TC	0.14545
TG	0.0813157
TT	0.0738629
