kmer	count
sequence	0
AA	0.0440384
AC	0.0944763
AG	0.0795442
AT	0.0508027
CA	0.0316886
CC	0.11606
CG	0.0205456
CT	0.0630684
GA	0.0232963
GC	0.0834456
GG	0.0548164
GT	0.0410071
TA	0.0230156
TC	0.132536
TG	0.0748288
TT	0.0668295
