kmer	count
sequence	0
AA	0.0484014
AC	0.0938898
AG	0.0799776
AT	0.0509415
CA	0.0339066
CC	0.104167
CG	0.0181068
CT	0.0539243
GA	0.0238395
GC	0.0720311
GG	0.0549264
GT	0.0365865
TA	0.0305509
TC	0.142967
TG	0.0828673
TT	0.0729167
