kmer	count
sequence	0
AA	0.0430221
AC	0.102015
AG	0.0751197
AT	0.0509295
CA	0.031664
CC	0.121523
CG	0.0193695
CT	0.0576056
GA	0.0226122
GC	0.0881251
GG	0.0535479
GT	0.0397101
TA	0.0214504
TC	0.133245
TG	0.0730561
TT	0.0670042
