kmer	count
sequence	0
AA	0.0473279
AC	0.102486
AG	0.0821775
AT	0.0510813
CA	0.0297291
CC	0.105195
CG	0.0182202
CT	0.0549093
GA	0.0220482
GC	0.0759632
GG	0.0506836
GT	0.0355953
TA	0.0268954
TC	0.145762
TG	0.0785235
TT	0.0734029
