kmer	count
sequence	0
AA	0.0529068
AC	0.105572
AG	0.0925264
AT	0.0575406
CA	0.0374237
CC	0.0874274
CG	0.0099933
CT	0.0555494
GA	0.0229269
GC	0.0600715
GG	0.049278
GT	0.040792
TA	0.0283981
TC	0.130304
TG	0.0942385
TT	0.0750521
