kmer	count
sequence	0
AA	0.0455019
AC	0.100562
AG	0.0810156
AT	0.0461361
CA	0.0337471
CC	0.110188
CG	0.0192064
CT	0.0533611
GA	0.0238494
GC	0.075308
GG	0.0542444
GT	0.0353778
TA	0.0279489
TC	0.146335
TG	0.0805173
TT	0.0667014
