kmer	count
sequence	0
AA	0.0523564
AC	0.111989
AG	0.0770517
AT	0.0557322
CA	0.0371821
CC	0.0921932
CG	0.00842292
CT	0.0527497
GA	0.02422
GC	0.0674161
GG	0.042557
GT	0.0394271
TA	0.0313975
TC	0.14763
TG	0.082148
TT	0.0775269
