kmer	count
sequence	0
AA	0.0507915
AC	0.110233
AG	0.0745451
AT	0.063222
CA	0.0364324
CC	0.0895725
CG	0.00763781
CT	0.0586584
GA	0.024441
GC	0.0622482
GG	0.0367379
GT	0.0414161
TA	0.0322316
TC	0.148345
TG	0.0776002
TT	0.0858872
