kmer	count
sequence	0
AA	0.0471132
AC	0.104638
AG	0.0807829
AT	0.0474673
CA	0.0298303
CC	0.111808
CG	0.0173494
CT	0.0498351
GA	0.0219301
GC	0.0812587
GG	0.0502667
GT	0.0335922
TA	0.0274735
TC	0.149395
TG	0.0765784
TT	0.0706809
