kmer	count
sequence	0
AA	0.0551254
AC	0.104699
AG	0.0829072
AT	0.0565863
CA	0.0374483
CC	0.0887266
CG	0.00886292
CT	0.0556854
GA	0.0252496
GC	0.0623813
GG	0.0450937
GT	0.0400049
TA	0.031775
TC	0.136499
TG	0.0892379
TT	0.0797176
