kmer	count
sequence	0
AA	0.0486387
AC	0.100031
AG	0.0770878
AT	0.0484858
CA	0.0334582
CC	0.104657
CG	0.0156393
CT	0.0547186
GA	0.022331
GC	0.0733787
GG	0.0490593
GT	0.0351025
TA	0.0301698
TC	0.154979
TG	0.0768584
TT	0.0754053
