kmer	count
sequence	0
AA	0.0484346
AC	0.107815
AG	0.0808224
AT	0.0623791
CA	0.0371107
CC	0.100723
CG	0.00903243
CT	0.0636615
GA	0.0237618
GC	0.0691412
GG	0.0441951
GT	0.0453233
TA	0.02585
TC	0.127933
TG	0.0789374
TT	0.0748802
