kmer	count
sequence	0
AA	0.04801
AC	0.0996599
AG	0.0810883
AT	0.0521016
CA	0.0309262
CC	0.104017
CG	0.0187311
CT	0.0549179
GA	0.0234603
GC	0.0789096
GG	0.0512248
GT	0.0371433
TA	0.026436
TC	0.143339
TG	0.0764918
TT	0.0735427
