kmer	count
sequence	0
AA	0.0561586
AC	0.101166
AG	0.0831885
AT	0.0630273
CA	0.0389654
CC	0.0844393
CG	0.00896756
CT	0.0596354
GA	0.0250583
GC	0.057049
GG	0.0441382
GT	0.040513
TA	0.0323935
TC	0.136464
TG	0.0854357
TT	0.0834005
