kmer	count
sequence	0
AA	0.0522111
AC	0.109959
AG	0.0867336
AT	0.0573579
CA	0.0357488
CC	0.0901709
CG	0.0089372
CT	0.0547938
GA	0.0227796
GC	0.0628019
GG	0.0436826
GT	0.0395764
TA	0.02945
TC	0.141156
TG	0.0881271
TT	0.0765143
