kmer	count
sequence	0
AA	0.0497248
AC	0.106388
AG	0.0812226
AT	0.0613386
CA	0.0349302
CC	0.0902622
CG	0.00898035
CT	0.0598296
GA	0.0227394
GC	0.0620192
GG	0.0421795
GT	0.042579
TA	0.0295005
TC	0.139647
TG	0.0837821
TT	0.0848769
