kmer	count
sequence	0
AA	0.0520443
AC	0.105633
AG	0.0769944
AT	0.0706524
CA	0.0372888
CC	0.0936035
CG	0.0083409
CT	0.0643285
GA	0.0233146
GC	0.0647102
GG	0.0434672
GT	0.0457932
TA	0.0277303
TC	0.126004
TG	0.0769035
TT	0.083191
