kmer	count
sequence	0
AA	0.0524743
AC	0.0993232
AG	0.0925727
AT	0.0555067
CA	0.0391228
CC	0.092854
CG	0.0111277
CT	0.0555155
GA	0.0252351
GC	0.0607542
GG	0.0511119
GT	0.0380153
TA	0.0301661
TC	0.126765
TG	0.096572
TT	0.0728839
