kmer	count
sequence	0
AA	0.0510813
AC	0.0994995
AG	0.077007
AT	0.0525894
CA	0.0331772
CC	0.101168
CG	0.0158506
CT	0.0558301
GA	0.0256369
GC	0.0746326
GG	0.0496695
GT	0.0367067
TA	0.0320221
TC	0.143971
TG	0.0773599
TT	0.0737984
