kmer	count
sequence	0
AA	0.0512615
AC	0.111238
AG	0.0778393
AT	0.0598338
CA	0.0360934
CC	0.0941753
CG	0.00857228
CT	0.0591226
GA	0.0237029
GC	0.0661151
GG	0.04224
GT	0.0413304
TA	0.028603
TC	0.140765
TG	0.0803025
TT	0.0788051
