kmer	count
sequence	0
AA	0.0469136
AC	0.0985854
AG	0.0849794
AT	0.0462963
CA	0.032536
CC	0.102469
CG	0.0183385
CT	0.0524691
GA	0.0227881
GC	0.0778035
GG	0.051286
GT	0.0371142
TA	0.0284208
TC	0.147042
TG	0.0803498
TT	0.072608
