kmer	count
sequence	0
AA	0.0519751
AC	0.111726
AG	0.0808039
AT	0.0569092
CA	0.0352737
CC	0.0919473
CG	0.00826057
CT	0.0565627
GA	0.0234096
GC	0.064754
GG	0.0410672
GT	0.040194
TA	0.0307692
TC	0.144712
TG	0.0816909
TT	0.0799446
