kmer	count
sequence	0
AA	0.0504607
AC	0.106013
AG	0.0866328
AT	0.0599753
CA	0.0366228
CC	0.0842625
CG	0.00898044
CT	0.0572545
GA	0.024571
GC	0.0617113
GG	0.0459872
GT	0.0403953
TA	0.0310309
TC	0.137845
TG	0.0872838
TT	0.0809742
