kmer	count
sequence	0
AA	0.0447167
AC	0.0962367
AG	0.0655357
AT	0.0608207
CA	0.0484413
CC	0.0952463
CG	0.0105064
CT	0.0576989
GA	0.0261152
GC	0.0611652
GG	0.0470203
GT	0.0415734
TA	0.0350715
TC	0.133375
TG	0.0977007
TT	0.0787763
