kmer	count
sequence	0
AA	0.047464
AC	0.0956964
AG	0.0785699
AT	0.0535388
CA	0.032277
CC	0.105687
CG	0.0170534
CT	0.0533924
GA	0.02558
GC	0.0761546
GG	0.0506843
GT	0.0370343
TA	0.0299715
TC	0.144771
TG	0.077655
TT	0.0744712
