kmer	count
sequence	0
AA	0.0544994
AC	0.107954
AG	0.0813874
AT	0.060709
CA	0.0361722
CC	0.0892448
CG	0.00858084
CT	0.0555042
GA	0.024155
GC	0.0625377
GG	0.0394076
GT	0.0396688
TA	0.0311684
TC	0.144267
TG	0.0813874
TT	0.0833568
