kmer	count
sequence	0
AA	0.0539873
AC	0.118178
AG	0.0718811
AT	0.0603234
CA	0.037601
CC	0.0942976
CG	0.00823684
CT	0.0535067
GA	0.0233341
GC	0.0644745
GG	0.0385624
GT	0.0388901
TA	0.0325104
TC	0.148591
TG	0.0778894
TT	0.0777365
