kmer	count
sequence	0
AA	0.048828
AC	0.0973981
AG	0.0828987
AT	0.0483552
CA	0.0306321
CC	0.103645
CG	0.0188406
CT	0.0515216
GA	0.0232392
GC	0.0752192
GG	0.0544587
GT	0.0368789
TA	0.0277523
TC	0.145094
TG	0.0832426
TT	0.0719955
