kmer	count
sequence	0
AA	0.0461892
AC	0.100923
AG	0.0765738
AT	0.0492068
CA	0.0305638
CC	0.111843
CG	0.0175525
CT	0.0507604
GA	0.0231245
GC	0.0779033
GG	0.0513579
GT	0.0359864
TA	0.0260375
TC	0.152087
TG	0.0781572
TT	0.0717337
