kmer	count
sequence	0
AA	0.0420486
AC	0.0878978
AG	0.0789552
AT	0.0505067
CA	0.0335159
CC	0.106435
CG	0.0230084
CT	0.0736083
GA	0.0248901
GC	0.0791415
GG	0.0607534
GT	0.0435018
TA	0.0241076
TC	0.124599
TG	0.0745212
TT	0.0725091
