kmer	count
sequence	0
AA	0.0550807
AC	0.106292
AG	0.0716999
AT	0.0594255
CA	0.0433761
CC	0.0886515
CG	0.00830959
CT	0.0531576
GA	0.0274929
GC	0.0628443
GG	0.0430437
GT	0.0374406
TA	0.0382479
TC	0.143946
TG	0.0817426
TT	0.0792498
