kmer	count
sequence	0
AA	0.0498993
AC	0.0992434
AG	0.0819729
AT	0.0487068
CA	0.0296682
CC	0.105596
CG	0.018134
CT	0.0520581
GA	0.0213619
GC	0.075476
GG	0.0524281
GT	0.0363913
TA	0.0270159
TC	0.146737
TG	0.0817673
TT	0.0735433
