kmer	count
sequence	0
AA	0.0496013
AC	0.100051
AG	0.0817343
AT	0.0530301
CA	0.0320325
CC	0.106943
CG	0.0164742
CT	0.0537226
GA	0.0229522
GC	0.0777023
GG	0.0503719
GT	0.0372708
TA	0.0271517
TC	0.138886
TG	0.0780262
TT	0.0740501
