kmer	count
sequence	0
AA	0.0522317
AC	0.108177
AG	0.0829131
AT	0.0624361
CA	0.0331005
CC	0.0911073
CG	0.00831346
CT	0.0609029
GA	0.0220273
GC	0.0651618
GG	0.0419421
GT	0.0406814
TA	0.0281431
TC	0.138739
TG	0.0839523
TT	0.0801704
