kmer	count
sequence	0
AA	0.0459499
AC	0.0964161
AG	0.0776807
AT	0.049359
CA	0.035169
CC	0.109062
CG	0.0196678
CT	0.0557984
GA	0.0244464
GC	0.0789044
GG	0.0508159
GT	0.0367133
TA	0.0277681
TC	0.144901
TG	0.0773019
TT	0.0700466
