kmer	count
sequence	0
AA	0.0501754
AC	0.113689
AG	0.0749888
AT	0.0558483
CA	0.0391616
CC	0.0964967
CG	0.00910836
CT	0.0531345
GA	0.0242505
GC	0.0653464
GG	0.0417888
GT	0.038079
TA	0.0301687
TC	0.151176
TG	0.0808493
TT	0.0757394
