kmer	count
sequence	0
AA	0.0497394
AC	0.0967482
AG	0.0767345
AT	0.0510736
CA	0.0326424
CC	0.103202
CG	0.0190207
CT	0.0554797
GA	0.0256609
GC	0.0776964
GG	0.0507943
GT	0.0371726
TA	0.0279881
TC	0.145122
TG	0.0745004
TT	0.0764242
