kmer	count
sequence	0
AA	0.0464803
AC	0.105623
AG	0.0619946
AT	0.0571993
CA	0.0326271
CC	0.109227
CG	0.0144174
CT	0.0524666
GA	0.0236319
GC	0.077791
GG	0.0491444
GT	0.0380179
TA	0.0303705
TC	0.144393
TG	0.0795148
TT	0.0771015
