kmer	count
sequence	0
AA	0.0229006
AC	0.0682612
AG	0.0418348
AT	0.036936
CA	0.106655
CC	0.125148
CG	0.0213581
CT	0.0526325
GA	0.0435468
GC	0.0522935
GG	0.0754144
GT	0.0291047
TA	0.0502933
TC	0.108028
TG	0.122063
TT	0.0435299
