kmer	count
sequence	0
AA	0.0544668
AC	0.106015
AG	0.0870211
AT	0.0588946
CA	0.036328
CC	0.0826687
CG	0.00842788
CT	0.0558505
GA	0.0230698
GC	0.0563285
GG	0.0447307
GT	0.0394978
TA	0.0312712
TC	0.141991
TG	0.0907444
TT	0.0826939
