kmer	count
sequence	0
AA	0.0530021
AC	0.102518
AG	0.0751371
AT	0.0551344
CA	0.0292087
CC	0.0993705
CG	0.0147567
CT	0.0553036
GA	0.0211873
GC	0.0747986
GG	0.0463684
GT	0.0383131
TA	0.0297502
TC	0.152
TG	0.0708048
TT	0.0823462
