kmer	count
sequence	0
AA	0.0498533
AC	0.0999841
AG	0.0757317
AT	0.0566947
CA	0.0494368
CC	0.0898509
CG	0.0116602
CT	0.0571508
GA	0.0277029
GC	0.0597089
GG	0.0462838
GT	0.038312
TA	0.0348616
TC	0.136749
TG	0.0879472
TT	0.0780717
