kmer	count
sequence	0
AA	0.0514209
AC	0.109942
AG	0.0833707
AT	0.0560287
CA	0.0373465
CC	0.0893052
CG	0.00842671
CT	0.0564052
GA	0.021264
GC	0.0630031
GG	0.042797
GT	0.0377589
TA	0.0313223
TC	0.146697
TG	0.0871896
TT	0.077723
