kmer	count
sequence	0
AA	0.0496252
AC	0.0905925
AG	0.0745828
AT	0.0565659
CA	0.0362031
CC	0.107956
CG	0.0196372
CT	0.0653688
GA	0.0293108
GC	0.0789843
GG	0.0517775
GT	0.0450302
TA	0.0284643
TC	0.121669
TG	0.0711004
TT	0.0731318
