kmer	count
sequence	0
AA	0.0510279
AC	0.101625
AG	0.0806698
AT	0.0542772
CA	0.0309019
CC	0.0991379
CG	0.0160477
CT	0.0555371
GA	0.0229443
GC	0.0719496
GG	0.0479775
GT	0.0374005
TA	0.0268899
TC	0.146618
TG	0.0772215
TT	0.0797745
