kmer	count
sequence	0
AA	0.0457205
AC	0.0991619
AG	0.0788878
AT	0.0490052
CA	0.0305055
CC	0.106128
CG	0.0188206
CT	0.0563295
GA	0.022294
GC	0.0814928
GG	0.0502133
GT	0.0371125
TA	0.0260883
TC	0.145637
TG	0.0795296
TT	0.0730736
