kmer	count
sequence	0
AA	0.0448962
AC	0.0958016
AG	0.0819039
AT	0.0509848
CA	0.0313691
CC	0.107449
CG	0.019245
CT	0.0574439
GA	0.0222628
GC	0.0787802
GG	0.0549026
GT	0.0382783
TA	0.0258895
TC	0.139109
TG	0.0776684
TT	0.0740152
