kmer	count
sequence	0
AA	0.0505081
AC	0.0940968
AG	0.0848375
AT	0.0507755
CA	0.0323573
CC	0.0985426
CG	0.0179837
CT	0.0554887
GA	0.0249365
GC	0.0705308
GG	0.0519789
GT	0.0391429
TA	0.0311873
TC	0.139089
TG	0.0800909
TT	0.078453
