kmer	count
sequence	0
AA	0.0480901
AC	0.0993989
AG	0.0800161
AT	0.0508118
CA	0.0308373
CC	0.106948
CG	0.0175841
CT	0.0569887
GA	0.0222464
GC	0.0773418
GG	0.0519241
GT	0.0369669
TA	0.0284943
TC	0.139726
TG	0.0772945
TT	0.0753301
