kmer	count
sequence	0
AA	0.0518102
AC	0.10555
AG	0.0823929
AT	0.0578932
CA	0.0373369
CC	0.0867769
CG	0.0085791
CT	0.0588161
GA	0.0224441
GC	0.0602005
GG	0.0418677
GT	0.0403574
TA	0.0292612
TC	0.146873
TG	0.0847212
TT	0.0851198
