kmer	count
sequence	0
AA	0.0488687
AC	0.0937253
AG	0.0797159
AT	0.0566298
CA	0.032623
CC	0.10392
CG	0.0169034
CT	0.0554459
GA	0.0262431
GC	0.071889
GG	0.0497895
GT	0.0390029
TA	0.0266377
TC	0.138253
TG	0.0814259
TT	0.0789266
