kmer	count
sequence	0
AA	0.0510154
AC	0.109562
AG	0.0802574
AT	0.0547706
CA	0.038759
CC	0.0962815
CG	0.00954197
CT	0.054908
GA	0.0246959
GC	0.0666606
GG	0.0456532
GT	0.0381804
TA	0.0295959
TC	0.142509
TG	0.0848952
TT	0.0727138
