kmer	count
sequence	0
AA	0.0525081
AC	0.109306
AG	0.0787305
AT	0.0618687
CA	0.0366817
CC	0.0882179
CG	0.00955078
CT	0.0572835
GA	0.023729
GC	0.0606221
GG	0.0417107
GT	0.0417107
TA	0.0326036
TC	0.14024
TG	0.0819
TT	0.0833369
