kmer	count
sequence	0
AA	0.0503992
AC	0.101749
AG	0.0806767
AT	0.051594
CA	0.0278608
CC	0.101532
CG	0.0148808
CT	0.0502634
GA	0.021235
GC	0.0792103
GG	0.0461902
GT	0.0363059
TA	0.0278336
TC	0.159643
TG	0.0744311
TT	0.0761962
