kmer	count
sequence	0
AA	0.0513825
AC	0.110272
AG	0.0812384
AT	0.0636493
CA	0.0361516
CC	0.0871014
CG	0.00793994
CT	0.0589546
GA	0.0239064
GC	0.0626541
GG	0.0425988
GT	0.0417334
TA	0.0303102
TC	0.138094
TG	0.0799836
TT	0.0840293
