kmer	count
sequence	0
AA	0.0463656
AC	0.101587
AG	0.0737514
AT	0.0523377
CA	0.033726
CC	0.116865
CG	0.0181822
CT	0.0564691
GA	0.0250337
GC	0.0797439
GG	0.0513151
GT	0.0387164
TA	0.0273244
TC	0.139792
TG	0.0710926
TT	0.0676975
