kmer	count
sequence	0
AA	0.0565297
AC	0.111074
AG	0.0788688
AT	0.0660018
CA	0.0364791
CC	0.0938727
CG	0.00806268
CT	0.060167
GA	0.0255066
GC	0.0650774
GG	0.0409196
GT	0.044178
TA	0.0285831
TC	0.129715
TG	0.0762621
TT	0.0787021
