kmer	count
sequence	0
AA	0.0493463
AC	0.0949488
AG	0.0854355
AT	0.0523845
CA	0.0310256
CC	0.0966059
CG	0.0184742
CT	0.0533665
GA	0.0230774
GC	0.0735285
GG	0.0541337
GT	0.036396
TA	0.0313018
TC	0.142331
TG	0.0824587
TT	0.0751857
