kmer	count
sequence	0
AA	0.0510595
AC	0.101526
AG	0.080606
AT	0.0495498
CA	0.0328355
CC	0.104707
CG	0.016876
CT	0.0525961
GA	0.0237774
GC	0.0756457
GG	0.052003
GT	0.0363401
TA	0.0303014
TC	0.142584
TG	0.0777754
TT	0.0718175
