kmer	count
sequence	0
AA	0.0485107
AC	0.0957333
AG	0.0816262
AT	0.0515898
CA	0.0299736
CC	0.0972414
CG	0.0165892
CT	0.0559884
GA	0.0247267
GC	0.0737715
GG	0.0530979
GT	0.0396506
TA	0.0289682
TC	0.1466
TG	0.0781702
TT	0.0777617
