kmer	count
sequence	0
AA	0.0486389
AC	0.0939855
AG	0.0812233
AT	0.0502003
CA	0.0325843
CC	0.099552
CG	0.0183966
CT	0.0534248
GA	0.0252189
GC	0.0725002
GG	0.0521689
GT	0.0378114
TA	0.0320413
TC	0.145102
TG	0.0806802
TT	0.0764714
