kmer	count
sequence	0
AA	0.0535627
AC	0.10515
AG	0.0811086
AT	0.0596156
CA	0.0380376
CC	0.0868217
CG	0.00894128
CT	0.0569608
GA	0.0234257
GC	0.0601678
GG	0.0447489
GT	0.0404587
TA	0.0304768
TC	0.138898
TG	0.0881172
TT	0.0835085
