kmer	count
sequence	0
AA	0.0466241
AC	0.0975678
AG	0.0853132
AT	0.0477744
CA	0.0354963
CC	0.111888
CG	0.0190628
CT	0.053174
GA	0.0236407
GC	0.0773547
GG	0.0558738
GT	0.0359658
TA	0.0262701
TC	0.134121
TG	0.079491
TT	0.0703822
