kmer	count
sequence	0
AA	0.0508785
AC	0.0991615
AG	0.0819912
AT	0.0538733
CA	0.0322441
CC	0.0996606
CG	0.0171702
CT	0.0518102
GA	0.0235924
GC	0.0731399
GG	0.0504792
GT	0.0348729
TA	0.0301477
TC	0.144283
TG	0.0820245
TT	0.0746706
