kmer	count
sequence	0
AA	0.0544057
AC	0.107733
AG	0.0810171
AT	0.0600932
CA	0.0359168
CC	0.0879918
CG	0.00869656
CT	0.0543535
GA	0.0243504
GC	0.0630675
GG	0.0415174
GT	0.0403868
TA	0.0326121
TC	0.144728
TG	0.0838696
TT	0.0792604
