kmer	count
sequence	0
AA	0.0550212
AC	0.112746
AG	0.0893644
AT	0.056971
CA	0.0315741
CC	0.0835313
CG	0.00820894
CT	0.0521538
GA	0.0224148
GC	0.060756
GG	0.0410283
GT	0.0376202
TA	0.0304435
TC	0.148515
TG	0.0875948
TT	0.0820567
