kmer	count
sequence	0
AA	0.0529049
AC	0.105196
AG	0.0841043
AT	0.0602394
CA	0.0368585
CC	0.0846069
CG	0.00897262
CT	0.0558462
GA	0.0228225
GC	0.0605186
GG	0.0412145
GT	0.0400975
TA	0.030734
TC	0.143692
TG	0.0872876
TT	0.0849048
