kmer	count
sequence	0
AA	0.0446693
AC	0.0936716
AG	0.068187
AT	0.0455245
CA	0.0489453
CC	0.110718
CG	0.0231186
CT	0.0582098
GA	0.0279932
GC	0.0742303
GG	0.0533067
GT	0.0371722
TA	0.0324401
TC	0.138854
TG	0.0740023
TT	0.0689567
