kmer	count
sequence	0
AA	0.0529299
AC	0.104298
AG	0.0867889
AT	0.060916
CA	0.0348919
CC	0.0825062
CG	0.00889303
CT	0.057389
GA	0.0236812
GC	0.0583967
GG	0.0429536
GT	0.0399809
TA	0.0325238
TC	0.141835
TG	0.0883761
TT	0.0836398
