kmer	count
sequence	0
AA	0.0528818
AC	0.10351
AG	0.0827137
AT	0.0645532
CA	0.034879
CC	0.0852598
CG	0.0098914
CT	0.0603623
GA	0.0249651
GC	0.0608355
GG	0.0458069
GT	0.041661
TA	0.0312063
TC	0.133297
TG	0.0869046
TT	0.0812717
