kmer	count
sequence	0
AA	0.0560026
AC	0.106493
AG	0.0829573
AT	0.0615843
CA	0.03549
CC	0.085911
CG	0.00904693
CT	0.0567701
GA	0.0245128
GC	0.0602819
GG	0.0449323
GT	0.0400716
TA	0.0306061
TC	0.138425
TG	0.0845388
TT	0.0823759
