kmer	count
sequence	0
AA	0.0491872
AC	0.107948
AG	0.0878699
AT	0.0573989
CA	0.0323468
CC	0.0909129
CG	0.0088787
CT	0.0557732
GA	0.0231763
GC	0.0638599
GG	0.0460886
GT	0.0404613
TA	0.0274837
TC	0.139961
TG	0.0912741
TT	0.0773795
