kmer	count
sequence	0
AA	0.0519846
AC	0.0985546
AG	0.078035
AT	0.0484058
CA	0.0325572
CC	0.108687
CG	0.0176148
CT	0.0537042
GA	0.0243772
GC	0.0747583
GG	0.0472207
GT	0.036345
TA	0.0303495
TC	0.148448
TG	0.0751766
TT	0.0737823
