kmer	count
sequence	0
AA	0.0505853
AC	0.112779
AG	0.0746026
AT	0.0610844
CA	0.0355761
CC	0.0981516
CG	0.00881084
CT	0.062366
GA	0.023475
GC	0.0677757
GG	0.0404067
GT	0.0423783
TA	0.0280838
TC	0.139445
TG	0.0765742
TT	0.0779051
