kmer	count
sequence	0
AA	0.0397893
AC	0.107524
AG	0.0542466
AT	0.0706006
CA	0.0330453
CC	0.0951949
CG	0.00769231
CT	0.0656481
GA	0.0214331
GC	0.0688725
GG	0.0368388
GT	0.0462592
TA	0.0263224
TC	0.153593
TG	0.0778082
TT	0.0951317
