kmer	count
sequence	0
AA	0.0519869
AC	0.109452
AG	0.0823495
AT	0.0612269
CA	0.0346451
CC	0.0849923
CG	0.00906636
CT	0.0584105
GA	0.0229745
GC	0.0631559
GG	0.0423225
GT	0.0402585
TA	0.0301312
TC	0.140606
TG	0.0845486
TT	0.0838735
