kmer	count
sequence	0
AA	0.0516515
AC	0.109024
AG	0.0841302
AT	0.0599494
CA	0.0344235
CC	0.0884736
CG	0.00857347
CT	0.0604032
GA	0.0243266
GC	0.0631746
GG	0.0460763
GT	0.0435642
TA	0.027179
TC	0.133026
TG	0.0840329
TT	0.0819909
