kmer	count
sequence	0
AA	0.0501563
AC	0.11258
AG	0.077594
AT	0.060657
CA	0.0344917
CC	0.0930856
CG	0.00867234
CT	0.060694
GA	0.0229904
GC	0.0658332
GG	0.0413604
GT	0.0417804
TA	0.0278207
TC	0.142847
TG	0.0786317
TT	0.080806
