kmer	count
sequence	0
AA	0.0501995
AC	0.106327
AG	0.0796424
AT	0.0665936
CA	0.0360357
CC	0.0870178
CG	0.00899914
CT	0.0624071
GA	0.0240238
GC	0.0598247
GG	0.0428437
GT	0.0451131
TA	0.0288755
TC	0.134459
TG	0.0831833
TT	0.084455
