kmer	count
sequence	0
AA	0.0460206
AC	0.102761
AG	0.0752391
AT	0.0495037
CA	0.0316188
CC	0.111478
CG	0.0169825
CT	0.051164
GA	0.0230103
GC	0.0801841
GG	0.049991
GT	0.0348493
TA	0.0269085
TC	0.153853
TG	0.0760873
TT	0.0703483
