kmer	count
sequence	0
AA	0.0491069
AC	0.096235
AG	0.0825131
AT	0.0520752
CA	0.0315836
CC	0.105608
CG	0.0180961
CT	0.0511378
GA	0.0251523
GC	0.0743894
GG	0.0547831
GT	0.0353851
TA	0.0284591
TC	0.142426
TG	0.0799354
TT	0.0731136
