kmer	count
sequence	0
AA	0.0477644
AC	0.0978638
AG	0.0813798
AT	0.0512785
CA	0.0290609
CC	0.102164
CG	0.017062
CT	0.0569196
GA	0.0210848
GC	0.0761548
GG	0.0483192
GT	0.0375688
TA	0.0274888
TC	0.148056
TG	0.0788366
TT	0.0789985
