kmer	count
sequence	0
AA	0.0516557
AC	0.100679
AG	0.0818131
AT	0.0603381
CA	0.0408488
CC	0.0870318
CG	0.00902877
CT	0.0582136
GA	0.026255
GC	0.0559969
GG	0.0455826
GT	0.0398559
TA	0.0356763
TC	0.138364
TG	0.0885328
TT	0.0801275
