kmer	count
sequence	0
AA	0.0551729
AC	0.10415
AG	0.0821546
AT	0.0618381
CA	0.0366585
CC	0.0836604
CG	0.00898566
CT	0.0630724
GA	0.0243156
GC	0.0613444
GG	0.0425831
GT	0.0410773
TA	0.0307092
TC	0.135846
TG	0.0825496
TT	0.0858821
