kmer	count
sequence	0
AA	0.0557683
AC	0.106989
AG	0.0841072
AT	0.0634035
CA	0.0374102
CC	0.0865247
CG	0.00899952
CT	0.0573241
GA	0.0258258
GC	0.0621111
GG	0.0419818
GT	0.0388463
TA	0.0331498
TC	0.133605
TG	0.0851843
TT	0.0787697
