kmer	count
sequence	0
AA	0.0499353
AC	0.0958942
AG	0.0857222
AT	0.049812
CA	0.0328895
CC	0.0966956
CG	0.0172616
CT	0.0533259
GA	0.0235497
GC	0.0705567
GG	0.0494113
GT	0.0374823
TA	0.0314715
TC	0.143826
TG	0.0835337
TT	0.0786326
