kmer	count
sequence	0
AA	0.0483789
AC	0.0950234
AG	0.082073
AT	0.0525184
CA	0.0311503
CC	0.103742
CG	0.017853
CT	0.0580685
GA	0.0229175
GC	0.0739559
GG	0.0532122
GT	0.0378105
TA	0.0271958
TC	0.139517
TG	0.0797142
TT	0.0768697
