kmer	count
sequence	0
AA	0.0540441
AC	0.107585
AG	0.0830253
AT	0.0604613
CA	0.0355464
CC	0.0878161
CG	0.00881266
CT	0.0546947
GA	0.0235546
GC	0.062354
GG	0.0444034
GT	0.041801
TA	0.0303564
TC	0.139199
TG	0.0865001
TT	0.0798462
