kmer	count
sequence	0
AA	0.0496303
AC	0.105022
AG	0.0733793
AT	0.0578188
CA	0.031189
CC	0.113279
CG	0.0152429
CT	0.053872
GA	0.0249285
GC	0.0797078
GG	0.0474981
GT	0.0382888
TA	0.0280815
TC	0.140952
TG	0.0693871
TT	0.0717234
