kmer	count
sequence	0
AA	0.0494081
AC	0.0982056
AG	0.0806376
AT	0.0558435
CA	0.0316052
CC	0.107342
CG	0.0163624
CT	0.0570648
GA	0.022649
GC	0.0751965
GG	0.0503789
GT	0.0389722
TA	0.0269001
TC	0.137992
TG	0.0762926
TT	0.0751495
