kmer	count
sequence	0
AA	0.0530726
AC	0.105444
AG	0.0847222
AT	0.0602487
CA	0.0353779
CC	0.0901919
CG	0.00899932
CT	0.0559945
GA	0.0244384
GC	0.0640705
GG	0.0465978
GT	0.0417592
TA	0.0297796
TC	0.134651
TG	0.0859494
TT	0.0787032
