kmer	count
sequence	0
AA	0.0528622
AC	0.115938
AG	0.0732549
AT	0.0605397
CA	0.0345571
CC	0.0958041
CG	0.00750492
CT	0.0568476
GA	0.0220317
GC	0.0673372
GG	0.0376281
GT	0.0406646
TA	0.0296746
TC	0.149615
TG	0.0749111
TT	0.0808288
