kmer	count
sequence	0
AA	0.0530908
AC	0.107047
AG	0.080234
AT	0.0649199
CA	0.0365047
CC	0.0881964
CG	0.00903078
CT	0.0581531
GA	0.0244467
GC	0.059476
GG	0.0431951
GT	0.0416942
TA	0.0305775
TC	0.13681
TG	0.0833121
TT	0.0833121
