kmer	count
sequence	0
AA	0.0441565
AC	0.103327
AG	0.0769738
AT	0.050561
CA	0.0278528
CC	0.113271
CG	0.0176086
CT	0.0558555
GA	0.0226182
GC	0.0817885
GG	0.0489261
GT	0.036897
TA	0.0257379
TC	0.147273
TG	0.0727592
TT	0.074394
