kmer	count
sequence	0
AA	0.050416
AC	0.101026
AG	0.08264
AT	0.0497694
CA	0.0292279
CC	0.104087
CG	0.017416
CT	0.0526361
GA	0.022158
GC	0.0764107
GG	0.0483899
GT	0.0340777
TA	0.029077
TC	0.149718
TG	0.0792775
TT	0.0736733
