kmer	count
sequence	0
AA	0.0506744
AC	0.110072
AG	0.0859854
AT	0.0614261
CA	0.0358944
CC	0.0900554
CG	0.00930698
CT	0.0579116
GA	0.0232397
GC	0.0622178
GG	0.0436733
GT	0.0421731
TA	0.0276987
TC	0.13609
TG	0.084249
TT	0.0793316
