kmer	count
sequence	0
AA	0.0486037
AC	0.100042
AG	0.0797231
AT	0.0511398
CA	0.0306421
CC	0.105084
CG	0.0180809
CT	0.0572562
GA	0.0234813
GC	0.0759637
GG	0.0517962
GT	0.0383996
TA	0.0275988
TC	0.144438
TG	0.0758145
TT	0.0719358
