kmer	count
sequence	0
AA	0.0530005
AC	0.113116
AG	0.0791902
AT	0.064179
CA	0.034476
CC	0.0940062
CG	0.0080379
CT	0.0591043
GA	0.0233862
GC	0.0630257
GG	0.0432769
GT	0.0435253
TA	0.0276802
TC	0.134444
TG	0.0786934
TT	0.0808581
