kmer	count
sequence	0
AA	0.0526947
AC	0.107977
AG	0.085182
AT	0.0625279
CA	0.0349808
CC	0.0876285
CG	0.00865699
CT	0.0561999
GA	0.0239243
GC	0.0633748
GG	0.0438495
GT	0.0401327
TA	0.0299701
TC	0.137947
TG	0.0847115
TT	0.0802418
