kmer	count
sequence	0
AA	0.0542285
AC	0.104567
AG	0.0826682
AT	0.0630457
CA	0.0367382
CC	0.0809682
CG	0.00829852
CT	0.0619219
GA	0.0224751
GC	0.0588388
GG	0.0429621
GT	0.0431062
TA	0.0301109
TC	0.141651
TG	0.0835903
TT	0.0848293
