kmer	count
sequence	0
AA	0.0505817
AC	0.101717
AG	0.0820776
AT	0.0499169
CA	0.0329917
CC	0.112548
CG	0.0170083
CT	0.0517729
GA	0.0229363
GC	0.074072
GG	0.0484488
GT	0.0344875
TA	0.0272022
TC	0.142798
TG	0.0786981
TT	0.0727424
