kmer	count
sequence	0
AA	0.052007
AC	0.109744
AG	0.0840314
AT	0.0594532
CA	0.0328679
CC	0.0859802
CG	0.00865329
CT	0.0552792
GA	0.0220913
GC	0.0635689
GG	0.0420448
GT	0.0400233
TA	0.0303083
TC	0.145593
TG	0.0869255
TT	0.0814282
