kmer	count
sequence	0
AA	0.0471178
AC	0.0917671
AG	0.0633803
AT	0.0560476
CA	0.0489328
CC	0.104726
CG	0.0193843
CT	0.0607667
GA	0.0301655
GC	0.072528
GG	0.0490417
GT	0.0398577
TA	0.0379701
TC	0.131371
TG	0.0727095
TT	0.0742341
