kmer	count
sequence	0
AA	0.046565
AC	0.090783
AG	0.0894762
AT	0.0494986
CA	0.0330702
CC	0.101211
CG	0.0204822
CT	0.0536057
GA	0.0238425
GC	0.0706475
GG	0.0546725
GT	0.0351771
TA	0.0302699
TC	0.143722
TG	0.084489
TT	0.0724877
