kmer	count
sequence	0
AA	0.0546691
AC	0.109133
AG	0.0849076
AT	0.0587725
CA	0.0339315
CC	0.086833
CG	0.00871171
CT	0.0562631
GA	0.0225526
GC	0.0615501
GG	0.0419014
GT	0.0403706
TA	0.0308382
TC	0.143396
TG	0.0849549
TT	0.0812146
