kmer	count
sequence	0
AA	0.0509866
AC	0.111877
AG	0.0773889
AT	0.0609909
CA	0.0356543
CC	0.0923702
CG	0.00853747
CT	0.0603265
GA	0.0241456
GC	0.0640624
GG	0.0439285
GT	0.0431763
TA	0.0287591
TC	0.137289
TG	0.0806985
TT	0.0798084
