kmer	count
sequence	0
AA	0.0459104
AC	0.0975224
AG	0.0785075
AT	0.0540299
CA	0.0335821
CC	0.0989851
CG	0.0197313
CT	0.0556119
GA	0.0229851
GC	0.0741493
GG	0.0512836
GT	0.0356418
TA	0.0290149
TC	0.142239
TG	0.0828955
TT	0.0779104
