kmer	count
sequence	0
AA	0.0492283
AC	0.109641
AG	0.0775457
AT	0.0562706
CA	0.0387864
CC	0.0935325
CG	0.00945713
CT	0.0570261
GA	0.0243376
GC	0.0620312
GG	0.0431169
GT	0.03853
TA	0.0308807
TC	0.148279
TG	0.0829286
TT	0.0784092
