kmer	count
sequence	0
AA	0.0506151
AC	0.108697
AG	0.0828725
AT	0.0587594
CA	0.0344017
CC	0.0906218
CG	0.00904714
CT	0.0586465
GA	0.023831
GC	0.0640071
GG	0.0458564
GT	0.0393673
TA	0.0299439
TC	0.137343
TG	0.083813
TT	0.0821766
