kmer	count
sequence	0
AA	0.051383
AC	0.103103
AG	0.0865565
AT	0.0588599
CA	0.0365602
CC	0.084795
CG	0.00856383
CT	0.0575107
GA	0.0235739
GC	0.0594783
GG	0.0440372
GT	0.0380781
TA	0.0318005
TC	0.142343
TG	0.0898546
TT	0.083502
