kmer	count
sequence	0
AA	0.0504214
AC	0.0959512
AG	0.0828567
AT	0.0495434
CA	0.0324604
CC	0.101345
CG	0.0187387
CT	0.0524784
GA	0.0213225
GC	0.0760837
GG	0.0501204
GT	0.0380544
TA	0.028221
TC	0.146373
TG	0.0793448
TT	0.0766857
