kmer	count
sequence	0
AA	0.0469243
AC	0.0952515
AG	0.0844147
AT	0.0521498
CA	0.033843
CC	0.0998808
CG	0.0191836
CT	0.0535176
GA	0.0229361
GC	0.069159
GG	0.0541839
GT	0.0367539
TA	0.0294592
TC	0.13702
TG	0.0851512
TT	0.0801711
