kmer	count
sequence	0
AA	0.0503372
AC	0.10649
AG	0.0792715
AT	0.0680451
CA	0.037132
CC	0.0897105
CG	0.0082381
CT	0.0633001
GA	0.0241489
GC	0.0614627
GG	0.0437144
GT	0.0448855
TA	0.0295602
TC	0.127751
TG	0.0814724
TT	0.0844809
