kmer	count
sequence	0
AA	0.0524826
AC	0.110587
AG	0.0825962
AT	0.061328
CA	0.0335338
CC	0.0888076
CG	0.0081181
CT	0.0564925
GA	0.023057
GC	0.0607776
GG	0.0411998
GT	0.040787
TA	0.0292684
TC	0.143905
TG	0.0856233
TT	0.0814365
