kmer	count
sequence	0
AA	0.049139
AC	0.094037
AG	0.0845663
AT	0.0518814
CA	0.0331952
CC	0.102902
CG	0.0182717
CT	0.0585459
GA	0.0233737
GC	0.0719069
GG	0.0502232
GT	0.0401786
TA	0.0282207
TC	0.139573
TG	0.0761161
TT	0.0778699
