kmer	count
sequence	0
AA	0.0506356
AC	0.108418
AG	0.07491
AT	0.0644073
CA	0.0348989
CC	0.0964545
CG	0.00938983
CT	0.0669113
GA	0.0253178
GC	0.0662331
GG	0.044793
GT	0.0473491
TA	0.0274566
TC	0.128519
TG	0.0745796
TT	0.0797267
