kmer	count
sequence	0
AA	0.0544741
AC	0.108915
AG	0.0851178
AT	0.0633349
CA	0.0340673
CC	0.0864939
CG	0.00869303
CT	0.0611533
GA	0.0220179
GC	0.0629321
GG	0.0428274
GT	0.0423911
TA	0.0282607
TC	0.133248
TG	0.0840102
TT	0.0820635
