kmer	count
sequence	0
AA	0.0506015
AC	0.0945946
AG	0.0852619
AT	0.050089
CA	0.0317473
CC	0.0933808
CG	0.0165075
CT	0.0541619
GA	0.0233047
GC	0.0712629
GG	0.0503587
GT	0.038086
TA	0.0315046
TC	0.146572
TG	0.0824297
TT	0.080137
