kmer	count
sequence	0
AA	0.056261
AC	0.106741
AG	0.085398
AT	0.0595127
CA	0.0369051
CC	0.086869
CG	0.00869722
CT	0.0567771
GA	0.0244916
GC	0.0598741
GG	0.0431248
GT	0.0391504
TA	0.0315113
TC	0.137297
TG	0.0874884
TT	0.0799009
