kmer	count
sequence	0
AA	0.0397885
AC	0.0863012
AG	0.0609813
AT	0.040345
CA	0.0628826
CC	0.114404
CG	0.0280096
CT	0.0444259
GA	0.0341773
GC	0.0668707
GG	0.0650158
GT	0.0301892
TA	0.0420145
TC	0.13555
TG	0.0905676
TT	0.0584771
