kmer	count
sequence	0
AA	0.0541381
AC	0.109523
AG	0.0834133
AT	0.0600276
CA	0.0343974
CC	0.0854084
CG	0.00890151
CT	0.0532172
GA	0.022273
GC	0.0573802
GG	0.0406899
GT	0.0381
TA	0.0330353
TC	0.148045
TG	0.0874995
TT	0.0839504
