kmer	count
AA	0.69521
AC	2.13522
AG	0.973243
AT	1.3186
CA	0.440205
CC	1.34017
CG	0.430079
CT	0.820611
GA	0.381678
GC	1.1315
GG	0.564484
GT	0.87522
TA	0.641779
TC	2.20368
TG	0.968078
TT	1.05233
