kmer	count
AA	0.709747
AC	1.91344
AG	1.05078
AT	1.27909
CA	0.532725
CC	1.18929
CG	0.517887
CT	0.78974
GA	0.39289
GC	0.987207
GG	0.599627
GT	0.772843
TA	0.788026
TC	2.22425
TG	1.06432
TT	1.15216
