kmer	count
AA	0.710906
AC	1.99429
AG	1.00578
AT	1.1803
CA	0.48828
CC	1.28839
CG	0.505069
CT	0.758338
GA	0.404839
GC	1.13157
GG	0.628986
GT	0.783263
TA	0.724167
TC	2.19577
TG	1.14492
TT	1.08392
