kmer	count
AA	0.733189
AC	1.96886
AG	1.07853
AT	1.16202
CA	0.472908
CC	1.18084
CG	0.484935
CT	0.749207
GA	0.385352
GC	1.06174
GG	0.615171
GT	0.788928
TA	0.776235
TC	2.34808
TG	1.17404
TT	1.10399
