kmer	count
AA	0.74506
AC	2.00234
AG	1.06671
AT	1.20352
CA	0.475594
CC	1.18549
CG	0.508403
CT	0.729731
GA	0.384151
GC	1.03839
GG	0.58927
GT	0.735869
TA	0.740185
TC	2.29818
TG	1.12425
TT	1.1212
