kmer	count
AA	0.745478
AC	1.96524
AG	1.03061
AT	1.26492
CA	0.497008
CC	1.18576
CG	0.491817
CT	0.732913
GA	0.447644
GC	1.06626
GG	0.636706
GT	0.779883
TA	0.745885
TC	2.1317
TG	1.13236
TT	1.09293
