kmer	count
AA	0.793386
AC	2.04876
AG	1.03325
AT	1.22728
CA	0.476224
CC	1.1335
CG	0.424392
CT	0.749204
GA	0.424245
GC	1.03426
GG	0.562942
GT	0.762535
TA	0.893196
TC	2.36741
TG	1.12387
TT	1.14549
