kmer	count
AA	0.732567
AC	2.00844
AG	1.07822
AT	1.23735
CA	0.480475
CC	1.20117
CG	0.490268
CT	0.750716
GA	0.393418
GC	1.04688
GG	0.586006
GT	0.79518
TA	0.771575
TC	2.16294
TG	1.08655
TT	1.13713
