kmer	count
AA	0.765987
AC	2.00883
AG	1.0721
AT	1.23941
CA	0.457043
CC	1.16785
CG	0.50104
CT	0.736265
GA	0.396638
GC	1.02814
GG	0.605384
GT	0.753261
TA	0.753331
TC	2.26306
TG	1.08133
TT	1.13457
