kmer	count
AA	0.715084
AC	2.08065
AG	0.995342
AT	1.27614
CA	0.490641
CC	1.18625
CG	0.423364
CT	0.766289
GA	0.382353
GC	1.02695
GG	0.543966
GT	0.765491
TA	0.776842
TC	2.28439
TG	1.06455
TT	1.17678
