kmer	count
AA	0.656532
AC	1.90068
AG	1.10172
AT	1.10574
CA	0.472591
CC	1.30036
CG	0.601101
CT	0.81303
GA	0.403028
GC	1.15246
GG	0.670199
GT	0.806276
TA	0.644387
TC	2.16722
TG	1.10952
TT	1.0427
