kmer	count
AA	0.743632
AC	2.06776
AG	1.01576
AT	1.2281
CA	0.497773
CC	1.21129
CG	0.520266
CT	0.725167
GA	0.398694
GC	1.01473
GG	0.575624
GT	0.749766
TA	0.761594
TC	2.26723
TG	1.09069
TT	1.12511
