kmer	count
AA	0.739162
AC	1.97963
AG	1.08241
AT	1.1696
CA	0.496934
CC	1.15859
CG	0.543346
CT	0.713934
GA	0.402741
GC	1.03193
GG	0.599715
GT	0.688833
TA	0.824723
TC	2.26311
TG	1.14977
TT	1.13066
