kmer	count
AA	0.737514
AC	1.96771
AG	1.06704
AT	1.2406
CA	0.519101
CC	1.1853
CG	0.498768
CT	0.822354
GA	0.413068
GC	1.02713
GG	0.589096
GT	0.780552
TA	0.755256
TC	2.12534
TG	1.07983
TT	1.12298
