kmer	count
AA	0.793182
AC	2.01802
AG	1.11734
AT	1.26777
CA	0.403566
CC	1.15192
CG	0.45932
CT	0.726336
GA	0.379829
GC	1.01863
GG	0.569343
GT	0.801845
TA	0.794192
TC	2.37037
TG	1.12614
TT	1.17484
