kmer	count
AA	0.763309
AC	2.04978
AG	1.13243
AT	1.1994
CA	0.418274
CC	1.16879
CG	0.44945
CT	0.673466
GA	0.360101
GC	1.01736
GG	0.558024
GT	0.725465
TA	0.795041
TC	2.39547
TG	1.10228
TT	1.14162
