kmer	count
AA	0.704601
AC	2.13931
AG	0.985934
AT	1.11998
CA	0.468822
CC	1.28697
CG	0.482216
CT	0.694214
GA	0.393817
GC	1.09309
GG	0.575287
GT	0.709406
TA	0.761736
TC	2.46452
TG	1.05802
TT	1.05425
