kmer	count
AA	0.771161
AC	2.04792
AG	1.07634
AT	1.21942
CA	0.432361
CC	1.15351
CG	0.484174
CT	0.736467
GA	0.3758
GC	1.0421
GG	0.556172
GT	0.730024
TA	0.797659
TC	2.43114
TG	1.11462
TT	1.1966
