kmer	count
AA	0.749804
AC	2.12702
AG	0.928354
AT	1.31609
CA	0.529829
CC	1.30277
CG	0.412686
CT	0.791665
GA	0.406103
GC	1.10094
GG	0.534582
GT	0.826227
TA	0.794103
TC	2.22111
TG	0.988487
TT	1.12899
