kmer	count
AA	0.75658
AC	2.0124
AG	1.04017
AT	1.22952
CA	0.439844
CC	1.1872
CG	0.490437
CT	0.757001
GA	0.415632
GC	1.05236
GG	0.579531
GT	0.758457
TA	0.766389
TC	2.3259
TG	1.14744
TT	1.17053
