kmer	count
AA	0.737378
AC	2.02444
AG	1.05303
AT	1.11867
CA	0.4654
CC	1.21023
CG	0.48973
CT	0.701786
GA	0.372414
GC	1.07689
GG	0.571442
GT	0.756118
TA	0.780684
TC	2.49179
TG	1.13562
TT	1.11821
