kmer	count
AA	0.770601
AC	2.03316
AG	1.11459
AT	1.27913
CA	0.43534
CC	1.11132
CG	0.43809
CT	0.713738
GA	0.407154
GC	1.03977
GG	0.557255
GT	0.762462
TA	0.799534
TC	2.34271
TG	1.12365
TT	1.25284
