kmer	count
AA	0.757298
AC	1.90251
AG	1.14031
AT	1.24814
CA	0.472745
CC	1.12387
CG	0.466787
CT	0.764309
GA	0.361367
GC	0.943579
GG	0.591966
GT	0.821013
TA	0.836774
TC	2.27812
TG	1.18526
TT	1.25635
