kmer	count
AA	0.747437
AC	2.0284
AG	0.940856
AT	1.23093
CA	0.524634
CC	1.26642
CG	0.53167
CT	0.687831
GA	0.4431
GC	1.00226
GG	0.598864
GT	0.751541
TA	0.812646
TC	2.32242
TG	1.15574
TT	1.11393
