kmer	count
AA	0.69754
AC	2.13373
AG	1.0382
AT	1.20245
CA	0.436454
CC	1.29836
CG	0.478365
CT	0.746124
GA	0.365082
GC	1.13756
GG	0.570505
GT	0.754447
TA	0.69334
TC	2.33561
TG	1.02567
TT	1.06434
