kmer	count
AA	0.659603
AC	1.95924
AG	1.11421
AT	1.1433
CA	0.455359
CC	1.2265
CG	0.564462
CT	0.839425
GA	0.396748
GC	1.11673
GG	0.671129
GT	0.808764
TA	0.681146
TC	2.10641
TG	1.13617
TT	1.04967
