kmer	count
AA	0.705944
AC	2.05194
AG	1.11219
AT	1.20406
CA	0.436306
CC	1.15061
CG	0.510397
CT	0.721303
GA	0.359969
GC	1.04584
GG	0.584454
GT	0.739461
TA	0.731178
TC	2.33751
TG	1.12203
TT	1.15253
