kmer	count
AA	0.774462
AC	2.14648
AG	1.0659
AT	1.26615
CA	0.445327
CC	1.17935
CG	0.464278
CT	0.691955
GA	0.361315
GC	1.05233
GG	0.543553
GT	0.751034
TA	0.785353
TC	2.43307
TG	1.07996
TT	1.15898
