kmer	count
AA	0.722914
AC	2.06767
AG	1.04781
AT	1.31198
CA	0.46634
CC	1.17031
CG	0.454679
CT	0.757412
GA	0.379138
GC	1.02936
GG	0.594319
GT	0.796661
TA	0.760237
TC	2.15549
TG	1.03592
TT	1.21693
