kmer	count
AA	0.717403
AC	2.07808
AG	1.02744
AT	1.14834
CA	0.438711
CC	1.25311
CG	0.46996
CT	0.681172
GA	0.382669
GC	1.07958
GG	0.582078
GT	0.747572
TA	0.726267
TC	2.50086
TG	1.13546
TT	1.11344
