kmer	count
AA	0.701817
AC	1.98603
AG	1.13335
AT	1.18285
CA	0.441564
CC	1.13016
CG	0.52277
CT	0.740801
GA	0.370743
GC	1.04507
GG	0.665237
GT	0.765867
TA	0.714882
TC	2.18025
TG	1.19086
TT	1.14507
