kmer	count
AA	0.716215
AC	1.87612
AG	1.04664
AT	1.21033
CA	0.528963
CC	1.14516
CG	0.506467
CT	0.770918
GA	0.402536
GC	0.984295
GG	0.602137
GT	0.733268
TA	0.817068
TC	2.26288
TG	1.15782
TT	1.16703
