kmer	count
AA	0.717718
AC	2.0965
AG	1.06537
AT	1.13994
CA	0.450248
CC	1.19517
CG	0.449223
CT	0.695403
GA	0.39836
GC	1.07662
GG	0.565702
GT	0.734966
TA	0.826417
TC	2.46595
TG	1.11276
TT	1.14622
