kmer	count
AA	0.71666
AC	1.93289
AG	1.1114
AT	1.16073
CA	0.469821
CC	1.13516
CG	0.547911
CT	0.685783
GA	0.40231
GC	1.05168
GG	0.638922
GT	0.745394
TA	0.746554
TC	2.38485
TG	1.2139
TT	1.14852
