kmer	count
AA	0.762225
AC	2.05122
AG	0.996995
AT	1.31715
CA	0.465044
CC	1.18703
CG	0.44271
CT	0.768491
GA	0.39091
GC	1.04655
GG	0.52483
GT	0.774698
TA	0.783273
TC	2.30382
TG	0.996176
TT	1.18382
