kmer	count
AA	0.740128
AC	2.22007
AG	0.859255
AT	1.19867
CA	0.488595
CC	1.35052
CG	0.457378
CT	0.707547
GA	0.409666
GC	1.15248
GG	0.514829
GT	0.732655
TA	0.836762
TC	2.41013
TG	0.964269
TT	1.03526
