kmer	count
AA	0.680121
AC	2.00685
AG	1.04968
AT	1.23447
CA	0.449834
CC	1.227
CG	0.497353
CT	0.775945
GA	0.367943
GC	1.05777
GG	0.568295
GT	0.800395
TA	0.726118
TC	2.28304
TG	1.07165
TT	1.16902
