kmer	count
AA	0.766062
AC	2.05221
AG	1.04532
AT	1.24543
CA	0.449539
CC	1.17221
CG	0.448722
CT	0.69826
GA	0.38621
GC	1.06145
GG	0.537592
GT	0.736937
TA	0.80846
TC	2.54385
TG	1.08305
TT	1.14749
