kmer	count
AA	0.756547
AC	2.0357
AG	1.09345
AT	1.16621
CA	0.43301
CC	1.18932
CG	0.462171
CT	0.709902
GA	0.379551
GC	1.02153
GG	0.56368
GT	0.735047
TA	0.800594
TC	2.51907
TG	1.12888
TT	1.1348
