kmer	count
AA	0.763835
AC	1.99651
AG	1.00438
AT	1.29768
CA	0.482721
CC	1.18311
CG	0.425875
CT	0.778433
GA	0.3916
GC	1.0432
GG	0.531994
GT	0.819324
TA	0.841159
TC	2.40148
TG	1.06485
TT	1.17097
