kmer	count
AA	0.685927
AC	2.1252
AG	1.04793
AT	1.23084
CA	0.461489
CC	1.27088
CG	0.446543
CT	0.733022
GA	0.38173
GC	1.0706
GG	0.571869
GT	0.774294
TA	0.733561
TC	2.28353
TG	1.02776
TT	1.11846
