kmer	count
AA	0.713176
AC	2.08219
AG	1.0138
AT	1.22626
CA	0.434849
CC	1.23991
CG	0.455022
CT	0.778508
GA	0.362629
GC	1.06609
GG	0.549844
GT	0.778884
TA	0.744319
TC	2.42481
TG	1.05751
TT	1.19671
