kmer	count
AA	0.774661
AC	2.00217
AG	1.11358
AT	1.22858
CA	0.474572
CC	1.17905
CG	0.475143
CT	0.75538
GA	0.372227
GC	1.00328
GG	0.554069
GT	0.734958
TA	0.788209
TC	2.36561
TG	1.11788
TT	1.19042
