kmer	count
AA	0.713802
AC	2.02781
AG	1.13859
AT	1.27162
CA	0.42488
CC	1.24948
CG	0.505682
CT	0.811565
GA	0.377565
GC	1.07557
GG	0.576831
GT	0.800981
TA	0.669233
TC	2.14492
TG	1.07136
TT	1.08041
