kmer	count
AA	0.743974
AC	2.00585
AG	1.09078
AT	1.23247
CA	0.459948
CC	1.17493
CG	0.46163
CT	0.670217
GA	0.390056
GC	1.01237
GG	0.580998
GT	0.734825
TA	0.834936
TC	2.48763
TG	1.14177
TT	1.13955
