kmer	count
AA	0.754316
AC	1.98071
AG	1.11413
AT	1.20279
CA	0.487159
CC	1.1216
CG	0.446171
CT	0.800984
GA	0.35734
GC	0.97058
GG	0.583219
GT	0.814224
TA	0.817109
TC	2.3422
TG	1.14239
TT	1.20474
