kmer	count
AA	0.803997
AC	1.99575
AG	1.10603
AT	1.17682
CA	0.455666
CC	1.13777
CG	0.458843
CT	0.689916
GA	0.390991
GC	0.969784
GG	0.574232
GT	0.744748
TA	0.858285
TC	2.4034
TG	1.20463
TT	1.18954
