kmer	count
AA	0.611622
AC	1.81536
AG	0.846954
AT	1.22404
CA	0.623831
CC	1.29475
CG	0.581869
CT	0.748311
GA	0.422566
GC	1.04321
GG	0.633516
GT	0.781492
TA	0.863241
TC	2.1805
TG	1.24968
TT	1.08499
