kmer	count
AA	0.744492
AC	2.00472
AG	1.17815
AT	1.18183
CA	0.45052
CC	1.19016
CG	0.481711
CT	0.715268
GA	0.400409
GC	1.04371
GG	0.615823
GT	0.783986
TA	0.757334
TC	2.23854
TG	1.16069
TT	1.12672
