kmer	count
AA	0.711086
AC	1.98974
AG	1.03986
AT	1.26185
CA	0.450706
CC	1.18247
CG	0.49751
CT	0.808946
GA	0.407456
GC	1.05828
GG	0.619676
GT	0.831718
TA	0.712854
TC	2.1943
TG	1.05701
TT	1.13957
