kmer	count
AA	0.694224
AC	2.16276
AG	1.00635
AT	1.17248
CA	0.446078
CC	1.24541
CG	0.488298
CT	0.714638
GA	0.356024
GC	1.13117
GG	0.547803
GT	0.725237
TA	0.748635
TC	2.4745
TG	1.01369
TT	1.09771
