kmer	count
AA	0.823022
AC	2.03252
AG	1.01091
AT	1.17916
CA	0.453785
CC	1.2093
CG	0.478153
CT	0.725243
GA	0.383473
GC	0.990475
GG	0.541664
GT	0.753342
TA	0.83712
TC	2.45401
TG	1.10364
TT	1.19614
