kmer	count
AA	0.734869
AC	2.03828
AG	1.1296
AT	1.18595
CA	0.477787
CC	1.15874
CG	0.532152
CT	0.703073
GA	0.376022
GC	1.04165
GG	0.605623
GT	0.73921
TA	0.77614
TC	2.27478
TG	1.10688
TT	1.1008
