kmer	count
AA	0.72365
AC	2.04175
AG	1.11813
AT	1.30941
CA	0.408252
CC	1.20399
CG	0.520023
CT	0.752946
GA	0.38184
GC	1.03751
GG	0.57321
GT	0.851779
TA	0.731592
TC	2.27292
TG	1.08605
TT	1.15865
