kmer	count
AA	0.754904
AC	2.05994
AG	1.06969
AT	1.19345
CA	0.439835
CC	1.17738
CG	0.484107
CT	0.768342
GA	0.388574
GC	1.0527
GG	0.587046
GT	0.797703
TA	0.769817
TC	2.37509
TG	1.10142
TT	1.11658
