kmer	count
AA	0.738201
AC	2.03575
AG	1.08003
AT	1.26671
CA	0.427853
CC	1.15805
CG	0.462811
CT	0.720355
GA	0.374335
GC	1.03663
GG	0.565207
GT	0.802992
TA	0.779027
TC	2.32626
TG	1.14962
TT	1.24518
