kmer	count
AA	0.731369
AC	1.96502
AG	1.16675
AT	1.2619
CA	0.469753
CC	1.09914
CG	0.514815
CT	0.736159
GA	0.370134
GC	0.925534
GG	0.612851
GT	0.82658
TA	0.801199
TC	2.25838
TG	1.24277
TT	1.1938
