kmer	count
AA	0.480299
AC	1.38826
AG	0.661641
AT	0.920821
CA	1.18092
CC	1.40825
CG	0.907262
CT	0.848773
GA	0.717772
GC	1.00052
GG	0.867387
GT	0.725387
TA	1.19955
TC	1.91632
TG	1.11975
TT	0.795158
