kmer	count
AA	0.676035
AC	2.0184
AG	1.11281
AT	1.30294
CA	0.439073
CC	1.24106
CG	0.469953
CT	0.827363
GA	0.370886
GC	1.05691
GG	0.601933
GT	0.81408
TA	0.659456
TC	2.14172
TG	1.08149
TT	1.09958
