kmer	count
AA	0.747711
AC	1.9389
AG	0.979673
AT	1.41596
CA	0.462535
CC	1.30562
CG	0.452888
CT	0.892272
GA	0.383419
GC	1.03004
GG	0.568785
GT	0.915625
TA	0.707375
TC	2.07267
TG	1.04058
TT	1.19602
