kmer	count
AA	0.748445
AC	2.13552
AG	1.00964
AT	1.12074
CA	0.461359
CC	1.2292
CG	0.454131
CT	0.670552
GA	0.384516
GC	1.09939
GG	0.569299
GT	0.670077
TA	0.81859
TC	2.53809
TG	1.12452
TT	1.08479
