kmer	count
AA	0.723653
AC	2.06446
AG	0.960778
AT	1.22377
CA	0.460326
CC	1.26416
CG	0.474864
CT	0.776408
GA	0.38483
GC	1.10279
GG	0.537468
GT	0.774448
TA	0.711672
TC	2.37704
TG	1.00701
TT	1.13971
