kmer	count
AA	0.702328
AC	2.00195
AG	1.12056
AT	1.23356
CA	0.465356
CC	1.24863
CG	0.536691
CT	0.784329
GA	0.403827
GC	1.07329
GG	0.643974
GT	0.832712
TA	0.661465
TC	2.09858
TG	1.11094
TT	1.02327
