kmer	count
AA	0.781549
AC	1.97271
AG	1.14688
AT	1.21982
CA	0.439732
CC	1.13948
CG	0.403588
CT	0.730581
GA	0.374162
GC	1.0297
GG	0.595429
GT	0.814149
TA	0.751862
TC	2.34087
TG	1.1967
TT	1.14783
