kmer	count
AA	0.797572
AC	1.98449
AG	1.12924
AT	1.27564
CA	0.463828
CC	1.08985
CG	0.442342
CT	0.729082
GA	0.398858
GC	0.989661
GG	0.603387
GT	0.755183
TA	0.811748
TC	2.35789
TG	1.15197
TT	1.18146
