kmer	count
AA	0.711688
AC	1.97765
AG	1.09358
AT	1.24782
CA	0.459802
CC	1.17998
CG	0.475079
CT	0.807551
GA	0.376219
GC	1.04997
GG	0.606358
GT	0.75957
TA	0.732707
TC	2.23666
TG	1.08191
TT	1.12617
