kmer	count
AA	0.722096
AC	2.05082
AG	1.02028
AT	1.19184
CA	0.458887
CC	1.22986
CG	0.497446
CT	0.80147
GA	0.376895
GC	1.09093
GG	0.569155
GT	0.804109
TA	0.745533
TC	2.34356
TG	1.07865
TT	1.13056
