kmer	count
AA	0.703928
AC	1.90931
AG	1.1378
AT	1.34732
CA	0.435256
CC	1.2209
CG	0.451593
CT	0.815367
GA	0.343236
GC	1.037
GG	0.58832
GT	0.860811
TA	0.644285
TC	2.0885
TG	1.09135
TT	1.19794
