kmer	count
AA	0.706924
AC	1.98967
AG	1.07353
AT	1.21238
CA	0.467307
CC	1.1432
CG	0.559445
CT	0.712599
GA	0.373318
GC	1.01114
GG	0.585692
GT	0.797801
TA	0.79117
TC	2.30202
TG	1.16318
TT	1.12856
