kmer	count
AA	0.726477
AC	1.95758
AG	1.07071
AT	1.23999
CA	0.481656
CC	1.1751
CG	0.461475
CT	0.762642
GA	0.412573
GC	1.05003
GG	0.596936
GT	0.777352
TA	0.757094
TC	2.24383
TG	1.10083
TT	1.11387
