kmer	count
AA	0.777126
AC	1.94178
AG	1.17556
AT	1.14111
CA	0.432737
CC	1.13688
CG	0.519008
CT	0.709401
GA	0.372416
GC	1.0298
GG	0.624025
GT	0.72846
TA	0.818044
TC	2.32909
TG	1.23211
TT	1.12636
