kmer	count
AA	0.76367
AC	2.07593
AG	1.10719
AT	1.13005
CA	0.432722
CC	1.1986
CG	0.466077
CT	0.704459
GA	0.343127
GC	1.07024
GG	0.571895
GT	0.724785
TA	0.760534
TC	2.46756
TG	1.12125
TT	1.1521
