kmer	count
AA	0.70881
AC	1.96325
AG	0.962331
AT	1.09053
CA	0.549086
CC	1.25332
CG	0.484654
CT	0.756609
GA	0.438003
GC	1.11366
GG	0.57549
GT	0.805455
TA	0.797774
TC	2.41088
TG	1.05507
TT	1.11368
