kmer	count
AA	0.697379
AC	2.11039
AG	1.00014
AT	1.22747
CA	0.459159
CC	1.25565
CG	0.472825
CT	0.782389
GA	0.390696
GC	1.09262
GG	0.591859
GT	0.811623
TA	0.707869
TC	2.24449
TG	1.03221
TT	1.09921
