kmer	count
AA	0.745751
AC	1.9858
AG	1.20129
AT	1.17708
CA	0.423437
CC	1.17329
CG	0.492962
CT	0.712493
GA	0.387035
GC	1.01344
GG	0.651735
GT	0.759595
TA	0.686179
TC	2.24054
TG	1.31755
TT	1.05107
