kmer	count
AA	0.693128
AC	1.92015
AG	1.06373
AT	1.25158
CA	0.510576
CC	1.17934
CG	0.515712
CT	0.763435
GA	0.405357
GC	1.06292
GG	0.623449
GT	0.789556
TA	0.738531
TC	2.15902
TG	1.12039
TT	1.14518
