kmer	count
AA	0.730729
AC	2.06562
AG	1.05222
AT	1.12768
CA	0.436445
CC	1.2442
CG	0.456182
CT	0.686196
GA	0.379517
GC	1.09225
GG	0.56091
GT	0.740727
TA	0.754453
TC	2.52331
TG	1.12684
TT	1.10676
