kmer	count
AA	0.663628
AC	1.98455
AG	0.820412
AT	1.28501
CA	0.552651
CC	1.35345
CG	0.447623
CT	0.954858
GA	0.56043
GC	1.24191
GG	0.606448
GT	1.01995
TA	0.677417
TC	1.92772
TG	0.866271
TT	1.03127
