kmer	count
AA	0.741635
AC	2.06129
AG	1.06097
AT	1.16032
CA	0.456799
CC	1.23214
CG	0.448374
CT	0.721204
GA	0.375269
GC	1.09629
GG	0.572107
GT	0.751984
TA	0.777465
TC	2.41018
TG	1.112
TT	1.11157
