kmer	count
AA	0.780575
AC	2.01584
AG	1.16859
AT	1.18115
CA	0.437737
CC	1.13282
CG	0.468032
CT	0.682379
GA	0.349406
GC	1.00387
GG	0.571748
GT	0.763769
TA	0.804914
TC	2.44444
TG	1.19524
TT	1.1432
