kmer	count
AA	0.766438
AC	1.95506
AG	1.14634
AT	1.2225
CA	0.44534
CC	1.08239
CG	0.494638
CT	0.716144
GA	0.38189
GC	1.01896
GG	0.613538
GT	0.75608
TA	0.873105
TC	2.34044
TG	1.19795
TT	1.16702
