kmer	count
AA	0.720203
AC	1.97036
AG	1.1837
AT	1.14684
CA	0.424929
CC	1.12508
CG	0.50527
CT	0.700116
GA	0.374319
GC	1.05817
GG	0.602656
GT	0.755254
TA	0.746241
TC	2.35922
TG	1.25778
TT	1.15175
