kmer	count
AA	0.720432
AC	2.03852
AG	1.0576
AT	1.27571
CA	0.463447
CC	1.19762
CG	0.485216
CT	0.772523
GA	0.382085
GC	1.07397
GG	0.586213
GT	0.753909
TA	0.770656
TC	2.20301
TG	1.08782
TT	1.10621
