kmer	count
AA	0.751189
AC	2.00481
AG	1.04107
AT	1.28393
CA	0.443757
CC	1.19115
CG	0.443491
CT	0.744677
GA	0.407925
GC	1.07268
GG	0.591252
GT	0.82658
TA	0.778813
TC	2.214
TG	1.03855
TT	1.13928
