kmer	count
AA	0.759019
AC	2.09356
AG	1.00417
AT	1.18438
CA	0.461296
CC	1.24098
CG	0.447972
CT	0.765597
GA	0.360476
GC	1.07653
GG	0.516201
GT	0.792912
TA	0.780137
TC	2.406
TG	1.07917
TT	1.17089
