kmer	count
AA	0.748595
AC	2.07614
AG	1.1212
AT	1.12394
CA	0.470876
CC	1.15758
CG	0.456538
CT	0.714023
GA	0.3627
GC	1.0446
GG	0.57445
GT	0.738387
TA	0.779278
TC	2.39304
TG	1.16317
TT	1.17673
