kmer	count
AA	0.716363
AC	1.91302
AG	1.14976
AT	1.2885
CA	0.447034
CC	1.16851
CG	0.554111
CT	0.7615
GA	0.329104
GC	0.981401
GG	0.643631
GT	0.81323
TA	0.70989
TC	2.08649
TG	1.17461
TT	1.19299
