kmer	count
AA	0.721924
AC	2.17485
AG	0.831819
AT	1.33486
CA	0.468328
CC	1.2238
CG	0.386019
CT	0.704068
GA	0.391066
GC	1.07803
GG	0.556991
GT	0.789773
TA	0.847128
TC	2.37435
TG	1.15518
TT	1.19676
