kmer	count
AA	0.766958
AC	1.98753
AG	1.08021
AT	1.21548
CA	0.44342
CC	1.15986
CG	0.458021
CT	0.712344
GA	0.390091
GC	1.05945
GG	0.583644
GT	0.761415
TA	0.757546
TC	2.3272
TG	1.22041
TT	1.18027
