kmer	count
AA	0.738889
AC	2.05375
AG	1.08061
AT	1.24099
CA	0.452826
CC	1.17855
CG	0.45099
CT	0.740637
GA	0.365747
GC	1.02009
GG	0.582353
GT	0.773734
TA	0.730655
TC	2.33333
TG	1.20021
TT	1.16651
