kmer	count
AA	0.771018
AC	2.03799
AG	1.08349
AT	1.14265
CA	0.429287
CC	1.131
CG	0.469205
CT	0.689053
GA	0.374713
GC	1.05418
GG	0.578739
GT	0.756722
TA	0.824442
TC	2.47439
TG	1.18173
TT	1.15426
