kmer	count
AA	0.794737
AC	1.89647
AG	1.07315
AT	1.24229
CA	0.497421
CC	1.17219
CG	0.495085
CT	0.814545
GA	0.416467
GC	1.02985
GG	0.591876
GT	0.815693
TA	0.776715
TC	2.19629
TG	1.13898
TT	1.15282
