kmer	count
AA	0.787304
AC	2.01884
AG	1.08934
AT	1.27951
CA	0.497713
CC	1.17707
CG	0.462656
CT	0.71827
GA	0.388661
GC	0.980148
GG	0.57407
GT	0.776825
TA	0.896641
TC	2.2662
TG	1.11826
TT	1.17217
