kmer	count
AA	0.747934
AC	1.9862
AG	1.10799
AT	1.32144
CA	0.419417
CC	1.11262
CG	0.46649
CT	0.777317
GA	0.384923
GC	1.00267
GG	0.570116
GT	0.816873
TA	0.798996
TC	2.26759
TG	1.18297
TT	1.22776
