kmer	count
AA	0.723645
AC	1.97314
AG	1.08629
AT	1.2398
CA	0.466274
CC	1.21092
CG	0.502743
CT	0.713573
GA	0.412061
GC	1.07668
GG	0.618531
GT	0.83497
TA	0.765822
TC	2.11849
TG	1.12478
TT	1.10043
