kmer	count
AA	0.706333
AC	2.06624
AG	1.04303
AT	1.07184
CA	0.466673
CC	1.28701
CG	0.502389
CT	0.703464
GA	0.386109
GC	1.11005
GG	0.582752
GT	0.714707
TA	0.758157
TC	2.47059
TG	1.11276
TT	1.06584
