kmer	count
AA	0.787919
AC	1.9169
AG	1.04643
AT	1.26558
CA	0.491812
CC	1.11633
CG	0.495883
CT	0.759975
GA	0.407528
GC	0.97691
GG	0.568721
GT	0.84944
TA	0.904049
TC	2.30456
TG	1.17758
TT	1.16562
