kmer	count
AA	0.718592
AC	1.98904
AG	1.19615
AT	1.05106
CA	0.432833
CC	1.17148
CG	0.526197
CT	0.685084
GA	0.37483
GC	1.09013
GG	0.631862
GT	0.706539
TA	0.718845
TC	2.40225
TG	1.23528
TT	1.07978
