kmer	count
AA	0.710721
AC	2.04467
AG	1.07327
AT	1.25813
CA	0.450736
CC	1.19766
CG	0.459758
CT	0.734616
GA	0.379489
GC	1.07929
GG	0.5621
GT	0.769831
TA	0.702115
TC	2.23175
TG	1.10398
TT	1.1746
