kmer	count
AA	0.776495
AC	2.04425
AG	1.06213
AT	1.28876
CA	0.471635
CC	1.14027
CG	0.446462
CT	0.774099
GA	0.358924
GC	1.03176
GG	0.538723
GT	0.791861
TA	0.774045
TC	2.35394
TG	1.13527
TT	1.18764
