kmer	count
AA	0.571226
AC	1.68386
AG	0.825781
AT	0.974443
CA	0.85947
CC	1.32501
CG	0.743375
CT	0.726872
GA	0.550534
GC	1.03273
GG	0.741517
GT	0.683502
TA	1.07995
TC	2.17424
TG	1.18937
TT	0.924865
