kmer	count
AA	0.750037
AC	2.09866
AG	1.07935
AT	1.22705
CA	0.444877
CC	1.17151
CG	0.477498
CT	0.726948
GA	0.376392
GC	1.02014
GG	0.576923
GT	0.74111
TA	0.735872
TC	2.30069
TG	1.09097
TT	1.14021
