kmer	count
AA	0.75576
AC	2.09313
AG	1.05026
AT	1.16383
CA	0.445822
CC	1.20277
CG	0.448002
CT	0.713469
GA	0.384129
GC	1.06975
GG	0.560239
GT	0.742077
TA	0.804209
TC	2.46835
TG	1.08332
TT	1.15117
