kmer	count
AA	0.745518
AC	1.93849
AG	1.12498
AT	1.2164
CA	0.440451
CC	1.18585
CG	0.519029
CT	0.742594
GA	0.358338
GC	1.03513
GG	0.602793
GT	0.790442
TA	0.762475
TC	2.30448
TG	1.15005
TT	1.18611
