kmer	count
AA	0.747748
AC	2.05863
AG	1.09731
AT	1.18282
CA	0.436973
CC	1.18038
CG	0.482475
CT	0.72969
GA	0.36492
GC	1.04977
GG	0.564548
GT	0.758882
TA	0.759044
TC	2.34433
TG	1.08665
TT	1.11858
