kmer	count
AA	0.804528
AC	2.02849
AG	1.12112
AT	1.11629
CA	0.462047
CC	1.11347
CG	0.443959
CT	0.690269
GA	0.424712
GC	0.999063
GG	0.57441
GT	0.726353
TA	0.84558
TC	2.4148
TG	1.15733
TT	1.21805
