kmer	count
AA	0.724925
AC	2.13376
AG	1.02342
AT	1.29163
CA	0.443985
CC	1.27789
CG	0.445158
CT	0.766538
GA	0.378408
GC	1.07494
GG	0.58308
GT	0.818183
TA	0.681313
TC	2.19798
TG	1.00656
TT	1.11367
