kmer	count
AA	0.778407
AC	2.21807
AG	0.95868
AT	1.16958
CA	0.489196
CC	1.28961
CG	0.379475
CT	0.717144
GA	0.406209
GC	1.06102
GG	0.488938
GT	0.747447
TA	0.844659
TC	2.55641
TG	0.989717
TT	1.08181
