kmer	count
AA	0.719636
AC	2.02068
AG	1.04735
AT	1.22759
CA	0.488421
CC	1.21654
CG	0.527923
CT	0.784945
GA	0.390526
GC	1.06253
GG	0.603218
GT	0.785375
TA	0.718441
TC	2.21105
TG	1.06081
TT	1.10735
