kmer	count
AA	0.367395
AC	1.23879
AG	0.510747
AT	0.709628
CA	1.33459
CC	1.59286
CG	1.02627
CT	0.96491
GA	0.735314
GC	1.1753
GG	0.839306
GT	0.653378
TA	1.1748
TC	2.01024
TG	1.12509
TT	0.673365
