kmer	count
AA	0.665303
AC	2.08419
AG	0.958011
AT	1.30021
CA	0.476918
CC	1.28816
CG	0.484579
CT	0.7686
GA	0.371818
GC	1.07101
GG	0.561686
GT	0.799855
TA	0.705999
TC	2.34403
TG	0.999108
TT	1.13135
