kmer	count
AA	0.731394
AC	2.05546
AG	1.05698
AT	1.16664
CA	0.428023
CC	1.22604
CG	0.493125
CT	0.714001
GA	0.387395
GC	1.11474
GG	0.56837
GT	0.786699
TA	0.732643
TC	2.34851
TG	1.13856
TT	1.15049
