kmer	count
AA	0.716144
AC	2.12907
AG	1.0526
AT	1.2355
CA	0.42003
CC	1.27201
CG	0.463331
CT	0.728447
GA	0.367355
GC	1.06945
GG	0.564709
GT	0.764746
TA	0.713555
TC	2.34771
TG	1.04456
TT	1.08743
