kmer	count
AA	0.80621
AC	2.12273
AG	0.946084
AT	1.22551
CA	0.493681
CC	1.2104
CG	0.470722
CT	0.658372
GA	0.445556
GC	1.12347
GG	0.545518
GT	0.723354
TA	0.830369
TC	2.33416
TG	1.01382
TT	1.09688
