kmer	count
AA	0.725707
AC	1.99255
AG	1.10144
AT	1.25066
CA	0.426326
CC	1.1654
CG	0.452377
CT	0.783087
GA	0.370307
GC	1.04547
GG	0.536931
GT	0.802228
TA	0.742208
TC	2.27664
TG	1.08277
TT	1.18152
