kmer	count
AA	0.807416
AC	2.02931
AG	1.04704
AT	1.12965
CA	0.467325
CC	1.21774
CG	0.471628
CT	0.720676
GA	0.403399
GC	1.036
GG	0.535188
GT	0.755021
TA	0.846542
TC	2.44102
TG	1.09216
TT	1.14524
