kmer	count
AA	0.686023
AC	2.12365
AG	1.00279
AT	1.22075
CA	0.444187
CC	1.26538
CG	0.480294
CT	0.787155
GA	0.372004
GC	1.12282
GG	0.557259
GT	0.785383
TA	0.684772
TC	2.33535
TG	1.00577
TT	1.11295
