kmer	count
AA	0.567399
AC	2.07995
AG	0.703005
AT	1.41263
CA	0.410101
CC	1.29464
CG	0.379719
CT	0.835644
GA	0.3513
GC	1.08728
GG	0.461825
GT	0.86792
TA	0.693297
TC	2.5764
TG	1.0396
TT	1.45352
