kmer	count
AA	0.745441
AC	1.98208
AG	1.17933
AT	1.17785
CA	0.440921
CC	1.10661
CG	0.468238
CT	0.709311
GA	0.360374
GC	1.02926
GG	0.58264
GT	0.757963
TA	0.727068
TC	2.39245
TG	1.23479
TT	1.19598
