kmer	count
AA	0.705154
AC	2.03935
AG	1.07564
AT	1.12576
CA	0.426343
CC	1.22172
CG	0.448682
CT	0.74173
GA	0.391951
GC	1.09714
GG	0.613966
GT	0.806268
TA	0.669524
TC	2.4734
TG	1.10524
TT	1.08714
