kmer	count
AA	0.694214
AC	1.98833
AG	1.01933
AT	1.25017
CA	0.505462
CC	1.30837
CG	0.499326
CT	0.834405
GA	0.403222
GC	1.12238
GG	0.611717
GT	0.845709
TA	0.70258
TC	2.11167
TG	1.01596
TT	1.04316
