kmer	count
AA	0.725911
AC	1.98904
AG	1.09491
AT	1.21253
CA	0.4556
CC	1.22604
CG	0.498403
CT	0.726206
GA	0.395434
GC	1.09276
GG	0.627823
GT	0.784984
TA	0.732988
TC	2.20136
TG	1.09937
TT	1.08399
