kmer	count
AA	0.723033
AC	2.187
AG	0.946714
AT	1.21839
CA	0.445029
CC	1.30233
CG	0.41564
CT	0.73727
GA	0.356491
GC	1.14847
GG	0.506972
GT	0.764408
TA	0.730403
TC	2.446
TG	0.958181
TT	1.11326
