kmer	count
AA	0.69445
AC	2.10311
AG	1.00922
AT	1.2066
CA	0.441058
CC	1.20947
CG	0.439573
CT	0.783977
GA	0.369805
GC	1.10979
GG	0.562105
GT	0.791759
TA	0.70316
TC	2.41672
TG	1.06484
TT	1.19675
