kmer	count
AA	0.718275
AC	2.12616
AG	0.97952
AT	1.32132
CA	0.438755
CC	1.27672
CG	0.433107
CT	0.776794
GA	0.397275
GC	1.11925
GG	0.508651
GT	0.795425
TA	0.716979
TC	2.23046
TG	1.01018
TT	1.14097
