kmer	count
AA	0.690944
AC	2.04045
AG	1.06474
AT	1.25994
CA	0.479007
CC	1.19169
CG	0.514993
CT	0.756157
GA	0.359983
GC	1.0511
GG	0.581952
GT	0.801889
TA	0.70495
TC	2.25945
TG	1.08534
TT	1.13538
