kmer	count
AA	0.759082
AC	1.98344
AG	1.00734
AT	1.30198
CA	0.473989
CC	1.23818
CG	0.483708
CT	0.820469
GA	0.402318
GC	1.07385
GG	0.558989
GT	0.846747
TA	0.81765
TC	2.25791
TG	1.05273
TT	1.09
