kmer	count
AA	0.700271
AC	2.01947
AG	0.983555
AT	1.34244
CA	0.477201
CC	1.3087
CG	0.427726
CT	0.87201
GA	0.444256
GC	1.1343
GG	0.586279
GT	0.905605
TA	0.645646
TC	2.03184
TG	0.955522
TT	1.09881
