kmer	count
AA	0.794358
AC	2.1199
AG	1.06883
AT	1.26806
CA	0.448761
CC	1.17965
CG	0.459424
CT	0.73662
GA	0.393305
GC	1.03504
GG	0.536541
GT	0.784437
TA	0.75975
TC	2.3335
TG	1.08991
TT	1.17311
