kmer	count
AA	0.790613
AC	2.01775
AG	1.07053
AT	1.27831
CA	0.456167
CC	1.13723
CG	0.498124
CT	0.76412
GA	0.403258
GC	0.980559
GG	0.584524
GT	0.824916
TA	0.793713
TC	2.27036
TG	1.14272
TT	1.18161
