kmer	count
AA	0.75902
AC	1.92987
AG	1.0696
AT	1.32157
CA	0.468269
CC	1.16433
CG	0.45258
CT	0.744049
GA	0.434276
GC	0.996238
GG	0.564302
GT	0.810235
TA	0.743008
TC	2.27338
TG	1.18294
TT	1.22509
