kmer	count
AA	0.729422
AC	2.07614
AG	0.979738
AT	1.24421
CA	0.482628
CC	1.23234
CG	0.466195
CT	0.728576
GA	0.399647
GC	1.07419
GG	0.56877
GT	0.767019
TA	0.761153
TC	2.2979
TG	1.01191
TT	1.17015
