kmer	count
AA	0.677476
AC	1.98933
AG	1.07954
AT	1.18891
CA	0.46827
CC	1.27037
CG	0.507713
CT	0.792111
GA	0.381911
GC	1.06065
GG	0.628174
GT	0.777405
TA	0.703874
TC	2.18632
TG	1.1074
TT	1.09727
