kmer	count
AA	0.706434
AC	2.04039
AG	1.07876
AT	1.33833
CA	0.432674
CC	1.15881
CG	0.508519
CT	0.792535
GA	0.365239
GC	1.00606
GG	0.575912
GT	0.795013
TA	0.742213
TC	2.17265
TG	1.09082
TT	1.18656
