kmer	count
AA	0.716196
AC	2.03718
AG	1.06051
AT	1.26448
CA	0.482951
CC	1.15457
CG	0.45162
CT	0.780615
GA	0.379965
GC	1.02099
GG	0.576102
GT	0.816956
TA	0.728094
TC	2.25148
TG	1.07712
TT	1.1418
