kmer	count
AA	0.694807
AC	2.04609
AG	0.989037
AT	1.18621
CA	0.524039
CC	1.27325
CG	0.510481
CT	0.720541
GA	0.41071
GC	1.05522
GG	0.595318
GT	0.733221
TA	0.799883
TC	2.28835
TG	1.08676
TT	1.07781
