kmer	count
AA	0.77796
AC	1.92553
AG	1.11333
AT	1.24541
CA	0.443217
CC	1.09238
CG	0.495476
CT	0.679719
GA	0.376811
GC	0.996486
GG	0.592056
GT	0.751282
TA	0.831778
TC	2.38452
TG	1.23156
TT	1.23923
