kmer	count
AA	0.801463
AC	2.03681
AG	1.04103
AT	1.32384
CA	0.449158
CC	1.14906
CG	0.500416
CT	0.7412
GA	0.37867
GC	1.02251
GG	0.520133
GT	0.769427
TA	0.780074
TC	2.25386
TG	1.06213
TT	1.18475
