kmer	count
AA	0.757433
AC	2.05242
AG	1.05387
AT	1.24072
CA	0.477873
CC	1.22602
CG	0.498959
CT	0.742817
GA	0.386305
GC	1.07038
GG	0.568993
GT	0.766455
TA	0.728836
TC	2.29083
TG	1.09804
TT	1.15532
