kmer	count
AA	0.686723
AC	2.03871
AG	1.05756
AT	1.14394
CA	0.468937
CC	1.36131
CG	0.496266
CT	0.757771
GA	0.408117
GC	1.19089
GG	0.614116
GT	0.792358
TA	0.664604
TC	2.2402
TG	1.07163
TT	0.978088
