kmer	count
AA	0.735311
AC	2.05651
AG	1.04755
AT	1.19786
CA	0.415478
CC	1.2158
CG	0.472557
CT	0.772393
GA	0.372472
GC	1.12798
GG	0.538448
GT	0.782465
TA	0.673002
TC	2.47337
TG	1.07028
TT	1.13965
