kmer	count
AA	0.340063
AC	1.81666
AG	0.836441
AT	1.10268
CA	0.475371
CC	1.2871
CG	0.680222
CT	0.623001
GA	0.417297
GC	1.20607
GG	0.881832
GT	0.845115
TA	0.730118
TC	1.97768
TG	1.88057
TT	0.865434
