kmer	count
AA	0.701503
AC	2.14497
AG	1.0306
AT	1.18994
CA	0.446882
CC	1.2439
CG	0.4569
CT	0.72709
GA	0.378041
GC	1.09143
GG	0.54708
GT	0.73996
TA	0.752472
TC	2.3852
TG	1.03968
TT	1.10923
