kmer	count
AA	0.77077
AC	1.86536
AG	1.00072
AT	1.32008
CA	0.519658
CC	1.20955
CG	0.525777
CT	0.877208
GA	0.485041
GC	1.09456
GG	0.586834
GT	0.935445
TA	0.793958
TC	2.00068
TG	1.03294
TT	1.13514
