kmer	count
AA	0.526628
AC	1.38726
AG	0.743209
AT	0.974089
CA	1.15907
CC	1.42575
CG	0.930617
CT	0.916907
GA	0.63615
GC	0.951298
GG	0.802185
GT	0.658264
TA	1.08135
TC	1.81499
TG	1.19799
TT	0.845653
