kmer	count
AA	0.678045
AC	1.98457
AG	1.0764
AT	1.26535
CA	0.459044
CC	1.23666
CG	0.472977
CT	0.781077
GA	0.373949
GC	1.08617
GG	0.600892
GT	0.796071
TA	0.699557
TC	2.26321
TG	1.06614
TT	1.09804
