kmer	count
AA	0.734281
AC	2.00895
AG	1.08128
AT	1.30117
CA	0.454576
CC	1.1344
CG	0.516491
CT	0.808424
GA	0.370997
GC	1.02523
GG	0.622718
GT	0.772987
TA	0.683285
TC	2.16811
TG	1.0912
TT	1.17099
