kmer	count
AA	0.742227
AC	2.0421
AG	1.0735
AT	1.24247
CA	0.416763
CC	1.17881
CG	0.478137
CT	0.726186
GA	0.366123
GC	1.07989
GG	0.57676
GT	0.790376
TA	0.779099
TC	2.32934
TG	1.13088
TT	1.19759
