kmer	count
AA	0.744265
AC	2.09747
AG	1.00126
AT	1.2963
CA	0.494771
CC	1.17239
CG	0.450468
CT	0.763764
GA	0.37829
GC	0.993169
GG	0.554676
GT	0.772604
TA	0.768936
TC	2.32002
TG	0.99098
TT	1.1888
