kmer	count
AA	0.720742
AC	2.03683
AG	1.10085
AT	1.2584
CA	0.450486
CC	1.1912
CG	0.479444
CT	0.72887
GA	0.387115
GC	1.08089
GG	0.590795
GT	0.75441
TA	0.737677
TC	2.25524
TG	1.08354
TT	1.10518
