kmer	count
AA	0.709606
AC	2.02781
AG	1.05038
AT	1.33835
CA	0.450763
CC	1.19429
CG	0.479776
CT	0.778891
GA	0.392803
GC	1.06746
GG	0.577297
GT	0.809837
TA	0.709644
TC	2.22021
TG	1.04856
TT	1.12747
