kmer	count
AA	0.782427
AC	2.0339
AG	1.05892
AT	1.2204
CA	0.472041
CC	1.20173
CG	0.478968
CT	0.7343
GA	0.387772
GC	1.0308
GG	0.560013
GT	0.743345
TA	0.776874
TC	2.27908
TG	1.09303
TT	1.10376
