kmer	count
AA	0.716115
AC	2.11251
AG	0.995782
AT	1.12163
CA	0.478834
CC	1.25325
CG	0.466481
CT	0.684124
GA	0.3919
GC	1.14982
GG	0.573381
GT	0.741146
TA	0.77281
TC	2.41355
TG	1.05075
TT	1.06778
