kmer	count
AA	0.784564
AC	2.06549
AG	1.05375
AT	1.2764
CA	0.480466
CC	1.1414
CG	0.473968
CT	0.739286
GA	0.411165
GC	1.0293
GG	0.580004
GT	0.741526
TA	0.822947
TC	2.30781
TG	1.13595
TT	1.14508
