kmer	count
AA	0.75346
AC	1.97122
AG	1.09523
AT	1.20395
CA	0.43024
CC	1.08951
CG	0.444168
CT	0.751329
GA	0.409183
GC	1.02233
GG	0.601799
GT	0.823691
TA	0.808013
TC	2.41064
TG	1.13565
TT	1.20701
