kmer	count
AA	0.704901
AC	2.05353
AG	1.13875
AT	1.11927
CA	0.378125
CC	1.22198
CG	0.52899
CT	0.712774
GA	0.334054
GC	1.08367
GG	0.608811
GT	0.722714
TA	0.716415
TC	2.45166
TG	1.20012
TT	1.07867
