kmer	count
AA	0.778755
AC	1.8784
AG	1.13176
AT	1.24323
CA	0.499789
CC	1.05234
CG	0.517404
CT	0.748766
GA	0.347155
GC	0.9952
GG	0.60181
GT	0.802884
TA	0.9445
TC	2.29879
TG	1.1723
TT	1.21467
