kmer	count
AA	0.772752
AC	2.01772
AG	1.09444
AT	1.23527
CA	0.461734
CC	1.12138
CG	0.450564
CT	0.714372
GA	0.375337
GC	1.00239
GG	0.59677
GT	0.762585
TA	0.833923
TC	2.3411
TG	1.16594
TT	1.21908
