kmer	count
AA	0.729705
AC	1.94472
AG	1.10587
AT	1.07552
CA	0.487196
CC	1.166
CG	0.52586
CT	0.677109
GA	0.395646
GC	1.02874
GG	0.629727
GT	0.68681
TA	0.803539
TC	2.4978
TG	1.18672
TT	1.12995
