kmer	count
AA	0.7109
AC	2.10754
AG	1.04427
AT	1.14532
CA	0.454258
CC	1.24991
CG	0.45749
CT	0.733575
GA	0.378787
GC	1.10441
GG	0.553308
GT	0.755562
TA	0.757345
TC	2.36584
TG	1.0449
TT	1.10108
