kmer	count
AA	0.401748
AC	1.26108
AG	0.546086
AT	0.765707
CA	1.23309
CC	1.46577
CG	1.01603
CT	0.88201
GA	0.720769
GC	1.07536
GG	0.781167
GT	0.616275
TA	1.20979
TC	2.04478
TG	1.17988
TT	0.78061
