kmer	count
AA	0.752803
AC	1.96747
AG	1.11475
AT	1.14757
CA	0.450911
CC	1.19194
CG	0.463373
CT	0.709236
GA	0.365598
GC	1.05639
GG	0.596153
GT	0.790214
TA	0.743424
TC	2.3972
TG	1.13856
TT	1.1797
