kmer	count
AA	0.787123
AC	2.00322
AG	1.02536
AT	1.23131
CA	0.473659
CC	1.1885
CG	0.449156
CT	0.761958
GA	0.390225
GC	1.03848
GG	0.555872
GT	0.79923
TA	0.783838
TC	2.39097
TG	1.05329
TT	1.21345
