kmer	count
AA	0.679761
AC	2.12718
AG	1.03419
AT	1.21948
CA	0.407752
CC	1.27847
CG	0.445869
CT	0.775897
GA	0.351678
GC	1.13875
GG	0.525101
GT	0.796791
TA	0.686906
TC	2.41518
TG	1.00357
TT	1.09316
