kmer	count
AA	0.7923
AC	2.01121
AG	1.03283
AT	1.20149
CA	0.436782
CC	1.17157
CG	0.490897
CT	0.750811
GA	0.383659
GC	1.04828
GG	0.545975
GT	0.743323
TA	0.823201
TC	2.35695
TG	1.13375
TT	1.24025
