kmer	count
AA	0.742435
AC	1.96748
AG	1.0118
AT	1.32582
CA	0.46399
CC	1.27837
CG	0.477186
CT	0.836407
GA	0.463045
GC	1.10762
GG	0.605134
GT	0.952039
TA	0.641941
TC	2.07239
TG	1.02771
TT	1.10112
