kmer	count
AA	0.683122
AC	2.0458
AG	1.16301
AT	1.14284
CA	0.461114
CC	1.25397
CG	0.503281
CT	0.684472
GA	0.391276
GC	1.0778
GG	0.659945
GT	0.773921
TA	0.737184
TC	2.23452
TG	1.21962
TT	0.993317
