kmer	count
AA	0.716572
AC	2.04475
AG	0.985167
AT	1.15485
CA	0.515762
CC	1.27194
CG	0.475208
CT	0.697016
GA	0.402045
GC	1.06322
GG	0.573905
GT	0.742185
TA	0.791096
TC	2.45423
TG	1.08638
TT	1.12895
