kmer	count
AA	0.74191
AC	2.12636
AG	1.02649
AT	1.16694
CA	0.404314
CC	1.19611
CG	0.449659
CT	0.693403
GA	0.378919
GC	1.07962
GG	0.519037
GT	0.820616
TA	0.789908
TC	2.53592
TG	1.08334
TT	1.17747
