kmer	count
AA	0.738071
AC	2.03209
AG	1.07526
AT	1.19637
CA	0.484185
CC	1.16024
CG	0.519954
CT	0.731988
GA	0.387591
GC	1.0251
GG	0.596998
GT	0.70758
TA	0.773701
TC	2.28152
TG	1.12904
TT	1.12419
