kmer	count
AA	0.744551
AC	2.03788
AG	1.09856
AT	1.1862
CA	0.430192
CC	1.19807
CG	0.500242
CT	0.683126
GA	0.381602
GC	1.05162
GG	0.583338
GT	0.726272
TA	0.78742
TC	2.39256
TG	1.15116
TT	1.17272
