kmer	count
AA	0.767471
AC	2.04612
AG	1.10769
AT	1.13278
CA	0.463973
CC	1.21317
CG	0.459012
CT	0.70383
GA	0.390194
GC	1.0541
GG	0.602478
GT	0.72058
TA	0.755061
TC	2.42323
TG	1.11799
TT	1.10278
