kmer	count
AA	0.729005
AC	2.02999
AG	1.12944
AT	1.1484
CA	0.454527
CC	1.19387
CG	0.506627
CT	0.688264
GA	0.381752
GC	1.0529
GG	0.622817
GT	0.7515
TA	0.75611
TC	2.35736
TG	1.17757
TT	1.10144
