kmer	count
AA	0.76814
AC	2.04215
AG	1.01515
AT	1.26869
CA	0.473333
CC	1.21574
CG	0.444604
CT	0.7653
GA	0.398823
GC	1.0778
GG	0.564786
GT	0.8365
TA	0.762344
TC	2.28499
TG	1.05108
TT	1.17362
