kmer	count
AA	0.728425
AC	2.08472
AG	1.02845
AT	1.19718
CA	0.448976
CC	1.23506
CG	0.47396
CT	0.732295
GA	0.383112
GC	1.1062
GG	0.56866
GT	0.747467
TA	0.723386
TC	2.36109
TG	1.0418
TT	1.11091
