kmer	count
AA	0.736462
AC	2.00529
AG	1.0953
AT	1.18081
CA	0.471557
CC	1.15107
CG	0.519518
CT	0.709406
GA	0.371122
GC	0.987826
GG	0.575348
GT	0.709595
TA	0.83319
TC	2.3448
TG	1.15418
TT	1.13266
