kmer	count
AA	0.696499
AC	2.05584
AG	1.0301
AT	1.21853
CA	0.494357
CC	1.17875
CG	0.479742
CT	0.761736
GA	0.388622
GC	1.0319
GG	0.588075
GT	0.748531
TA	0.767459
TC	2.31346
TG	1.11458
TT	1.09535
