kmer	count
AA	0.736
AC	1.9933
AG	1.10531
AT	1.15203
CA	0.453803
CC	1.16495
CG	0.503904
CT	0.737943
GA	0.388928
GC	1.10135
GG	0.596925
GT	0.781559
TA	0.741117
TC	2.33166
TG	1.13903
TT	1.15837
