kmer	count
AA	0.712425
AC	2.0735
AG	1.00964
AT	1.28805
CA	0.473298
CC	1.29687
CG	0.445227
CT	0.817599
GA	0.393736
GC	1.1102
GG	0.557896
GT	0.817623
TA	0.665388
TC	2.14523
TG	1.00695
TT	1.12013
