kmer	count
AA	0.773684
AC	2.06403
AG	1.00094
AT	1.22675
CA	0.449041
CC	1.17194
CG	0.44314
CT	0.764975
GA	0.403528
GC	1.02156
GG	0.496685
GT	0.763185
TA	0.808454
TC	2.50876
TG	1.05657
TT	1.24798
