kmer	count
AA	0.651318
AC	1.98363
AG	1.09262
AT	1.18462
CA	0.483931
CC	1.27194
CG	0.600095
CT	0.848186
GA	0.404044
GC	1.12863
GG	0.658596
GT	0.801718
TA	0.645198
TC	2.09212
TG	1.0848
TT	1.0298
