kmer	count
AA	0.784755
AC	1.96807
AG	1.17127
AT	1.19914
CA	0.439611
CC	1.15533
CG	0.457394
CT	0.693137
GA	0.382106
GC	1.02129
GG	0.589362
GT	0.753777
TA	0.798164
TC	2.34739
TG	1.17312
TT	1.17263
