kmer	count
AA	0.710792
AC	2.09832
AG	0.968403
AT	1.24799
CA	0.511125
CC	1.2829
CG	0.503917
CT	0.748065
GA	0.3895
GC	1.05684
GG	0.589369
GT	0.778988
TA	0.748413
TC	2.28967
TG	1.02888
TT	1.05903
