kmer	count
AA	0.736021
AC	2.05417
AG	1.14228
AT	1.21224
CA	0.41855
CC	1.15031
CG	0.47038
CT	0.732521
GA	0.367228
GC	1.04523
GG	0.554674
GT	0.77519
TA	0.760838
TC	2.37298
TG	1.16868
TT	1.1779
