kmer	count
AA	0.71531
AC	2.1149
AG	0.931499
AT	1.34881
CA	0.503485
CC	1.32118
CG	0.469485
CT	0.780121
GA	0.437763
GC	1.10327
GG	0.538273
GT	0.834081
TA	0.736889
TC	2.14993
TG	0.967534
TT	1.08015
