kmer	count
AA	0.760317
AC	2.0375
AG	1.05926
AT	1.2616
CA	0.473765
CC	1.218
CG	0.41731
CT	0.786532
GA	0.437277
GC	1.02233
GG	0.616788
GT	0.804012
TA	0.763543
TC	2.16125
TG	1.11789
TT	1.15016
