kmer	count
AA	0.795927
AC	2.01803
AG	1.10587
AT	1.30937
CA	0.447479
CC	1.06717
CG	0.435809
CT	0.702945
GA	0.386341
GC	0.973472
GG	0.532723
GT	0.798768
TA	0.849357
TC	2.41738
TG	1.15229
TT	1.26218
