kmer	count
AA	0.715494
AC	2.09421
AG	1.01605
AT	1.14732
CA	0.454477
CC	1.25885
CG	0.496537
CT	0.699836
GA	0.386372
GC	1.11157
GG	0.589452
GT	0.739403
TA	0.716624
TC	2.42847
TG	1.06142
TT	1.06663
