kmer	count
AA	0.732615
AC	1.9835
AG	1.04821
AT	1.19979
CA	0.489851
CC	1.18023
CG	0.495189
CT	0.738738
GA	0.379047
GC	1.02619
GG	0.602913
GT	0.760538
TA	0.750148
TC	2.27079
TG	1.1271
TT	1.15017
