kmer	count
AA	0.772118
AC	2.00947
AG	1.08755
AT	1.15919
CA	0.45653
CC	1.15909
CG	0.444931
CT	0.671698
GA	0.397989
GC	1.05569
GG	0.598809
GT	0.756953
TA	0.834333
TC	2.39173
TG	1.18134
TT	1.14649
