kmer	count
AA	0.695958
AC	1.87284
AG	1.05193
AT	1.15354
CA	0.525155
CC	1.14476
CG	0.533306
CT	0.729601
GA	0.416633
GC	0.995031
GG	0.625961
GT	0.763341
TA	0.815157
TC	2.37342
TG	1.21212
TT	1.20156
