kmer	count
AA	0.755451
AC	1.93523
AG	1.08982
AT	1.17152
CA	0.467714
CC	1.1154
CG	0.49256
CT	0.716927
GA	0.417328
GC	1.00471
GG	0.59127
GT	0.785484
TA	0.893732
TC	2.386
TG	1.17211
TT	1.18698
