kmer	count
AA	0.712417
AC	2.1452
AG	1.07085
AT	1.1447
CA	0.43983
CC	1.24188
CG	0.459871
CT	0.691567
GA	0.358195
GC	1.09809
GG	0.549683
GT	0.714282
TA	0.718576
TC	2.44023
TG	1.06783
TT	1.10267
