kmer	count
AA	0.782411
AC	1.97142
AG	1.11905
AT	1.29242
CA	0.396336
CC	1.11505
CG	0.416429
CT	0.75458
GA	0.358974
GC	1.05586
GG	0.573788
GT	0.784852
TA	0.721874
TC	2.32712
TG	1.16453
TT	1.27793
