kmer	count
AA	0.738931
AC	2.10832
AG	1.02252
AT	1.16866
CA	0.470612
CC	1.20012
CG	0.457877
CT	0.742321
GA	0.382067
GC	1.05798
GG	0.54575
GT	0.759284
TA	0.769431
TC	2.42735
TG	1.05228
TT	1.07626
