kmer	count
AA	0.747835
AC	2.09817
AG	1.05716
AT	1.20718
CA	0.465835
CC	1.22387
CG	0.461263
CT	0.745741
GA	0.386593
GC	1.06482
GG	0.550072
GT	0.794169
TA	0.721119
TC	2.32224
TG	1.02855
TT	1.08976
