kmer	count
AA	0.569501
AC	1.49712
AG	0.800398
AT	1.01289
CA	1.03069
CC	1.31454
CG	0.888764
CT	0.862008
GA	0.582634
GC	0.947445
GG	0.715837
GT	0.691015
TA	1.11476
TC	1.93042
TG	1.22427
TT	0.921612
