kmer	count
AA	0.665971
AC	2.02341
AG	1.12237
AT	1.17097
CA	0.459691
CC	1.16609
CG	0.529292
CT	0.781564
GA	0.354248
GC	1.04509
GG	0.59763
GT	0.781102
TA	0.775766
TC	2.33809
TG	1.15372
TT	1.15405
