kmer	count
AA	0.748261
AC	1.99832
AG	1.05212
AT	1.27144
CA	0.450186
CC	1.16645
CG	0.478019
CT	0.751336
GA	0.35892
GC	0.994824
GG	0.558633
GT	0.785165
TA	0.812977
TC	2.31284
TG	1.0759
TT	1.17191
