kmer	count
AA	0.748859
AC	2.08438
AG	1.02841
AT	1.18401
CA	0.430874
CC	1.25827
CG	0.433062
CT	0.737854
GA	0.379214
GC	1.12217
GG	0.55463
GT	0.759481
TA	0.728571
TC	2.41812
TG	1.08889
TT	1.12036
