kmer	count
AA	0.713686
AC	1.98528
AG	1.04229
AT	1.15189
CA	0.504814
CC	1.22195
CG	0.526596
CT	0.748779
GA	0.404544
GC	1.09346
GG	0.575935
GT	0.762672
TA	0.774539
TC	2.3827
TG	1.12303
TT	1.08726
