kmer	count
AA	0.695459
AC	2.01479
AG	1.04328
AT	1.22437
CA	0.466295
CC	1.23093
CG	0.533183
CT	0.768983
GA	0.381607
GC	1.08201
GG	0.57595
GT	0.770559
TA	0.713875
TC	2.32329
TG	1.03974
TT	1.12854
