kmer	count
AA	0.669361
AC	1.95301
AG	0.935314
AT	1.08217
CA	0.58944
CC	1.28894
CG	0.51509
CT	0.818711
GA	0.459474
GC	1.10508
GG	0.59078
GT	0.809457
TA	0.755265
TC	2.28946
TG	1.02922
TT	1.0616
