kmer	count
AA	0.675214
AC	1.82941
AG	0.880301
AT	1.1984
CA	0.56856
CC	1.22765
CG	0.478557
CT	0.745063
GA	0.419565
GC	1.02943
GG	0.573672
GT	0.775082
TA	0.879944
TC	2.35126
TG	1.31703
TT	1.17016
