kmer	count
AA	0.746814
AC	2.00982
AG	1.11482
AT	1.19121
CA	0.44713
CC	1.14998
CG	0.480803
CT	0.745095
GA	0.382921
GC	1.04803
GG	0.572067
GT	0.796957
TA	0.791576
TC	2.37509
TG	1.11827
TT	1.1721
