kmer	count
AA	0.685831
AC	2.12758
AG	1.0328
AT	1.17994
CA	0.399798
CC	1.2691
CG	0.471462
CT	0.749545
GA	0.374291
GC	1.13342
GG	0.554517
GT	0.766488
TA	0.71791
TC	2.4217
TG	1.05704
TT	1.15474
