kmer	count
AA	0.76938
AC	2.06187
AG	1.05789
AT	1.27196
CA	0.462703
CC	1.13188
CG	0.421246
CT	0.742522
GA	0.402767
GC	1.01884
GG	0.555393
GT	0.812789
TA	0.80675
TC	2.35465
TG	1.11449
TT	1.20819
