kmer	count
AA	0.718693
AC	1.98842
AG	1.02316
AT	1.28431
CA	0.464063
CC	1.22652
CG	0.441779
CT	0.77993
GA	0.395524
GC	1.05156
GG	0.578001
GT	0.777884
TA	0.704829
TC	2.27398
TG	1.05178
TT	1.1617
