kmer	count
AA	0.709936
AC	1.9915
AG	1.06592
AT	1.12719
CA	0.466686
CC	1.21182
CG	0.512277
CT	0.705171
GA	0.375567
GC	1.08561
GG	0.586287
GT	0.729611
TA	0.759465
TC	2.47623
TG	1.13201
TT	1.14638
