kmer	count
AA	0.759685
AC	2.07744
AG	1.04655
AT	1.18038
CA	0.431404
CC	1.22675
CG	0.447263
CT	0.735702
GA	0.374729
GC	1.08224
GG	0.556545
GT	0.756934
TA	0.736005
TC	2.4302
TG	1.09801
TT	1.15647
