kmer	count
AA	0.724891
AC	2.08899
AG	1.03166
AT	1.16187
CA	0.458391
CC	1.24652
CG	0.458037
CT	0.759879
GA	0.37648
GC	1.10926
GG	0.568577
GT	0.778113
TA	0.749745
TC	2.37905
TG	1.07817
TT	1.11892
