kmer	count
AA	0.69728
AC	2.04105
AG	0.895812
AT	1.44769
CA	0.494566
CC	1.38621
CG	0.443205
CT	0.951848
GA	0.421571
GC	1.16273
GG	0.538905
GT	0.966502
TA	0.622026
TC	1.9165
TG	0.894314
TT	1.09828
