kmer	count
AA	0.723535
AC	2.07692
AG	1.00979
AT	1.20063
CA	0.490333
CC	1.21948
CG	0.517174
CT	0.728748
GA	0.3986
GC	1.09819
GG	0.580481
GT	0.764697
TA	0.809455
TC	2.38142
TG	1.06622
TT	1.09623
