kmer	count
AA	0.800327
AC	2.04554
AG	1.06177
AT	1.29827
CA	0.429018
CC	1.18301
CG	0.453135
CT	0.724964
GA	0.378572
GC	1.01412
GG	0.567586
GT	0.745712
TA	0.761724
TC	2.23123
TG	1.08374
TT	1.17285
