kmer	count
AA	0.897112
AC	2.0553
AG	0.978212
AT	1.27186
CA	0.485009
CC	1.1589
CG	0.419351
CT	0.642268
GA	0.453241
GC	1.08854
GG	0.5438
GT	0.704404
TA	0.922526
TC	2.45714
TG	1.04241
TT	1.12052
