kmer	count
AA	0.706728
AC	2.07064
AG	1.08704
AT	1.07668
CA	0.484404
CC	1.23456
CG	0.514242
CT	0.716072
GA	0.394665
GC	1.04362
GG	0.614793
GT	0.734929
TA	0.779582
TC	2.40628
TG	1.16974
TT	1.03533
