kmer	count
AA	0.767679
AC	2.02645
AG	1.10556
AT	1.22415
CA	0.472417
CC	1.13986
CG	0.488172
CT	0.72854
GA	0.378352
GC	0.979593
GG	0.57702
GT	0.722427
TA	0.834339
TC	2.35779
TG	1.18266
TT	1.18265
