kmer	count
AA	0.806653
AC	1.99254
AG	1.09757
AT	1.25624
CA	0.449597
CC	1.15282
CG	0.446604
CT	0.723011
GA	0.38578
GC	0.975261
GG	0.562816
GT	0.768773
TA	0.850799
TC	2.36905
TG	1.13854
TT	1.20445
