kmer	count
AA	0.653092
AC	1.80988
AG	1.05939
AT	1.17867
CA	0.481086
CC	1.19251
CG	0.616039
CT	0.987777
GA	0.411887
GC	1.09674
GG	0.688564
GT	0.903694
TA	0.672436
TC	2.04886
TG	1.08263
TT	1.12548
