kmer	count
AA	0.745026
AC	2.25932
AG	0.992697
AT	1.24562
CA	0.42875
CC	1.32102
CG	0.366971
CT	0.725575
GA	0.362244
GC	1.14699
GG	0.519946
GT	0.764543
TA	0.660003
TC	2.42207
TG	0.959668
TT	1.03458
