kmer	count
AA	0.766253
AC	1.95397
AG	1.18731
AT	1.18288
CA	0.464432
CC	1.11667
CG	0.484142
CT	0.7184
GA	0.382869
GC	0.987532
GG	0.60231
GT	0.769754
TA	0.807188
TC	2.28856
TG	1.20126
TT	1.20389
