kmer	count
AA	0.744309
AC	2.03835
AG	1.01051
AT	1.24179
CA	0.499138
CC	1.24194
CG	0.46664
CT	0.743415
GA	0.392649
GC	1.09173
GG	0.565868
GT	0.757334
TA	0.767663
TC	2.30488
TG	1.01805
TT	1.09408
