kmer	count
AA	0.512083
AC	1.42292
AG	0.712917
AT	0.874059
CA	1.15431
CC	1.43459
CG	0.959652
CT	0.711436
GA	0.644043
GC	0.932883
GG	0.807135
GT	0.582628
TA	1.23272
TC	1.9498
TG	1.34073
TT	0.767861
