kmer	count
AA	0.676927
AC	1.98619
AG	1.05584
AT	1.20173
CA	0.461531
CC	1.3488
CG	0.546987
CT	0.795987
GA	0.38505
GC	1.19287
GG	0.629994
GT	0.822444
TA	0.61822
TC	2.18067
TG	1.05881
TT	1.01366
