kmer	count
AA	0.707203
AC	1.69853
AG	0.827239
AT	1.14764
CA	0.912046
CC	1.22974
CG	0.602668
CT	0.76406
GA	0.555533
GC	0.896575
GG	0.616155
GT	0.721434
TA	1.21145
TC	2.09599
TG	1.17785
TT	1.0721
