kmer	count
AA	0.718739
AC	2.06331
AG	1.0744
AT	1.15904
CA	0.473384
CC	1.24885
CG	0.47156
CT	0.724217
GA	0.3859
GC	1.08799
GG	0.586963
GT	0.730615
TA	0.741996
TC	2.3322
TG	1.07007
TT	1.07196
