kmer	count
AA	0.77426
AC	2.07213
AG	1.04297
AT	1.15011
CA	0.429206
CC	1.18277
CG	0.44299
CT	0.694758
GA	0.369484
GC	1.06733
GG	0.539508
GT	0.739424
TA	0.819966
TC	2.55661
TG	1.11662
TT	1.15544
