kmer	count
AA	0.711336
AC	2.07016
AG	1.08598
AT	1.19652
CA	0.423276
CC	1.16879
CG	0.479239
CT	0.716929
GA	0.357456
GC	1.0842
GG	0.56648
GT	0.752353
TA	0.746001
TC	2.38025
TG	1.11186
TT	1.12152
