kmer	count
AA	0.720276
AC	1.91084
AG	1.1121
AT	1.16209
CA	0.488105
CC	1.16315
CG	0.574614
CT	0.709879
GA	0.405317
GC	1.00108
GG	0.622496
GT	0.733972
TA	0.784376
TC	2.29442
TG	1.14538
TT	1.14205
