kmer	count
AA	0.757368
AC	1.93783
AG	1.07992
AT	1.31856
CA	0.47122
CC	1.2257
CG	0.479379
CT	0.843347
GA	0.396108
GC	1.04709
GG	0.597058
GT	0.842231
TA	0.690458
TC	2.13004
TG	1.07117
TT	1.18624
