kmer	count
AA	0.749628
AC	1.99609
AG	1.04817
AT	1.22651
CA	0.475089
CC	1.14706
CG	0.461395
CT	0.762017
GA	0.432489
GC	1.01296
GG	0.561066
GT	0.820327
TA	0.833636
TC	2.28575
TG	1.11181
TT	1.25697
