kmer	count
AA	0.753377
AC	2.00504
AG	0.926617
AT	1.19596
CA	0.558601
CC	1.2051
CG	0.460204
CT	0.689414
GA	0.444858
GC	1.07184
GG	0.579938
GT	0.703804
TA	0.941424
TC	2.35332
TG	1.04556
TT	1.09151
