kmer	count
AA	0.748269
AC	2.05693
AG	1.07798
AT	1.19238
CA	0.462179
CC	1.17062
CG	0.419428
CT	0.692642
GA	0.374764
GC	1.03008
GG	0.582238
GT	0.769182
TA	0.81577
TC	2.36688
TG	1.2136
TT	1.15538
