kmer	count
AA	0.76343
AC	2.01448
AG	1.08457
AT	1.2285
CA	0.449554
CC	1.21964
CG	0.480447
CT	0.742093
GA	0.395468
GC	1.10712
GG	0.615774
GT	0.811114
TA	0.699027
TC	2.22895
TG	1.10753
TT	1.11927
