kmer	count
AA	0.714014
AC	2.05592
AG	1.11138
AT	1.21979
CA	0.490403
CC	1.19726
CG	0.536495
CT	0.713373
GA	0.410781
GC	1.05145
GG	0.635081
GT	0.777576
TA	0.748654
TC	2.13042
TG	1.11326
TT	1.07504
