kmer	count
AA	0.720678
AC	2.08353
AG	0.964478
AT	1.18423
CA	0.471948
CC	1.33277
CG	0.443756
CT	0.78384
GA	0.400298
GC	1.11609
GG	0.532921
GT	0.779206
TA	0.733218
TC	2.40784
TG	1.01163
TT	1.10766
