kmer	count
AA	0.751824
AC	1.97646
AG	1.08615
AT	1.22962
CA	0.482619
CC	1.16384
CG	0.497596
CT	0.687646
GA	0.408494
GC	1.03687
GG	0.589777
GT	0.791009
TA	0.809631
TC	2.33422
TG	1.15006
TT	1.16225
