kmer	count
AA	0.717975
AC	2.02777
AG	1.08337
AT	1.25335
CA	0.475925
CC	1.23631
CG	0.49551
CT	0.753381
GA	0.369773
GC	1.08021
GG	0.600652
GT	0.791633
TA	0.734974
TC	2.15589
TG	1.09396
TT	1.08569
