kmer	count
AA	0.713012
AC	2.04333
AG	0.985344
AT	1.22293
CA	0.452252
CC	1.23476
CG	0.463561
CT	0.7766
GA	0.362247
GC	1.07707
GG	0.545938
GT	0.783074
TA	0.710524
TC	2.49292
TG	1.06165
TT	1.18724
