kmer	count
AA	0.760615
AC	1.94942
AG	1.15575
AT	1.16117
CA	0.438198
CC	1.10248
CG	0.495171
CT	0.705441
GA	0.39115
GC	1.0508
GG	0.613605
GT	0.771542
TA	0.807001
TC	2.39414
TG	1.17373
TT	1.15494
