kmer	count
AA	0.668212
AC	2.10056
AG	1.00793
AT	1.18854
CA	0.454504
CC	1.36156
CG	0.518609
CT	0.77303
GA	0.374191
GC	1.22124
GG	0.606899
GT	0.824927
TA	0.598319
TC	2.19103
TG	1.06135
TT	1.04003
