kmer	count
AA	0.723948
AC	2.10734
AG	1.06756
AT	1.24517
CA	0.448412
CC	1.22164
CG	0.47891
CT	0.749395
GA	0.393895
GC	1.08613
GG	0.588747
GT	0.778182
TA	0.731026
TC	2.33572
TG	1.06875
TT	1.09767
