kmer	count
AA	0.758929
AC	1.9994
AG	1.14734
AT	1.35176
CA	0.434936
CC	1.1348
CG	0.460648
CT	0.761546
GA	0.386085
GC	0.999443
GG	0.580409
GT	0.75139
TA	0.783791
TC	2.25
TG	1.15274
TT	1.20998
