kmer	count
AA	0.748615
AC	1.99924
AG	1.06497
AT	1.24643
CA	0.483291
CC	1.1449
CG	0.453314
CT	0.722209
GA	0.377541
GC	1.02537
GG	0.576487
GT	0.787247
TA	0.789099
TC	2.40297
TG	1.13878
TT	1.19433
