kmer	count
AA	0.737458
AC	2.06133
AG	1.09748
AT	1.20248
CA	0.420733
CC	1.21843
CG	0.4641
CT	0.694481
GA	0.377486
GC	1.06852
GG	0.565388
GT	0.747264
TA	0.709097
TC	2.31931
TG	1.08663
TT	1.16499
