kmer	count
AA	0.675401
AC	2.037
AG	1.04606
AT	1.28114
CA	0.502936
CC	1.18158
CG	0.511936
CT	0.737126
GA	0.402005
GC	1.04703
GG	0.629887
GT	0.817777
TA	0.738388
TC	2.12244
TG	1.11796
TT	1.13305
