kmer	count
AA	0.701788
AC	2.0144
AG	1.05287
AT	1.21336
CA	0.493005
CC	1.21937
CG	0.517285
CT	0.745047
GA	0.411192
GC	1.05598
GG	0.655101
GT	0.800665
TA	0.730063
TC	2.17228
TG	1.09441
TT	1.08444
