kmer	count
AA	0.727637
AC	2.00383
AG	1.16151
AT	1.12084
CA	0.437543
CC	1.1227
CG	0.545809
CT	0.702948
GA	0.371921
GC	1.03031
GG	0.590624
GT	0.784665
TA	0.757259
TC	2.395
TG	1.20432
TT	1.17011
