kmer	count
AA	0.72336
AC	2.03198
AG	1.1479
AT	1.21171
CA	0.447801
CC	1.15538
CG	0.471212
CT	0.707381
GA	0.376425
GC	0.992888
GG	0.584639
GT	0.723092
TA	0.747859
TC	2.34274
TG	1.16161
TT	1.09785
