kmer	count
AA	0.728142
AC	1.92921
AG	1.08543
AT	1.22698
CA	0.48922
CC	1.17333
CG	0.504506
CT	0.763603
GA	0.401079
GC	1.00052
GG	0.624409
GT	0.776042
TA	0.789272
TC	2.20646
TG	1.11368
TT	1.13038
