kmer	count
AA	0.675092
AC	2.16057
AG	1.01387
AT	1.19807
CA	0.44274
CC	1.33536
CG	0.446868
CT	0.748853
GA	0.373182
GC	1.17583
GG	0.567226
GT	0.793263
TA	0.657389
TC	2.33409
TG	1.00283
TT	1.04012
