kmer	count
AA	0.7816
AC	1.94283
AG	1.12654
AT	1.25462
CA	0.430412
CC	1.14496
CG	0.501693
CT	0.739678
GA	0.381971
GC	1.01872
GG	0.576989
GT	0.772413
TA	0.785094
TC	2.33301
TG	1.17639
TT	1.17786
