kmer	count
AA	0.706531
AC	1.89916
AG	1.05732
AT	1.21433
CA	0.526054
CC	1.18309
CG	0.500034
CT	0.754986
GA	0.424828
GC	0.955057
GG	0.614145
GT	0.749206
TA	0.878127
TC	2.26206
TG	1.13242
TT	1.1036
