kmer	count
AA	0.71068
AC	1.95973
AG	1.08373
AT	1.32309
CA	0.419866
CC	1.16429
CG	0.457617
CT	0.769329
GA	0.395967
GC	1.06246
GG	0.547372
GT	0.791265
TA	0.787294
TC	2.3078
TG	1.14645
TT	1.23475
