kmer	count
AA	0.328518
AC	1.23103
AG	0.59446
AT	0.702995
CA	1.40128
CC	1.55359
CG	1.14524
CT	0.516483
GA	0.781677
GC	0.851088
GG	1.08436
GT	0.506975
TA	1.44953
TC	1.74304
TG	1.74098
TT	0.535926
