kmer	count
AA	0.731308
AC	2.0764
AG	1.02796
AT	1.23016
CA	0.462616
CC	1.21356
CG	0.445567
CT	0.770365
GA	0.392107
GC	1.1103
GG	0.5681
GT	0.816664
TA	0.720046
TC	2.24709
TG	1.03378
TT	1.11129
