kmer	count
AA	0.77496
AC	2.09799
AG	1.04137
AT	1.13172
CA	0.417654
CC	1.19489
CG	0.439423
CT	0.686968
GA	0.373478
GC	1.08468
GG	0.545893
GT	0.761444
TA	0.775415
TC	2.58055
TG	1.08057
TT	1.14843
