kmer	count
AA	0.636458
AC	1.80262
AG	0.89087
AT	1.14979
CA	0.54144
CC	1.24635
CG	0.509352
CT	0.726462
GA	0.436171
GC	1.02295
GG	0.618093
GT	0.778392
TA	0.814402
TC	2.37567
TG	1.24696
TT	1.14034
