kmer	count
AA	0.76976
AC	2.06774
AG	1.02989
AT	1.2614
CA	0.466402
CC	1.1706
CG	0.449504
CT	0.778958
GA	0.37111
GC	1.03879
GG	0.537128
GT	0.806266
TA	0.815609
TC	2.33585
TG	1.0674
TT	1.22698
