kmer	count
AA	0.749199
AC	1.93402
AG	1.01859
AT	1.3609
CA	0.499384
CC	1.17259
CG	0.513631
CT	0.850915
GA	0.411344
GC	1.02892
GG	0.551578
GT	0.842344
TA	0.755005
TC	2.14723
TG	0.972429
TT	1.1955
