kmer	count
AA	0.77057
AC	1.93267
AG	1.14088
AT	1.11495
CA	0.505439
CC	1.17574
CG	0.465156
CT	0.698232
GA	0.394579
GC	1.022
GG	0.57683
GT	0.720595
TA	0.85616
TC	2.41195
TG	1.15991
TT	1.14516
