kmer	count
AA	0.782939
AC	2.11724
AG	1.06462
AT	1.2249
CA	0.473335
CC	1.1428
CG	0.44209
CT	0.705614
GA	0.38855
GC	1.07436
GG	0.540799
GT	0.760601
TA	0.810426
TC	2.38571
TG	1.12492
TT	1.14799
