kmer	count
AA	0.700908
AC	2.10192
AG	1.051
AT	1.26387
CA	0.438961
CC	1.17853
CG	0.501436
CT	0.789536
GA	0.355953
GC	1.02053
GG	0.554404
GT	0.771329
TA	0.728409
TC	2.32254
TG	1.0417
TT	1.1759
