kmer	count
AA	0.79682
AC	2.04385
AG	1.08389
AT	1.22496
CA	0.380828
CC	1.09094
CG	0.47475
CT	0.701434
GA	0.358952
GC	0.965207
GG	0.528589
GT	0.775998
TA	0.870126
TC	2.47218
TG	1.16399
TT	1.32354
