kmer	count
AA	0.815244
AC	2.03475
AG	1.01869
AT	1.28241
CA	0.457854
CC	1.13973
CG	0.432093
CT	0.732759
GA	0.376808
GC	1.00486
GG	0.549077
GT	0.782689
TA	0.870338
TC	2.40184
TG	1.12685
TT	1.19855
