kmer	count
AA	0.753693
AC	1.92708
AG	1.04265
AT	1.28534
CA	0.51825
CC	1.15422
CG	0.498995
CT	0.795526
GA	0.4267
GC	1.00916
GG	0.571439
GT	0.767324
TA	0.821496
TC	2.15024
TG	1.07903
TT	1.16604
