kmer	count
AA	0.681879
AC	1.88605
AG	0.978723
AT	1.141
CA	0.636651
CC	1.22141
CG	0.645769
CT	0.741203
GA	0.448256
GC	1.01837
GG	0.623593
GT	0.720184
TA	0.858075
TC	2.23566
TG	1.12493
TT	1.07529
