kmer	count
AA	0.721388
AC	1.98921
AG	1.09711
AT	1.15152
CA	0.484455
CC	1.19837
CG	0.508084
CT	0.703408
GA	0.400401
GC	1.03841
GG	0.598598
GT	0.761774
TA	0.7477
TC	2.38467
TG	1.17215
TT	1.12705
