kmer	count
AA	0.793102
AC	2.09603
AG	0.998834
AT	1.15765
CA	0.488637
CC	1.19692
CG	0.438883
CT	0.755889
GA	0.385785
GC	1.07246
GG	0.557342
GT	0.742951
TA	0.841468
TC	2.39429
TG	1.04011
TT	1.18735
