kmer	count
AA	0.748555
AC	2.01962
AG	0.935542
AT	1.29562
CA	0.481388
CC	1.25238
CG	0.463533
CT	0.7982
GA	0.401534
GC	1.08475
GG	0.562422
GT	0.780747
TA	0.806999
TC	2.31073
TG	0.973163
TT	1.10336
