kmer	count
AA	0.728654
AC	2.02994
AG	1.14022
AT	1.08042
CA	0.46702
CC	1.14808
CG	0.491004
CT	0.704102
GA	0.377102
GC	1.0782
GG	0.581263
GT	0.771
TA	0.792745
TC	2.4179
TG	1.16731
TT	1.12701
