kmer	count
AA	0.710555
AC	2.00172
AG	0.988267
AT	1.45048
CA	0.500646
CC	1.2815
CG	0.444033
CT	0.863748
GA	0.39732
GC	1.02543
GG	0.558314
GT	0.898749
TA	0.710094
TC	2.00608
TG	0.995179
TT	1.13408
