kmer	count
AA	0.773285
AC	2.03085
AG	1.06935
AT	1.17066
CA	0.472059
CC	1.19271
CG	0.42211
CT	0.729619
GA	0.37513
GC	1.07422
GG	0.543745
GT	0.719355
TA	0.808197
TC	2.32358
TG	1.07976
TT	1.13554
