kmer	count
AA	0.731754
AC	2.15457
AG	1.08391
AT	1.10774
CA	0.428183
CC	1.25271
CG	0.464522
CT	0.668755
GA	0.362904
GC	1.12608
GG	0.569711
GT	0.697835
TA	0.766322
TC	2.4566
TG	1.11252
TT	1.0971
