kmer	count
AA	0.758258
AC	1.91753
AG	1.13832
AT	1.20209
CA	0.490841
CC	1.09931
CG	0.468241
CT	0.746555
GA	0.35044
GC	1.00429
GG	0.582328
GT	0.783387
TA	0.93324
TC	2.31556
TG	1.16631
TT	1.22591
