kmer	count
AA	0.790846
AC	2.00478
AG	0.98675
AT	1.26535
CA	0.481654
CC	1.19666
CG	0.422606
CT	0.759379
GA	0.409207
GC	1.05843
GG	0.557876
GT	0.825799
TA	0.85199
TC	2.38926
TG	1.02891
TT	1.15602
