kmer	count
AA	0.708644
AC	1.99104
AG	1.06481
AT	1.16513
CA	0.480828
CC	1.17962
CG	0.475131
CT	0.7628
GA	0.363164
GC	1.02675
GG	0.564094
GT	0.758633
TA	0.720228
TC	2.40117
TG	1.08366
TT	1.17236
