kmer	count
AA	0.764175
AC	1.95655
AG	1.17201
AT	1.18576
CA	0.45554
CC	1.12895
CG	0.515005
CT	0.74808
GA	0.356038
GC	0.978491
GG	0.597762
GT	0.741202
TA	0.841823
TC	2.28594
TG	1.21325
TT	1.19341
