kmer	count
AA	0.796194
AC	2.10532
AG	1.01307
AT	1.27221
CA	0.484824
CC	1.19013
CG	0.445844
CT	0.749458
GA	0.402067
GC	1.04016
GG	0.522389
GT	0.811962
TA	0.797899
TC	2.33179
TG	1.09407
TT	1.14434
