kmer	count
AA	0.801809
AC	2.03186
AG	1.05621
AT	1.23508
CA	0.440869
CC	1.0808
CG	0.412119
CT	0.724352
GA	0.380907
GC	1.04461
GG	0.518973
GT	0.761421
TA	0.840049
TC	2.47151
TG	1.1339
TT	1.27585
