kmer	count
AA	0.754187
AC	1.97761
AG	1.15128
AT	1.26342
CA	0.461323
CC	1.16206
CG	0.48562
CT	0.720483
GA	0.387134
GC	1.00954
GG	0.624602
GT	0.768574
TA	0.787356
TC	2.21922
TG	1.17923
TT	1.16517
