kmer	count
AA	0.73333
AC	2.02183
AG	0.99436
AT	1.27946
CA	0.473795
CC	1.21055
CG	0.459188
CT	0.774348
GA	0.397783
GC	1.08182
GG	0.555944
GT	0.770655
TA	0.77407
TC	2.26088
TG	1.03548
TT	1.15527
