kmer	count
AA	0.706288
AC	2.07431
AG	1.0438
AT	1.14265
CA	0.477087
CC	1.22232
CG	0.477885
CT	0.700019
GA	0.385855
GC	1.08541
GG	0.581353
GT	0.718658
TA	0.764752
TC	2.41497
TG	1.08844
TT	1.08171
