kmer	count
AA	0.740435
AC	2.01829
AG	0.992798
AT	1.21994
CA	0.474394
CC	1.18423
CG	0.453346
CT	0.74832
GA	0.371484
GC	1.04219
GG	0.554051
GT	0.795299
TA	0.831483
TC	2.45854
TG	1.10706
TT	1.18357
