kmer	count
AA	0.736715
AC	2.02464
AG	1.05876
AT	1.31437
CA	0.464765
CC	1.21352
CG	0.479514
CT	0.782389
GA	0.379225
GC	1.03146
GG	0.567859
GT	0.781467
TA	0.713811
TC	2.21043
TG	1.06701
TT	1.12897
