kmer	count
AA	0.751173
AC	2.13804
AG	0.974018
AT	1.22069
CA	0.436253
CC	1.25678
CG	0.417937
CT	0.715872
GA	0.366166
GC	1.11071
GG	0.517896
GT	0.757441
TA	0.794388
TC	2.55008
TG	1.00178
TT	1.15536
