kmer	count
AA	0.723448
AC	2.0137
AG	0.996008
AT	1.25237
CA	0.482985
CC	1.14481
CG	0.536654
CT	0.7962
GA	0.376614
GC	1.03279
GG	0.603766
GT	0.802432
TA	0.718689
TC	2.28049
TG	1.07926
TT	1.15504
