kmer	count
AA	0.605746
AC	1.84736
AG	0.91344
AT	1.11902
CA	0.761825
CC	1.36564
CG	0.648294
CT	0.792293
GA	0.51266
GC	1.10101
GG	0.666461
GT	0.830392
TA	0.841811
TC	2.03768
TG	1.09298
TT	0.908038
