kmer	count
AA	0.734283
AC	2.0282
AG	1.04206
AT	1.2689
CA	0.468355
CC	1.1888
CG	0.533605
CT	0.828104
GA	0.382337
GC	1.03671
GG	0.581474
GT	0.794769
TA	0.699523
TC	2.27075
TG	1.11395
TT	1.15621
