kmer	count
AA	0.771933
AC	2.08304
AG	0.95497
AT	1.2916
CA	0.508637
CC	1.2769
CG	0.425795
CT	0.789712
GA	0.422484
GC	1.10646
GG	0.536724
GT	0.810468
TA	0.795079
TC	2.2263
TG	1.03472
TT	1.11139
