kmer	count
AA	0.718942
AC	2.09123
AG	1.06435
AT	1.23408
CA	0.440942
CC	1.1743
CG	0.456384
CT	0.747325
GA	0.366635
GC	1.0628
GG	0.552822
GT	0.732745
TA	0.738782
TC	2.40413
TG	1.06882
TT	1.11283
