kmer	count
AA	0.738361
AC	2.10351
AG	1.05474
AT	1.20147
CA	0.459637
CC	1.19504
CG	0.480755
CT	0.731277
GA	0.390342
GC	1.0562
GG	0.556066
GT	0.736486
TA	0.772623
TC	2.34606
TG	1.04862
TT	1.11767
