kmer	count
AA	0.718548
AC	2.0176
AG	1.16676
AT	1.08951
CA	0.432866
CC	1.21461
CG	0.506522
CT	0.707256
GA	0.380384
GC	1.05829
GG	0.635864
GT	0.727846
TA	0.666922
TC	2.33373
TG	1.18211
TT	1.04281
