kmer	count
AA	0.69984
AC	2.07648
AG	0.951923
AT	1.20981
CA	0.538751
CC	1.25838
CG	0.498002
CT	0.715291
GA	0.433566
GC	1.04806
GG	0.555715
GT	0.723814
TA	0.803919
TC	2.284
TG	1.09454
TT	1.10871
