kmer	count
AA	0.720519
AC	2.03186
AG	1.0403
AT	1.30542
CA	0.459042
CC	1.22966
CG	0.502457
CT	0.770293
GA	0.38895
GC	1.06116
GG	0.570136
GT	0.784586
TA	0.721921
TC	2.25866
TG	1.04299
TT	1.10654
