kmer	count
AA	0.723237
AC	2.02543
AG	1.09417
AT	1.22246
CA	0.468203
CC	1.22245
CG	0.525265
CT	0.755528
GA	0.377111
GC	1.04487
GG	0.591654
GT	0.782717
TA	0.725008
TC	2.219
TG	1.10883
TT	1.07875
