kmer	count
AA	0.744145
AC	2.03222
AG	1.04703
AT	1.2094
CA	0.46254
CC	1.19614
CG	0.481636
CT	0.704924
GA	0.39401
GC	1.07565
GG	0.559374
GT	0.759186
TA	0.802706
TC	2.3661
TG	1.07277
TT	1.09166
