kmer	count
AA	0.72765
AC	2.04413
AG	1.0526
AT	1.25062
CA	0.495513
CC	1.16826
CG	0.521484
CT	0.750579
GA	0.393139
GC	1.05909
GG	0.616375
GT	0.788233
TA	0.747539
TC	2.19539
TG	1.0623
TT	1.12054
