kmer	count
AA	0.754467
AC	1.91768
AG	1.12359
AT	1.24116
CA	0.461581
CC	1.11263
CG	0.478409
CT	0.703405
GA	0.395333
GC	1.03608
GG	0.629119
GT	0.754953
TA	0.804468
TC	2.2515
TG	1.15247
TT	1.12198
