kmer	count
AA	0.804626
AC	2.03445
AG	1.07489
AT	1.26814
CA	0.450836
CC	1.11083
CG	0.45492
CT	0.703823
GA	0.393886
GC	0.96963
GG	0.5627
GT	0.734226
TA	0.781083
TC	2.4075
TG	1.17098
TT	1.25991
