kmer	count
AA	0.704597
AC	1.92172
AG	1.12977
AT	1.2521
CA	0.470293
CC	1.1213
CG	0.55048
CT	0.777277
GA	0.393937
GC	1.00501
GG	0.59751
GT	0.774595
TA	0.770804
TC	2.23286
TG	1.12069
TT	1.15367
