kmer	count
AA	0.740992
AC	1.89925
AG	1.09264
AT	1.29969
CA	0.508609
CC	1.16029
CG	0.484991
CT	0.783605
GA	0.410846
GC	0.943537
GG	0.596988
GT	0.780645
TA	0.827686
TC	2.25745
TG	1.16574
TT	1.19617
