kmer	count
AA	0.834419
AC	1.9888
AG	1.10727
AT	1.24429
CA	0.465202
CC	1.14225
CG	0.456896
CT	0.76483
GA	0.382285
GC	1.00762
GG	0.55117
GT	0.792362
TA	0.769479
TC	2.36683
TG	1.08866
TT	1.18566
