kmer	count
AA	0.800852
AC	2.113
AG	0.95356
AT	1.29126
CA	0.489137
CC	1.15411
CG	0.409899
CT	0.696101
GA	0.419878
GC	1.00801
GG	0.544757
GT	0.749067
TA	0.888731
TC	2.41198
TG	1.05617
TT	1.26776
