kmer	count
AA	0.699245
AC	1.997
AG	1.14019
AT	1.15882
CA	0.458808
CC	1.19305
CG	0.551703
CT	0.716858
GA	0.378719
GC	1.00919
GG	0.616402
GT	0.71566
TA	0.762829
TC	2.29551
TG	1.14973
TT	1.11414
