kmer	count
AA	0.606335
AC	1.70823
AG	0.85335
AT	1.03876
CA	0.91093
CC	1.30837
CG	0.732226
CT	0.667676
GA	0.534982
GC	0.973806
GG	0.718157
GT	0.66608
TA	1.0155
TC	2.07126
TG	1.25755
TT	0.972669
