kmer	count
AA	0.72413
AC	2.0678
AG	1.10459
AT	1.23334
CA	0.462806
CC	1.19607
CG	0.480999
CT	0.726888
GA	0.365447
GC	1.05697
GG	0.577971
GT	0.756415
TA	0.726726
TC	2.25889
TG	1.0878
TT	1.12381
