kmer	count
AA	0.703492
AC	1.96535
AG	1.20691
AT	1.23605
CA	0.411227
CC	1.11899
CG	0.503436
CT	0.737084
GA	0.359546
GC	0.968657
GG	0.620223
GT	0.734623
TA	0.698962
TC	2.31366
TG	1.17763
TT	1.14713
