kmer	count
AA	0.710279
AC	2.087
AG	1.0935
AT	1.1675
CA	0.453713
CC	1.21763
CG	0.514612
CT	0.768884
GA	0.357051
GC	1.0659
GG	0.589803
GT	0.78202
TA	0.696165
TC	2.24395
TG	1.13051
TT	1.06829
