kmer	count
AA	0.770849
AC	2.16248
AG	0.984575
AT	1.34932
CA	0.447686
CC	1.26919
CG	0.408121
CT	0.722928
GA	0.412522
GC	1.10459
GG	0.538332
GT	0.795401
TA	0.783281
TC	2.31776
TG	1.00805
TT	1.11328
