kmer	count
AA	0.36673
AC	1.8709
AG	0.834351
AT	1.0987
CA	0.445946
CC	1.15458
CG	0.541327
CT	0.601633
GA	0.437394
GC	1.18828
GG	0.781153
GT	0.842983
TA	0.766587
TC	2.13072
TG	2.00259
TT	0.939237
