kmer	count
AA	0.744871
AC	2.14229
AG	0.966148
AT	1.31315
CA	0.433612
CC	1.12846
CG	0.468763
CT	0.749716
GA	0.356689
GC	1.04979
GG	0.512236
GT	0.762318
TA	0.732604
TC	2.42007
TG	1.00739
TT	1.2436
