kmer	count
AA	0.804869
AC	1.95198
AG	1.19639
AT	1.12837
CA	0.473932
CC	1.10604
CG	0.501447
CT	0.72644
GA	0.397592
GC	0.975085
GG	0.603813
GT	0.726972
TA	0.822099
TC	2.31832
TG	1.20596
TT	1.16628
