kmer	count
AA	0.713053
AC	2.04256
AG	1.10011
AT	1.16703
CA	0.479548
CC	1.22281
CG	0.51631
CT	0.712598
GA	0.3734
GC	1.08119
GG	0.620643
GT	0.740223
TA	0.720181
TC	2.26724
TG	1.12774
TT	1.06047
