kmer	count
AA	0.706935
AC	2.03643
AG	1.02381
AT	1.29528
CA	0.464657
CC	1.18589
CG	0.482614
CT	0.773062
GA	0.363969
GC	1.03629
GG	0.533353
GT	0.782042
TA	0.79769
TC	2.27279
TG	1.0612
TT	1.18865
