kmer	count
AA	0.749839
AC	2.14959
AG	1.02133
AT	1.23404
CA	0.435047
CC	1.24772
CG	0.421924
CT	0.731338
GA	0.371378
GC	1.08548
GG	0.553577
GT	0.782353
TA	0.738557
TC	2.40863
TG	1.05841
TT	1.13801
