kmer	count
AA	0.804194
AC	2.09624
AG	1.00786
AT	1.28606
CA	0.457242
CC	1.26015
CG	0.413749
CT	0.777708
GA	0.39771
GC	1.07688
GG	0.52614
GT	0.796631
TA	0.767393
TC	2.25746
TG	1.06584
TT	1.14531
