kmer	count
AA	0.690371
AC	2.0738
AG	1.04634
AT	1.19345
CA	0.464823
CC	1.28833
CG	0.472914
CT	0.761751
GA	0.388479
GC	1.11917
GG	0.586738
GT	0.775221
TA	0.690327
TC	2.2832
TG	1.04005
TT	1.07087
