kmer	count
AA	0.684187
AC	2.01836
AG	1.06198
AT	1.21648
CA	0.463325
CC	1.19079
CG	0.501901
CT	0.777087
GA	0.36013
GC	1.05499
GG	0.582556
GT	0.795205
TA	0.749535
TC	2.27993
TG	1.09197
TT	1.14139
