kmer	count
AA	0.708443
AC	2.02483
AG	1.07618
AT	1.12474
CA	0.502831
CC	1.17184
CG	0.541237
CT	0.666443
GA	0.387237
GC	1.01132
GG	0.60997
GT	0.742943
TA	0.772537
TC	2.37129
TG	1.1474
TT	1.1175
