kmer	count
AA	0.765627
AC	2.10194
AG	1.04854
AT	1.22181
CA	0.447981
CC	1.24612
CG	0.493071
CT	0.682605
GA	0.385894
GC	1.06395
GG	0.594065
GT	0.712597
TA	0.730787
TC	2.28668
TG	1.11173
TT	1.07502
