kmer	count
AA	0.765297
AC	2.04245
AG	1.04898
AT	1.23866
CA	0.443523
CC	1.19081
CG	0.430976
CT	0.748375
GA	0.384991
GC	1.07085
GG	0.577217
GT	0.777899
TA	0.828665
TC	2.30387
TG	1.09517
TT	1.19702
