kmer	count
AA	0.752665
AC	2.02634
AG	1.07739
AT	1.197
CA	0.456478
CC	1.13134
CG	0.478389
CT	0.742068
GA	0.370941
GC	1.04171
GG	0.573026
GT	0.76409
TA	0.789619
TC	2.29643
TG	1.12444
TT	1.13687
