kmer	count
AA	0.723392
AC	2.02449
AG	1.05679
AT	1.24414
CA	0.446026
CC	1.22144
CG	0.490995
CT	0.784235
GA	0.376429
GC	1.04805
GG	0.594891
GT	0.804196
TA	0.72488
TC	2.22111
TG	1.07046
TT	1.12566
