kmer	count
AA	0.743446
AC	2.04023
AG	1.11424
AT	1.20783
CA	0.471428
CC	1.26188
CG	0.495971
CT	0.720137
GA	0.373364
GC	1.08253
GG	0.597508
GT	0.771549
TA	0.732152
TC	2.26564
TG	1.12167
TT	1.06816
