kmer	count
AA	0.73149
AC	2.05431
AG	1.07538
AT	1.21831
CA	0.451377
CC	1.22218
CG	0.480586
CT	0.733725
GA	0.351027
GC	1.07462
GG	0.592456
GT	0.742198
TA	0.74338
TC	2.2745
TG	1.07954
TT	1.12632
