kmer	count
AA	0.730782
AC	2.05948
AG	1.04678
AT	1.20802
CA	0.457958
CC	1.22298
CG	0.51024
CT	0.717145
GA	0.378617
GC	1.05976
GG	0.59855
GT	0.751127
TA	0.744298
TC	2.24933
TG	1.12107
TT	1.11487
