kmer	count
AA	0.6805
AC	1.93015
AG	1.0611
AT	1.2885
CA	0.471069
CC	1.22003
CG	0.46
CT	0.831144
GA	0.377382
GC	1.07394
GG	0.591908
GT	0.862821
TA	0.687752
TC	2.18449
TG	1.06982
TT	1.126
