kmer	count
AA	0.552169
AC	1.95857
AG	0.716707
AT	1.33743
CA	0.556801
CC	1.31151
CG	0.530842
CT	0.772245
GA	0.37974
GC	1.02817
GG	0.563622
GT	0.815092
TA	0.805902
TC	2.50599
TG	1.12148
TT	1.25404
