kmer	count
AA	0.759477
AC	2.0691
AG	1.0659
AT	1.3094
CA	0.413987
CC	1.16171
CG	0.430971
CT	0.759073
GA	0.347031
GC	1.046
GG	0.584988
GT	0.834894
TA	0.768358
TC	2.31451
TG	1.10357
TT	1.20075
