kmer	count
AA	0.810451
AC	1.98006
AG	1.03916
AT	1.31029
CA	0.493001
CC	1.12877
CG	0.475138
CT	0.75897
GA	0.40403
GC	1.00283
GG	0.543445
GT	0.847161
TA	0.856397
TC	2.2446
TG	1.1371
TT	1.20578
