kmer	count
AA	0.695391
AC	2.11832
AG	1.05006
AT	1.22034
CA	0.493495
CC	1.23739
CG	0.498224
CT	0.767009
GA	0.38994
GC	1.04153
GG	0.580631
GT	0.790065
TA	0.754569
TC	2.20677
TG	1.06916
TT	1.07393
