kmer	count
AA	0.706474
AC	2.05658
AG	1.08726
AT	1.20651
CA	0.443309
CC	1.20269
CG	0.474819
CT	0.783384
GA	0.393625
GC	1.07748
GG	0.620797
GT	0.818914
TA	0.668977
TC	2.17479
TG	1.07486
TT	1.12927
