kmer	count
AA	0.772308
AC	2.07894
AG	1.0646
AT	1.24408
CA	0.433469
CC	1.18036
CG	0.427536
CT	0.723151
GA	0.403894
GC	1.05483
GG	0.565751
GT	0.796917
TA	0.780023
TC	2.25838
TG	1.17673
TT	1.18191
