kmer	count
AA	0.739428
AC	2.0452
AG	1.20842
AT	1.00407
CA	0.382563
CC	1.13229
CG	0.430414
CT	0.641185
GA	0.356197
GC	1.04041
GG	0.610875
GT	0.687963
TA	0.805592
TC	2.63159
TG	1.25336
TT	1.08037
