kmer	count
AA	0.765775
AC	2.11309
AG	0.975988
AT	1.29224
CA	0.463024
CC	1.15936
CG	0.430198
CT	0.783551
GA	0.383316
GC	1.06026
GG	0.544095
GT	0.804807
TA	0.779313
TC	2.27584
TG	0.997347
TT	1.16997
