kmer	count
AA	0.823665
AC	2.04267
AG	0.933238
AT	1.25132
CA	0.536969
CC	1.1829
CG	0.451651
CT	0.667947
GA	0.40697
GC	1.06947
GG	0.548826
GT	0.767772
TA	0.943942
TC	2.42639
TG	1.08141
TT	1.11723
