kmer	count
AA	0.797244
AC	2.02012
AG	1.0684
AT	1.24268
CA	0.451046
CC	1.12427
CG	0.468883
CT	0.70262
GA	0.367403
GC	1.01023
GG	0.569648
GT	0.765819
TA	0.843926
TC	2.40296
TG	1.15968
TT	1.20462
