kmer	count
AA	0.783494
AC	2.01637
AG	1.10378
AT	1.21563
CA	0.430745
CC	1.20475
CG	0.464897
CT	0.744293
GA	0.363592
GC	1.0655
GG	0.554625
GT	0.749327
TA	0.774299
TC	2.36353
TG	1.13813
TT	1.13638
