kmer	count
AA	0.717392
AC	2.08067
AG	1.08517
AT	1.11452
CA	0.415813
CC	1.23002
CG	0.472115
CT	0.730927
GA	0.379264
GC	1.10361
GG	0.571696
GT	0.753623
TA	0.71357
TC	2.45949
TG	1.11197
TT	1.12235
