kmer	count
AA	0.74497
AC	1.97377
AG	1.07181
AT	1.21667
CA	0.459151
CC	1.19241
CG	0.464664
CT	0.760329
GA	0.383114
GC	1.02911
GG	0.576462
GT	0.798876
TA	0.799565
TC	2.31962
TG	1.11686
TT	1.21686
