kmer	count
AA	0.643529
AC	1.68489
AG	0.855538
AT	1.04417
CA	0.808537
CC	1.25657
CG	0.670715
CT	0.704321
GA	0.544056
GC	1.0154
GG	0.696597
GT	0.642186
TA	1.08684
TC	2.27687
TG	1.22383
TT	0.962715
