kmer	count
AA	0.701198
AC	2.10153
AG	1.03231
AT	1.35071
CA	0.450115
CC	1.22315
CG	0.431851
CT	0.806569
GA	0.395272
GC	1.06863
GG	0.551491
GT	0.796453
TA	0.675652
TC	2.19309
TG	1.00117
TT	1.17293
