kmer	count
AA	0.721612
AC	2.0476
AG	1.08572
AT	1.21753
CA	0.448801
CC	1.19255
CG	0.482439
CT	0.714723
GA	0.373991
GC	1.05542
GG	0.57088
GT	0.741336
TA	0.755864
TC	2.31444
TG	1.10281
TT	1.13613
