kmer	count
AA	0.719707
AC	2.0755
AG	1.11837
AT	1.25176
CA	0.430634
CC	1.12428
CG	0.506391
CT	0.687229
GA	0.373751
GC	1.0222
GG	0.556423
GT	0.72967
TA	0.799489
TC	2.31523
TG	1.13112
TT	1.1661
