kmer	count
AA	0.702801
AC	1.94488
AG	1.11862
AT	1.18458
CA	0.470825
CC	1.15268
CG	0.474285
CT	0.74587
GA	0.381445
GC	1.01443
GG	0.593324
GT	0.715787
TA	0.78273
TC	2.32711
TG	1.14932
TT	1.15008
