kmer	count
AA	0.76392
AC	2.01659
AG	1.05781
AT	1.14177
CA	0.459404
CC	1.19692
CG	0.490003
CT	0.705779
GA	0.369278
GC	1.04677
GG	0.530047
GT	0.762157
TA	0.827717
TC	2.47669
TG	1.13311
TT	1.17647
