kmer	count
AA	0.644307
AC	1.73313
AG	0.877364
AT	1.08469
CA	0.793314
CC	1.23444
CG	0.643499
CT	0.682177
GA	0.47913
GC	0.964393
GG	0.669083
GT	0.671201
TA	1.12064
TC	2.25368
TG	1.28275
TT	1.03604
