kmer	count
AA	0.730756
AC	2.00908
AG	1.05935
AT	1.2563
CA	0.492131
CC	1.15375
CG	0.460878
CT	0.72897
GA	0.379145
GC	1.01201
GG	0.581816
GT	0.72066
TA	0.792142
TC	2.30481
TG	1.12066
TT	1.14306
