kmer	count
AA	0.694551
AC	1.87824
AG	1.0913
AT	1.15405
CA	0.451634
CC	1.22605
CG	0.514408
CT	0.832124
GA	0.385206
GC	1.0511
GG	0.628952
GT	0.781458
TA	0.747929
TC	2.24855
TG	1.17593
TT	1.15526
