kmer	count
AA	0.810455
AC	2.05884
AG	1.12589
AT	1.25525
CA	0.433202
CC	1.17654
CG	0.429704
CT	0.692657
GA	0.380869
GC	1.02291
GG	0.537053
GT	0.754099
TA	0.82529
TC	2.40342
TG	1.11866
TT	1.1488
