kmer	count
AA	0.668716
AC	2.02988
AG	1.03094
AT	1.24544
CA	0.480794
CC	1.34686
CG	0.480027
CT	0.795629
GA	0.380712
GC	1.06372
GG	0.587394
GT	0.771076
TA	0.726037
TC	2.16768
TG	1.08011
TT	1.07941
