kmer	count
AA	0.679568
AC	1.84637
AG	0.966217
AT	1.31851
CA	0.552611
CC	1.29394
CG	0.59253
CT	1.04766
GA	0.451889
GC	1.10579
GG	0.641756
GT	0.963863
TA	0.654246
TC	1.81393
TG	0.953345
TT	1.08592
