kmer	count
AA	0.706015
AC	1.98991
AG	1.0374
AT	1.20669
CA	0.506047
CC	1.29783
CG	0.510424
CT	0.817191
GA	0.400823
GC	1.11894
GG	0.609901
GT	0.86868
TA	0.693822
TC	2.1243
TG	1.09123
TT	1.05644
