kmer	count
AA	0.71324
AC	1.88391
AG	1.02144
AT	1.14352
CA	0.605338
CC	1.18754
CG	0.616223
CT	0.717561
GA	0.453152
GC	0.971545
GG	0.645181
GT	0.740332
TA	0.874258
TC	2.1958
TG	1.16891
TT	1.07225
