kmer	count
AA	0.692579
AC	2.04514
AG	0.968103
AT	1.29622
CA	0.449431
CC	1.31118
CG	0.520031
CT	0.867789
GA	0.409663
GC	1.12964
GG	0.603507
GT	0.890063
TA	0.67581
TC	2.10111
TG	0.953941
TT	1.09808
