kmer	count
AA	0.767497
AC	1.96859
AG	1.07409
AT	1.23117
CA	0.482624
CC	1.15402
CG	0.442599
CT	0.791289
GA	0.413998
GC	0.968372
GG	0.599266
GT	0.785097
TA	0.79598
TC	2.26746
TG	1.17285
TT	1.20031
