kmer	count
AA	0.734409
AC	2.028
AG	1.06853
AT	1.28812
CA	0.455659
CC	1.16559
CG	0.491575
CT	0.747462
GA	0.383646
GC	1.04186
GG	0.574026
GT	0.751513
TA	0.766748
TC	2.27645
TG	1.09116
TT	1.12102
