kmer	count
AA	0.698454
AC	1.93062
AG	1.06444
AT	1.2638
CA	0.46546
CC	1.20592
CG	0.521809
CT	0.751429
GA	0.400048
GC	1.01506
GG	0.629095
GT	0.819887
TA	0.766645
TC	2.20496
TG	1.21348
TT	1.16009
