kmer	count
AA	0.785932
AC	2.08946
AG	1.06226
AT	1.22299
CA	0.421045
CC	1.15135
CG	0.455269
CT	0.732966
GA	0.373669
GC	1.0778
GG	0.54345
GT	0.777452
TA	0.778536
TC	2.38158
TG	1.18074
TT	1.13126
