kmer	count
AA	0.760642
AC	2.09151
AG	0.998218
AT	1.37019
CA	0.465401
CC	1.23091
CG	0.445482
CT	0.800423
GA	0.405679
GC	1.06397
GG	0.547725
GT	0.843323
TA	0.717525
TC	2.16698
TG	0.967063
TT	1.12202
