kmer	count
AA	0.335637
AC	1.34518
AG	0.601737
AT	0.762589
CA	1.24468
CC	1.55594
CG	1.12365
CT	0.672715
GA	0.677906
GC	0.909847
GG	0.914113
GT	0.553987
TA	1.37105
TC	1.80346
TG	1.5155
TT	0.632753
