kmer	count
AA	0.694711
AC	2.07938
AG	0.963388
AT	1.27237
CA	0.46918
CC	1.21762
CG	0.423
CT	0.760755
GA	0.395476
GC	1.06168
GG	0.494979
GT	0.778535
TA	0.793341
TC	2.42524
TG	0.992577
TT	1.18293
