kmer	count
AA	0.730005
AC	2.11856
AG	1.02718
AT	1.15926
CA	0.46682
CC	1.22104
CG	0.506655
CT	0.702955
GA	0.389719
GC	1.07943
GG	0.569929
GT	0.758641
TA	0.740783
TC	2.3983
TG	1.07022
TT	1.06487
