kmer	count
AA	0.738422
AC	2.22925
AG	0.928959
AT	1.21403
CA	0.484229
CC	1.28185
CG	0.456175
CT	0.693941
GA	0.377565
GC	1.09965
GG	0.51956
GT	0.731051
TA	0.800203
TC	2.42926
TG	0.996277
TT	1.07067
