kmer	count
AA	0.761238
AC	2.03048
AG	1.00656
AT	1.35318
CA	0.505885
CC	1.23934
CG	0.410376
CT	0.838907
GA	0.429381
GC	1.09545
GG	0.566487
GT	0.874534
TA	0.767242
TC	2.08545
TG	1.03471
TT	1.13382
