kmer	count
AA	0.71441
AC	2.0406
AG	1.07153
AT	1.25655
CA	0.426271
CC	1.23849
CG	0.460419
CT	0.789865
GA	0.35642
GC	1.11137
GG	0.565096
GT	0.764724
TA	0.692707
TC	2.26819
TG	1.07383
TT	1.10419
