kmer	count
AA	0.728577
AC	1.97554
AG	1.07402
AT	1.19126
CA	0.49784
CC	1.14269
CG	0.552387
CT	0.731209
GA	0.399681
GC	1.01126
GG	0.625015
GT	0.751223
TA	0.793341
TC	2.23061
TG	1.14927
TT	1.12619
