kmer	count
AA	0.760927
AC	2.0504
AG	1.14245
AT	1.11147
CA	0.404403
CC	1.17998
CG	0.475639
CT	0.665505
GA	0.347944
GC	1.10109
GG	0.553946
GT	0.689542
TA	0.784558
TC	2.52824
TG	1.15229
TT	1.14964
