kmer	count
AA	0.746402
AC	2.03319
AG	1.02941
AT	1.2635
CA	0.470638
CC	1.2749
CG	0.450578
CT	0.79504
GA	0.410902
GC	1.07154
GG	0.567648
GT	0.841803
TA	0.708145
TC	2.21672
TG	1.078
TT	1.12581
