kmer	count
AA	0.739654
AC	1.95819
AG	1.12204
AT	1.15409
CA	0.456803
CC	1.17742
CG	0.522588
CT	0.803042
GA	0.423391
GC	1.03513
GG	0.644502
GT	0.820437
TA	0.7376
TC	2.23487
TG	1.11634
TT	1.11899
