kmer	count
AA	0.700419
AC	2.12416
AG	0.989422
AT	1.14845
CA	0.459372
CC	1.29549
CG	0.483247
CT	0.722038
GA	0.383929
GC	1.11541
GG	0.54075
GT	0.760177
TA	0.715664
TC	2.44737
TG	1.01023
TT	1.09818
