kmer	count
AA	0.751207
AC	2.0273
AG	1.08296
AT	1.277
CA	0.475248
CC	1.18593
CG	0.492635
CT	0.734186
GA	0.396733
GC	1.01841
GG	0.568505
GT	0.750302
TA	0.784829
TC	2.22312
TG	1.08234
TT	1.12776
