kmer	count
AA	0.773118
AC	2.00883
AG	1.11694
AT	1.16106
CA	0.438182
CC	1.19465
CG	0.471794
CT	0.715586
GA	0.379277
GC	1.06501
GG	0.5917
GT	0.773512
TA	0.80268
TC	2.37318
TG	1.10943
TT	1.13139
