kmer	count
AA	0.68159
AC	2.04088
AG	0.979329
AT	1.24547
CA	0.541934
CC	1.42775
CG	0.526842
CT	0.885806
GA	0.43724
GC	1.20668
GG	0.623905
GT	0.906529
TA	0.614714
TC	1.93957
TG	0.93977
TT	0.964092
