kmer	count
AA	0.749156
AC	2.08951
AG	1.04758
AT	1.30128
CA	0.503359
CC	1.22866
CG	0.485289
CT	0.748123
GA	0.385258
GC	1.01129
GG	0.581004
GT	0.709291
TA	0.762106
TC	2.16762
TG	1.10414
TT	1.08794
