kmer	count
AA	0.760527
AC	2.06403
AG	1.03996
AT	1.26381
CA	0.450098
CC	1.15688
CG	0.432589
CT	0.765775
GA	0.383805
GC	1.01797
GG	0.537193
GT	0.77355
TA	0.750562
TC	2.31011
TG	1.03465
TT	1.2077
