kmer	count
AA	0.732096
AC	2.02622
AG	1.14477
AT	1.18706
CA	0.447485
CC	1.14169
CG	0.496006
CT	0.728323
GA	0.349229
GC	1.01287
GG	0.597637
GT	0.738446
TA	0.754515
TC	2.24718
TG	1.18931
TT	1.1287
