kmer	count
AA	0.739699
AC	1.92536
AG	1.0699
AT	1.1714
CA	0.455452
CC	1.15027
CG	0.507045
CT	0.709663
GA	0.396985
GC	1.05302
GG	0.603052
GT	0.761646
TA	0.861978
TC	2.34743
TG	1.16745
TT	1.22394
