kmer	count
AA	0.72562
AC	1.9413
AG	1.06856
AT	1.20325
CA	0.469159
CC	1.17218
CG	0.510216
CT	0.784381
GA	0.385063
GC	1.02866
GG	0.564637
GT	0.760957
TA	0.761884
TC	2.30861
TG	1.12228
TT	1.14053
