kmer	count
AA	0.816941
AC	2.00552
AG	1.12488
AT	1.18261
CA	0.451076
CC	1.09756
CG	0.401754
CT	0.732701
GA	0.3676
GC	0.967922
GG	0.537729
GT	0.73657
TA	0.858673
TC	2.49152
TG	1.18926
TT	1.201
