kmer	count
AA	0.743445
AC	2.09411
AG	1.00921
AT	1.19495
CA	0.491065
CC	1.2115
CG	0.467194
CT	0.747237
GA	0.400377
GC	1.06714
GG	0.556093
GT	0.732848
TA	0.764976
TC	2.34313
TG	1.03336
TT	1.11695
