kmer	count
AA	0.718457
AC	1.94122
AG	1.06836
AT	1.1981
CA	0.412653
CC	1.20736
CG	0.488651
CT	0.75365
GA	0.370766
GC	1.12733
GG	0.585438
GT	0.790631
TA	0.716005
TC	2.34991
TG	1.1697
TT	1.16452
