kmer	count
AA	0.543013
AC	1.45819
AG	0.797044
AT	0.884317
CA	0.930415
CC	1.28272
CG	0.837191
CT	0.683613
GA	0.711146
GC	1.03723
GG	0.884063
GT	0.765798
TA	1.12876
TC	1.99703
TG	1.21971
TT	0.882438
