kmer	count
AA	0.694187
AC	2.00081
AG	1.09543
AT	1.25454
CA	0.432043
CC	1.17127
CG	0.470872
CT	0.771093
GA	0.353158
GC	1.00142
GG	0.590012
GT	0.748351
TA	0.719893
TC	2.28384
TG	1.12845
TT	1.19967
