kmer	count
AA	0.72616
AC	2.01928
AG	1.03691
AT	1.30654
CA	0.470111
CC	1.19892
CG	0.500146
CT	0.754202
GA	0.395568
GC	1.01439
GG	0.581978
GT	0.783762
TA	0.752627
TC	2.23666
TG	1.06564
TT	1.14746
