kmer	count
AA	0.71612
AC	2.02819
AG	1.09945
AT	1.17725
CA	0.452507
CC	1.20746
CG	0.533466
CT	0.75023
GA	0.370744
GC	1.07623
GG	0.570736
GT	0.792243
TA	0.75418
TC	2.3473
TG	1.13082
TT	1.11289
