kmer	count
AA	0.776372
AC	2.10952
AG	0.987712
AT	1.21844
CA	0.453134
CC	1.20119
CG	0.389818
CT	0.687785
GA	0.40124
GC	1.04237
GG	0.503014
GT	0.791518
TA	0.864837
TC	2.50846
TG	1.07476
TT	1.20556
