kmer	count
AA	0.731654
AC	2.08559
AG	0.923376
AT	1.31821
CA	0.51504
CC	1.35585
CG	0.443982
CT	0.792598
GA	0.405728
GC	1.14625
GG	0.534241
GT	0.781189
TA	0.744155
TC	2.20278
TG	0.947236
TT	1.06899
