kmer	count
AA	0.744981
AC	1.99982
AG	1.12462
AT	1.18528
CA	0.467835
CC	1.12377
CG	0.466756
CT	0.724339
GA	0.373289
GC	0.960713
GG	0.602667
GT	0.742475
TA	0.769701
TC	2.32136
TG	1.1607
TT	1.13895
