kmer	count
AA	0.680848
AC	1.96821
AG	0.857695
AT	1.26844
CA	0.522963
CC	1.41639
CG	0.436368
CT	0.912106
GA	0.550296
GC	1.21873
GG	0.581083
GT	0.972341
TA	0.683465
TC	2.00879
TG	0.863115
TT	1.08392
