kmer	count
AA	0.757038
AC	1.99616
AG	1.06048
AT	1.13652
CA	0.505579
CC	1.21489
CG	0.443773
CT	0.697756
GA	0.397197
GC	1.09548
GG	0.58064
GT	0.71009
TA	0.820736
TC	2.37982
TG	1.08403
TT	1.05428
