kmer	count
AA	0.73867
AC	1.95077
AG	1.09715
AT	1.19364
CA	0.522602
CC	1.17878
CG	0.508037
CT	0.73245
GA	0.424532
GC	1.00961
GG	0.646866
GT	0.702712
TA	0.798507
TC	2.22325
TG	1.09692
TT	1.10755
