kmer	count
AA	0.702037
AC	2.09721
AG	1.02847
AT	1.25531
CA	0.462048
CC	1.20901
CG	0.492945
CT	0.768838
GA	0.363604
GC	1.06531
GG	0.557015
GT	0.762632
TA	0.732205
TC	2.28171
TG	1.05441
TT	1.1562
