kmer	count
AA	0.55669
AC	1.36566
AG	0.743093
AT	0.941974
CA	1.15957
CC	1.33358
CG	0.77878
CT	0.720714
GA	0.656866
GC	0.9021
GG	0.714371
GT	0.652947
TA	1.48093
TC	2.07473
TG	1.21011
TT	0.895159
