kmer	count
AA	0.669234
AC	2.1431
AG	1.02802
AT	1.20665
CA	0.458022
CC	1.2718
CG	0.458817
CT	0.795134
GA	0.375162
GC	1.09339
GG	0.54686
GT	0.783187
TA	0.644129
TC	2.34915
TG	1.03146
TT	1.09075
