kmer	count
AA	0.723301
AC	1.95256
AG	1.06895
AT	1.29916
CA	0.449175
CC	1.159
CG	0.547809
CT	0.782853
GA	0.403956
GC	1.03758
GG	0.617167
GT	0.783138
TA	0.768104
TC	2.17922
TG	1.11159
TT	1.11936
