kmer	count
AA	0.719145
AC	2.04793
AG	1.08307
AT	1.22461
CA	0.477576
CC	1.23005
CG	0.52806
CT	0.734604
GA	0.406834
GC	1.08303
GG	0.586069
GT	0.78083
TA	0.732225
TC	2.26388
TG	1.12348
TT	1.09011
