kmer	count
AA	0.698143
AC	2.13484
AG	1.03201
AT	1.24892
CA	0.411951
CC	1.26394
CG	0.432967
CT	0.76515
GA	0.369593
GC	1.10592
GG	0.543427
GT	0.769692
TA	0.658036
TC	2.34387
TG	0.998885
TT	1.16975
