kmer	count
AA	0.693967
AC	2.01347
AG	1.08713
AT	1.22438
CA	0.449242
CC	1.20977
CG	0.479482
CT	0.78472
GA	0.396918
GC	1.06688
GG	0.618702
GT	0.799434
TA	0.695927
TC	2.2146
TG	1.07198
TT	1.1218
