kmer	count
AA	0.753345
AC	2.02127
AG	1.09972
AT	1.09509
CA	0.506304
CC	1.18177
CG	0.521153
CT	0.629705
GA	0.410462
GC	1.01735
GG	0.619782
GT	0.719633
TA	0.789442
TC	2.41476
TG	1.23505
TT	1.0803
