kmer	count
AA	0.753092
AC	1.99106
AG	1.05863
AT	1.31484
CA	0.476996
CC	1.15759
CG	0.470485
CT	0.807419
GA	0.382439
GC	1.0386
GG	0.56238
GT	0.80434
TA	0.72538
TC	2.23254
TG	1.1027
TT	1.2606
