kmer	count
AA	0.734555
AC	2.04233
AG	1.16003
AT	1.22845
CA	0.4126
CC	1.09439
CG	0.432804
CT	0.70247
GA	0.361888
GC	1.06527
GG	0.587854
GT	0.76795
TA	0.702996
TC	2.38468
TG	1.086
TT	1.15783
