kmer	count
AA	0.787521
AC	2.07006
AG	1.10299
AT	1.23847
CA	0.46166
CC	1.16992
CG	0.454827
CT	0.724092
GA	0.360637
GC	0.993456
GG	0.562893
GT	0.735711
TA	0.763395
TC	2.28577
TG	1.08709
TT	1.13728
