kmer	count
AA	0.744935
AC	2.05869
AG	1.04959
AT	1.20361
CA	0.481564
CC	1.17493
CG	0.487696
CT	0.756417
GA	0.393699
GC	1.03212
GG	0.571858
GT	0.744118
TA	0.763755
TC	2.3246
TG	1.04763
TT	1.13525
