kmer	count
AA	0.72456
AC	2.10256
AG	1.07041
AT	1.20426
CA	0.439293
CC	1.21328
CG	0.471769
CT	0.693935
GA	0.343357
GC	1.07408
GG	0.573084
GT	0.738446
TA	0.739461
TC	2.35754
TG	1.09834
TT	1.12087
