kmer	count
AA	0.745899
AC	2.07989
AG	1.09085
AT	1.09196
CA	0.424451
CC	1.23627
CG	0.451828
CT	0.67796
GA	0.364858
GC	1.10256
GG	0.560434
GT	0.723283
TA	0.758938
TC	2.53148
TG	1.1314
TT	1.09674
