kmer	count
AA	0.745193
AC	2.11137
AG	1.0615
AT	1.22021
CA	0.460345
CC	1.17534
CG	0.460275
CT	0.739055
GA	0.365289
GC	1.02828
GG	0.549394
GT	0.761946
TA	0.743478
TC	2.31299
TG	1.04128
TT	1.18516
