kmer	count
AA	0.726436
AC	2.05153
AG	1.08446
AT	1.18934
CA	0.478819
CC	1.26322
CG	0.500534
CT	0.783687
GA	0.381044
GC	1.05938
GG	0.571833
GT	0.776705
TA	0.71723
TC	2.30229
TG	1.10016
TT	1.0841
