kmer	count
AA	0.745425
AC	2.03394
AG	1.05128
AT	1.15127
CA	0.451667
CC	1.20855
CG	0.443017
CT	0.711551
GA	0.403275
GC	1.07915
GG	0.555436
GT	0.750631
TA	0.790725
TC	2.46821
TG	1.12854
TT	1.13509
