kmer	count
AA	0.721794
AC	2.11343
AG	0.992627
AT	1.3205
CA	0.469455
CC	1.29919
CG	0.432879
CT	0.788529
GA	0.404765
GC	1.10238
GG	0.571178
GT	0.834331
TA	0.689215
TC	2.15339
TG	0.987031
TT	1.08552
