kmer	count
AA	0.789135
AC	1.99018
AG	1.05856
AT	1.2568
CA	0.454672
CC	1.10503
CG	0.454016
CT	0.772829
GA	0.380109
GC	1.02808
GG	0.55365
GT	0.793173
TA	0.774902
TC	2.26602
TG	1.06532
TT	1.2069
