kmer	count
AA	0.782966
AC	2.07853
AG	0.990662
AT	1.36218
CA	0.462954
CC	1.13751
CG	0.427335
CT	0.768267
GA	0.3828
GC	1.0295
GG	0.520125
GT	0.840526
TA	0.797871
TC	2.38863
TG	1.04553
TT	1.23933
