kmer	count
AA	0.713853
AC	2.06984
AG	1.03162
AT	1.27414
CA	0.451977
CC	1.21467
CG	0.448231
CT	0.725927
GA	0.390426
GC	1.05226
GG	0.537407
GT	0.785338
TA	0.752152
TC	2.26997
TG	1.0636
TT	1.18972
