kmer	count
AA	0.758432
AC	2.02324
AG	1.12703
AT	1.11863
CA	0.47815
CC	1.13978
CG	0.477173
CT	0.703431
GA	0.375083
GC	1.01857
GG	0.564959
GT	0.725545
TA	0.923321
TC	2.4246
TG	1.16511
TT	1.14875
