kmer	count
AA	0.694868
AC	2.02087
AG	0.950831
AT	1.40468
CA	0.48083
CC	1.3683
CG	0.445193
CT	0.911275
GA	0.418599
GC	1.16812
GG	0.567881
GT	0.939479
TA	0.612365
TC	2.10908
TG	0.894457
TT	1.07417
