kmer	count
AA	0.765104
AC	1.94457
AG	1.13046
AT	1.18785
CA	0.488247
CC	1.10697
CG	0.487591
CT	0.725649
GA	0.379297
GC	0.970794
GG	0.615638
GT	0.750098
TA	0.866065
TC	2.33024
TG	1.20626
TT	1.19295
