kmer	count
AA	0.717863
AC	1.98853
AG	1.10601
AT	1.26571
CA	0.47146
CC	1.2007
CG	0.472503
CT	0.750221
GA	0.374827
GC	1.03751
GG	0.610689
GT	0.830188
TA	0.743763
TC	2.17296
TG	1.07067
TT	1.12923
