kmer	count
AA	0.756917
AC	2.0299
AG	1.11539
AT	1.22382
CA	0.44615
CC	1.13729
CG	0.489766
CT	0.761459
GA	0.378632
GC	1.03714
GG	0.617445
GT	0.781484
TA	0.730797
TC	2.22381
TG	1.09344
TT	1.11923
