kmer	count
AA	0.745683
AC	2.05207
AG	1.08801
AT	1.21589
CA	0.443913
CC	1.16542
CG	0.501516
CT	0.736963
GA	0.388226
GC	1.09353
GG	0.580569
GT	0.771605
TA	0.737382
TC	2.35701
TG	1.11126
TT	1.14152
