kmer	count
AA	0.737571
AC	2.05011
AG	1.10706
AT	1.19348
CA	0.447076
CC	1.18073
CG	0.487339
CT	0.733874
GA	0.370936
GC	1.04726
GG	0.585715
GT	0.744599
TA	0.731361
TC	2.30288
TG	1.1028
TT	1.11929
