kmer	count
AA	0.772544
AC	1.99211
AG	1.02959
AT	1.1919
CA	0.468548
CC	1.15629
CG	0.50927
CT	0.744502
GA	0.424642
GC	1.07672
GG	0.57569
GT	0.772213
TA	0.780675
TC	2.38633
TG	1.08233
TT	1.18625
