kmer	count
AA	0.54276
AC	1.58796
AG	0.777422
AT	0.852547
CA	1.09922
CC	1.44842
CG	0.858731
CT	0.598988
GA	0.593859
GC	0.935605
GG	0.798318
GT	0.567094
TA	1.16125
TC	2.0688
TG	1.37328
TT	0.798253
