kmer	count
AA	0.693711
AC	2.08012
AG	1.02047
AT	1.2948
CA	0.438567
CC	1.17105
CG	0.486956
CT	0.777098
GA	0.369907
GC	1.0128
GG	0.533671
GT	0.800211
TA	0.780165
TC	2.31644
TG	1.03935
TT	1.20836
