kmer	count
AA	0.777963
AC	1.9805
AG	1.11102
AT	1.30727
CA	0.421612
CC	1.12677
CG	0.48543
CT	0.741047
GA	0.376031
GC	1.0214
GG	0.578022
GT	0.793097
TA	0.755677
TC	2.24821
TG	1.06811
TT	1.18079
