kmer	count
AA	0.53954
AC	1.53109
AG	0.685731
AT	0.974545
CA	1.10405
CC	1.32705
CG	0.715929
CT	0.806884
GA	0.701052
GC	0.92348
GG	0.73155
GT	0.696514
TA	1.34122
TC	1.97516
TG	1.20525
TT	0.893606
