kmer	count
AA	0.678876
AC	1.73047
AG	0.982478
AT	1.24496
CA	0.547146
CC	1.26233
CG	0.633739
CT	1.10172
GA	0.487507
GC	1.11408
GG	0.656671
GT	0.99208
TA	0.693124
TC	1.82965
TG	0.984135
TT	1.08218
