kmer	count
AA	0.796971
AC	1.98144
AG	1.03377
AT	1.21761
CA	0.453543
CC	1.15106
CG	0.456176
CT	0.748258
GA	0.410099
GC	0.995026
GG	0.577797
GT	0.791529
TA	0.8727
TC	2.36063
TG	1.13088
TT	1.20688
