kmer	count
AA	0.725104
AC	2.05095
AG	1.0767
AT	1.22416
CA	0.452581
CC	1.17212
CG	0.44292
CT	0.744658
GA	0.371209
GC	1.03622
GG	0.588331
GT	0.737527
TA	0.776903
TC	2.32236
TG	1.08673
TT	1.13163
