kmer	count
AA	0.752564
AC	2.12679
AG	1.15491
AT	1.14657
CA	0.406614
CC	1.1355
CG	0.45463
CT	0.676395
GA	0.36269
GC	1.03623
GG	0.552784
GT	0.70718
TA	0.749329
TC	2.42802
TG	1.12042
TT	1.13017
