kmer	count
AA	0.754432
AC	1.8354
AG	1.09377
AT	1.31819
CA	0.489635
CC	1.15093
CG	0.525246
CT	0.748857
GA	0.415852
GC	1.04969
GG	0.62512
GT	0.776657
TA	0.715417
TC	2.23887
TG	1.16496
TT	1.18931
