kmer	count
AA	0.712126
AC	1.97568
AG	1.05601
AT	1.18269
CA	0.493792
CC	1.22461
CG	0.501722
CT	0.73287
GA	0.413149
GC	1.07335
GG	0.581354
GT	0.759957
TA	0.793648
TC	2.34458
TG	1.13607
TT	1.12119
