kmer	count
AA	0.738965
AC	2.13458
AG	1.02838
AT	1.13717
CA	0.429747
CC	1.32621
CG	0.433474
CT	0.709015
GA	0.381512
GC	1.18036
GG	0.569139
GT	0.767855
TA	0.66797
TC	2.42665
TG	1.05121
TT	1.03629
