kmer	count
AA	0.741227
AC	2.04492
AG	1.0977
AT	1.22486
CA	0.491281
CC	1.109
CG	0.451821
CT	0.730034
GA	0.40654
GC	0.980079
GG	0.58943
GT	0.711986
TA	0.804249
TC	2.2619
TG	1.14008
TT	1.14386
