kmer	count
AA	0.740669
AC	2.07916
AG	0.981587
AT	1.21981
CA	0.458738
CC	1.21613
CG	0.470163
CT	0.723522
GA	0.39156
GC	1.05154
GG	0.549478
GT	0.734822
TA	0.769874
TC	2.4392
TG	1.05737
TT	1.11331
