kmer	count
AA	0.707624
AC	2.11687
AG	0.902695
AT	1.27857
CA	0.483246
CC	1.45659
CG	0.438224
CT	0.887053
GA	0.402261
GC	1.23457
GG	0.546152
GT	0.917787
TA	0.610441
TC	2.11292
TG	0.899122
TT	1.01504
