kmer	count
AA	0.741336
AC	2.0005
AG	1.08377
AT	1.21577
CA	0.457251
CC	1.21227
CG	0.465895
CT	0.727823
GA	0.417722
GC	1.06148
GG	0.613986
GT	0.763902
TA	0.775038
TC	2.26883
TG	1.16791
TT	1.11162
