kmer	count
AA	0.733621
AC	2.06142
AG	1.08839
AT	1.26818
CA	0.446184
CC	1.18968
CG	0.449624
CT	0.772776
GA	0.378722
GC	1.03727
GG	0.556385
GT	0.78672
TA	0.716429
TC	2.31581
TG	1.11584
TT	1.20334
