kmer	count
AA	0.723702
AC	2.01639
AG	1.04548
AT	1.18807
CA	0.474822
CC	1.22634
CG	0.501738
CT	0.700487
GA	0.410205
GC	1.07247
GG	0.58155
GT	0.739031
TA	0.816498
TC	2.4328
TG	1.10557
TT	1.09881
