kmer	count
AA	0.74054
AC	2.039
AG	1.05055
AT	1.24201
CA	0.443335
CC	1.20139
CG	0.464407
CT	0.739002
GA	0.372118
GC	1.04165
GG	0.549912
GT	0.780631
TA	0.763158
TC	2.3952
TG	1.11282
TT	1.20886
