kmer	count
AA	0.698196
AC	2.01834
AG	1.02509
AT	1.26694
CA	0.484984
CC	1.19905
CG	0.523017
CT	0.783014
GA	0.394002
GC	1.08451
GG	0.57607
GT	0.816025
TA	0.717222
TC	2.23507
TG	1.04557
TT	1.13354
