kmer	count
AA	0.71652
AC	1.98803
AG	1.07819
AT	1.20321
CA	0.448511
CC	1.12353
CG	0.50584
CT	0.73743
GA	0.360984
GC	1.02952
GG	0.577095
GT	0.782627
TA	0.756698
TC	2.4487
TG	1.16013
TT	1.23303
