kmer	count
AA	0.71099
AC	1.99605
AG	1.11389
AT	1.21586
CA	0.453114
CC	1.17185
CG	0.483567
CT	0.733724
GA	0.369068
GC	1.02278
GG	0.604058
GT	0.78876
TA	0.731698
TC	2.34805
TG	1.1966
TT	1.15649
