kmer	count
AA	0.694305
AC	2.05077
AG	1.15712
AT	1.19618
CA	0.431693
CC	1.14928
CG	0.503355
CT	0.746253
GA	0.339268
GC	1.00889
GG	0.60082
GT	0.76206
TA	0.730671
TC	2.31969
TG	1.12657
TT	1.12872
