kmer	count
AA	0.775639
AC	2.06331
AG	1.03183
AT	1.21193
CA	0.435436
CC	1.22824
CG	0.467392
CT	0.737453
GA	0.371878
GC	1.06539
GG	0.561276
GT	0.755765
TA	0.760009
TC	2.43147
TG	1.08475
TT	1.14265
