kmer	count
AA	0.686678
AC	2.07089
AG	0.978164
AT	1.22212
CA	0.497665
CC	1.23116
CG	0.46627
CT	0.746052
GA	0.391487
GC	1.06951
GG	0.570865
GT	0.767737
TA	0.745132
TC	2.37505
TG	1.02816
TT	1.1349
