kmer	count
AA	0.796461
AC	2.11067
AG	1.04587
AT	1.2281
CA	0.419525
CC	1.18395
CG	0.445654
CT	0.742649
GA	0.387187
GC	1.12736
GG	0.57461
GT	0.77922
TA	0.76226
TC	2.29239
TG	1.10367
TT	1.13456
