kmer	count
AA	0.738895
AC	2.00447
AG	1.03791
AT	1.2956
CA	0.472179
CC	1.17884
CG	0.460648
CT	0.772172
GA	0.365648
GC	1.02668
GG	0.579764
GT	0.82883
TA	0.765116
TC	2.20762
TG	1.09647
TT	1.12981
