kmer	count
AA	0.714412
AC	2.05569
AG	1.06
AT	1.32512
CA	0.440378
CC	1.18137
CG	0.446995
CT	0.793103
GA	0.370598
GC	1.0602
GG	0.580682
GT	0.826138
TA	0.710557
TC	2.19456
TG	1.05093
TT	1.14625
