kmer	count
AA	0.791427
AC	1.9663
AG	0.953045
AT	1.23306
CA	0.557459
CC	1.15588
CG	0.494721
CT	0.716312
GA	0.462425
GC	0.983139
GG	0.565234
GT	0.739254
TA	0.978287
TC	2.32518
TG	1.14375
TT	1.18395
