kmer	count
AA	0.739086
AC	2.09728
AG	1.12675
AT	1.18551
CA	0.434236
CC	1.17818
CG	0.476458
CT	0.678904
GA	0.358653
GC	1.03681
GG	0.557284
GT	0.712368
TA	0.773076
TC	2.45262
TG	1.08859
TT	1.08258
