kmer	count
AA	0.728485
AC	2.03017
AG	1.0793
AT	1.22482
CA	0.475875
CC	1.21553
CG	0.447675
CT	0.765058
GA	0.373015
GC	1.04667
GG	0.588869
GT	0.805152
TA	0.749678
TC	2.22512
TG	1.14842
TT	1.18238
