kmer	count
AA	0.734823
AC	1.94283
AG	1.0771
AT	1.20609
CA	0.465981
CC	1.14352
CG	0.468099
CT	0.760246
GA	0.407467
GC	1.03616
GG	0.577805
GT	0.795683
TA	0.808725
TC	2.35254
TG	1.11775
TT	1.24239
