kmer	count
AA	0.721798
AC	1.98952
AG	1.00497
AT	1.23606
CA	0.535209
CC	1.21051
CG	0.495384
CT	0.760672
GA	0.410014
GC	0.989293
GG	0.579751
GT	0.749855
TA	0.827307
TC	2.17968
TG	1.12659
TT	1.14447
