kmer	count
AA	0.765635
AC	2.06879
AG	1.05281
AT	1.25745
CA	0.432681
CC	1.25202
CG	0.414261
CT	0.728871
GA	0.377073
GC	1.07237
GG	0.567522
GT	0.810503
TA	0.747245
TC	2.34065
TG	1.10471
TT	1.11413
