kmer	count
AA	0.737959
AC	2.07007
AG	0.971238
AT	1.28662
CA	0.446188
CC	1.26995
CG	0.429458
CT	0.81734
GA	0.387503
GC	1.11039
GG	0.551974
GT	0.855447
TA	0.70528
TC	2.30035
TG	1.03609
TT	1.13523
