kmer	count
AA	0.72292
AC	2.0499
AG	1.03596
AT	1.31576
CA	0.445713
CC	1.18298
CG	0.427218
CT	0.736828
GA	0.382999
GC	1.00951
GG	0.552856
GT	0.758663
TA	0.806405
TC	2.31224
TG	1.09286
TT	1.14163
