kmer	count
AA	0.761098
AC	1.97131
AG	1.05442
AT	1.17689
CA	0.49952
CC	1.08584
CG	0.518529
CT	0.711472
GA	0.409932
GC	0.998709
GG	0.584088
GT	0.736903
TA	0.802221
TC	2.35486
TG	1.10876
TT	1.20013
