kmer	count
AA	0.702794
AC	2.08012
AG	1.04989
AT	1.28097
CA	0.465563
CC	1.18403
CG	0.439732
CT	0.764597
GA	0.386826
GC	1.0686
GG	0.573944
GT	0.784499
TA	0.746048
TC	2.25765
TG	1.02306
TT	1.15734
