kmer	count
AA	0.683997
AC	1.94533
AG	1.06729
AT	1.18558
CA	0.454857
CC	1.30035
CG	0.550099
CT	0.846338
GA	0.385512
GC	1.15639
GG	0.621276
GT	0.85187
TA	0.641977
TC	2.17937
TG	1.0871
TT	1.03732
