kmer	count
AA	0.731866
AC	1.99859
AG	1.05822
AT	1.20407
CA	0.467584
CC	1.1974
CG	0.477094
CT	0.761339
GA	0.381767
GC	1.02495
GG	0.578536
GT	0.780742
TA	0.729741
TC	2.28726
TG	1.09052
TT	1.15897
