kmer	count
AA	0.753398
AC	2.01881
AG	1.0697
AT	1.27238
CA	0.46738
CC	1.17017
CG	0.41928
CT	0.73981
GA	0.37364
GC	1.04844
GG	0.577343
GT	0.74129
TA	0.753673
TC	2.29577
TG	1.06087
TT	1.15802
