kmer	count
AA	0.730748
AC	2.01744
AG	1.15
AT	1.18126
CA	0.407217
CC	1.22152
CG	0.448497
CT	0.757212
GA	0.379368
GC	1.0798
GG	0.599964
GT	0.765227
TA	0.722289
TC	2.32608
TG	1.13919
TT	1.11281
