kmer	count
AA	0.734165
AC	2.11996
AG	0.942108
AT	1.28703
CA	0.459391
CC	1.31183
CG	0.459437
CT	0.776758
GA	0.397874
GC	1.10271
GG	0.547715
GT	0.814899
TA	0.745218
TC	2.23074
TG	1.05311
TT	1.15242
