kmer	count
AA	0.785934
AC	1.94777
AG	1.14401
AT	1.16893
CA	0.455699
CC	1.04625
CG	0.44198
CT	0.726818
GA	0.385651
GC	0.987561
GG	0.570753
GT	0.791188
TA	0.878762
TC	2.41018
TG	1.19753
TT	1.24388
