kmer	count
AA	0.713999
AC	2.01783
AG	1.08086
AT	1.24126
CA	0.490745
CC	1.16673
CG	0.491104
CT	0.734216
GA	0.365507
GC	1.03998
GG	0.59863
GT	0.732561
TA	0.809871
TC	2.3268
TG	1.08708
TT	1.08699
