kmer	count
AA	0.753098
AC	1.98263
AG	1.05738
AT	1.23453
CA	0.465831
CC	1.1812
CG	0.447262
CT	0.748049
GA	0.393453
GC	1.05725
GG	0.584475
GT	0.767621
TA	0.761441
TC	2.23249
TG	1.0708
TT	1.18625
