kmer	count
AA	0.672768
AC	2.03628
AG	1.13559
AT	1.15518
CA	0.416565
CC	1.23584
CG	0.491723
CT	0.723336
GA	0.375012
GC	1.08916
GG	0.620963
GT	0.760586
TA	0.676477
TC	2.28817
TG	1.16748
TT	1.06575
