kmer	count
AA	0.719087
AC	1.93115
AG	1.01607
AT	1.24852
CA	0.477012
CC	1.22014
CG	0.468512
CT	0.740108
GA	0.392476
GC	1.06745
GG	0.57794
GT	0.770854
TA	0.792304
TC	2.32615
TG	1.08328
TT	1.13157
