kmer	count
AA	0.740955
AC	2.0058
AG	1.08721
AT	1.29299
CA	0.429248
CC	1.15665
CG	0.423841
CT	0.752591
GA	0.38886
GC	1.03412
GG	0.550457
GT	0.810603
TA	0.804064
TC	2.37969
TG	1.12527
TT	1.19031
