kmer	count
AA	0.750749
AC	2.15146
AG	1.05199
AT	1.25242
CA	0.454248
CC	1.21649
CG	0.450329
CT	0.706283
GA	0.367824
GC	1.04672
GG	0.558388
GT	0.748791
TA	0.785997
TC	2.43936
TG	1.08153
TT	1.10813
