kmer	count
AA	0.689072
AC	2.12279
AG	0.990375
AT	1.18926
CA	0.484481
CC	1.28241
CG	0.452623
CT	0.740256
GA	0.395664
GC	1.1154
GG	0.586311
GT	0.752137
TA	0.772392
TC	2.29337
TG	1.0374
TT	1.07443
