kmer	count
AA	0.759331
AC	2.01625
AG	1.07515
AT	1.1693
CA	0.471368
CC	1.21041
CG	0.469952
CT	0.712379
GA	0.41122
GC	1.09325
GG	0.574905
GT	0.754516
TA	0.749678
TC	2.41838
TG	1.09655
TT	1.10569
