kmer	count
AA	0.735315
AC	2.01943
AG	1.03425
AT	1.23878
CA	0.488824
CC	1.24367
CG	0.484643
CT	0.71688
GA	0.388165
GC	1.097
GG	0.555265
GT	0.760964
TA	0.748824
TC	2.34549
TG	1.12902
TT	1.12384
