kmer	count
AA	0.739694
AC	2.00341
AG	1.10514
AT	1.1201
CA	0.474082
CC	1.14645
CG	0.508453
CT	0.733528
GA	0.365396
GC	0.991257
GG	0.6018
GT	0.785126
TA	0.800775
TC	2.38977
TG	1.19443
TT	1.16345
