kmer	count
AA	0.739832
AC	2.09543
AG	1.14156
AT	1.18749
CA	0.405156
CC	1.17271
CG	0.435837
CT	0.695841
GA	0.352582
GC	1.08808
GG	0.557948
GT	0.734399
TA	0.733911
TC	2.357
TG	1.10435
TT	1.12724
