kmer	count
AA	0.735036
AC	1.93689
AG	0.953467
AT	1.18696
CA	0.625371
CC	1.17133
CG	0.5648
CT	0.730546
GA	0.44219
GC	0.959703
GG	0.601137
GT	0.729
TA	0.900127
TC	2.2482
TG	1.09425
TT	1.14234
