kmer	count
AA	0.757323
AC	2.01554
AG	1.06318
AT	1.29765
CA	0.453291
CC	1.1552
CG	0.437512
CT	0.746537
GA	0.421453
GC	1.03483
GG	0.555005
GT	0.808042
TA	0.790131
TC	2.3027
TG	1.14048
TT	1.1949
