kmer	count
AA	0.76855
AC	2.02182
AG	1.02724
AT	1.20962
CA	0.50654
CC	1.12248
CG	0.435779
CT	0.766239
GA	0.416562
GC	1.0222
GG	0.566891
GT	0.768939
TA	0.866472
TC	2.33973
TG	1.12478
TT	1.21605
