kmer	count
AA	0.700274
AC	2.02566
AG	1.01409
AT	1.27608
CA	0.469921
CC	1.37155
CG	0.493068
CT	0.841945
GA	0.406519
GC	1.18606
GG	0.608962
GT	0.86017
TA	0.627089
TC	2.06106
TG	0.9834
TT	1.02313
