kmer	count
AA	0.736836
AC	2.10083
AG	1.0579
AT	1.22596
CA	0.42127
CC	1.252
CG	0.400673
CT	0.720843
GA	0.377372
GC	1.12698
GG	0.542487
GT	0.775791
TA	0.731405
TC	2.413
TG	1.08962
TT	1.11876
