kmer	count
AA	0.717315
AC	2.09534
AG	1.01717
AT	1.22093
CA	0.484371
CC	1.29345
CG	0.441073
CT	0.719886
GA	0.394947
GC	1.08776
GG	0.576264
GT	0.751879
TA	0.736889
TC	2.25245
TG	1.04467
TT	1.10912
