kmer	count
AA	0.739365
AC	2.12677
AG	0.966064
AT	1.24629
CA	0.471042
CC	1.22022
CG	0.425759
CT	0.69792
GA	0.387908
GC	1.09724
GG	0.502078
GT	0.763248
TA	0.802699
TC	2.41873
TG	1.00402
TT	1.14938
