kmer	count
AA	0.739722
AC	2.07105
AG	1.05346
AT	1.22135
CA	0.454418
CC	1.23582
CG	0.48313
CT	0.706041
GA	0.369091
GC	1.09842
GG	0.559919
GT	0.765709
TA	0.717656
TC	2.39273
TG	1.11669
TT	1.12366
