kmer	count
AA	0.785679
AC	1.9451
AG	1.12284
AT	1.23113
CA	0.475571
CC	1.11585
CG	0.471705
CT	0.763507
GA	0.37748
GC	0.983415
GG	0.581886
GT	0.815271
TA	0.849887
TC	2.31219
TG	1.15367
TT	1.18618
