kmer	count
AA	0.615051
AC	1.82071
AG	0.894509
AT	1.11006
CA	0.712262
CC	1.30463
CG	0.609272
CT	0.818868
GA	0.468076
GC	1.05531
GG	0.631534
GT	0.737102
TA	0.895948
TC	2.22119
TG	1.08928
TT	1.02478
