kmer	count
AA	0.714128
AC	2.07421
AG	1.12091
AT	1.15435
CA	0.460376
CC	1.22576
CG	0.494963
CT	0.710634
GA	0.368593
GC	1.07112
GG	0.588546
GT	0.743952
TA	0.724875
TC	2.30771
TG	1.12723
TT	1.05384
