kmer	count
AA	0.664255
AC	2.05888
AG	1.05252
AT	1.1376
CA	0.500552
CC	1.28836
CG	0.507425
CT	0.715992
GA	0.386698
GC	1.09785
GG	0.619248
GT	0.743193
TA	0.716395
TC	2.35517
TG	1.08292
TT	1.02907
