kmer	count
AA	0.709479
AC	2.06969
AG	1.12178
AT	1.19219
CA	0.417225
CC	1.2348
CG	0.473344
CT	0.736423
GA	0.359752
GC	1.07591
GG	0.569356
GT	0.768604
TA	0.673745
TC	2.31439
TG	1.08445
TT	1.1242
