kmer	count
AA	0.720142
AC	2.09175
AG	0.989568
AT	1.2214
CA	0.484102
CC	1.30937
CG	0.48682
CT	0.757779
GA	0.414263
GC	1.10509
GG	0.581593
GT	0.804284
TA	0.762163
TC	2.29869
TG	1.03282
TT	1.05079
