kmer	count
AA	0.753376
AC	2.16766
AG	0.952374
AT	1.29085
CA	0.467312
CC	1.29075
CG	0.404304
CT	0.757641
GA	0.410241
GC	1.11161
GG	0.533214
GT	0.797412
TA	0.742218
TC	2.22193
TG	0.980665
TT	1.10126
