kmer	count
AA	0.713168
AC	2.07948
AG	0.972279
AT	1.23482
CA	0.523338
CC	1.27705
CG	0.519927
CT	0.714294
GA	0.419398
GC	1.06155
GG	0.549269
GT	0.729423
TA	0.810083
TC	2.3269
TG	1.01944
TT	1.09237
