kmer	count
AA	0.758674
AC	2.03296
AG	1.04678
AT	1.24826
CA	0.480355
CC	1.12988
CG	0.437801
CT	0.713597
GA	0.373776
GC	0.991365
GG	0.525343
GT	0.770036
TA	0.848408
TC	2.51389
TG	1.09414
TT	1.25612
