kmer	count
AA	0.636548
AC	1.91567
AG	0.944796
AT	1.11551
CA	0.649784
CC	1.3164
CG	0.582234
CT	0.77484
GA	0.490273
GC	1.16353
GG	0.642579
GT	0.782185
TA	0.774186
TC	2.16075
TG	1.06447
TT	0.980022
