kmer	count
AA	0.708276
AC	2.06284
AG	1.08261
AT	1.19637
CA	0.447473
CC	1.20224
CG	0.490263
CT	0.70314
GA	0.373966
GC	1.06732
GG	0.600584
GT	0.792137
TA	0.753706
TC	2.3418
TG	1.15417
TT	1.14022
