kmer	count
AA	0.707273
AC	2.13392
AG	0.985539
AT	1.16351
CA	0.478645
CC	1.25563
CG	0.438479
CT	0.72198
GA	0.386106
GC	1.10278
GG	0.540026
GT	0.771016
TA	0.742959
TC	2.422
TG	1.02149
TT	1.10409
