kmer	count
AA	0.774316
AC	2.00836
AG	1.04559
AT	1.26281
CA	0.471872
CC	1.18642
CG	0.475679
CT	0.779289
GA	0.381971
GC	1.04457
GG	0.556728
GT	0.78603
TA	0.776993
TC	2.28581
TG	1.0998
TT	1.21041
