kmer	count
AA	0.691707
AC	1.8158
AG	0.902734
AT	1.12599
CA	0.72963
CC	1.23892
CG	0.592884
CT	0.696838
GA	0.504583
GC	0.962266
GG	0.603772
GT	0.710584
TA	1.11395
TC	2.28594
TG	1.16038
TT	1.08714
