kmer	count
AA	0.725248
AC	2.04026
AG	1.02033
AT	1.29456
CA	0.497809
CC	1.21757
CG	0.492938
CT	0.783025
GA	0.384135
GC	1.03155
GG	0.585481
GT	0.82029
TA	0.767895
TC	2.20654
TG	1.0118
TT	1.12192
