kmer	count
AA	0.783955
AC	2.0406
AG	1.06995
AT	1.22429
CA	0.466567
CC	1.11482
CG	0.424885
CT	0.751616
GA	0.3932
GC	1.00672
GG	0.548895
GT	0.737748
TA	0.80767
TC	2.4554
TG	1.13168
TT	1.20779
