kmer	count
AA	0.705548
AC	2.10498
AG	0.955151
AT	1.28832
CA	0.492039
CC	1.36019
CG	0.470596
CT	0.785826
GA	0.416606
GC	1.12406
GG	0.568177
GT	0.793005
TA	0.728326
TC	2.18563
TG	1.00353
TT	1.01649
