kmer	count
AA	0.704367
AC	2.03871
AG	1.04624
AT	1.24812
CA	0.452889
CC	1.26768
CG	0.497233
CT	0.77202
GA	0.40156
GC	1.11783
GG	0.622171
GT	0.750235
TA	0.693815
TC	2.20255
TG	1.06172
TT	1.07652
