kmer	count
AA	0.753306
AC	1.99349
AG	1.12068
AT	1.15122
CA	0.414611
CC	1.15513
CG	0.466359
CT	0.69871
GA	0.362697
GC	1.06752
GG	0.585183
GT	0.724103
TA	0.77619
TC	2.47852
TG	1.14835
TT	1.2002
