kmer	count
AA	0.812982
AC	1.93282
AG	0.981572
AT	1.28958
CA	0.484786
CC	1.16706
CG	0.471823
CT	0.771313
GA	0.390195
GC	1.00964
GG	0.544088
GT	0.830536
TA	0.809958
TC	2.32965
TG	1.10588
TT	1.25854
