kmer	count
AA	0.744786
AC	1.97693
AG	1.1382
AT	1.2051
CA	0.450679
CC	1.15548
CG	0.520455
CT	0.736765
GA	0.364087
GC	1.03572
GG	0.606681
GT	0.743435
TA	0.764944
TC	2.23183
TG	1.14413
TT	1.12588
