kmer	count
AA	0.735089
AC	2.11026
AG	1.10263
AT	1.19208
CA	0.42673
CC	1.17862
CG	0.487837
CT	0.736848
GA	0.364858
GC	1.0527
GG	0.574436
GT	0.739447
TA	0.750197
TC	2.39686
TG	1.14078
TT	1.13935
