kmer	count
AA	0.737856
AC	1.97665
AG	1.05438
AT	1.21287
CA	0.534768
CC	1.18485
CG	0.548604
CT	0.762879
GA	0.424237
GC	0.978629
GG	0.610746
GT	0.739484
TA	0.815417
TC	2.15534
TG	1.15068
TT	1.08544
