kmer	count
AA	0.756046
AC	2.06244
AG	1.00171
AT	1.32708
CA	0.428419
CC	1.20709
CG	0.443372
CT	0.779623
GA	0.400974
GC	1.05759
GG	0.49891
GT	0.788607
TA	0.771486
TC	2.25829
TG	1.02472
TT	1.1899
