kmer	count
AA	0.503446
AC	1.299
AG	0.704645
AT	1.04767
CA	1.42361
CC	1.39054
CG	0.922924
CT	1.19683
GA	0.618488
GC	0.969261
GG	0.723444
GT	0.744753
TA	0.963722
TC	1.63764
TG	0.988175
TT	0.84038
