kmer	count
AA	0.667295
AC	2.07097
AG	1.02088
AT	1.23903
CA	0.470202
CC	1.19142
CG	0.496536
CT	0.768841
GA	0.392167
GC	1.06396
GG	0.589302
GT	0.780456
TA	0.756385
TC	2.26438
TG	1.10686
TT	1.11309
