kmer	count
AA	0.733915
AC	2.04809
AG	1.10907
AT	1.17724
CA	0.502205
CC	1.20316
CG	0.487992
CT	0.718628
GA	0.388986
GC	1.01409
GG	0.606556
GT	0.727493
TA	0.766674
TC	2.28346
TG	1.1059
TT	1.06368
