kmer	count
AA	0.723617
AC	1.98437
AG	1.08693
AT	1.21234
CA	0.474667
CC	1.15012
CG	0.496925
CT	0.724283
GA	0.369287
GC	1.03218
GG	0.555293
GT	0.753748
TA	0.756479
TC	2.34917
TG	1.11649
TT	1.1694
