kmer	count
AA	0.721734
AC	2.03394
AG	1.06027
AT	1.28088
CA	0.450487
CC	1.27117
CG	0.513661
CT	0.730634
GA	0.379818
GC	1.09429
GG	0.609124
GT	0.788864
TA	0.724791
TC	2.20675
TG	1.07136
TT	1.05532
