kmer	count
AA	0.800068
AC	2.04058
AG	1.0378
AT	1.31651
CA	0.452533
CC	1.14542
CG	0.415707
CT	0.72435
GA	0.408681
GC	1.02454
GG	0.528985
GT	0.83623
TA	0.822046
TC	2.36119
TG	1.0589
TT	1.25504
