kmer	count
AA	0.77586
AC	2.09904
AG	1.01619
AT	1.24161
CA	0.45593
CC	1.20721
CG	0.488343
CT	0.707298
GA	0.390935
GC	1.05023
GG	0.564466
GT	0.787172
TA	0.804304
TC	2.37527
TG	1.06387
TT	1.16555
