kmer	count
AA	0.746772
AC	1.90865
AG	1.19281
AT	1.1336
CA	0.40666
CC	1.11068
CG	0.512571
CT	0.733053
GA	0.388716
GC	1.00173
GG	0.680225
GT	0.813669
TA	0.758015
TC	2.27956
TG	1.22677
TT	1.16897
