kmer	count
AA	0.663139
AC	1.97304
AG	1.10861
AT	1.07019
CA	0.426463
CC	1.29882
CG	0.556107
CT	0.708838
GA	0.350248
GC	1.18925
GG	0.644857
GT	0.753018
TA	0.661616
TC	2.40723
TG	1.14777
TT	1.00163
