kmer	count
AA	0.743586
AC	2.03444
AG	1.13269
AT	1.18263
CA	0.41623
CC	1.17148
CG	0.466243
CT	0.720346
GA	0.362503
GC	1.0702
GG	0.592946
GT	0.727689
TA	0.759557
TC	2.46257
TG	1.12559
TT	1.1274
