kmer	count
AA	0.743146
AC	2.08772
AG	1.00217
AT	1.28964
CA	0.453972
CC	1.23336
CG	0.415009
CT	0.757023
GA	0.393536
GC	1.10413
GG	0.543777
GT	0.769623
TA	0.722519
TC	2.24385
TG	1.02599
TT	1.16168
