kmer	count
AA	0.735772
AC	2.01608
AG	1.08541
AT	1.2548
CA	0.440467
CC	1.14232
CG	0.448369
CT	0.74786
GA	0.379477
GC	1.01942
GG	0.560156
GT	0.754678
TA	0.813009
TC	2.38206
TG	1.09193
TT	1.29638
