kmer	count
AA	0.766092
AC	2.05122
AG	1.02892
AT	1.19726
CA	0.421058
CC	1.20397
CG	0.455025
CT	0.689036
GA	0.387916
GC	1.05829
GG	0.596649
GT	0.731884
TA	0.749678
TC	2.33308
TG	1.14718
TT	1.12168
