kmer	count
AA	0.749109
AC	2.02156
AG	1.09663
AT	1.22656
CA	0.457409
CC	1.14735
CG	0.477765
CT	0.747947
GA	0.334319
GC	1.0331
GG	0.549936
GT	0.730234
TA	0.745792
TC	2.41716
TG	1.05064
TT	1.16872
