kmer	count
AA	0.728587
AC	1.95239
AG	1.09484
AT	1.23242
CA	0.450201
CC	1.15968
CG	0.505697
CT	0.742523
GA	0.372247
GC	0.979711
GG	0.610009
GT	0.763258
TA	0.727952
TC	2.34853
TG	1.11637
TT	1.15407
