kmer	count
AA	0.754104
AC	2.0637
AG	1.11065
AT	1.18491
CA	0.450397
CC	1.23453
CG	0.491912
CT	0.72289
GA	0.391605
GC	1.08311
GG	0.583097
GT	0.804813
TA	0.741541
TC	2.24488
TG	1.138
TT	1.09304
