kmer	count
AA	0.689377
AC	2.02315
AG	1.10103
AT	1.1925
CA	0.459916
CC	1.27341
CG	0.527732
CT	0.727693
GA	0.380636
GC	1.09227
GG	0.621938
GT	0.734978
TA	0.734181
TC	2.22685
TG	1.12582
TT	1.04661
