kmer	count
AA	0.701371
AC	2.05492
AG	1.10931
AT	1.426
CA	0.408426
CC	1.15483
CG	0.453957
CT	0.82449
GA	0.361133
GC	0.989857
GG	0.604073
GT	0.899718
TA	0.723433
TC	2.11169
TG	1.09867
TT	1.26505
