kmer	count
AA	0.736316
AC	1.99638
AG	1.07727
AT	1.22765
CA	0.47557
CC	1.19754
CG	0.514264
CT	0.761789
GA	0.393733
GC	0.9945
GG	0.590897
GT	0.748781
TA	0.723762
TC	2.24132
TG	1.11981
TT	1.13693
