kmer	count
AA	0.747641
AC	1.86997
AG	1.10004
AT	1.1968
CA	0.526457
CC	1.11694
CG	0.593267
CT	0.705911
GA	0.429116
GC	0.97573
GG	0.66157
GT	0.826148
TA	0.799555
TC	2.13091
TG	1.15689
TT	1.14842
