kmer	count
AA	0.73793
AC	2.01494
AG	1.08446
AT	1.31483
CA	0.443023
CC	1.1407
CG	0.436751
CT	0.772894
GA	0.355686
GC	1.02125
GG	0.561159
GT	0.823321
TA	0.700876
TC	2.26162
TG	1.05733
TT	1.20388
