kmer	count
AA	0.700402
AC	2.06218
AG	1.07689
AT	1.20269
CA	0.449898
CC	1.20638
CG	0.453054
CT	0.727045
GA	0.373033
GC	1.07329
GG	0.58067
GT	0.753898
TA	0.726088
TC	2.37199
TG	1.07308
TT	1.1128
