kmer	count
AA	0.730858
AC	2.03435
AG	1.06144
AT	1.25726
CA	0.475297
CC	1.25999
CG	0.516265
CT	0.74386
GA	0.395201
GC	1.07497
GG	0.598177
GT	0.794787
TA	0.742774
TC	2.1642
TG	1.04847
TT	1.09066
