kmer	count
AA	0.725238
AC	2.01183
AG	1.0269
AT	1.19347
CA	0.494932
CC	1.12937
CG	0.487484
CT	0.732115
GA	0.390349
GC	0.998534
GG	0.590574
GT	0.771852
TA	0.814359
TC	2.42003
TG	1.18303
TT	1.19795
