kmer	count
AA	0.708954
AC	2.04688
AG	1.00297
AT	1.17757
CA	0.52072
CC	1.28836
CG	0.484515
CT	0.724896
GA	0.406411
GC	1.06881
GG	0.570767
GT	0.746232
TA	0.765249
TC	2.34815
TG	1.0741
TT	1.035
