kmer	count
AA	0.735603
AC	2.01752
AG	1.05252
AT	1.19111
CA	0.455003
CC	1.26614
CG	0.478916
CT	0.73547
GA	0.383851
GC	1.1063
GG	0.61717
GT	0.760551
TA	0.735486
TC	2.32296
TG	1.08841
TT	1.10407
