kmer	count
AA	0.750951
AC	2.08025
AG	1.04266
AT	1.29824
CA	0.446649
CC	1.2386
CG	0.432246
CT	0.757269
GA	0.379591
GC	1.05839
GG	0.573355
GT	0.779651
TA	0.728003
TC	2.19269
TG	1.07627
TT	1.10532
