kmer	count
AA	0.718208
AC	2.05146
AG	1.02186
AT	1.22992
CA	0.488119
CC	1.18302
CG	0.489998
CT	0.735099
GA	0.38741
GC	1.04856
GG	0.57463
GT	0.754159
TA	0.800213
TC	2.33658
TG	1.06316
TT	1.12052
