kmer	count
AA	0.711061
AC	2.06465
AG	1.06425
AT	1.23222
CA	0.446163
CC	1.15536
CG	0.502116
CT	0.75754
GA	0.371747
GC	1.07716
GG	0.570221
GT	0.756774
TA	0.741642
TC	2.29872
TG	1.08145
TT	1.1552
