kmer	count
AA	0.770948
AC	1.98759
AG	1.07504
AT	1.29538
CA	0.457771
CC	1.10689
CG	0.433002
CT	0.775427
GA	0.402571
GC	1.00372
GG	0.558136
GT	0.803776
TA	0.830926
TC	2.21952
TG	1.08261
TT	1.15781
