kmer	count
AA	0.700838
AC	2.01933
AG	1.13987
AT	1.26598
CA	0.445
CC	1.23145
CG	0.467253
CT	0.809092
GA	0.364291
GC	1.04988
GG	0.592853
GT	0.827897
TA	0.650942
TC	2.18431
TG	1.14006
TT	1.15433
