kmer	count
AA	0.758491
AC	2.15255
AG	1.02967
AT	1.19515
CA	0.414969
CC	1.21243
CG	0.417444
CT	0.679798
GA	0.33016
GC	1.07225
GG	0.513646
GT	0.773485
TA	0.805645
TC	2.55897
TG	1.05805
TT	1.21207
