kmer	count
AA	0.750899
AC	2.10285
AG	1.03572
AT	1.20863
CA	0.431664
CC	1.21368
CG	0.441903
CT	0.725547
GA	0.369234
GC	1.08657
GG	0.546774
GT	0.762227
TA	0.746358
TC	2.43598
TG	1.09298
TT	1.17641
