kmer	count
AA	0.750565
AC	1.97893
AG	1.02409
AT	1.29299
CA	0.472516
CC	1.17311
CG	0.510887
CT	0.770344
GA	0.433831
GC	1.04722
GG	0.603446
GT	0.754591
TA	0.784023
TC	2.30388
TG	1.0782
TT	1.17882
