kmer	count
AA	0.692743
AC	2.09728
AG	1.00537
AT	1.21216
CA	0.471934
CC	1.23545
CG	0.448124
CT	0.737089
GA	0.351223
GC	1.05646
GG	0.539882
GT	0.759992
TA	0.749745
TC	2.44795
TG	1.03568
TT	1.1346
