kmer	count
AA	0.719963
AC	2.09885
AG	0.946725
AT	1.23378
CA	0.488933
CC	1.33884
CG	0.44393
CT	0.755103
GA	0.417901
GC	1.16946
GG	0.569816
GT	0.795007
TA	0.696596
TC	2.27154
TG	0.972911
TT	1.05439
