kmer	count
AA	0.746389
AC	2.06929
AG	1.02032
AT	1.21449
CA	0.468093
CC	1.20446
CG	0.478074
CT	0.721181
GA	0.397343
GC	1.06679
GG	0.565828
GT	0.744452
TA	0.780765
TC	2.32244
TG	1.05659
TT	1.13157
