kmer	count
AA	0.736591
AC	2.10402
AG	1.12343
AT	1.17417
CA	0.412731
CC	1.15989
CG	0.489245
CT	0.717567
GA	0.356962
GC	1.03909
GG	0.554716
GT	0.729034
TA	0.742284
TC	2.38731
TG	1.07293
TT	1.16791
