kmer	count
AA	0.667722
AC	2.06793
AG	0.982667
AT	1.27418
CA	0.464006
CC	1.26192
CG	0.477628
CT	0.831663
GA	0.363682
GC	1.06727
GG	0.564108
GT	0.817939
TA	0.696921
TC	2.28559
TG	1.00121
TT	1.15376
