kmer	count
AA	0.70147
AC	2.07357
AG	1.05744
AT	1.16976
CA	0.481322
CC	1.17881
CG	0.499325
CT	0.697027
GA	0.386125
GC	1.05164
GG	0.588441
GT	0.739114
TA	0.76835
TC	2.37828
TG	1.11129
TT	1.1005
