kmer	count
AA	0.83169
AC	1.93411
AG	1.17566
AT	1.13881
CA	0.433721
CC	1.10384
CG	0.518866
CT	0.686494
GA	0.374489
GC	0.976606
GG	0.598586
GT	0.725697
TA	0.809927
TC	2.47069
TG	1.14282
TT	1.21112
