kmer	count
AA	0.710123
AC	2.04181
AG	1.05849
AT	1.14363
CA	0.437875
CC	1.18907
CG	0.503912
CT	0.755906
GA	0.368926
GC	1.12933
GG	0.569105
GT	0.770965
TA	0.727684
TC	2.3948
TG	1.1554
TT	1.13424
