kmer	count
AA	0.712837
AC	1.87221
AG	1.0103
AT	1.3288
CA	0.484533
CC	1.20158
CG	0.504477
CT	0.996083
GA	0.441988
GC	1.09648
GG	0.611174
GT	0.94273
TA	0.703281
TC	1.94903
TG	0.969669
TT	1.12645
