kmer	count
AA	0.767963
AC	1.92888
AG	1.20079
AT	1.32513
CA	0.394729
CC	1.13179
CG	0.504938
CT	0.737135
GA	0.35861
GC	0.922789
GG	0.646666
GT	0.853343
TA	0.742183
TC	2.21811
TG	1.17363
TT	1.23583
