kmer	count
AA	0.565453
AC	1.80424
AG	0.750923
AT	1.28327
CA	0.498428
CC	1.18114
CG	0.481566
CT	0.826378
GA	0.392808
GC	1.03535
GG	0.548516
GT	0.870128
TA	0.839926
TC	2.50032
TG	1.23082
TT	1.39209
