kmer	count
AA	0.744117
AC	1.95711
AG	1.08642
AT	1.2431
CA	0.443376
CC	1.16853
CG	0.475403
CT	0.79001
GA	0.378441
GC	1.00026
GG	0.537434
GT	0.783543
TA	0.793205
TC	2.41004
TG	1.13663
TT	1.20407
