kmer	count
AA	0.728065
AC	1.99955
AG	1.04093
AT	1.27726
CA	0.45963
CC	1.20698
CG	0.485683
CT	0.768352
GA	0.389605
GC	1.05818
GG	0.562195
GT	0.79753
TA	0.797741
TC	2.26533
TG	1.01374
TT	1.15363
