kmer	count
AA	0.726756
AC	2.13324
AG	0.981546
AT	1.28157
CA	0.522061
CC	1.33888
CG	0.424984
CT	0.825871
GA	0.392685
GC	1.07909
GG	0.516253
GT	0.82276
TA	0.678527
TC	2.183
TG	0.947646
TT	1.0875
