kmer	count
AA	0.775027
AC	2.04349
AG	1.09988
AT	1.13667
CA	0.425856
CC	1.18311
CG	0.485529
CT	0.698587
GA	0.353501
GC	1.04595
GG	0.594207
GT	0.755983
TA	0.753558
TC	2.41289
TG	1.1879
TT	1.14153
