kmer	count
AA	0.73515
AC	2.07314
AG	1.17748
AT	1.09863
CA	0.395373
CC	1.11688
CG	0.483538
CT	0.659109
GA	0.357948
GC	1.0418
GG	0.56029
GT	0.674515
TA	0.732897
TC	2.50713
TG	1.18411
TT	1.12745
