kmer	count
AA	0.765578
AC	2.11075
AG	1.12591
AT	1.26063
CA	0.432595
CC	1.1349
CG	0.443017
CT	0.713697
GA	0.37505
GC	0.96584
GG	0.540922
GT	0.763272
TA	0.82415
TC	2.34468
TG	1.17261
TT	1.23288
