kmer	count
AA	0.762782
AC	2.01819
AG	1.08696
AT	1.27602
CA	0.481772
CC	1.17619
CG	0.498414
CT	0.74345
GA	0.417883
GC	1.05934
GG	0.565631
GT	0.730228
TA	0.815941
TC	2.18426
TG	1.08958
TT	1.0849
