kmer	count
AA	0.767923
AC	2.01325
AG	1.11836
AT	1.18607
CA	0.427804
CC	1.15622
CG	0.468945
CT	0.711552
GA	0.37817
GC	1.04715
GG	0.584495
GT	0.764282
TA	0.768126
TC	2.3798
TG	1.16532
TT	1.17683
