kmer	count
AA	0.758388
AC	2.0055
AG	1.1123
AT	1.12846
CA	0.439692
CC	1.16125
CG	0.504448
CT	0.691387
GA	0.384567
GC	1.04239
GG	0.617222
GT	0.766112
TA	0.774098
TC	2.38587
TG	1.20934
TT	1.11751
