kmer	count
AA	0.739779
AC	1.98222
AG	0.96971
AT	1.3125
CA	0.497724
CC	1.2237
CG	0.463363
CT	0.853496
GA	0.468523
GC	1.0886
GG	0.581715
GT	0.907558
TA	0.729222
TC	2.0201
TG	0.992502
TT	1.13923
