kmer	count
AA	0.722267
AC	2.0714
AG	1.04801
AT	1.27362
CA	0.449774
CC	1.236
CG	0.467949
CT	0.746606
GA	0.36187
GC	1.09625
GG	0.597556
GT	0.800486
TA	0.730088
TC	2.32857
TG	1.0897
TT	1.0932
