kmer	count
AA	0.673579
AC	1.8348
AG	0.794889
AT	1.24197
CA	0.767093
CC	1.28159
CG	0.574337
CT	0.858323
GA	0.528615
GC	1.03422
GG	0.611889
GT	0.828738
TA	0.931739
TC	2.00235
TG	1.02197
TT	1.05822
