kmer	count
AA	0.727412
AC	1.93176
AG	1.07474
AT	1.32235
CA	0.465666
CC	1.1489
CG	0.477382
CT	0.773401
GA	0.403513
GC	1.06609
GG	0.636192
GT	0.859082
TA	0.811296
TC	2.10673
TG	1.08868
TT	1.09238
