kmer	count
AA	0.521506
AC	1.81087
AG	0.751057
AT	1.30002
CA	0.564526
CC	1.25402
CG	0.513302
CT	0.832139
GA	0.409977
GC	1.04774
GG	0.595691
GT	0.85094
TA	0.762283
TC	2.28765
TG	1.19394
TT	1.28302
