kmer	count
AA	0.740485
AC	2.06599
AG	1.078
AT	1.20808
CA	0.442973
CC	1.16102
CG	0.492986
CT	0.690187
GA	0.360396
GC	0.97865
GG	0.548225
GT	0.716199
TA	0.813123
TC	2.42033
TG	1.1192
TT	1.15626
