kmer	count
AA	0.686284
AC	2.14457
AG	0.969122
AT	1.12397
CA	0.504326
CC	1.31175
CG	0.504442
CT	0.689114
GA	0.392393
GC	1.11452
GG	0.563031
GT	0.715804
TA	0.742565
TC	2.47152
TG	1.03414
TT	1.04316
