kmer	count
AA	0.723233
AC	1.82821
AG	0.983644
AT	1.29574
CA	0.501289
CC	1.17331
CG	0.524989
CT	1.02544
GA	0.425368
GC	1.0682
GG	0.624493
GT	0.964956
TA	0.701568
TC	2.00913
TG	1.03905
TT	1.19444
