kmer	count
AA	0.753997
AC	2.04338
AG	1.08551
AT	1.18055
CA	0.417305
CC	1.21189
CG	0.451483
CT	0.681675
GA	0.394354
GC	1.11093
GG	0.617962
GT	0.756569
TA	0.725779
TC	2.40102
TG	1.10682
TT	1.12798
