kmer	count
AA	0.746927
AC	2.04669
AG	1.07362
AT	1.18579
CA	0.442637
CC	1.19826
CG	0.470806
CT	0.764752
GA	0.368138
GC	1.0718
GG	0.588495
GT	0.76794
TA	0.794795
TC	2.2976
TG	1.12292
TT	1.16927
