kmer	count
AA	0.74102
AC	2.06591
AG	1.0591
AT	1.20724
CA	0.473486
CC	1.25791
CG	0.448232
CT	0.727492
GA	0.390966
GC	1.05703
GG	0.54125
GT	0.739911
TA	0.743859
TC	2.36867
TG	1.0405
TT	1.08466
