kmer	count
AA	0.735342
AC	1.9871
AG	1.06108
AT	1.24736
CA	0.515297
CC	1.22443
CG	0.530675
CT	0.753513
GA	0.410681
GC	1.02985
GG	0.590186
GT	0.7584
TA	0.774467
TC	2.17299
TG	1.08766
TT	1.09796
