kmer	count
AA	0.714671
AC	2.0017
AG	1.11612
AT	1.23775
CA	0.441006
CC	1.21427
CG	0.502575
CT	0.747639
GA	0.37386
GC	1.04274
GG	0.610656
GT	0.76535
TA	0.724161
TC	2.23608
TG	1.11791
TT	1.09636
