kmer	count
AA	0.710786
AC	2.00125
AG	1.04616
AT	1.18407
CA	0.489133
CC	1.23275
CG	0.526063
CT	0.750752
GA	0.414474
GC	1.05057
GG	0.609583
GT	0.756763
TA	0.738964
TC	2.25904
TG	1.10509
TT	1.08521
