kmer	count
AA	0.80054
AC	1.99723
AG	1.07034
AT	1.24264
CA	0.434008
CC	1.10962
CG	0.457614
CT	0.731157
GA	0.385782
GC	1.02575
GG	0.564452
GT	0.724002
TA	0.858307
TC	2.39906
TG	1.16571
TT	1.22159
