kmer	count
AA	0.743674
AC	2.03799
AG	1.08409
AT	1.24603
CA	0.480332
CC	1.19207
CG	0.479483
CT	0.780324
GA	0.388874
GC	0.996405
GG	0.564938
GT	0.777717
TA	0.762258
TC	2.21311
TG	1.0404
TT	1.16437
