kmer	count
AA	0.794933
AC	2.0386
AG	1.13954
AT	1.17628
CA	0.444714
CC	1.07585
CG	0.436813
CT	0.680143
GA	0.394936
GC	0.988319
GG	0.577254
GT	0.768202
TA	0.866784
TC	2.38428
TG	1.2099
TT	1.21117
