kmer	count
AA	0.689851
AC	2.11119
AG	0.967624
AT	1.19768
CA	0.448537
CC	1.25532
CG	0.465115
CT	0.731573
GA	0.38729
GC	1.12262
GG	0.558059
GT	0.772903
TA	0.736414
TC	2.4573
TG	1.00021
TT	1.10963
