kmer	count
AA	0.786903
AC	2.02675
AG	1.10442
AT	1.21123
CA	0.456687
CC	1.15609
CG	0.482798
CT	0.719514
GA	0.400811
GC	1.01124
GG	0.572618
GT	0.752688
TA	0.8082
TC	2.33324
TG	1.1766
TT	1.15231
