kmer	count
AA	0.78543
AC	1.8699
AG	1.03959
AT	1.24654
CA	0.477298
CC	1.14227
CG	0.537667
CT	0.741884
GA	0.408996
GC	1.05681
GG	0.643168
GT	0.788726
TA	0.925234
TC	2.14971
TG	1.13861
TT	1.22913
