kmer	count
AA	0.662474
AC	2.03377
AG	1.04451
AT	1.25541
CA	0.477915
CC	1.3692
CG	0.500237
CT	0.825641
GA	0.384486
GC	1.17924
GG	0.595451
GT	0.851982
TA	0.636265
TC	2.09153
TG	1.00968
TT	1.03133
