kmer	count
AA	0.741868
AC	2.01508
AG	1.09192
AT	1.19669
CA	0.417139
CC	1.14466
CG	0.456827
CT	0.763825
GA	0.348916
GC	1.05535
GG	0.547638
GT	0.780444
TA	0.766748
TC	2.43458
TG	1.14533
TT	1.22621
