kmer	count
AA	0.792556
AC	2.09253
AG	1.0824
AT	1.26667
CA	0.443565
CC	1.11076
CG	0.429669
CT	0.745273
GA	0.379687
GC	0.997077
GG	0.543765
GT	0.776948
TA	0.750043
TC	2.41093
TG	1.12186
TT	1.23825
