kmer	count
AA	0.775572
AC	2.00595
AG	1.09197
AT	1.25478
CA	0.43947
CC	1.15475
CG	0.445044
CT	0.72562
GA	0.373347
GC	1.04353
GG	0.577627
GT	0.74273
TA	0.776852
TC	2.28374
TG	1.07994
TT	1.16702
