kmer	count
AA	0.955982
AC	1.18308
AG	1.60998
AT	0.314442
CA	0.847245
CC	1.28751
CG	0.921469
CT	0.506774
GA	0.473648
GC	0.613203
GG	0.849098
GT	0.202062
TA	1.52853
TC	1.80484
TG	2.09416
TT	0.546162
