kmer	count
AA	0.726037
AC	2.04484
AG	1.06388
AT	1.24205
CA	0.448607
CC	1.19702
CG	0.480373
CT	0.747268
GA	0.40617
GC	1.02021
GG	0.578933
GT	0.739728
TA	0.736406
TC	2.33584
TG	1.07827
TT	1.11509
