kmer	count
AA	0.70854
AC	1.90599
AG	1.09403
AT	1.17457
CA	0.481031
CC	1.21938
CG	0.563729
CT	0.794479
GA	0.406902
GC	1.09937
GG	0.672424
GT	0.816974
TA	0.698446
TC	2.21537
TG	1.07786
TT	1.09909
