kmer	count
AA	0.751762
AC	1.93326
AG	1.07311
AT	1.18882
CA	0.486694
CC	1.1671
CG	0.484801
CT	0.72363
GA	0.394501
GC	0.998207
GG	0.622522
GT	0.760038
TA	0.85216
TC	2.3509
TG	1.20388
TT	1.1318
