kmer	count
AA	0.69085
AC	2.087
AG	1.03313
AT	1.17308
CA	0.445533
CC	1.28298
CG	0.497724
CT	0.710685
GA	0.375468
GC	1.10527
GG	0.587507
GT	0.760739
TA	0.70971
TC	2.41061
TG	1.05598
TT	1.05968
