kmer	count
AA	0.706883
AC	2.05027
AG	1.06037
AT	1.07671
CA	0.468377
CC	1.27635
CG	0.508325
CT	0.674221
GA	0.396755
GC	1.11398
GG	0.599366
GT	0.712229
TA	0.782656
TC	2.45809
TG	1.12962
TT	1.0422
