kmer	count
AA	0.721475
AC	2.0809
AG	0.989953
AT	1.21911
CA	0.538457
CC	1.32437
CG	0.481923
CT	0.793114
GA	0.411422
GC	1.10164
GG	0.558854
GT	0.835596
TA	0.66078
TC	2.2686
TG	0.994519
TT	1.08114
