kmer	count
AA	0.692298
AC	2.05041
AG	1.07101
AT	1.18256
CA	0.443028
CC	1.23189
CG	0.501052
CT	0.760601
GA	0.385606
GC	1.09168
GG	0.617834
GT	0.740022
TA	0.737032
TC	2.24537
TG	1.07204
TT	1.13182
