kmer	count
AA	0.745411
AC	1.97261
AG	1.04645
AT	1.27122
CA	0.49122
CC	1.15374
CG	0.466431
CT	0.747021
GA	0.376869
GC	1.0222
GG	0.544708
GT	0.787592
TA	0.803075
TC	2.28547
TG	1.0737
TT	1.18223
