kmer	count
AA	0.721735
AC	2.03873
AG	0.963037
AT	1.22124
CA	0.477992
CC	1.21195
CG	0.473766
CT	0.769695
GA	0.429067
GC	1.10897
GG	0.573646
GT	0.783969
TA	0.75468
TC	2.30977
TG	1.00957
TT	1.14441
