kmer	count
AA	0.704748
AC	2.05899
AG	1.00776
AT	1.28691
CA	0.44663
CC	1.27084
CG	0.481474
CT	0.758846
GA	0.376293
GC	1.10226
GG	0.578545
GT	0.830533
TA	0.688567
TC	2.22356
TG	1.05699
TT	1.10736
