kmer	count
AA	0.701139
AC	2.09834
AG	1.00596
AT	1.20418
CA	0.464814
CC	1.28019
CG	0.474753
CT	0.766775
GA	0.383533
GC	1.12763
GG	0.56911
GT	0.776924
TA	0.704027
TC	2.30132
TG	1.02714
TT	1.08539
