kmer	count
AA	0.768179
AC	2.06142
AG	1.05375
AT	1.25732
CA	0.443549
CC	1.14085
CG	0.458709
CT	0.752065
GA	0.372192
GC	1.04804
GG	0.536641
GT	0.820172
TA	0.879411
TC	2.31513
TG	1.0693
TT	1.26104
