kmer	count
AA	0.742038
AC	2.04978
AG	1.0826
AT	1.34222
CA	0.440008
CC	1.18658
CG	0.422727
CT	0.720451
GA	0.375504
GC	0.967531
GG	0.563938
GT	0.824929
TA	0.713961
TC	2.33881
TG	1.18658
TT	1.19456
