kmer	count
AA	0.844448
AC	2.07217
AG	1.02732
AT	1.21334
CA	0.430571
CC	1.1763
CG	0.423983
CT	0.72735
GA	0.394453
GC	1.07867
GG	0.553977
GT	0.80466
TA	0.804016
TC	2.35177
TG	1.06077
TT	1.19935
