kmer	count
AA	0.731825
AC	1.88955
AG	0.850412
AT	1.30798
CA	0.702379
CC	1.17337
CG	0.519005
CT	0.81545
GA	0.499185
GC	1.00509
GG	0.555827
GT	0.827993
TA	1.0591
TC	2.16022
TG	1.05631
TT	1.15225
