kmer	count
AA	0.611958
AC	1.75155
AG	0.882188
AT	1.06436
CA	0.774804
CC	1.31556
CG	0.637794
CT	0.802762
GA	0.534042
GC	1.09492
GG	0.694081
GT	0.743907
TA	0.898451
TC	2.09985
TG	1.11615
TT	0.969688
