kmer	count
AA	0.667205
AC	2.0924
AG	1.08493
AT	1.17467
CA	0.433726
CC	1.3144
CG	0.496573
CT	0.747643
GA	0.343213
GC	1.13359
GG	0.614397
GT	0.74142
TA	0.665137
TC	2.26945
TG	1.10493
TT	1.04747
