kmer	count
AA	0.75768
AC	1.94524
AG	0.995473
AT	1.33031
CA	0.505215
CC	1.1949
CG	0.49897
CT	0.839564
GA	0.397152
GC	1.04279
GG	0.580843
GT	0.813316
TA	0.797196
TC	2.13479
TG	1.06533
TT	1.25916
