kmer	count
AA	0.638925
AC	2.0957
AG	1.00958
AT	1.31822
CA	0.458276
CC	1.34819
CG	0.483773
CT	0.818987
GA	0.382928
GC	1.16436
GG	0.585919
GT	0.856125
TA	0.630791
TC	2.15112
TG	1.00368
TT	1.03689
