kmer	count
AA	0.77269
AC	2.02117
AG	1.0178
AT	1.29193
CA	0.429668
CC	1.2271
CG	0.419905
CT	0.767469
GA	0.384625
GC	1.04796
GG	0.548674
GT	0.827652
TA	0.749814
TC	2.37385
TG	1.04984
TT	1.20949
