kmer	count
AA	0.73586
AC	2.03192
AG	1.07277
AT	1.21626
CA	0.477894
CC	1.16091
CG	0.475173
CT	0.736053
GA	0.391075
GC	1.01674
GG	0.585889
GT	0.730181
TA	0.768567
TC	2.30179
TG	1.11034
TT	1.13296
