kmer	count
AA	0.617988
AC	1.777
AG	0.818223
AT	0.94153
CA	0.902614
CC	1.2818
CG	0.749944
CT	0.596167
GA	0.565573
GC	0.926694
GG	0.736873
GT	0.627142
TA	1.17192
TC	2.22893
TG	1.31575
TT	0.907675
