kmer	count
AA	0.704064
AC	1.94853
AG	1.12652
AT	1.12014
CA	0.484697
CC	1.18376
CG	0.516269
CT	0.733631
GA	0.371651
GC	1.02042
GG	0.614932
GT	0.732492
TA	0.730111
TC	2.35267
TG	1.21281
TT	1.18534
