kmer	count
AA	0.70332
AC	2.07389
AG	1.07745
AT	1.1276
CA	0.480951
CC	1.21399
CG	0.466691
CT	0.731533
GA	0.344069
GC	1.07455
GG	0.576614
GT	0.709787
TA	0.770959
TC	2.3983
TG	1.11523
TT	1.07049
