kmer	count
AA	0.740151
AC	2.00216
AG	1.05495
AT	1.34461
CA	0.45168
CC	1.18995
CG	0.449033
CT	0.804942
GA	0.426446
GC	1.0001
GG	0.598047
GT	0.882516
TA	0.744066
TC	2.15767
TG	1.06754
TT	1.2399
