kmer	count
AA	0.73337
AC	2.04164
AG	0.969826
AT	1.3712
CA	0.505247
CC	1.25512
CG	0.427126
CT	0.838674
GA	0.438874
GC	1.08075
GG	0.568001
GT	0.897134
TA	0.715056
TC	2.03578
TG	0.974836
TT	1.11384
