kmer	count
AA	0.736781
AC	2.11937
AG	0.978533
AT	1.3067
CA	0.478298
CC	1.24294
CG	0.483604
CT	0.735361
GA	0.412574
GC	1.0905
GG	0.552431
GT	0.764916
TA	0.753688
TC	2.27143
TG	1.00522
TT	1.09978
