kmer	count
AA	0.751014
AC	2.04809
AG	1.04357
AT	1.25542
CA	0.448102
CC	1.2273
CG	0.494802
CT	0.770049
GA	0.384424
GC	1.07349
GG	0.600789
GT	0.752744
TA	0.710998
TC	2.19816
TG	1.07206
TT	1.12265
