kmer	count
AA	0.807863
AC	1.96477
AG	1.08687
AT	1.21746
CA	0.535196
CC	1.10983
CG	0.512462
CT	0.742602
GA	0.439105
GC	0.952888
GG	0.591269
GT	0.744869
TA	0.848475
TC	2.22252
TG	1.226
TT	1.16858
