kmer	count
AA	0.775125
AC	2.06673
AG	1.06362
AT	1.25693
CA	0.433788
CC	1.12094
CG	0.471738
CT	0.736632
GA	0.39461
GC	1.02123
GG	0.544879
GT	0.808044
TA	0.814139
TC	2.38521
TG	1.10747
TT	1.22356
