kmer	count
AA	0.687465
AC	2.03271
AG	0.989959
AT	1.20847
CA	0.488254
CC	1.26769
CG	0.475735
CT	0.73393
GA	0.407993
GC	1.0843
GG	0.584628
GT	0.773987
TA	0.771624
TC	2.39483
TG	1.10417
TT	1.09877
