kmer	count
AA	0.779159
AC	2.03727
AG	1.12569
AT	1.18636
CA	0.443253
CC	1.188
CG	0.459903
CT	0.7108
GA	0.369879
GC	1.05706
GG	0.5987
GT	0.749987
TA	0.775811
TC	2.36598
TG	1.16941
TT	1.07651
