kmer	count
AA	0.860259
AC	1.75605
AG	1.37779
AT	0.76644
CA	0.58067
CC	1.18106
CG	0.645221
CT	0.540236
GA	0.473945
GC	0.880567
GG	0.747074
GT	0.458144
TA	1.09698
TC	2.21192
TG	1.5088
TT	0.764078
