kmer	count
AA	0.74386
AC	2.0186
AG	0.991626
AT	1.24832
CA	0.451983
CC	1.23206
CG	0.446417
CT	0.747999
GA	0.452704
GC	1.14953
GG	0.577439
GT	0.827314
TA	0.751471
TC	2.23877
TG	1.06906
TT	1.16498
