kmer	count
AA	0.755449
AC	2.01083
AG	1.13532
AT	1.28174
CA	0.447285
CC	1.17042
CG	0.485101
CT	0.7504
GA	0.375952
GC	1.03455
GG	0.618992
GT	0.769999
TA	0.719023
TC	2.2434
TG	1.14106
TT	1.1595
