kmer	count
AA	0.717728
AC	1.87358
AG	1.19637
AT	1.1171
CA	0.503827
CC	1.26223
CG	0.616278
CT	0.719994
GA	0.408325
GC	1.0362
GG	0.688643
GT	0.714607
TA	0.742501
TC	2.07243
TG	1.23524
TT	1.00384
