kmer	count
AA	0.771005
AC	2.12405
AG	1.15119
AT	1.14221
CA	0.399406
CC	1.14772
CG	0.41569
CT	0.689809
GA	0.344099
GC	1.0777
GG	0.568397
GT	0.741952
TA	0.803327
TC	2.43736
TG	1.15542
TT	1.15306
