kmer	count
sequence	0
AA	0.0497488
AC	0.0981594
AG	0.0758558
AT	0.0553599
CA	0.0299338
CC	0.109522
CG	0.015683
CT	0.0571912
GA	0.0232427
GC	0.075621
GG	0.0484106
GT	0.0398413
TA	0.0268817
TC	0.144363
TG	0.0722637
TT	0.0779218
