kmer	count
sequence	0
AA	0.0513466
AC	0.110298
AG	0.0801134
AT	0.059531
CA	0.0359712
CC	0.0938384
CG	0.00863242
CT	0.0584364
GA	0.0233712
GC	0.0650345
GG	0.0425255
GT	0.0400399
TA	0.0290195
TC	0.142491
TG	0.0819693
TT	0.0773819
