kmer	count
sequence	0
AA	0.0485575
AC	0.0960436
AG	0.085804
AT	0.0541382
CA	0.0321391
CC	0.103717
CG	0.0181374
CT	0.0536898
GA	0.0233943
GC	0.0728487
GG	0.0551099
GT	0.0369974
TA	0.0282276
TC	0.134959
TG	0.08117
TT	0.075066
