kmer	count
sequence	0
AA	0.0347377
AC	0.0743583
AG	0.0511068
AT	0.0417597
CA	0.0769159
CC	0.118443
CG	0.0267392
CT	0.0601283
GA	0.0423642
GC	0.0666388
GG	0.0645461
GT	0.0335286
TA	0.0480841
TC	0.120117
TG	0.0829613
TT	0.0575707
