kmer	count
sequence	0
AA	0.0507184
AC	0.110272
AG	0.078962
AT	0.0643363
CA	0.0340553
CC	0.0861463
CG	0.00879262
CT	0.0599185
GA	0.0228608
GC	0.0593824
GG	0.0396097
GT	0.0425692
TA	0.0316963
TC	0.14169
TG	0.0812567
TT	0.0877332
