kmer	count
sequence	0
AA	0.0534805
AC	0.108904
AG	0.0832107
AT	0.0605357
CA	0.03505
CC	0.0899076
CG	0.00867761
CT	0.0565742
GA	0.021694
GC	0.063007
GG	0.0439728
GT	0.0394831
TA	0.0302018
TC	0.139125
TG	0.0843992
TT	0.081777
