kmer	count
sequence	0
AA	0.0216096
AC	0.0653295
AG	0.0448468
AT	0.0326773
CA	0.0867137
CC	0.138872
CG	0.0419671
CT	0.0501302
GA	0.0409655
GC	0.065655
GG	0.080654
GT	0.0266677
TA	0.0491536
TC	0.109675
TG	0.104317
TT	0.0407652
