kmer	count
sequence	0
AA	0.0355508
AC	0.0951192
AG	0.0534154
AT	0.0573093
CA	0.0387908
CC	0.117056
CG	0.0198264
CT	0.0575471
GA	0.0229475
GC	0.074193
GG	0.0497295
GT	0.0392367
TA	0.0288925
TC	0.152399
TG	0.0771952
TT	0.0807919
