kmer	count
sequence	0
AA	0.0528771
AC	0.107373
AG	0.0846651
AT	0.0607422
CA	0.0363566
CC	0.0899277
CG	0.00948434
CT	0.0582554
GA	0.023306
GC	0.0612627
GG	0.0439133
GT	0.0416386
TA	0.0294554
TC	0.13573
TG	0.0866892
TT	0.0783229
