kmer	count
sequence	0
AA	0.0486178
AC	0.0981993
AG	0.0754755
AT	0.0533857
CA	0.0330459
CC	0.103627
CG	0.0168907
CT	0.0552625
GA	0.0236875
GC	0.074664
GG	0.0516104
GT	0.0386761
TA	0.0293431
TC	0.14773
TG	0.0740553
TT	0.0757291
