kmer	count
sequence	0
AA	0.0531344
AC	0.113088
AG	0.0759502
AT	0.0636792
CA	0.0405387
CC	0.0984926
CG	0.00767364
CT	0.0636792
GA	0.0242685
GC	0.0632691
GG	0.0383169
GT	0.0437688
TA	0.027567
TC	0.133528
TG	0.0740874
TT	0.0789582
