kmer	count
sequence	0
AA	0.0494584
AC	0.100114
AG	0.0785348
AT	0.0538769
CA	0.0309008
CC	0.101824
CG	0.0171323
CT	0.0560433
GA	0.0224914
GC	0.0756271
GG	0.0473489
GT	0.0394812
TA	0.0315279
TC	0.140792
TG	0.0736032
TT	0.0812429
