kmer	count
sequence	0
AA	0.0457763
AC	0.0969396
AG	0.0830167
AT	0.0521001
CA	0.0315672
CC	0.104591
CG	0.0180607
CT	0.0546765
GA	0.0223026
GC	0.0738042
GG	0.0532972
GT	0.0379691
TA	0.0262322
TC	0.142794
TG	0.0823661
TT	0.0745068
