kmer	count
sequence	0
AA	0.0525094
AC	0.108753
AG	0.0790695
AT	0.0611127
CA	0.0379031
CC	0.0870271
CG	0.00884755
CT	0.0566802
GA	0.0239425
GC	0.0614791
GG	0.0426497
GT	0.0401194
TA	0.0325108
TC	0.142922
TG	0.0831181
TT	0.0813556
