kmer	count
sequence	0
AA	0.0509415
AC	0.114897
AG	0.0769438
AT	0.0575253
CA	0.0347637
CC	0.0950045
CG	0.00835148
CT	0.0557961
GA	0.0225311
GC	0.0667862
GG	0.0417446
GT	0.0402459
TA	0.0280133
TC	0.14943
TG	0.0778788
TT	0.0791469
