kmer	count
sequence	0
AA	0.0494823
AC	0.0981909
AG	0.0765592
AT	0.0518329
CA	0.0352892
CC	0.100184
CG	0.0162759
CT	0.0570995
GA	0.0251726
GC	0.0737622
GG	0.0500179
GT	0.037015
TA	0.031064
TC	0.142288
TG	0.077422
TT	0.0783444
