kmer	count
sequence	0
AA	0.0487824
AC	0.0944719
AG	0.0741915
AT	0.0570042
CA	0.0351969
CC	0.106648
CG	0.018636
CT	0.0625636
GA	0.0239997
GC	0.0752486
GG	0.0512489
GT	0.0391512
TA	0.0285804
TC	0.129825
TG	0.0733302
TT	0.0811213
