kmer	count
sequence	0
AA	0.0385027
AC	0.073542
AG	0.0575081
AT	0.0484009
CA	0.0900034
CC	0.104883
CG	0.0168035
CT	0.0706986
GA	0.039315
GC	0.0557765
GG	0.0595391
GT	0.035018
TA	0.0439328
TC	0.111018
TG	0.0936591
TT	0.061399
