kmer	count
sequence	0
AA	0.044799
AC	0.0965571
AG	0.0840125
AT	0.0487135
CA	0.0303315
CC	0.100815
CG	0.0198013
CT	0.0559701
GA	0.0227314
GC	0.0732763
GG	0.0544822
GT	0.0352532
TA	0.0300568
TC	0.14376
TG	0.084104
TT	0.0753365
