kmer	count
sequence	0
AA	0.0550286
AC	0.107421
AG	0.0833667
AT	0.059477
CA	0.0354461
CC	0.0832255
CG	0.00863794
CT	0.0572175
GA	0.0229247
GC	0.0610775
GG	0.0425307
GT	0.0406477
TA	0.0320804
TC	0.140466
TG	0.0879092
TT	0.0825429
