kmer	count
sequence	0
AA	0.0479371
AC	0.0989711
AG	0.0818745
AT	0.0508292
CA	0.0299703
CC	0.106931
CG	0.0186835
CT	0.050906
GA	0.02306
GC	0.0758855
GG	0.0514691
GT	0.0349611
TA	0.0282299
TC	0.145501
TG	0.0792383
TT	0.0755528
