kmer	count
sequence	0
AA	0.0521065
AC	0.107086
AG	0.0872866
AT	0.0576863
CA	0.0346305
CC	0.0878985
CG	0.00895061
CT	0.055166
GA	0.0229729
GC	0.0620527
GG	0.0444108
GT	0.0395673
TA	0.0301811
TC	0.142608
TG	0.0884586
TT	0.0789375
