kmer	count
sequence	0
AA	0.0426955
AC	0.0958217
AG	0.0826238
AT	0.0458582
CA	0.0297105
CC	0.115923
CG	0.02077
CT	0.052822
GA	0.0211653
GC	0.0858168
GG	0.056897
GT	0.0362486
TA	0.0237197
TC	0.146393
TG	0.079005
TT	0.0645299
