kmer	count
sequence	0
AA	0.0547066
AC	0.105936
AG	0.0814113
AT	0.0631757
CA	0.0349575
CC	0.085808
CG	0.00863125
CT	0.0579321
GA	0.0221818
GC	0.0583285
GG	0.0414624
GT	0.0417688
TA	0.0330294
TC	0.14147
TG	0.0841142
TT	0.0850872
