kmer	count
sequence	0
AA	0.05035
AC	0.0952477
AG	0.0826265
AT	0.0561389
CA	0.0302908
CC	0.104638
CG	0.0163234
CT	0.0589324
GA	0.0235258
GC	0.0759289
GG	0.0524367
GT	0.0390078
TA	0.0260164
TC	0.134794
TG	0.0774098
TT	0.0763328
