kmer	count
sequence	0
AA	0.0559871
AC	0.11202
AG	0.0755201
AT	0.0642091
CA	0.0359544
CC	0.0852866
CG	0.00776778
CT	0.0604161
GA	0.0236895
GC	0.062165
GG	0.0403834
GT	0.0428137
TA	0.0316617
TC	0.139207
TG	0.0779731
TT	0.0849459
