kmer	count
sequence	0
AA	0.0528535
AC	0.109612
AG	0.0810775
AT	0.0651904
CA	0.0362119
CC	0.0860921
CG	0.00820982
CT	0.0584006
GA	0.0234313
GC	0.0603532
GG	0.0441111
GT	0.0423804
TA	0.0308867
TC	0.131845
TG	0.0809887
TT	0.0883554
