kmer	count
sequence	0
AA	0.0558068
AC	0.108664
AG	0.0876249
AT	0.0595964
CA	0.0324795
CC	0.0859804
CG	0.0081154
CT	0.0519279
GA	0.0222548
GC	0.05965
GG	0.0414172
GT	0.0385929
TA	0.0323007
TC	0.146524
TG	0.086177
TT	0.0828879
