kmer	count
sequence	0
AA	0.0483468
AC	0.105663
AG	0.0738541
AT	0.0597062
CA	0.0420092
CC	0.09778
CG	0.00923478
CT	0.0593561
GA	0.0253625
GC	0.0645952
GG	0.0451237
GT	0.0401985
TA	0.0301428
TC	0.140441
TG	0.0821111
TT	0.0760753
