kmer	count
sequence	0
AA	0.0476538
AC	0.097236
AG	0.0786244
AT	0.057617
CA	0.0314673
CC	0.106206
CG	0.0167709
CT	0.0599836
GA	0.0257699
GC	0.0721674
GG	0.0527669
GT	0.0424823
TA	0.0266756
TC	0.131216
TG	0.0734821
TT	0.0798808
