kmer	count
sequence	0
AA	0.0544823
AC	0.111929
AG	0.0821365
AT	0.0606304
CA	0.0357464
CC	0.0864621
CG	0.00831086
CT	0.0569852
GA	0.0225754
GC	0.0602902
GG	0.0407767
GT	0.0405336
TA	0.0302058
TC	0.141479
TG	0.0814075
TT	0.0860489
