kmer	count
sequence	0
AA	0.0477494
AC	0.100108
AG	0.0790727
AT	0.0497204
CA	0.0318239
CC	0.109972
CG	0.0167463
CT	0.0537435
GA	0.0226773
GC	0.0791088
GG	0.0504781
GT	0.0361988
TA	0.027873
TC	0.146572
TG	0.0765425
TT	0.0716128
