kmer	count
sequence	0
AA	0.0498499
AC	0.100634
AG	0.0777318
AT	0.0492827
CA	0.0299016
CC	0.105565
CG	0.0165452
CT	0.0517728
GA	0.0223277
GC	0.0770194
GG	0.0476019
GT	0.0355942
TA	0.0293967
TC	0.155477
TG	0.0768603
TT	0.0744394
