kmer	count
sequence	0
AA	0.0546613
AC	0.0991314
AG	0.0851187
AT	0.0594673
CA	0.0408801
CC	0.0821656
CG	0.0107122
CT	0.0544296
GA	0.02652
GC	0.057209
GG	0.0491025
GT	0.043949
TA	0.0324841
TC	0.130342
TG	0.0904459
TT	0.0833816
