kmer	count
sequence	0
AA	0.0549184
AC	0.108565
AG	0.0792868
AT	0.0613385
CA	0.0358371
CC	0.0848323
CG	0.00777166
CT	0.0582775
GA	0.0235535
GC	0.0595297
GG	0.0402695
GT	0.0403689
TA	0.0323389
TC	0.144581
TG	0.0827652
TT	0.0857665
