kmer	count
sequence	0
AA	0.0505133
AC	0.100312
AG	0.0785351
AT	0.0546941
CA	0.0334727
CC	0.101873
CG	0.0177022
CT	0.055091
GA	0.0248465
GC	0.074275
GG	0.0511749
GT	0.0356954
TA	0.0295036
TC	0.140347
TG	0.0781912
TT	0.0737722
