kmer	count
sequence	0
AA	0.0517772
AC	0.101805
AG	0.0751149
AT	0.0551082
CA	0.0318548
CC	0.112472
CG	0.0154531
CT	0.0579542
GA	0.0240334
GC	0.077708
GG	0.0464224
GT	0.038348
TA	0.0275119
TC	0.137285
TG	0.0733651
TT	0.0737867
