kmer	count
sequence	0
AA	0.0513484
AC	0.106128
AG	0.0867065
AT	0.0612937
CA	0.0361355
CC	0.0918534
CG	0.00969065
CT	0.0604761
GA	0.0249571
GC	0.0629289
GG	0.0477965
GT	0.0442982
TA	0.0268738
TC	0.128364
TG	0.086854
TT	0.074295
