kmer	count
sequence	0
AA	0.0521873
AC	0.107499
AG	0.0881016
AT	0.0631848
CA	0.0329925
CC	0.0919162
CG	0.00913075
CT	0.0625761
GA	0.0233341
GC	0.0630631
GG	0.0428131
GT	0.0426102
TA	0.0271894
TC	0.131199
TG	0.0837594
TT	0.0784433
