kmer	count
sequence	0
AA	0.0455596
AC	0.102807
AG	0.0672769
AT	0.0547871
CA	0.0336664
CC	0.130005
CG	0.0163672
CT	0.0661025
GA	0.0243084
GC	0.0890873
GG	0.0481881
GT	0.0441802
TA	0.021885
TC	0.128495
TG	0.0618895
TT	0.0653941
