kmer	count
sequence	0
AA	0.0564144
AC	0.107836
AG	0.0776839
AT	0.0629681
CA	0.039154
CC	0.0863741
CG	0.00885827
CT	0.0578548
GA	0.0236941
GC	0.058647
GG	0.042923
GT	0.0414106
TA	0.0324803
TC	0.136115
TG	0.0851978
TT	0.0823891
