kmer	count
sequence	0
AA	0.0516844
AC	0.105477
AG	0.0830677
AT	0.0602413
CA	0.036287
CC	0.0840975
CG	0.0101015
CT	0.0549453
GA	0.0230716
GC	0.059285
GG	0.0434708
GT	0.042441
TA	0.0321434
TC	0.140808
TG	0.0909381
TT	0.0819399
