kmer	count
sequence	0
AA	0.0472056
AC	0.0956187
AG	0.0803818
AT	0.049793
CA	0.0329462
CC	0.105393
CG	0.0181118
CT	0.0558303
GA	0.0232866
GC	0.0766157
GG	0.0542778
GT	0.0379772
TA	0.0278289
TC	0.142796
TG	0.080813
TT	0.0711247
