kmer	count
sequence	0
AA	0.0524924
AC	0.107497
AG	0.0838292
AT	0.0622769
CA	0.0369562
CC	0.0909472
CG	0.00894707
CT	0.0580898
GA	0.0228525
GC	0.0633347
GG	0.0445811
GT	0.0421129
TA	0.0298603
TC	0.13187
TG	0.085526
TT	0.0788267
