kmer	count
sequence	0
AA	0.0509028
AC	0.0979932
AG	0.0797853
AT	0.0547761
CA	0.0317799
CC	0.101501
CG	0.0186044
CT	0.0569416
GA	0.0243687
GC	0.0707576
GG	0.0515737
GT	0.0397096
TA	0.0284555
TC	0.138069
TG	0.0786568
TT	0.0761254
