kmer	count
sequence	0
AA	0.0477771
AC	0.0980276
AG	0.0779587
AT	0.0498435
CA	0.0343456
CC	0.108547
CG	0.0183156
CT	0.0544771
GA	0.024546
GC	0.0753601
GG	0.0538823
GT	0.0376331
TA	0.0276456
TC	0.144646
TG	0.0752035
TT	0.0717909
