kmer	count
sequence	0
AA	0.0547281
AC	0.107065
AG	0.0723905
AT	0.0643774
CA	0.0373804
CC	0.0921296
CG	0.00836969
CT	0.0615456
GA	0.0248154
GC	0.0636013
GG	0.0417436
GT	0.0415338
TA	0.0327865
TC	0.141341
TG	0.0760824
TT	0.0801099
