kmer	count
sequence	0
AA	0.0426119
AC	0.0848058
AG	0.0592776
AT	0.0518087
CA	0.0791205
CC	0.0983223
CG	0.0137395
CT	0.0580235
GA	0.037484
GC	0.0551809
GG	0.0540382
GT	0.0353659
TA	0.0476841
TC	0.123126
TG	0.0916894
TT	0.067722
