kmer	count
sequence	0
AA	0.0495602
AC	0.100421
AG	0.0767563
AT	0.0540515
CA	0.0324929
CC	0.104479
CG	0.0167885
CT	0.0580473
GA	0.022426
GC	0.0749597
GG	0.0473919
GT	0.0388118
TA	0.0292405
TC	0.142052
TG	0.0734729
TT	0.0790484
