kmer	count
sequence	0
AA	0.0516236
AC	0.0986787
AG	0.078718
AT	0.0529238
CA	0.0307141
CC	0.0964647
CG	0.0153922
CT	0.0539781
GA	0.023018
GC	0.0753795
GG	0.04579
GT	0.0366531
TA	0.0301167
TC	0.150302
TG	0.0780503
TT	0.0821971
