kmer	count
sequence	0
AA	0.0365314
AC	0.101014
AG	0.0523942
AT	0.0605319
CA	0.0285706
CC	0.11555
CG	0.0141821
CT	0.0622715
GA	0.0212289
GC	0.0784585
GG	0.0407477
GT	0.0417797
TA	0.0248555
TC	0.156681
TG	0.0715591
TT	0.0936431
