kmer	count
sequence	0
AA	0.0480675
AC	0.0959554
AG	0.0846636
AT	0.0514551
CA	0.0328492
CC	0.105117
CG	0.0172971
CT	0.0547657
GA	0.0245085
GC	0.0767849
GG	0.0548683
GT	0.0360571
TA	0.0272802
TC	0.134835
TG	0.0812503
TT	0.0742442
