kmer	count
sequence	0
AA	0.051297
AC	0.111913
AG	0.0812717
AT	0.0602161
CA	0.0353594
CC	0.0929581
CG	0.00948586
CT	0.0578821
GA	0.0228228
GC	0.0636836
GG	0.0440951
GT	0.0409943
TA	0.0283075
TC	0.136086
TG	0.0825053
TT	0.0811216
