kmer	count
sequence	0
AA	0.0504362
AC	0.111919
AG	0.0748729
AT	0.059511
CA	0.0348295
CC	0.0923459
CG	0.00839826
CT	0.0564083
GA	0.0239351
GC	0.0658214
GG	0.0414198
GT	0.0411165
TA	0.0299188
TC	0.150306
TG	0.0781972
TT	0.080565
