kmer	count
sequence	0
AA	0.0474235
AC	0.0986823
AG	0.0795555
AT	0.0521192
CA	0.0329187
CC	0.102001
CG	0.0169633
CT	0.057454
GA	0.023429
GC	0.075622
GG	0.0489232
GT	0.0396548
TA	0.0285918
TC	0.14409
TG	0.0750811
TT	0.0774904
