kmer	count
sequence	0
AA	0.0508914
AC	0.108551
AG	0.0817948
AT	0.0577711
CA	0.0358607
CC	0.0855604
CG	0.00942197
CT	0.0549112
GA	0.0234358
GC	0.0624424
GG	0.0435826
GT	0.0391973
TA	0.0307128
TC	0.147828
TG	0.0870063
TT	0.0810321
