kmer	count
sequence	0
AA	0.0529069
AC	0.104601
AG	0.0840552
AT	0.0616035
CA	0.0362068
CC	0.0890791
CG	0.00907768
CT	0.0550204
GA	0.025466
GC	0.063128
GG	0.0459081
GT	0.0444183
TA	0.0311136
TC	0.129582
TG	0.0879357
TT	0.0798974
