kmer	count
sequence	0
AA	0.0513089
AC	0.106788
AG	0.0814694
AT	0.0602899
CA	0.0382825
CC	0.0897007
CG	0.00934025
CT	0.0574472
GA	0.0254123
GC	0.0619143
GG	0.0486224
GT	0.0425934
TA	0.0296608
TC	0.132872
TG	0.0855617
TT	0.0787361
