kmer	count
sequence	0
AA	0.0488094
AC	0.0936344
AG	0.0804478
AT	0.0522246
CA	0.0339152
CC	0.0987098
CG	0.0178351
CT	0.0588654
GA	0.0240015
GC	0.0704867
GG	0.0502799
GT	0.0394649
TA	0.0293141
TC	0.143203
TG	0.0806375
TT	0.078171
