kmer	count
sequence	0
AA	0.0504985
AC	0.105553
AG	0.0850711
AT	0.0589855
CA	0.0378202
CC	0.089308
CG	0.00984067
CT	0.0563366
GA	0.0238662
GC	0.0606386
GG	0.0460468
GT	0.0396881
TA	0.031455
TC	0.136279
TG	0.0878502
TT	0.0807625
