kmer	count
sequence	0
AA	0.0430038
AC	0.0987885
AG	0.0740873
AT	0.0509939
CA	0.035582
CC	0.128573
CG	0.0201864
CT	0.06142
GA	0.0266175
GC	0.0897265
GG	0.0555249
GT	0.041802
TA	0.0210472
TC	0.123782
TG	0.0677212
TT	0.061144
