kmer	count
sequence	0
AA	0.0537621
AC	0.105341
AG	0.0821047
AT	0.0619792
CA	0.0400135
CC	0.0900732
CG	0.00958202
CT	0.0581
GA	0.0253807
GC	0.0603822
GG	0.0438043
GT	0.040345
TA	0.0314648
TC	0.132916
TG	0.0850335
TT	0.0797175
