kmer	count
sequence	0
AA	0.04803
AC	0.093307
AG	0.0848003
AT	0.0494684
CA	0.0325217
CC	0.1033
CG	0.0201665
CT	0.0545553
GA	0.0230815
GC	0.0731024
GG	0.0546315
GT	0.0369323
TA	0.0284732
TC	0.141413
TG	0.0827999
TT	0.0734168
