kmer	count
sequence	0
AA	0.0465391
AC	0.101554
AG	0.0731065
AT	0.0554281
CA	0.0504566
CC	0.096839
CG	0.010513
CT	0.0597444
GA	0.0302996
GC	0.0682203
GG	0.047693
GT	0.0416103
TA	0.0314534
TC	0.132167
TG	0.0832206
TT	0.0711549
