kmer	count
sequence	0
AA	0.0481254
AC	0.0979424
AG	0.0821653
AT	0.0522682
CA	0.0323828
CC	0.100325
CG	0.0186425
CT	0.0517849
GA	0.0225782
GC	0.0711179
GG	0.0494373
GT	0.0352137
TA	0.0306912
TC	0.147173
TG	0.0821998
TT	0.0779535
