kmer	count
sequence	0
AA	0.0502565
AC	0.0979004
AG	0.0870939
AT	0.0506128
CA	0.0304959
CC	0.101107
CG	0.0174805
CT	0.0508503
GA	0.0211144
GC	0.0724397
GG	0.0504465
GT	0.0367661
TA	0.0288571
TC	0.148656
TG	0.0822725
TT	0.073651
