kmer	count
sequence	0
AA	0.0488981
AC	0.100487
AG	0.0794404
AT	0.0561085
CA	0.0288413
CC	0.103686
CG	0.0160963
CT	0.0565655
GA	0.0209709
GC	0.0754798
GG	0.0516147
GT	0.0401899
TA	0.0275465
TC	0.140754
TG	0.0759622
TT	0.0773586
