kmer	count
sequence	0
AA	0.0480239
AC	0.101011
AG	0.0812997
AT	0.0467908
CA	0.0295703
CC	0.11034
CG	0.0168753
CT	0.050521
GA	0.0220482
GC	0.079561
GG	0.0494482
GT	0.0348172
TA	0.0272088
TC	0.153949
TG	0.0778778
TT	0.0706579
