kmer	count
sequence	0
AA	0.0519906
AC	0.0963736
AG	0.0817296
AT	0.0522312
CA	0.031453
CC	0.101606
CG	0.0169593
CT	0.0527724
GA	0.0235446
GC	0.071987
GG	0.0518703
GT	0.0375571
TA	0.0298593
TC	0.142531
TG	0.0803765
TT	0.077159
