kmer	count
sequence	0
AA	0.0538
AC	0.107717
AG	0.083009
AT	0.0604342
CA	0.0371091
CC	0.0854002
CG	0.00857987
CT	0.0567537
GA	0.024169
GC	0.0596137
GG	0.0434854
GT	0.0388438
TA	0.0312251
TC	0.140794
TG	0.0868067
TT	0.0822589
