kmer	count
sequence	0
AA	0.0489381
AC	0.103534
AG	0.0723728
AT	0.0537715
CA	0.0457708
CC	0.0948187
CG	0.00930062
CT	0.0631271
GA	0.0283962
GC	0.0647931
GG	0.0438484
GT	0.0430611
TA	0.0306847
TC	0.14004
TG	0.080465
TT	0.077078
