kmer	count
sequence	0
AA	0.0444173
AC	0.0934271
AG	0.0655616
AT	0.0519757
CA	0.0662553
CC	0.0998134
CG	0.010907
CT	0.0546546
GA	0.0329124
GC	0.0589122
GG	0.0499665
GT	0.0364284
TA	0.0429822
TC	0.133993
TG	0.0895283
TT	0.0682644
