kmer	count
sequence	0
AA	0.0530529
AC	0.113195
AG	0.0752377
AT	0.061315
CA	0.0367487
CC	0.0945646
CG	0.00855515
CT	0.0558375
GA	0.0241633
GC	0.0630187
GG	0.0418231
GT	0.0410721
TA	0.0310697
TC	0.141774
TG	0.0780955
TT	0.080477
