kmer	count
sequence	0
AA	0.0323925
AC	0.095788
AG	0.0538229
AT	0.0611104
CA	0.0289032
CC	0.108449
CG	0.0150383
CT	0.0585783
GA	0.021523
GC	0.074543
GG	0.0469676
GT	0.042768
TA	0.0287488
TC	0.156682
TG	0.0838377
TT	0.0908473
