kmer	count
sequence	0
AA	0.0494134
AC	0.0953342
AG	0.0839291
AT	0.0499591
CA	0.0310232
CC	0.104284
CG	0.0187995
CT	0.0524693
GA	0.0237653
GC	0.0745157
GG	0.0556344
GT	0.0363438
TA	0.0289768
TC	0.137899
TG	0.0819645
TT	0.0756889
