kmer	count
sequence	0
AA	0.0493797
AC	0.107986
AG	0.0809422
AT	0.0636576
CA	0.0390536
CC	0.0869214
CG	0.00924367
CT	0.0568365
GA	0.0248445
GC	0.0613896
GG	0.046751
GT	0.0435037
TA	0.029999
TC	0.129824
TG	0.0874025
TT	0.0822652
