kmer	count
sequence	0
AA	0.0479559
AC	0.109995
AG	0.0867546
AT	0.0561366
CA	0.0341333
CC	0.09691
CG	0.00926569
CT	0.0591529
GA	0.022459
GC	0.0675072
GG	0.0451133
GT	0.0405564
TA	0.0267989
TC	0.137119
TG	0.0853876
TT	0.0747548
