kmer	count
sequence	0
AA	0.0517645
AC	0.096925
AG	0.0824314
AT	0.0504271
CA	0.031745
CC	0.101549
CG	0.0171373
CT	0.051412
GA	0.0236274
GC	0.0699801
GG	0.0506656
GT	0.0358505
TA	0.0307705
TC	0.14616
TG	0.0829186
TT	0.076636
