kmer	count
sequence	0
AA	0.046584
AC	0.100867
AG	0.0752582
AT	0.0514475
CA	0.0341601
CC	0.108842
CG	0.0193159
CT	0.0543057
GA	0.0240872
GC	0.0792458
GG	0.051217
GT	0.0368108
TA	0.0290199
TC	0.144823
TG	0.0733911
TT	0.0706251
