kmer	count
sequence	0
AA	0.0465024
AC	0.100599
AG	0.0781074
AT	0.0545753
CA	0.0313345
CC	0.110316
CG	0.0174774
CT	0.0556365
GA	0.0218676
GC	0.0791062
GG	0.0527236
GT	0.0385336
TA	0.0261745
TC	0.141609
TG	0.0750073
TT	0.0704299
