kmer	count
sequence	0
AA	0.0483243
AC	0.0961081
AG	0.0763243
AT	0.0554054
CA	0.0329189
CC	0.104703
CG	0.0190811
CT	0.0574054
GA	0.0262162
GC	0.0755676
GG	0.0532432
GT	0.0363243
TA	0.0281081
TC	0.140108
TG	0.0742162
TT	0.0759459
