kmer	count
sequence	0
AA	0.0443156
AC	0.096099
AG	0.0814311
AT	0.0536558
CA	0.032033
CC	0.10671
CG	0.0191039
CT	0.0571779
GA	0.0228712
GC	0.0794918
GG	0.0547035
GT	0.0376505
TA	0.0253009
TC	0.1393
TG	0.0791574
TT	0.0709987
