kmer	count
sequence	0
AA	0.0516486
AC	0.108166
AG	0.0834725
AT	0.0664997
CA	0.0335977
CC	0.0852462
CG	0.00918197
CT	0.0611088
GA	0.0225723
GC	0.0589872
GG	0.0427449
GT	0.0422927
TA	0.0301544
TC	0.132895
TG	0.085281
TT	0.0861505
