kmer	count
sequence	0
AA	0.0461414
AC	0.093872
AG	0.0828315
AT	0.0497379
CA	0.0327311
CC	0.101316
CG	0.0204639
CT	0.051104
GA	0.0243114
GC	0.0758894
GG	0.0563734
GT	0.0358816
TA	0.0267648
TC	0.145032
TG	0.0835564
TT	0.0739935
