kmer	count
sequence	0
AA	0.0496412
AC	0.0989761
AG	0.0807517
AT	0.048963
CA	0.0299072
CC	0.100945
CG	0.0175243
CT	0.0513477
GA	0.0226437
GC	0.0760698
GG	0.0510633
GT	0.0364269
TA	0.0295572
TC	0.150477
TG	0.0813424
TT	0.0743633
