kmer	count
sequence	0
AA	0.0506738
AC	0.105872
AG	0.0818492
AT	0.0576035
CA	0.0402396
CC	0.093526
CG	0.00941473
CT	0.0582566
GA	0.0260617
GC	0.0634817
GG	0.0454647
GT	0.0395387
TA	0.0307771
TC	0.1359
TG	0.0864052
TT	0.0749355
