kmer	count
sequence	0
AA	0.0466753
AC	0.100354
AG	0.0844742
AT	0.0467103
CA	0.0318639
CC	0.107497
CG	0.0190833
CT	0.0567247
GA	0.0237228
GC	0.0775412
GG	0.0532232
GT	0.036871
TA	0.0257012
TC	0.140656
TG	0.0807801
TT	0.0681221
