kmer	count
sequence	0
AA	0.0474213
AC	0.0993409
AG	0.0782622
AT	0.0498491
CA	0.0324972
CC	0.109114
CG	0.0173462
CT	0.0525719
GA	0.023064
GC	0.0765548
GG	0.050076
GT	0.0357305
TA	0.0287478
TC	0.148867
TG	0.0774794
TT	0.0730776
