kmer	count
sequence	0
AA	0.0524827
AC	0.1015
AG	0.0805518
AT	0.0499078
CA	0.0310891
CC	0.101341
CG	0.0160532
CT	0.0508297
GA	0.0227923
GC	0.0733359
GG	0.049431
GT	0.0371289
TA	0.0298493
TC	0.147276
TG	0.0805836
TT	0.0758472
