kmer	count
sequence	0
AA	0.0560101
AC	0.11186
AG	0.0821303
AT	0.0614373
CA	0.0343813
CC	0.0833868
CG	0.00810074
CT	0.0561972
GA	0.0250508
GC	0.0598599
GG	0.0413859
GT	0.0402898
TA	0.0307721
TC	0.141028
TG	0.0813549
TT	0.0867554
