kmer	count
sequence	0
AA	0.0463695
AC	0.0956917
AG	0.0882202
AT	0.0491424
CA	0.0296036
CC	0.100416
CG	0.0188713
CT	0.0521721
GA	0.0226199
GC	0.0763582
GG	0.0531735
GT	0.0363562
TA	0.0267536
TC	0.143473
TG	0.086577
TT	0.0742015
