kmer	count
sequence	0
AA	0.0522017
AC	0.10697
AG	0.0836348
AT	0.061676
CA	0.038107
CC	0.0858283
CG	0.00886752
CT	0.0566121
GA	0.0225889
GC	0.0609759
GG	0.044431
GT	0.0389704
TA	0.0329032
TC	0.142324
TG	0.0849882
TT	0.078921
