kmer	count
sequence	0
AA	0.0498608
AC	0.0981132
AG	0.0819363
AT	0.052923
CA	0.0333127
CC	0.102041
CG	0.017476
CT	0.0549335
GA	0.023786
GC	0.0763068
GG	0.0540365
GT	0.0383854
TA	0.0266935
TC	0.140241
TG	0.0799258
TT	0.0700278
