kmer	count
sequence	0
AA	0.0511809
AC	0.0990056
AG	0.0849285
AT	0.050404
CA	0.030982
CC	0.0960224
CG	0.0163145
CT	0.0506837
GA	0.0238658
GC	0.0713176
GG	0.0509323
GT	0.0369795
TA	0.0310752
TC	0.144997
TG	0.0832815
TT	0.0780298
