kmer	count
sequence	0
AA	0.0506758
AC	0.101792
AG	0.0823097
AT	0.0621891
CA	0.0396469
CC	0.0867565
CG	0.00931185
CT	0.058865
GA	0.0250517
GC	0.0623211
GG	0.0462731
GT	0.0420024
TA	0.0300048
TC	0.132061
TG	0.087593
TT	0.0831462
