kmer	count
sequence	0
AA	0.051063
AC	0.101795
AG	0.074442
AT	0.0496059
CA	0.034042
CC	0.106828
CG	0.0163918
CT	0.0563282
GA	0.0233128
GC	0.0773892
GG	0.0491754
GT	0.035764
TA	0.0301676
TC	0.145606
TG	0.0715941
TT	0.0764951
