kmer	count
sequence	0
AA	0.0524611
AC	0.113899
AG	0.0825829
AT	0.0571287
CA	0.0334755
CC	0.091402
CG	0.00851818
CT	0.0541714
GA	0.0223393
GC	0.0646101
GG	0.041688
GT	0.0384775
TA	0.0293192
TC	0.149109
TG	0.0843696
TT	0.0764486
