kmer	count
sequence	0
AA	0.0503747
AC	0.0957433
AG	0.0834015
AT	0.0553806
CA	0.0276116
CC	0.0995214
CG	0.0155532
CT	0.0562307
GA	0.0216926
GC	0.0761917
GG	0.0506265
GT	0.037781
TA	0.02588
TC	0.141521
TG	0.0801587
TT	0.0823311
