kmer	count
sequence	0
AA	0.0468481
AC	0.097317
AG	0.0865661
AT	0.0480285
CA	0.0304824
CC	0.100204
CG	0.0203854
CT	0.0523831
GA	0.022475
GC	0.0743476
GG	0.0521119
GT	0.037772
TA	0.0271486
TC	0.145649
TG	0.0828973
TT	0.0753844
