kmer	count
sequence	0
AA	0.0453304
AC	0.0946315
AG	0.0839581
AT	0.0479987
CA	0.0337675
CC	0.105654
CG	0.0192821
CT	0.0546696
GA	0.0224587
GC	0.0736341
GG	0.0542567
GT	0.0352605
TA	0.0261753
TC	0.143075
TG	0.0834816
TT	0.0763659
