kmer	count
sequence	0
AA	0.0459065
AC	0.0992355
AG	0.0734366
AT	0.0524033
CA	0.0315071
CC	0.110206
CG	0.0173135
CT	0.0578716
GA	0.0218904
GC	0.0777222
GG	0.0481692
GT	0.0376954
TA	0.0254731
TC	0.151604
TG	0.0730767
TT	0.0764879
