kmer	count
sequence	0
AA	0.0532301
AC	0.106001
AG	0.080545
AT	0.063465
CA	0.0356909
CC	0.0887897
CG	0.00876963
CT	0.0592442
GA	0.0240782
GC	0.0620435
GG	0.0417268
GT	0.0424266
TA	0.0324104
TC	0.138564
TG	0.0792547
TT	0.0837598
