kmer	count
sequence	0
AA	0.0498629
AC	0.104245
AG	0.0794404
AT	0.0542551
CA	0.0310247
CC	0.10526
CG	0.0173403
CT	0.0515639
GA	0.0218341
GC	0.0759368
GG	0.0479588
GT	0.0361531
TA	0.0281558
TC	0.147964
TG	0.0743374
TT	0.0746674
