kmer	count
sequence	0
AA	0.04258
AC	0.0972977
AG	0.0871229
AT	0.0449683
CA	0.0287574
CC	0.110548
CG	0.0199077
CT	0.0521822
GA	0.0219689
GC	0.0811686
GG	0.0568606
GT	0.0348426
TA	0.0238664
TC	0.144687
TG	0.0842439
TT	0.0689982
