kmer	count
sequence	0
AA	0.0329699
AC	0.069105
AG	0.0531329
AT	0.0374538
CA	0.0804173
CC	0.128041
CG	0.035842
CT	0.0530156
GA	0.0389192
GC	0.0673173
GG	0.0712151
GT	0.0280464
TA	0.0441944
TC	0.118575
TG	0.0922865
TT	0.0494696
