kmer	count
sequence	0
AA	0.0527719
AC	0.105469
AG	0.0777626
AT	0.0614177
CA	0.0415597
CC	0.0890495
CG	0.00894481
CT	0.058652
GA	0.0253395
GC	0.0580042
GG	0.0430298
GT	0.0398904
TA	0.0336116
TC	0.133325
TG	0.0880777
TT	0.0830946
