kmer	count
sequence	0
AA	0.0534672
AC	0.110075
AG	0.0795417
AT	0.0611248
CA	0.0359227
CC	0.0892736
CG	0.00804529
CT	0.0593994
GA	0.0242328
GC	0.065099
GG	0.0421651
GT	0.0434445
TA	0.0292538
TC	0.137448
TG	0.0808212
TT	0.0806855
