kmer	count
sequence	0
AA	0.045727
AC	0.0998502
AG	0.081921
AT	0.0471995
CA	0.0319572
CC	0.105508
CG	0.0182908
CT	0.0514622
GA	0.0223468
GC	0.0745066
GG	0.0523406
GT	0.0354449
TA	0.0288571
TC	0.150486
TG	0.0816627
TT	0.0724398
