kmer	count
sequence	0
AA	0.0509178
AC	0.0973635
AG	0.0735414
AT	0.0542207
CA	0.0335555
CC	0.106805
CG	0.0157839
CT	0.0565883
GA	0.0247282
GC	0.0763767
GG	0.0492225
GT	0.0397521
TA	0.0305448
TC	0.1453
TG	0.0708231
TT	0.0744768
