kmer	count
sequence	0
AA	0.0565362
AC	0.10766
AG	0.0827446
AT	0.058168
CA	0.036656
CC	0.0877395
CG	0.00762174
CT	0.0562576
GA	0.0231836
GC	0.0629838
GG	0.0403574
GT	0.0382679
TA	0.0328352
TC	0.142127
TG	0.0844162
TT	0.0824461
