kmer	count
sequence	0
AA	0.0482556
AC	0.100725
AG	0.084456
AT	0.0528152
CA	0.0320553
CC	0.100311
CG	0.0180311
CT	0.0511572
GA	0.0225216
GC	0.0728497
GG	0.0490155
GT	0.0360967
TA	0.0283938
TC	0.147634
TG	0.0786874
TT	0.0769948
