kmer	count
sequence	0
AA	0.053508
AC	0.10595
AG	0.0818828
AT	0.0598283
CA	0.0363085
CC	0.0880847
CG	0.00861456
CT	0.0587034
GA	0.0235938
GC	0.0600947
GG	0.0429396
GT	0.0415335
TA	0.0296477
TC	0.139905
TG	0.0852575
TT	0.0841474
