kmer	count
sequence	0
AA	0.0518328
AC	0.10851
AG	0.0776081
AT	0.0585118
CA	0.0404346
CC	0.094776
CG	0.00874855
CT	0.0558935
GA	0.0251168
GC	0.0626666
GG	0.042363
GT	0.0396977
TA	0.0310903
TC	0.14363
TG	0.0839735
TT	0.0751466
