kmer	count
sequence	0
AA	0.0523637
AC	0.0994575
AG	0.0809868
AT	0.0601395
CA	0.0410747
CC	0.0842418
CG	0.00914492
CT	0.059442
GA	0.0248773
GC	0.0577112
GG	0.0446913
GT	0.039008
TA	0.0331956
TC	0.138414
TG	0.0905192
TT	0.0847326
