kmer	count
sequence	0
AA	0.0521029
AC	0.10858
AG	0.0856232
AT	0.0585401
CA	0.0342246
CC	0.0840046
CG	0.00934071
CT	0.0558713
GA	0.0228329
GC	0.0613695
GG	0.0431823
GT	0.0395498
TA	0.0305179
TC	0.143471
TG	0.0896758
TT	0.0811135
