kmer	count
sequence	0
AA	0.0497242
AC	0.100965
AG	0.0793436
AT	0.0533094
CA	0.0301986
CC	0.10535
CG	0.015968
CT	0.0538886
GA	0.0244071
GC	0.0761169
GG	0.0499173
GT	0.0383618
TA	0.0279647
TC	0.137341
TG	0.0809983
TT	0.0761445
