kmer	count
sequence	0
AA	0.0515253
AC	0.109152
AG	0.0779787
AT	0.0639447
CA	0.0346814
CC	0.0934875
CG	0.00869363
CT	0.0585112
GA	0.0232555
GC	0.0646278
GG	0.0429403
GT	0.0441823
TA	0.0279749
TC	0.136009
TG	0.082636
TT	0.0804005
