kmer	count
sequence	0
AA	0.0487665
AC	0.0996772
AG	0.0785436
AT	0.0531656
CA	0.0332921
CC	0.109426
CG	0.0186356
CT	0.0553541
GA	0.0233442
GC	0.0772394
GG	0.0502034
GT	0.0368954
TA	0.0261296
TC	0.139314
TG	0.0755814
TT	0.0744319
