kmer	count
sequence	0
AA	0.0425561
AC	0.0872422
AG	0.0683435
AT	0.0435985
CA	0.0502379
CC	0.111965
CG	0.0245864
CT	0.0586449
GA	0.0318378
GC	0.0783594
GG	0.0584183
GT	0.0351462
TA	0.0324722
TC	0.133424
TG	0.0780875
TT	0.0650804
