kmer	count
sequence	0
AA	0.0500881
AC	0.0935143
AG	0.082975
AT	0.0533662
CA	0.0308777
CC	0.0974974
CG	0.0185055
CT	0.0506521
GA	0.0227705
GC	0.0719069
GG	0.0522383
GT	0.036165
TA	0.0298202
TC	0.145012
TG	0.0847726
TT	0.0798379
