kmer	count
sequence	0
AA	0.0516852
AC	0.107956
AG	0.0792203
AT	0.0643605
CA	0.0360812
CC	0.0872383
CG	0.00871423
CT	0.0596073
GA	0.0224938
GC	0.0607596
GG	0.0395861
GT	0.0416027
TA	0.0324083
TC	0.13902
TG	0.0829652
TT	0.0863021
