kmer	count
sequence	0
AA	0.0458495
AC	0.0959502
AG	0.078703
AT	0.0506787
CA	0.0344011
CC	0.1093
CG	0.0187388
CT	0.0546129
GA	0.0249664
GC	0.0774538
GG	0.051294
GT	0.0365826
TA	0.0284532
TC	0.142583
TG	0.0781996
TT	0.072233
