kmer	count
sequence	0
AA	0.0559194
AC	0.0828489
AG	0.105548
AT	0.0314179
CA	0.0426385
CC	0.0981164
CG	0.0243544
CT	0.0391803
GA	0.0272975
GC	0.0634243
GG	0.0662571
GT	0.0231771
TA	0.0382238
TC	0.139063
TG	0.11136
TT	0.0511736
