kmer	count
sequence	0
AA	0.0358852
AC	0.0701193
AG	0.0521262
AT	0.0433992
CA	0.0971427
CC	0.105701
CG	0.0168138
CT	0.056675
GA	0.0418492
GC	0.0547544
GG	0.060651
GT	0.0327852
TA	0.0525979
TC	0.121639
TG	0.0981198
TT	0.0597412
