kmer	count
sequence	0
AA	0.0447383
AC	0.0981448
AG	0.0708644
AT	0.0601912
CA	0.0334981
CC	0.122124
CG	0.0166275
CT	0.0679075
GA	0.0252957
GC	0.084292
GG	0.0501053
GT	0.0452244
TA	0.021954
TC	0.128261
TG	0.0615684
TT	0.0692037
