kmer	count
sequence	0
AA	0.0472684
AC	0.102957
AG	0.0702143
AT	0.0551498
CA	0.0320045
CC	0.117084
CG	0.0171595
CT	0.0578834
GA	0.0240433
GC	0.0795722
GG	0.048326
GT	0.0392274
TA	0.0267169
TC	0.13566
TG	0.0724889
TT	0.0742448
