kmer	count
sequence	0
AA	0.0567034
AC	0.10634
AG	0.0844949
AT	0.0623478
CA	0.0341254
CC	0.0849473
CG	0.00803585
CT	0.0559493
GA	0.0230734
GC	0.0611845
GG	0.0428722
GT	0.0395114
TA	0.0315617
TC	0.13969
TG	0.0844303
TT	0.0847319
