kmer	count
sequence	0
AA	0.0481398
AC	0.107829
AG	0.0813282
AT	0.05954
CA	0.0375693
CC	0.0890611
CG	0.00922638
CT	0.0576483
GA	0.0236301
GC	0.063058
GG	0.0456341
GT	0.0411038
TA	0.0293717
TC	0.140769
TG	0.0853772
TT	0.0807142
