kmer	count
sequence	0
AA	0.0499506
AC	0.112147
AG	0.0841722
AT	0.0636572
CA	0.0330981
CC	0.0868686
CG	0.00838127
CT	0.0572083
GA	0.0210768
GC	0.0631404
GG	0.0450072
GT	0.0412547
TA	0.0288289
TC	0.138931
TG	0.0830937
TT	0.0831835
