kmer	count
sequence	0
AA	0.0469714
AC	0.102426
AG	0.0779465
AT	0.0483331
CA	0.0301143
CC	0.109657
CG	0.0167945
CT	0.0505869
GA	0.0221005
GC	0.0789638
GG	0.0472061
GT	0.0349507
TA	0.0291595
TC	0.156456
TG	0.074957
TT	0.0733761
