kmer	count
sequence	0
AA	0.0496985
AC	0.112767
AG	0.0800239
AT	0.060594
CA	0.0316625
CC	0.0940487
CG	0.00805075
CT	0.0598259
GA	0.0217342
GC	0.0667672
GG	0.0389736
GT	0.0423873
TA	0.0279074
TC	0.14773
TG	0.0784593
TT	0.0793696
