kmer	count
sequence	0
AA	0.0520761
AC	0.0934119
AG	0.0820052
AT	0.0513299
CA	0.032994
CC	0.100688
CG	0.0192154
CT	0.0543148
GA	0.0249187
GC	0.0709717
GG	0.0543948
GT	0.0365386
TA	0.0296359
TC	0.14213
TG	0.0823783
TT	0.0729972
