kmer	count
sequence	0
AA	0.0543913
AC	0.111634
AG	0.0745443
AT	0.0612633
CA	0.037528
CC	0.0867531
CG	0.0085291
CT	0.0553904
GA	0.0238327
GC	0.0612389
GG	0.0398918
GT	0.0394775
TA	0.0319963
TC	0.1467
TG	0.0807827
TT	0.0860464
