kmer	count
sequence	0
AA	0.0524886
AC	0.0988188
AG	0.0759222
AT	0.054952
CA	0.0318974
CC	0.101724
CG	0.0161382
CT	0.0546046
GA	0.0227703
GC	0.0725114
GG	0.0484462
GT	0.0376769
TA	0.0312026
TC	0.146065
TG	0.0775644
TT	0.077217
