kmer	count
sequence	0
AA	0.0528044
AC	0.113321
AG	0.078249
AT	0.0600034
CA	0.0365595
CC	0.0957079
CG	0.00873803
CT	0.055985
GA	0.0247777
GC	0.0653386
GG	0.0429891
GT	0.0404754
TA	0.0274795
TC	0.138885
TG	0.0814295
TT	0.0772572
