kmer	count
sequence	0
AA	0.0534268
AC	0.106506
AG	0.0819702
AT	0.0624233
CA	0.0382146
CC	0.0848736
CG	0.00832175
CT	0.0562076
GA	0.0234317
GC	0.0593359
GG	0.0431831
GT	0.0383373
TA	0.0321829
TC	0.140979
TG	0.0876135
TT	0.0829926
