kmer	count
sequence	0
AA	0.0539513
AC	0.106817
AG	0.0839138
AT	0.0653319
CA	0.0344013
CC	0.0839138
CG	0.0078861
CT	0.0595944
GA	0.0219819
GC	0.0598777
GG	0.0416499
GT	0.0437986
TA	0.028475
TC	0.138337
TG	0.0826624
TT	0.0874082
