kmer	count
sequence	0
AA	0.0585133
AC	0.108439
AG	0.0821575
AT	0.0645089
CA	0.0333138
CC	0.0870261
CG	0.00818194
CT	0.0558987
GA	0.0233963
GC	0.0594599
GG	0.0421269
GT	0.03967
TA	0.0309471
TC	0.136478
TG	0.084727
TT	0.0851553
