kmer	count
sequence	0
AA	0.0534343
AC	0.107846
AG	0.0821325
AT	0.0624712
CA	0.0369074
CC	0.0926891
CG	0.00932183
CT	0.0573557
GA	0.024424
GC	0.0630275
GG	0.0443974
GT	0.0422807
TA	0.0301772
TC	0.132378
TG	0.0819697
TT	0.079188
