kmer	count
sequence	0
AA	0.0459578
AC	0.0989072
AG	0.0747331
AT	0.0481685
CA	0.0340954
CC	0.110536
CG	0.0171106
CT	0.0512959
GA	0.0241022
GC	0.0791545
GG	0.0529494
GT	0.0353535
TA	0.0275711
TC	0.15103
TG	0.0769618
TT	0.072073
