kmer	count
sequence	0
AA	0.0534221
AC	0.102958
AG	0.0762783
AT	0.0623923
CA	0.0403554
CC	0.0859628
CG	0.00943238
CT	0.0574766
GA	0.028024
GC	0.0647032
GG	0.0476661
GT	0.0423512
TA	0.0324566
TC	0.132999
TG	0.0840511
TT	0.0794715
