kmer	count
sequence	0
AA	0.0470484
AC	0.0979784
AG	0.0857083
AT	0.0506174
CA	0.0283697
CC	0.109024
CG	0.0167509
CT	0.0564268
GA	0.022925
GC	0.077919
GG	0.052936
GT	0.0368363
TA	0.0258949
TC	0.141458
TG	0.078414
TT	0.0716928
