kmer	count
sequence	0
AA	0.0543336
AC	0.105989
AG	0.0755845
AT	0.0661653
CA	0.0393621
CC	0.0849505
CG	0.00851456
CT	0.0636109
GA	0.0243375
GC	0.0611275
GG	0.0408522
GT	0.0425551
TA	0.0306879
TC	0.13728
TG	0.0776777
TT	0.0869727
