kmer	count
sequence	0
AA	0.0534727
AC	0.108549
AG	0.0842086
AT	0.0599045
CA	0.0344113
CC	0.0891451
CG	0.00873795
CT	0.0554905
GA	0.0235654
GC	0.0616161
GG	0.0445365
GT	0.0402486
TA	0.0309342
TC	0.139033
TG	0.0859923
TT	0.0801549
