kmer	count
sequence	0
AA	0.0480563
AC	0.0987429
AG	0.0767208
AT	0.0541414
CA	0.032788
CC	0.113788
CG	0.0168286
CT	0.0592457
GA	0.0248306
GC	0.0773226
GG	0.0500847
GT	0.0405225
TA	0.0253878
TC	0.134807
TG	0.074202
TT	0.0725303
