kmer	count
sequence	0
AA	0.0494752
AC	0.113326
AG	0.0787093
AT	0.0588977
CA	0.0333951
CC	0.0937424
CG	0.00845615
CT	0.055126
GA	0.0234625
GC	0.0669378
GG	0.0422405
GT	0.0389654
TA	0.0295965
TC	0.151164
TG	0.079461
TT	0.0770449
