kmer	count
sequence	0
AA	0.0506781
AC	0.0972878
AG	0.0764189
AT	0.0527624
CA	0.0329985
CC	0.106077
CG	0.0167755
CT	0.0567805
GA	0.0235811
GC	0.0749372
GG	0.0490457
GT	0.0384731
TA	0.0281015
TC	0.145404
TG	0.0725013
TT	0.0781768
