kmer	count
sequence	0
AA	0.0543327
AC	0.110675
AG	0.0775457
AT	0.0640799
CA	0.0352515
CC	0.0907298
CG	0.00749352
CT	0.0583706
GA	0.0243211
GC	0.0647373
GG	0.0403598
GT	0.040942
TA	0.0293543
TC	0.13725
TG	0.0802126
TT	0.0843444
