kmer	count
sequence	0
AA	0.05222
AC	0.108327
AG	0.0890308
AT	0.0594618
CA	0.0325073
CC	0.088059
CG	0.00895398
CT	0.0559682
GA	0.0205224
GC	0.0639735
GG	0.0452326
GT	0.0405127
TA	0.0282733
TC	0.14139
TG	0.0881053
TT	0.0774623
