kmer	count
sequence	0
AA	0.0533293
AC	0.110061
AG	0.0758103
AT	0.0618227
CA	0.0374767
CC	0.0906548
CG	0.00841776
CT	0.0561772
GA	0.0246988
GC	0.062982
GG	0.0422148
GT	0.0408035
TA	0.0309239
TC	0.140556
TG	0.0791119
TT	0.0849589
