kmer	count
sequence	0
AA	0.0503379
AC	0.0965419
AG	0.0799666
AT	0.0540186
CA	0.0351936
CC	0.105096
CG	0.0181175
CT	0.0551554
GA	0.0239924
GC	0.0704667
GG	0.0520709
GT	0.0362032
TA	0.0304078
TC	0.138016
TG	0.0793147
TT	0.0751014
