kmer	count
sequence	0
AA	0.0528884
AC	0.107323
AG	0.0817722
AT	0.0618193
CA	0.0346345
CC	0.0898536
CG	0.00886556
CT	0.0604688
GA	0.0232639
GC	0.061449
GG	0.0441535
GT	0.0427812
TA	0.0294502
TC	0.135859
TG	0.0836891
TT	0.0817287
