kmer	count
sequence	0
AA	0.0518908
AC	0.101436
AG	0.0813073
AT	0.063556
CA	0.0413668
CC	0.0874885
CG	0.00935113
CT	0.0608933
GA	0.0242812
GC	0.0578819
GG	0.044505
GT	0.0411133
TA	0.0320157
TC	0.136051
TG	0.0832092
TT	0.083653
