kmer	count
sequence	0
AA	0.0479641
AC	0.0958575
AG	0.0798812
AT	0.0521349
CA	0.0319878
CC	0.106426
CG	0.0173547
CT	0.0566591
GA	0.0231514
GC	0.0742613
GG	0.0508624
GT	0.0384561
TA	0.0286653
TC	0.141065
TG	0.0768769
TT	0.0783967
