kmer	count
sequence	0
AA	0.053678
AC	0.105291
AG	0.0850962
AT	0.0595819
CA	0.0346101
CC	0.0868277
CG	0.00957567
CT	0.0545959
GA	0.0229691
GC	0.0587266
GG	0.040514
GT	0.039909
TA	0.0320858
TC	0.147182
TG	0.0877665
TT	0.0815914
