kmer	count
sequence	0
AA	0.0449692
AC	0.0937617
AG	0.0793314
AT	0.0541542
CA	0.0324273
CC	0.107632
CG	0.019489
CT	0.0559959
GA	0.0241747
GC	0.0732469
GG	0.0555063
GT	0.0394675
TA	0.0274851
TC	0.134092
TG	0.0835276
TT	0.0747389
