kmer	count
sequence	0
AA	0.0527165
AC	0.0988358
AG	0.0772263
AT	0.0587623
CA	0.0316789
CC	0.106904
CG	0.0157884
CT	0.0570261
GA	0.0235498
GC	0.0752859
GG	0.0486315
GT	0.0417892
TA	0.026777
TC	0.139747
TG	0.069424
TT	0.0758578
