kmer	count
sequence	0
AA	0.0515146
AC	0.11341
AG	0.0762897
AT	0.0556499
CA	0.0364046
CC	0.0946739
CG	0.00870704
CT	0.0535277
GA	0.0243385
GC	0.0640901
GG	0.0426985
GT	0.0377386
TA	0.0309476
TC	0.150748
TG	0.0827169
TT	0.0765443
