kmer	count
sequence	0
AA	0.0420508
AC	0.0926418
AG	0.0806798
AT	0.047339
CA	0.0312482
CC	0.108506
CG	0.0212375
CT	0.0622137
GA	0.0245178
GC	0.0806515
GG	0.0604038
GT	0.0395622
TA	0.0255359
TC	0.135456
TG	0.0790396
TT	0.0689158
