kmer	count
sequence	0
AA	0.0491745
AC	0.099678
AG	0.0867709
AT	0.051168
CA	0.0309513
CC	0.101237
CG	0.0186321
CT	0.0520115
GA	0.0214691
GC	0.0758575
GG	0.0535705
GT	0.0352962
TA	0.0288811
TC	0.139472
TG	0.0824516
TT	0.0733783
