kmer	count
sequence	0
AA	0.0513271
AC	0.111178
AG	0.0795812
AT	0.0623742
CA	0.0358786
CC	0.0889388
CG	0.00890076
CT	0.0592816
GA	0.0224713
GC	0.0624613
GG	0.0413423
GT	0.0405701
TA	0.0297478
TC	0.139566
TG	0.0824345
TT	0.0839464
