kmer	count
sequence	0
AA	0.0522319
AC	0.108977
AG	0.0820206
AT	0.065843
CA	0.0341959
CC	0.0869057
CG	0.00807108
CT	0.0611526
GA	0.0229035
GC	0.0621615
GG	0.0430989
GT	0.0439485
TA	0.0288683
TC	0.134235
TG	0.0821622
TT	0.0832242
