kmer	count
sequence	0
AA	0.0503225
AC	0.0943547
AG	0.0839597
AT	0.0537609
CA	0.0299856
CC	0.102191
CG	0.0187377
CT	0.0551202
GA	0.0230823
GC	0.0735114
GG	0.0509089
GT	0.0371822
TA	0.0281465
TC	0.141879
TG	0.0809745
TT	0.0758836
