kmer	count
sequence	0
AA	0.0553395
AC	0.10761
AG	0.0863064
AT	0.0608096
CA	0.0346441
CC	0.0836626
CG	0.00884337
CT	0.0587127
GA	0.0234
GC	0.0608096
GG	0.0458275
GT	0.041573
TA	0.0296906
TC	0.136024
TG	0.0854859
TT	0.0812618
