kmer	count
sequence	0
AA	0.047361
AC	0.0979822
AG	0.078443
AT	0.0510397
CA	0.0316988
CC	0.113006
CG	0.017887
CT	0.0548066
GA	0.0231959
GC	0.0798308
GG	0.0544541
GT	0.0366112
TA	0.026368
TC	0.141268
TG	0.0749185
TT	0.0711296
