kmer	count
sequence	0
AA	0.05379
AC	0.106151
AG	0.0834891
AT	0.060527
CA	0.0369476
CC	0.0904906
CG	0.00894148
CT	0.0537018
GA	0.0238969
GC	0.0625727
GG	0.0448309
GT	0.0394695
TA	0.0305809
TC	0.137985
TG	0.0865931
TT	0.0800325
