kmer	count
sequence	0
AA	0.053114
AC	0.103776
AG	0.0828493
AT	0.0616132
CA	0.0374012
CC	0.0864441
CG	0.00833254
CT	0.0588039
GA	0.0254976
GC	0.0615656
GG	0.0443053
GT	0.0413532
TA	0.030759
TC	0.137249
TG	0.0860632
TT	0.0808733
