kmer	count
sequence	0
AA	0.0544739
AC	0.111483
AG	0.0824211
AT	0.0657271
CA	0.0349175
CC	0.0888889
CG	0.00808478
CT	0.057533
GA	0.0244291
GC	0.0621873
GG	0.0414727
GT	0.042456
TA	0.0279034
TC	0.137703
TG	0.0794494
TT	0.0808697
