kmer	count
sequence	0
AA	0.0358419
AC	0.0663243
AG	0.0553819
AT	0.040364
CA	0.0807838
CC	0.119026
CG	0.0290866
CT	0.053707
GA	0.0396941
GC	0.065096
GG	0.0630304
GT	0.0314314
TA	0.0530929
TC	0.126172
TG	0.0832961
TT	0.0576708
