kmer	count
sequence	0
AA	0.0475775
AC	0.103667
AG	0.0766438
AT	0.0487282
CA	0.0299393
CC	0.118368
CG	0.0161898
CT	0.0528352
GA	0.0230546
GC	0.0851752
GG	0.0502163
GT	0.0369628
TA	0.0239475
TC	0.147574
TG	0.0723582
TT	0.0667632
