kmer	count
sequence	0
AA	0.0488394
AC	0.108006
AG	0.082078
AT	0.0590873
CA	0.0382599
CC	0.0912206
CG	0.00936365
CT	0.057603
GA	0.0233065
GC	0.0616138
GG	0.0443865
GT	0.0392389
TA	0.0307279
TC	0.140439
TG	0.0886941
TT	0.0771356
