kmer	count
sequence	0
AA	0.0507559
AC	0.114653
AG	0.0778691
AT	0.0582586
CA	0.0346385
CC	0.0916167
CG	0.00881686
CT	0.0551025
GA	0.0220028
GC	0.066323
GG	0.0406586
GT	0.0385808
TA	0.0304153
TC	0.151358
TG	0.0792506
TT	0.0796999
