kmer	count
sequence	0
AA	0.0469027
AC	0.0985963
AG	0.0804388
AT	0.0524841
CA	0.0331529
CC	0.108489
CG	0.0167202
CT	0.0570115
GA	0.0225411
GC	0.0755282
GG	0.0519571
GT	0.0387582
TA	0.0268768
TC	0.135318
TG	0.0790495
TT	0.076175
