kmer	count
sequence	0
AA	0.051198
AC	0.107057
AG	0.0761056
AT	0.0667035
CA	0.0370553
CC	0.0962727
CG	0.00772315
CT	0.0672368
GA	0.0274557
GC	0.066506
GG	0.0435143
GT	0.0481759
TA	0.0262311
TC	0.124282
TG	0.0747032
TT	0.0797796
