kmer	count
sequence	0
AA	0.0489288
AC	0.113611
AG	0.0795463
AT	0.0599563
CA	0.035566
CC	0.0935577
CG	0.00828453
CT	0.0613092
GA	0.0231856
GC	0.0641078
GG	0.0405886
GT	0.0416636
TA	0.0261695
TC	0.143691
TG	0.0806398
TT	0.0791942
