kmer	count
sequence	0
AA	0.0503792
AC	0.112534
AG	0.0766333
AT	0.0590923
CA	0.0376206
CC	0.0943381
CG	0.00817269
CT	0.0570778
GA	0.0244526
GC	0.0653979
GG	0.0435167
GT	0.0400118
TA	0.0313805
TC	0.140279
TG	0.0811045
TT	0.0780091
