kmer	count
sequence	0
AA	0.0531823
AC	0.102407
AG	0.0831617
AT	0.0657053
CA	0.0361596
CC	0.084517
CG	0.00861975
CT	0.0596335
GA	0.0249377
GC	0.0625068
GG	0.0472189
GT	0.045701
TA	0.0329611
TC	0.128863
TG	0.0851133
TT	0.0793126
