kmer	count
sequence	0
AA	0.0461324
AC	0.0965498
AG	0.0803561
AT	0.0515582
CA	0.0312465
CC	0.100278
CG	0.0188926
CT	0.0549527
GA	0.0218141
GC	0.0742905
GG	0.0509182
GT	0.0376739
TA	0.0271285
TC	0.148915
TG	0.0798553
TT	0.079438
