kmer	count
sequence	0
AA	0.0462095
AC	0.101818
AG	0.0794007
AT	0.0488469
CA	0.0313675
CC	0.106672
CG	0.016778
CT	0.0518209
GA	0.0240727
GC	0.0776892
GG	0.049913
GT	0.0353796
TA	0.029628
TC	0.149964
TG	0.076595
TT	0.0738455
