kmer	count
sequence	0
AA	0.0497404
AC	0.102281
AG	0.0772579
AT	0.0513695
CA	0.0291467
CC	0.107296
CG	0.0158334
CT	0.049944
GA	0.0215609
GC	0.080389
GG	0.0484676
GT	0.0352052
TA	0.0274412
TC	0.152683
TG	0.074025
TT	0.0773597
