kmer	count
sequence	0
AA	0.0468608
AC	0.093949
AG	0.0846508
AT	0.0506142
CA	0.0308235
CC	0.104612
CG	0.0186533
CT	0.0571258
GA	0.0217812
GC	0.0746986
GG	0.0540548
GT	0.0379322
TA	0.0260748
TC	0.138791
TG	0.0814377
TT	0.0779402
