kmer	count
sequence	0
AA	0.0447114
AC	0.102139
AG	0.0752159
AT	0.0517035
CA	0.0307273
CC	0.107948
CG	0.0164176
CT	0.0584213
GA	0.0223471
GC	0.0800829
GG	0.0495956
GT	0.0381135
TA	0.0252091
TC	0.14697
TG	0.0732965
TT	0.077101
