kmer	count
sequence	0
AA	0.0240185
AC	0.0652596
AG	0.0459982
AT	0.0349307
CA	0.108811
CC	0.114287
CG	0.0206788
CT	0.0398237
GA	0.0483088
GC	0.049901
GG	0.0804823
GT	0.0269698
TA	0.0588909
TC	0.106617
TG	0.136111
TT	0.0389111
