kmer	count
sequence	0
AA	0.0525482
AC	0.109381
AG	0.0831347
AT	0.0575908
CA	0.0367589
CC	0.0918698
CG	0.00851463
CT	0.0558411
GA	0.0238492
GC	0.0637908
GG	0.0435651
GT	0.0388669
TA	0.0301456
TC	0.142654
TG	0.0836583
TT	0.0778303
