kmer	count
sequence	0
AA	0.0530422
AC	0.114676
AG	0.0780877
AT	0.0640995
CA	0.0359208
CC	0.092925
CG	0.00834849
CT	0.058116
GA	0.0212856
GC	0.0650697
GG	0.0422883
GT	0.041419
TA	0.0272488
TC	0.136325
TG	0.0802709
TT	0.0808773
