kmer	count
sequence	0
AA	0.0492604
AC	0.094439
AG	0.084252
AT	0.0509001
CA	0.0340148
CC	0.0987999
CG	0.018211
CT	0.0540748
GA	0.0229207
GC	0.070053
GG	0.054319
GT	0.036108
TA	0.0310494
TC	0.141711
TG	0.083031
TT	0.076856
