kmer	count
sequence	0
AA	0.0490723
AC	0.0973579
AG	0.0820167
AT	0.0495968
CA	0.0315348
CC	0.0989641
CG	0.0176031
CT	0.0554317
GA	0.0221596
GC	0.0717236
GG	0.0532354
GT	0.0374025
TA	0.0280928
TC	0.145807
TG	0.0835901
TT	0.0764112
