kmer	count
sequence	0
AA	0.0553483
AC	0.105821
AG	0.0820579
AT	0.0564718
CA	0.0392589
CC	0.0893713
CG	0.00801289
CT	0.0538008
GA	0.0245474
GC	0.0642303
GG	0.0430958
GT	0.037775
TA	0.0333446
TC	0.145567
TG	0.0847501
TT	0.0765464
