kmer	count
sequence	0
AA	0.0506897
AC	0.098046
AG	0.0811877
AT	0.0548276
CA	0.0346743
CC	0.105057
CG	0.0172797
CT	0.0535249
GA	0.0234866
GC	0.070728
GG	0.0506513
GT	0.0373946
TA	0.0321456
TC	0.137816
TG	0.0769732
TT	0.0755172
