kmer	count
sequence	0
AA	0.0485648
AC	0.109146
AG	0.0814419
AT	0.0565254
CA	0.0388685
CC	0.0947764
CG	0.00916222
CT	0.0552069
GA	0.0238985
GC	0.0643692
GG	0.0459613
GT	0.039536
TA	0.0291055
TC	0.144059
TG	0.0846629
TT	0.0747163
