kmer	count
sequence	0
AA	0.0549207
AC	0.10628
AG	0.0805563
AT	0.0637966
CA	0.0344583
CC	0.0876251
CG	0.0080078
CT	0.0574187
GA	0.0252104
GC	0.0628931
GG	0.0438834
GT	0.043972
TA	0.0316414
TC	0.135424
TG	0.0811941
TT	0.0827177
