kmer	count
sequence	0
AA	0.0497528
AC	0.0979917
AG	0.0815673
AT	0.0529317
CA	0.0321677
CC	0.100086
CG	0.0168281
CT	0.0532344
GA	0.0226814
GC	0.0723332
GG	0.0526542
GT	0.0367091
TA	0.0298971
TC	0.142371
TG	0.0802553
TT	0.0785397
