kmer	count
sequence	0
AA	0.0548365
AC	0.111255
AG	0.0835182
AT	0.0609702
CA	0.0345453
CC	0.08618
CG	0.00862185
CT	0.0560517
GA	0.0232616
GC	0.0598129
GG	0.0428199
GT	0.0394252
TA	0.0298968
TC	0.140727
TG	0.0852927
TT	0.0827852
