kmer	count
sequence	0
AA	0.0585305
AC	0.0916412
AG	0.102424
AT	0.0366031
CA	0.0469275
CC	0.0905916
CG	0.0139504
CT	0.0441412
GA	0.0265649
GC	0.050458
GG	0.056145
GT	0.024313
TA	0.0419084
TC	0.137882
TG	0.119198
TT	0.0587214
