kmer	count
sequence	0
AA	0.0504742
AC	0.109937
AG	0.0809637
AT	0.0593007
CA	0.0360941
CC	0.0947736
CG	0.00853908
CT	0.0587352
GA	0.0240086
GC	0.0656193
GG	0.0435484
GT	0.0412398
TA	0.0280464
TC	0.139657
TG	0.0813114
TT	0.0777511
