kmer	count
sequence	0
AA	0.0462658
AC	0.0965989
AG	0.089148
AT	0.0450386
CA	0.0301543
CC	0.104558
CG	0.0196529
CT	0.0510519
GA	0.0226508
GC	0.0786641
GG	0.0557504
GT	0.0340112
TA	0.0257714
TC	0.14609
TG	0.0850281
TT	0.0695652
