kmer	count
sequence	0
AA	0.045456
AC	0.096641
AG	0.0773161
AT	0.0517073
CA	0.0352549
CC	0.115835
CG	0.0190638
CT	0.0608964
GA	0.0242215
GC	0.0807436
GG	0.0538128
GT	0.0418163
TA	0.0248743
TC	0.129187
TG	0.0751126
TT	0.0680616
