kmer	count
sequence	0
AA	0.0555162
AC	0.10941
AG	0.0818807
AT	0.0608165
CA	0.0368966
CC	0.0855361
CG	0.00843024
CT	0.0575952
GA	0.023463
GC	0.0596514
GG	0.0429508
GT	0.0391127
TA	0.0314363
TC	0.139682
TG	0.0853533
TT	0.0822691
