kmer	count
sequence	0
AA	0.0512076
AC	0.109321
AG	0.0833274
AT	0.0597599
CA	0.0349352
CC	0.0887457
CG	0.00818047
CT	0.0560592
GA	0.023054
GC	0.0629294
GG	0.043098
GT	0.0401055
TA	0.0294993
TC	0.145088
TG	0.083894
TT	0.0807954
