kmer	count
sequence	0
AA	0.0468697
AC	0.10197
AG	0.0887496
AT	0.0465498
CA	0.0255672
CC	0.101395
CG	0.017187
CT	0.0469123
GA	0.0214091
GC	0.0755502
GG	0.0508785
GT	0.0337342
TA	0.0282967
TC	0.157753
TG	0.0828855
TT	0.0742921
