kmer	count
sequence	0
AA	0.05457
AC	0.108703
AG	0.0820539
AT	0.058627
CA	0.0368507
CC	0.0860115
CG	0.00835256
CT	0.0545303
GA	0.023248
GC	0.0628828
GG	0.0442686
GT	0.03874
TA	0.0307653
TC	0.144042
TG	0.0837244
TT	0.0826307
