kmer	count
sequence	0
AA	0.0349613
AC	0.0708179
AG	0.0594028
AT	0.0378934
CA	0.0648194
CC	0.114486
CG	0.0312682
CT	0.0509423
GA	0.0429742
GC	0.0748467
GG	0.0780026
GT	0.0368638
TA	0.0404673
TC	0.121447
TG	0.0839563
TT	0.0568512
