kmer	count
sequence	0
AA	0.0494145
AC	0.0956056
AG	0.0800509
AT	0.0527561
CA	0.0336231
CC	0.102999
CG	0.0165306
CT	0.0589662
GA	0.0250177
GC	0.0698782
GG	0.0528744
GT	0.0377928
TA	0.0285368
TC	0.137893
TG	0.080731
TT	0.0773303
