kmer	count
sequence	0
AA	0.0417633
AC	0.0892657
AG	0.0638974
AT	0.0484185
CA	0.066739
CC	0.0974725
CG	0.0134226
CT	0.0560458
GA	0.0340238
GC	0.0605511
GG	0.0550363
GT	0.0363606
TA	0.0438757
TC	0.132992
TG	0.0929859
TT	0.0671502
