kmer	count
sequence	0
AA	0.0545617
AC	0.109661
AG	0.0776149
AT	0.0655751
CA	0.0386934
CC	0.0967416
CG	0.0074943
CT	0.0618442
GA	0.0246986
GC	0.0630173
GG	0.040013
GT	0.0432877
TA	0.0300912
TC	0.133675
TG	0.0743891
TT	0.0786413
