kmer	count
sequence	0
AA	0.0486414
AC	0.110488
AG	0.0741291
AT	0.0646055
CA	0.0370333
CC	0.0947614
CG	0.0087497
CT	0.0592633
GA	0.0229789
GC	0.0627957
GG	0.041689
GT	0.0425503
TA	0.0286831
TC	0.143378
TG	0.0781108
TT	0.0821424
