kmer	count
sequence	0
AA	0.0540904
AC	0.111084
AG	0.088332
AT	0.0590046
CA	0.0314609
CC	0.0862684
CG	0.00786961
CT	0.0536532
GA	0.0217901
GC	0.0637963
GG	0.0414116
GT	0.0390682
TA	0.0298171
TC	0.144171
TG	0.0863384
TT	0.0818439
