kmer	count
sequence	0
AA	0.0512088
AC	0.112607
AG	0.0765596
AT	0.0570646
CA	0.0356708
CC	0.0953009
CG	0.00872565
CT	0.0556731
GA	0.0237274
GC	0.0653989
GG	0.0401351
GT	0.0404395
TA	0.0290758
TC	0.149699
TG	0.0789802
TT	0.0797339
