kmer	count
sequence	0
AA	0.0505092
AC	0.110637
AG	0.0799415
AT	0.0582884
CA	0.0345962
CC	0.0943806
CG	0.00898705
CT	0.0547977
GA	0.0232045
GC	0.0648042
GG	0.0436055
GT	0.0404694
TA	0.0288339
TC	0.14745
TG	0.0825567
TT	0.0769384
