kmer	count
sequence	0
AA	0.0527583
AC	0.108548
AG	0.0840106
AT	0.060497
CA	0.03485
CC	0.0877284
CG	0.00871107
CT	0.0551091
GA	0.0231132
GC	0.0618812
GG	0.0423714
GT	0.0394372
TA	0.030709
TC	0.141568
TG	0.0862184
TT	0.0824892
