kmer	count
sequence	0
AA	0.054112
AC	0.117691
AG	0.0664875
AT	0.0595602
CA	0.03794
CC	0.0993492
CG	0.00825855
CT	0.0545558
GA	0.025318
GC	0.0675722
GG	0.0382112
GT	0.0389754
TA	0.0339957
TC	0.147421
TG	0.075387
TT	0.0751652
