kmer	count
sequence	0
AA	0.050662
AC	0.0966151
AG	0.0821284
AT	0.0518254
CA	0.0318819
CC	0.103789
CG	0.0178106
CT	0.0554263
GA	0.0248463
GC	0.0745665
GG	0.0503296
GT	0.0383358
TA	0.0283918
TC	0.139023
TG	0.0793308
TT	0.0750374
