kmer	count
sequence	0
AA	0.0454641
AC	0.103634
AG	0.0759216
AT	0.0513464
CA	0.0311634
CC	0.108052
CG	0.0170458
CT	0.0562092
GA	0.0229542
GC	0.078902
GG	0.0487059
GT	0.0384314
TA	0.0240784
TC	0.149359
TG	0.0746928
TT	0.0740392
