kmer	count
sequence	0
AA	0.0466099
AC	0.10116
AG	0.0776832
AT	0.052122
CA	0.033101
CC	0.1067
CG	0.0176215
CT	0.0568915
GA	0.0229908
GC	0.0794254
GG	0.0512366
GT	0.0383561
TA	0.0250757
TC	0.140287
TG	0.076141
TT	0.0745987
