kmer	count
sequence	0
AA	0.047238
AC	0.0961756
AG	0.0847734
AT	0.0474504
CA	0.0314212
CC	0.106893
CG	0.0200189
CT	0.0515109
GA	0.0219783
GC	0.077101
GG	0.051322
GT	0.0317989
TA	0.0279509
TC	0.150968
TG	0.0825779
TT	0.0708215
