kmer	count
sequence	0
AA	0.0513508
AC	0.096378
AG	0.084161
AT	0.0546616
CA	0.0323136
CC	0.0972719
CG	0.016521
CT	0.0543306
GA	0.0241028
GC	0.0714144
GG	0.053238
GT	0.0363528
TA	0.0291021
TC	0.143392
TG	0.0792941
TT	0.0761157
