kmer	count
sequence	0
AA	0.062895
AC	0.0930923
AG	0.106611
AT	0.0380832
CA	0.0450898
CC	0.0868825
CG	0.0116503
CT	0.0416552
GA	0.0292905
GC	0.0516294
GG	0.0554487
GT	0.0243721
TA	0.0445678
TC	0.135297
TG	0.117959
TT	0.0554762
