kmer	count
sequence	0
AA	0.0499053
AC	0.103232
AG	0.0878024
AT	0.0588792
CA	0.0373375
CC	0.0839933
CG	0.0102866
CT	0.0582121
GA	0.0231342
GC	0.058083
GG	0.047409
GT	0.0403503
TA	0.029827
TC	0.140118
TG	0.0908582
TT	0.0805716
