kmer	count
sequence	0
AA	0.0467429
AC	0.0957277
AG	0.0776386
AT	0.0508658
CA	0.0342713
CC	0.105803
CG	0.0194805
CT	0.0576943
GA	0.0215677
GC	0.0773552
GG	0.0505051
GT	0.0376984
TA	0.0276232
TC	0.141053
TG	0.078592
TT	0.077381
