kmer	count
sequence	0
AA	0.0512658
AC	0.111407
AG	0.0798783
AT	0.0671147
CA	0.034952
CC	0.0899793
CG	0.00779764
CT	0.0621909
GA	0.0244284
GC	0.0626558
GG	0.0409323
GT	0.0423693
TA	0.0274502
TC	0.134145
TG	0.0782723
TT	0.0851612
