kmer	count
sequence	0
AA	0.0528925
AC	0.106751
AG	0.0770692
AT	0.0622284
CA	0.0375044
CC	0.0842159
CG	0.00968998
CT	0.0613914
GA	0.0232753
GC	0.0605544
GG	0.0448122
GT	0.0426874
TA	0.0291987
TC	0.139491
TG	0.0843769
TT	0.0838618
