kmer	count
sequence	0
AA	0.0519668
AC	0.106091
AG	0.0809499
AT	0.0588344
CA	0.0379818
CC	0.0906854
CG	0.00949875
CT	0.0578871
GA	0.0256151
GC	0.0615972
GG	0.045244
GT	0.0402579
TA	0.0300224
TC	0.138179
TG	0.0863965
TT	0.0787923
