kmer	count
sequence	0
AA	0.0519355
AC	0.0967691
AG	0.0818007
AT	0.0538305
CA	0.0313222
CC	0.102892
CG	0.0166802
CT	0.0538782
GA	0.0233125
GC	0.0703753
GG	0.0496584
GT	0.037007
TA	0.0305021
TC	0.144071
TG	0.0783691
TT	0.0775968
