kmer	count
sequence	0
AA	0.0477875
AC	0.0991758
AG	0.0800067
AT	0.0532406
CA	0.0290347
CC	0.105212
CG	0.0178579
CT	0.0541148
GA	0.0221246
GC	0.0779253
GG	0.0508887
GT	0.0380469
TA	0.0279316
TC	0.141656
TG	0.0778421
TT	0.0771552
