kmer	count
sequence	0
AA	0.0439126
AC	0.0930429
AG	0.0652625
AT	0.056614
CA	0.0638104
CC	0.103973
CG	0.0123504
CT	0.0630924
GA	0.0346577
GC	0.0640179
GG	0.0548588
GT	0.0418063
TA	0.0339078
TC	0.119499
TG	0.0825594
TT	0.0666348
