kmer	count
sequence	0
AA	0.0444737
AC	0.097447
AG	0.0759942
AT	0.0524715
CA	0.0321948
CC	0.123981
CG	0.0184575
CT	0.0610337
GA	0.0256712
GC	0.0856072
GG	0.0552315
GT	0.0415098
TA	0.021045
TC	0.130128
TG	0.0708035
TT	0.0639506
