kmer	count
sequence	0
AA	0.0556118
AC	0.110876
AG	0.0772402
AT	0.0680825
CA	0.036139
CC	0.09055
CG	0.00804375
CT	0.061717
GA	0.0250716
GC	0.0623825
GG	0.0406528
GT	0.0448627
TA	0.0291514
TC	0.132548
TG	0.0756055
TT	0.0814647
