kmer	count
sequence	0
AA	0.0541229
AC	0.105323
AG	0.0853331
AT	0.0623026
CA	0.0378577
CC	0.0837301
CG	0.00893404
CT	0.060016
GA	0.0238084
GC	0.058531
GG	0.044128
GT	0.04071
TA	0.0314224
TC	0.134741
TG	0.0885861
TT	0.0804535
