kmer	count
sequence	0
AA	0.0496123
AC	0.0938611
AG	0.0850289
AT	0.0477759
CA	0.0352125
CC	0.104938
CG	0.0173731
CT	0.0520317
GA	0.0238442
GC	0.073748
GG	0.0508949
GT	0.0346878
TA	0.0306943
TC	0.14668
TG	0.0798403
TT	0.0737772
