kmer	count
sequence	0
AA	0.0508412
AC	0.112297
AG	0.0812517
AT	0.0606365
CA	0.0383205
CC	0.0910265
CG	0.00899609
CT	0.0591406
GA	0.0240989
GC	0.0610668
GG	0.0430951
GT	0.0420295
TA	0.0306564
TC	0.134982
TG	0.0835878
TT	0.0779729
