kmer	count
sequence	0
AA	0.0449674
AC	0.0965204
AG	0.0692154
AT	0.0551572
CA	0.0553081
CC	0.0959731
CG	0.0110012
CT	0.0631392
GA	0.0289278
GC	0.0618749
GG	0.0468732
GT	0.039212
TA	0.0364003
TC	0.135864
TG	0.0851606
TT	0.0744046
