kmer	count
sequence	0
AA	0.052086
AC	0.113722
AG	0.0828601
AT	0.0568785
CA	0.0341534
CC	0.0913567
CG	0.00830356
CT	0.0533236
GA	0.022137
GC	0.0643833
GG	0.0407981
GT	0.037998
TA	0.0291941
TC	0.149262
TG	0.0834833
TT	0.08006
