kmer	count
sequence	0
AA	0.0493765
AC	0.110198
AG	0.0811755
AT	0.0597411
CA	0.0371348
CC	0.10319
CG	0.00930645
CT	0.0599458
GA	0.0249727
GC	0.0666925
GG	0.0454173
GT	0.0429826
TA	0.0253026
TC	0.131064
TG	0.0813234
TT	0.0721762
