kmer	count
sequence	0
AA	0.0511162
AC	0.0981865
AG	0.0827975
AT	0.0510801
CA	0.0312477
CC	0.102702
CG	0.0156419
CT	0.0513691
GA	0.0217831
GC	0.0742721
GG	0.0466007
GT	0.0350047
TA	0.0294054
TC	0.152482
TG	0.079474
TT	0.0768369
