kmer	count
sequence	0
AA	0.0522975
AC	0.112116
AG	0.0720776
AT	0.0670202
CA	0.0390963
CC	0.0971902
CG	0.00847716
CT	0.0601516
GA	0.0270544
GC	0.0646872
GG	0.0399513
GT	0.044371
TA	0.0299381
TC	0.131505
TG	0.0756423
TT	0.0784246
