kmer	count
sequence	0
AA	0.0497747
AC	0.0983917
AG	0.0828405
AT	0.0531228
CA	0.0311728
CC	0.104149
CG	0.0167011
CT	0.0522623
GA	0.0233346
GC	0.0740402
GG	0.0504318
GT	0.0363121
TA	0.0294205
TC	0.145131
TG	0.0783973
TT	0.0745174
