kmer	count
sequence	0
AA	0.0492728
AC	0.0991926
AG	0.0781792
AT	0.053077
CA	0.030899
CC	0.106283
CG	0.0160965
CT	0.0557683
GA	0.0232648
GC	0.0772734
GG	0.050929
GT	0.0374463
TA	0.0297086
TC	0.140107
TG	0.0753843
TT	0.0771182
