kmer	count
sequence	0
AA	0.0510424
AC	0.113173
AG	0.0798552
AT	0.0620569
CA	0.0319885
CC	0.0929798
CG	0.00781778
CT	0.0589973
GA	0.0228414
GC	0.0648422
GG	0.0403338
GT	0.0409457
TA	0.0267345
TC	0.143368
TG	0.0780933
TT	0.0849299
