kmer	count
sequence	0
AA	0.051962
AC	0.108393
AG	0.0830479
AT	0.0625143
CA	0.0350002
CC	0.0881039
CG	0.00830153
CT	0.0566429
GA	0.023453
GC	0.0632808
GG	0.0417197
GT	0.0409531
TA	0.0285253
TC	0.13651
TG	0.0863098
TT	0.0852823
