kmer	count
sequence	0
AA	0.0489915
AC	0.099579
AG	0.0851453
AT	0.0476268
CA	0.0281736
CC	0.105316
CG	0.0177646
CT	0.0495929
GA	0.0210261
GC	0.079455
GG	0.0488758
GT	0.033193
TA	0.0281273
TC	0.153752
TG	0.0793162
TT	0.0740655
