kmer	count
sequence	0
AA	0.0482145
AC	0.101229
AG	0.0766466
AT	0.0507354
CA	0.0300178
CC	0.112304
CG	0.0161744
CT	0.0549843
GA	0.0229157
GC	0.0809763
GG	0.0489361
GT	0.0365597
TA	0.0261201
TC	0.147055
TG	0.0749518
TT	0.0721793
