kmer	count
sequence	0
AA	0.0477312
AC	0.0931689
AG	0.0844595
AT	0.0484751
CA	0.0316762
CC	0.0989028
CG	0.0187206
CT	0.0530932
GA	0.0239896
GC	0.0739214
GG	0.0557587
GT	0.03803
TA	0.0282358
TC	0.141737
TG	0.086908
TT	0.0751922
