kmer	count
sequence	0
AA	0.0455119
AC	0.0995726
AG	0.079028
AT	0.0461377
CA	0.0326305
CC	0.113918
CG	0.0189854
CT	0.0502424
GA	0.0239757
GC	0.0803856
GG	0.0528833
GT	0.0342851
TA	0.0280591
TC	0.149486
TG	0.0777553
TT	0.0671436
