kmer	count
sequence	0
AA	0.0481765
AC	0.0998958
AG	0.0803404
AT	0.0510941
CA	0.0321987
CC	0.104481
CG	0.0156652
CT	0.0516151
GA	0.0226468
GC	0.0743314
GG	0.051372
GT	0.0370267
TA	0.0292463
TC	0.143939
TG	0.0835359
TT	0.0744356
