kmer	count
sequence	0
AA	0.0479
AC	0.0974154
AG	0.0812949
AT	0.052812
CA	0.0320433
CC	0.104866
CG	0.0172414
CT	0.049944
GA	0.0235709
GC	0.0730533
GG	0.0512626
GT	0.0353728
TA	0.0299334
TC	0.151282
TG	0.0785917
TT	0.073416
