kmer	count
sequence	0
AA	0.0473547
AC	0.0904202
AG	0.0911822
AT	0.0444045
CA	0.0349445
CC	0.10934
CG	0.0227629
CT	0.0505116
GA	0.025332
GC	0.0746244
GG	0.0614958
GT	0.0348356
TA	0.0265622
TC	0.132049
TG	0.0908556
TT	0.0633246
