kmer	count
sequence	0
AA	0.0552749
AC	0.11134
AG	0.0817459
AT	0.0634679
CA	0.0351415
CC	0.0874956
CG	0.00815622
CT	0.0565057
GA	0.0235134
GC	0.0632474
GG	0.0388706
GT	0.0388155
TA	0.0300163
TC	0.142477
TG	0.0815254
TT	0.0824072
