kmer	count
sequence	0
AA	0.0544526
AC	0.104802
AG	0.0880718
AT	0.0598793
CA	0.0349958
CC	0.0850011
CG	0.0093975
CT	0.0568086
GA	0.0225011
GC	0.0607264
GG	0.0450286
GT	0.0395489
TA	0.0310779
TC	0.136515
TG	0.0894483
TT	0.081745
