kmer	count
sequence	0
AA	0.0544145
AC	0.111192
AG	0.0774753
AT	0.0644113
CA	0.0384196
CC	0.0862453
CG	0.00813378
CT	0.0588904
GA	0.0233789
GC	0.0582315
GG	0.0411687
GT	0.0411006
TA	0.0312401
TC	0.141909
TG	0.0774753
TT	0.0863134
