kmer	count
sequence	0
AA	0.0488686
AC	0.101675
AG	0.0748396
AT	0.0507511
CA	0.0321372
CC	0.110761
CG	0.0167313
CT	0.0570517
GA	0.0217834
GC	0.0776826
GG	0.0455454
GT	0.038169
TA	0.0279688
TC	0.146318
TG	0.0742825
TT	0.0754351
