kmer	count
sequence	0
AA	0.0553347
AC	0.108995
AG	0.0801215
AT	0.0622348
CA	0.0385646
CC	0.0873565
CG	0.00752535
CT	0.0564736
GA	0.0232013
GC	0.0627038
GG	0.0409316
GT	0.0414452
TA	0.0325354
TC	0.13856
TG	0.0805011
TT	0.0835157
