kmer	count
sequence	0
AA	0.0524842
AC	0.105417
AG	0.0855807
AT	0.0628913
CA	0.0366095
CC	0.0883277
CG	0.00853166
CT	0.0578462
GA	0.0231649
GC	0.060831
GG	0.0453261
GT	0.0441639
TA	0.0302174
TC	0.132914
TG	0.0837053
TT	0.0819884
