kmer	count
sequence	0
AA	0.052619
AC	0.110027
AG	0.0865372
AT	0.0621979
CA	0.0334393
CC	0.0827056
CG	0.00914355
CT	0.0529891
GA	0.0230984
GC	0.0599338
GG	0.0412984
GT	0.0388166
TA	0.0324814
TC	0.141616
TG	0.0884312
TT	0.084665
