kmer	count
sequence	0
AA	0.0494644
AC	0.101884
AG	0.0784184
AT	0.0498083
CA	0.0302367
CC	0.106381
CG	0.0161531
CT	0.0527241
GA	0.02258
GC	0.0770299
GG	0.0488958
GT	0.0356189
TA	0.0287424
TC	0.152083
TG	0.0761637
TT	0.0738165
