kmer	count
sequence	0
AA	0.0479944
AC	0.0962607
AG	0.0878942
AT	0.0504712
CA	0.0307177
CC	0.0987677
CG	0.0174882
CT	0.0528573
GA	0.0217772
GC	0.0742721
GG	0.0514075
GT	0.0364866
TA	0.0260662
TC	0.145494
TG	0.0849946
TT	0.0770509
