kmer	count
sequence	0
AA	0.053875
AC	0.112617
AG	0.0818982
AT	0.0624672
CA	0.0330962
CC	0.090322
CG	0.00823662
CT	0.0569262
GA	0.0226881
GC	0.0642269
GG	0.043261
GT	0.0415949
TA	0.0289592
TC	0.138319
TG	0.0809247
TT	0.0805878
