kmer	count
sequence	0
AA	0.0498535
AC	0.0975372
AG	0.0779267
AT	0.054112
CA	0.032874
CC	0.105891
CG	0.0177661
CT	0.058072
GA	0.0230823
GC	0.075377
GG	0.0491212
GT	0.0378377
TA	0.0278561
TC	0.139009
TG	0.0757025
TT	0.0779809
