kmer	count
sequence	0
AA	0.0476073
AC	0.0993263
AG	0.0900624
AT	0.0430249
CA	0.0266521
CC	0.10106
CG	0.0160755
CT	0.0477806
GA	0.0215248
GC	0.0750768
GG	0.0538987
GT	0.033117
TA	0.0288814
TC	0.160037
TG	0.0862727
TT	0.0696027
