kmer	count
sequence	0
AA	0.0504444
AC	0.0979263
AG	0.0822636
AT	0.0520902
CA	0.0300088
CC	0.107527
CG	0.0173634
CT	0.0554641
GA	0.0219717
GC	0.0768872
GG	0.0489357
GT	0.0360709
TA	0.0277595
TC	0.143735
TG	0.078341
TT	0.0732115
