kmer	count
sequence	0
AA	0.0473719
AC	0.097912
AG	0.0808943
AT	0.0537686
CA	0.0306861
CC	0.101955
CG	0.0167461
CT	0.0557299
GA	0.0229316
GC	0.0735622
GG	0.0494237
GT	0.0363285
TA	0.0291473
TC	0.144862
TG	0.0751614
TT	0.0835194
