kmer	count
sequence	0
AG	0.0771561
GT	0.0533468
TT	0.0719253
TG	0.0785897
GA	0.0615594
AC	0.0532363
CC	0.0743794
CA	0.0778216
GC	0.0590893
CT	0.0774114
GG	0.0743713
TC	0.061113
AA	0.0725406
AT	0.0490883
TA	0.0401489
CG	0.0182226
