kmer	count
sequence	0
AA	0.0552332
AC	0.106736
AG	0.0854404
AT	0.0603109
CA	0.036943
CC	0.0853368
CG	0.00927461
CT	0.0565803
GA	0.0234715
GC	0.0608808
GG	0.0439896
GT	0.0373575
TA	0.0323316
TC	0.140622
TG	0.0862694
TT	0.0792228
