kmer	count
sequence	0
AA	0.0342698
AC	0.074993
AG	0.0500139
AT	0.0446732
CA	0.092128
CC	0.102309
CG	0.0161892
CT	0.065758
GA	0.0442837
GC	0.0600278
GG	0.0659249
GT	0.0382197
TA	0.0496801
TC	0.118442
TG	0.0846732
TT	0.0584145
