kmer	count
sequence	0
AA	0.0493631
AC	0.0926377
AG	0.0809292
AT	0.0532971
CA	0.0316598
CC	0.0978831
CG	0.0191083
CT	0.0617272
GA	0.0247284
GC	0.068846
GG	0.0504871
GT	0.0404646
TA	0.0297864
TC	0.14172
TG	0.0803672
TT	0.0769951
