kmer	count
sequence	0
AA	0.0544799
AC	0.108295
AG	0.0852316
AT	0.0635915
CA	0.034216
CC	0.0853265
CG	0.0085896
CT	0.0569002
GA	0.022874
GC	0.0625475
GG	0.0443717
GT	0.0402904
TA	0.0303721
TC	0.137291
TG	0.0838554
TT	0.0817673
