kmer	count
sequence	0
AA	0.0569234
AC	0.109073
AG	0.0865695
AT	0.0600818
CA	0.0332352
CC	0.0865336
CG	0.00832675
CT	0.0525088
GA	0.0219295
GC	0.0593999
GG	0.0413825
GT	0.0383677
TA	0.0316201
TC	0.146257
TG	0.0839495
TT	0.0838418
