kmer	count
sequence	0
AA	0.046324
AC	0.100169
AG	0.0750648
AT	0.0540446
CA	0.0311317
CC	0.110281
CG	0.0152421
CT	0.0559872
GA	0.0276948
GC	0.0823371
GG	0.0503586
GT	0.0390516
TA	0.0263001
TC	0.13673
TG	0.0735206
TT	0.0757621
