kmer	count
sequence	0
AA	0.0515761
AC	0.106655
AG	0.0809697
AT	0.0608475
CA	0.0349221
CC	0.0967653
CG	0.00889362
CT	0.0612939
GA	0.0251356
GC	0.0661356
GG	0.0454296
GT	0.039283
TA	0.0281917
TC	0.133061
TG	0.08303
TT	0.0778106
