kmer	count
sequence	0
AA	0.0482781
AC	0.104522
AG	0.0771645
AT	0.0496862
CA	0.0338751
CC	0.11108
CG	0.0172594
CT	0.0535484
GA	0.0223286
GC	0.0822739
GG	0.0504908
GT	0.0359269
TA	0.028122
TC	0.141093
TG	0.0724976
TT	0.0718539
