kmer	count
sequence	0
AA	0.0497323
AC	0.10261
AG	0.0774431
AT	0.0546854
CA	0.0291165
CC	0.100402
CG	0.015261
CT	0.0546185
GA	0.0210843
GC	0.0725569
GG	0.0463186
GT	0.0390897
TA	0.0303213
TC	0.152477
TG	0.0708835
TT	0.0834003
