kmer	count
sequence	0
AA	0.0507531
AC	0.113698
AG	0.0759947
AT	0.0615219
CA	0.0360595
CC	0.0970171
CG	0.00883089
CT	0.0623804
GA	0.0238679
GC	0.067728
GG	0.0392484
GT	0.0416278
TA	0.0277682
TC	0.139528
TG	0.0778345
TT	0.0761419
