kmer	count
sequence	0
AA	0.0562646
AC	0.11101
AG	0.0773321
AT	0.0641143
CA	0.0361592
CC	0.0864479
CG	0.00840677
CT	0.0596577
GA	0.0238529
GC	0.0605186
GG	0.0400081
GT	0.0400081
TA	0.0315001
TC	0.141953
TG	0.0792566
TT	0.0835106
