kmer	count
sequence	0
AA	0.0505976
AC	0.111201
AG	0.0832332
AT	0.0627961
CA	0.0354996
CC	0.0878297
CG	0.00816774
CT	0.0550173
GA	0.0247861
GC	0.0621243
GG	0.042748
GT	0.0403437
TA	0.0296655
TC	0.14465
TG	0.0816067
TT	0.0797327
