kmer	count
sequence	0
AA	0.0463849
AC	0.0911971
AG	0.0892256
AT	0.0458976
CA	0.0345782
CC	0.108785
CG	0.0227494
CT	0.0498184
GA	0.0255848
GC	0.0758462
GG	0.0612484
GT	0.0352428
TA	0.0262936
TC	0.132664
TG	0.0915072
TT	0.0629763
