kmer	count
sequence	0
AA	0.0559839
AC	0.097992
AG	0.0737349
AT	0.0571084
CA	0.0331727
CC	0.100723
CG	0.0151004
CT	0.0497189
GA	0.0272289
GC	0.0803213
GG	0.0473896
GT	0.0323695
TA	0.0325301
TC	0.150361
TG	0.0728514
TT	0.0734137
