kmer	count
sequence	0
AA	0.0518516
AC	0.106557
AG	0.0831766
AT	0.0599909
CA	0.0349244
CC	0.0911538
CG	0.00917699
CT	0.05704
GA	0.0237694
GC	0.0636228
GG	0.0464362
GT	0.0392373
TA	0.0304494
TC	0.137947
TG	0.088365
TT	0.076302
