kmer	count
sequence	0
AA	0.0486398
AC	0.0980735
AG	0.0784376
AT	0.0554673
CA	0.0336615
CC	0.105272
CG	0.0186303
CT	0.0639886
GA	0.0232349
GC	0.0753149
GG	0.04991
GT	0.0384778
TA	0.0250344
TC	0.136075
TG	0.0763735
TT	0.0734095
