kmer	count
sequence	0
AA	0.0468331
AC	0.103846
AG	0.086503
AT	0.0554625
CA	0.0366538
CC	0.0911528
CG	0.00976039
CT	0.0659769
GA	0.0242125
GC	0.0653485
GG	0.0500168
GT	0.0414712
TA	0.0288204
TC	0.127807
TG	0.0911109
TT	0.0750251
