kmer	count
sequence	0
AA	0.0527707
AC	0.102403
AG	0.0753159
AT	0.054381
CA	0.0320836
CC	0.111983
CG	0.015154
CT	0.0557024
GA	0.0234949
GC	0.0794037
GG	0.047155
GT	0.0380296
TA	0.0277067
TC	0.136758
TG	0.0731274
TT	0.0745313
