kmer	count
sequence	0
AA	0.0519411
AC	0.110308
AG	0.0822846
AT	0.0581005
CA	0.0337831
CC	0.0889238
CG	0.00927901
CT	0.0553008
GA	0.0245041
GC	0.0625533
GG	0.0419689
GT	0.0387692
TA	0.0309034
TC	0.145798
TG	0.0837511
TT	0.0818313
