kmer	count
sequence	0
AA	0.0502263
AC	0.0957611
AG	0.0821283
AT	0.0517717
CA	0.0347169
CC	0.103047
CG	0.0183795
CT	0.0512198
GA	0.0248924
GC	0.0744563
GG	0.0504471
GT	0.0366486
TA	0.0277624
TC	0.144773
TG	0.0788718
TT	0.0748979
