kmer	count
sequence	0
AA	0.0490999
AC	0.0966828
AG	0.0841424
AT	0.0524373
CA	0.0308455
CC	0.105633
CG	0.0176477
CT	0.0503641
GA	0.0255866
GC	0.0749393
GG	0.0532464
GT	0.0358515
TA	0.0290251
TC	0.143457
TG	0.0798443
TT	0.0711974
