kmer	count
sequence	0
AA	0.0467359
AC	0.0912463
AG	0.092518
AT	0.0490674
CA	0.0260704
CC	0.10142
CG	0.0188639
CT	0.0492794
GA	0.0208775
GC	0.0721704
GG	0.0584994
GT	0.0395295
TA	0.0274481
TC	0.143811
TG	0.0861594
TT	0.0763035
