kmer	count
sequence	0
AA	0.0542875
AC	0.111659
AG	0.072756
AT	0.0641194
CA	0.0357804
CC	0.0931524
CG	0.00852097
CT	0.0594926
GA	0.0277221
GC	0.0634254
GG	0.041988
GT	0.0463063
TA	0.0298427
TC	0.130398
TG	0.0789636
TT	0.0815854
