kmer	count
sequence	0
AA	0.0529132
AC	0.110583
AG	0.0826067
AT	0.0598824
CA	0.0361673
CC	0.0922183
CG	0.00881887
CT	0.0575704
GA	0.0240124
GC	0.0608072
GG	0.0405272
GT	0.0427401
TA	0.0294953
TC	0.143315
TG	0.0797001
TT	0.0786431
