kmer	count
sequence	0
AA	0.0459931
AC	0.105531
AG	0.0661787
AT	0.0525204
CA	0.0335421
CC	0.126962
CG	0.0170918
CT	0.0661787
GA	0.0249019
GC	0.089345
GG	0.0468609
GT	0.0441065
TA	0.0219967
TC	0.131339
TG	0.0615756
TT	0.0658768
