kmer	count
sequence	0
AA	0.0508066
AC	0.109609
AG	0.0839669
AT	0.0595595
CA	0.0354608
CC	0.085033
CG	0.00900547
CT	0.0581288
GA	0.0230046
GC	0.0610745
GG	0.0429513
GT	0.0399776
TA	0.0317015
TC	0.144228
TG	0.0840791
TT	0.0814139
