kmer	count
sequence	0
AA	0.0535314
AC	0.108942
AG	0.0783633
AT	0.063616
CA	0.0373744
CC	0.0907251
CG	0.00853033
CT	0.0571821
GA	0.0235668
GC	0.0631822
GG	0.0393262
GT	0.0400853
TA	0.0303622
TC	0.141256
TG	0.0787609
TT	0.0851948
