kmer	count
sequence	0
AA	0.055639
AC	0.108609
AG	0.0829997
AT	0.059351
CA	0.0367034
CC	0.0823323
CG	0.00800801
CT	0.0565148
GA	0.0248582
GC	0.0562646
GG	0.045337
GT	0.0392476
TA	0.0331582
TC	0.138096
TG	0.0882132
TT	0.084668
