kmer	count
sequence	0
AA	0.0503818
AC	0.10024
AG	0.0771822
AT	0.0524031
CA	0.0308429
CC	0.104731
CG	0.0156461
CT	0.0534511
GA	0.0238808
GC	0.0738134
GG	0.0485103
GT	0.0375056
TA	0.0268753
TC	0.149424
TG	0.0771822
TT	0.0779308
