kmer	count
sequence	0
AA	0.0484369
AC	0.110781
AG	0.0684291
AT	0.066271
CA	0.0383958
CC	0.109523
CG	0.00725354
CT	0.0704973
GA	0.0260168
GC	0.0710068
GG	0.0403741
GT	0.0522735
TA	0.023649
TC	0.12403
TG	0.0661511
TT	0.0769115
