kmer	count
sequence	0
AA	0.0538598
AC	0.103793
AG	0.0768262
AT	0.0533412
CA	0.0317084
CC	0.110016
CG	0.0187435
CT	0.0528967
GA	0.023485
GC	0.078382
GG	0.0476367
GT	0.0393392
TA	0.0265224
TC	0.135872
TG	0.0733442
TT	0.0742332
