kmer	count
sequence	0
AA	0.0488599
AC	0.0945983
AG	0.0890337
AT	0.0579533
CA	0.0287731
CC	0.0958198
CG	0.0191368
CT	0.0557818
GA	0.019544
GC	0.0643322
GG	0.0590391
GT	0.0392237
TA	0.0271444
TC	0.141965
TG	0.0788545
TT	0.0799403
