kmer	count
sequence	0
AA	0.0559933
AC	0.110323
AG	0.0832239
AT	0.0665003
CA	0.0352859
CC	0.0902285
CG	0.00788022
CT	0.0577007
GA	0.0242973
GC	0.0621662
GG	0.0427283
GT	0.0402329
TA	0.0277997
TC	0.137729
TG	0.079634
TT	0.0782769
