kmer	count
sequence	0
AA	0.0386495
AC	0.0953079
AG	0.0595909
AT	0.0633882
CA	0.0436499
CC	0.0903075
CG	0.0101511
CT	0.0633506
GA	0.0260546
GC	0.06117
GG	0.044289
GT	0.0459057
TA	0.0313557
TC	0.13877
TG	0.0940672
TT	0.093992
