kmer	count
sequence	0
AA	0.0477421
AC	0.104491
AG	0.0687455
AT	0.0560223
CA	0.0312222
CC	0.116326
CG	0.0171662
CT	0.0566282
GA	0.0226997
GC	0.0811051
GG	0.0486307
GT	0.0391793
TA	0.026658
TC	0.136845
TG	0.0727846
TT	0.0737539
