kmer	count
sequence	0
AA	0.0495555
AC	0.0973862
AG	0.083455
AT	0.0505506
CA	0.0313785
CC	0.0978506
CG	0.0171819
CT	0.0547963
GA	0.0228208
GC	0.0715139
GG	0.0509487
GT	0.0362213
TA	0.0284596
TC	0.148202
TG	0.084251
TT	0.0754279
