kmer	count
sequence	0
AA	0.052675
AC	0.108563
AG	0.0822043
AT	0.0594059
CA	0.0353483
CC	0.0895866
CG	0.00864165
CT	0.0596665
GA	0.0237537
GC	0.0632274
GG	0.0445979
GT	0.0438162
TA	0.029095
TC	0.134184
TG	0.0848532
TT	0.0803804
