kmer	count
sequence	0
AA	0.0468921
AC	0.100397
AG	0.0786239
AT	0.0496093
CA	0.0298426
CC	0.109178
CG	0.0171195
CT	0.0549271
GA	0.0225306
GC	0.0804898
GG	0.0522915
GT	0.0368863
TA	0.0261691
TC	0.147895
TG	0.07607
TT	0.0710787
