kmer	count
sequence	0
AA	0.056588
AC	0.10859
AG	0.0803557
AT	0.0606157
CA	0.0360903
CC	0.0863774
CG	0.00933163
CT	0.055591
GA	0.0245254
GC	0.0625299
GG	0.0394002
GT	0.0393205
TA	0.0326607
TC	0.142806
TG	0.0820306
TT	0.0831871
