kmer	count
sequence	0
AA	0.0488681
AC	0.093065
AG	0.0842616
AT	0.054258
CA	0.0362918
CC	0.0923464
CG	0.0183255
CT	0.055875
GA	0.0213798
GC	0.0729429
GG	0.0515631
GT	0.0389867
TA	0.0309019
TC	0.142292
TG	0.0815667
TT	0.0770751
