kmer	count
sequence	0
AA	0.0521572
AC	0.101926
AG	0.0916795
AT	0.0630971
CA	0.0315871
CC	0.0788136
CG	0.00924499
CT	0.0582435
GA	0.0219569
GC	0.05547
GG	0.0457627
GT	0.0391371
TA	0.0287365
TC	0.141911
TG	0.0936826
TT	0.0865948
