kmer	count
sequence	0
AA	0.0458898
AC	0.0989348
AG	0.0768776
AT	0.0532602
CA	0.0315795
CC	0.106951
CG	0.0212503
CT	0.0593932
GA	0.0229718
GC	0.0742952
GG	0.0527222
GT	0.0380353
TA	0.0251237
TC	0.140144
TG	0.0769852
TT	0.0755864
