kmer	count
sequence	0
AA	0.0513913
AC	0.0980822
AG	0.0752695
AT	0.0577212
CA	0.0324016
CC	0.104725
CG	0.0139133
CT	0.0533342
GA	0.0238782
GC	0.0733266
GG	0.0456881
GT	0.040173
TA	0.0295813
TC	0.146403
TG	0.0744548
TT	0.0796566
