kmer	count
sequence	0
AA	0.0519217
AC	0.0966395
AG	0.081372
AT	0.0510622
CA	0.0319062
CC	0.102063
CG	0.0173141
CT	0.0515943
GA	0.0237199
GC	0.0700749
GG	0.0496296
GT	0.0357538
TA	0.0303508
TC	0.146392
TG	0.0832753
TT	0.0769309
