kmer	count
sequence	0
AA	0.042637
AC	0.091895
AG	0.0820776
AT	0.0483447
CA	0.0321347
CC	0.110388
CG	0.019863
CT	0.0638699
GA	0.0236872
GC	0.0743721
GG	0.0563927
GT	0.0379566
TA	0.0263699
TC	0.136187
TG	0.0785959
TT	0.0752283
