kmer	count
sequence	0
AA	0.0487795
AC	0.0975978
AG	0.0807052
AT	0.0457962
CA	0.0340953
CC	0.108989
CG	0.0181713
CT	0.0487021
GA	0.0246029
GC	0.0795816
GG	0.0532352
GT	0.0329717
TA	0.0314219
TC	0.147346
TG	0.0801627
TT	0.0678419
