kmer	count
sequence	0
AA	0.0465697
AC	0.0978575
AG	0.0790409
AT	0.0512877
CA	0.0315275
CC	0.106849
CG	0.0185391
CT	0.058448
GA	0.0231461
GC	0.079929
GG	0.0509547
GT	0.0375777
TA	0.0244782
TC	0.139099
TG	0.0765431
TT	0.0781528
