kmer	count
sequence	0
AA	0.0528234
AC	0.113041
AG	0.0796419
AT	0.0620931
CA	0.0344962
CC	0.0940065
CG	0.00849137
CT	0.0597934
GA	0.0223252
GC	0.0669757
GG	0.0437659
GT	0.0443674
TA	0.0258987
TC	0.13519
TG	0.0792174
TT	0.0778729
