kmer	count
sequence	0
AA	0.0499743
AC	0.0988689
AG	0.0771208
AT	0.0538817
CA	0.034653
CC	0.103342
CG	0.0173265
CT	0.0547558
GA	0.0230848
GC	0.0737789
GG	0.0493059
GT	0.0401028
TA	0.0295116
TC	0.14545
TG	0.0719794
TT	0.0768638
