kmer	count
sequence	0
AA	0.0488907
AC	0.0950596
AG	0.0820666
AT	0.0512017
CA	0.0310703
CC	0.108412
CG	0.0170501
CT	0.0523829
GA	0.020645
GC	0.0757498
GG	0.0519721
GT	0.0377979
TA	0.0276808
TC	0.148778
TG	0.0766742
TT	0.0745686
