kmer	count
sequence	0
AA	0.0513407
AC	0.111284
AG	0.0752265
AT	0.061499
CA	0.0407248
CC	0.0957719
CG	0.00814496
CT	0.0580672
GA	0.0231079
GC	0.06397
GG	0.0437906
GT	0.0411824
TA	0.0303835
TC	0.137137
TG	0.0821818
TT	0.0761874
