kmer	count
sequence	0
AA	0.0505698
AC	0.113549
AG	0.0804574
AT	0.0605864
CA	0.0367411
CC	0.0925017
CG	0.00875948
CT	0.0588832
GA	0.0240075
GC	0.0612352
GG	0.0434324
GT	0.0417697
TA	0.0312259
TC	0.134231
TG	0.0838639
TT	0.0781865
