kmer	count
sequence	0
AA	0.05426
AC	0.11008
AG	0.0807667
AT	0.0591933
CA	0.03462
CC	0.0920867
CG	0.00876667
CT	0.05644
GA	0.0230333
GC	0.0644733
GG	0.0424
GT	0.0402067
TA	0.0297333
TC	0.143267
TG	0.0804467
TT	0.0802267
