kmer	count
sequence	0
AA	0.0440884
AC	0.0930255
AG	0.0657312
AT	0.0586346
CA	0.0645109
CC	0.102402
CG	0.0120095
CT	0.0621347
GA	0.0349367
GC	0.0634834
GG	0.0544923
GT	0.0422902
TA	0.0331706
TC	0.119164
TG	0.0820757
TT	0.0678505
