kmer	count
sequence	0
AA	0.0550801
AC	0.104454
AG	0.0833333
AT	0.0627186
CA	0.0400791
CC	0.0863703
CG	0.00814467
CT	0.0615222
GA	0.0250782
GC	0.0584392
GG	0.04261
GT	0.0411375
TA	0.0319345
TC	0.129394
TG	0.0860942
TT	0.0836094
