kmer	count
sequence	0
AA	0.0526611
AC	0.104986
AG	0.0792346
AT	0.0665645
CA	0.0356556
CC	0.0895126
CG	0.0084467
CT	0.0600613
GA	0.0230229
GC	0.0597997
GG	0.0432053
GT	0.0426446
TA	0.0312453
TC	0.133802
TG	0.0837569
TT	0.0854014
