kmer	count
sequence	0
AA	0.0466978
AC	0.0932065
AG	0.0831233
AT	0.0507941
CA	0.0313839
CC	0.0963574
CG	0.0180867
CT	0.0530628
GA	0.0243257
GC	0.075939
GG	0.0571591
GT	0.0382531
TA	0.0288001
TC	0.141984
TG	0.0883539
TT	0.0724729
