kmer	count
sequence	0
AA	0.0516838
AC	0.107897
AG	0.0868215
AT	0.0624589
CA	0.0372197
CC	0.0859084
CG	0.00942362
CT	0.056213
GA	0.0253853
GC	0.0622398
GG	0.0471546
GT	0.0394112
TA	0.032033
TC	0.130798
TG	0.0859084
TT	0.0794433
