kmer	count
sequence	0
AA	0.0525854
AC	0.0998463
AG	0.0812383
AT	0.0540125
CA	0.0311231
CC	0.108409
CG	0.0163574
CT	0.0513778
GA	0.0224503
GC	0.0740476
GG	0.0480294
GT	0.0361181
TA	0.0296959
TC	0.144527
TG	0.0779998
TT	0.0721814
