kmer	count
sequence	0
AA	0.0469084
AC	0.101367
AG	0.0796076
AT	0.0552319
CA	0.0315101
CC	0.102378
CG	0.0157551
CT	0.0535077
GA	0.0245541
GC	0.0724732
GG	0.0497027
GT	0.0396552
TA	0.0290131
TC	0.141855
TG	0.077824
TT	0.0786564
