kmer	count
sequence	0
AA	0.0494795
AC	0.101732
AG	0.0803446
AT	0.0535933
CA	0.0321606
CC	0.107641
CG	0.0170008
CT	0.053207
GA	0.0229329
GC	0.0772308
GG	0.0501386
GT	0.0376153
TA	0.0268649
TC	0.137665
TG	0.0783672
TT	0.0740261
