kmer	count
sequence	0
AA	0.0542998
AC	0.112114
AG	0.0880276
AT	0.0562667
CA	0.032696
CC	0.0849966
CG	0.00964112
CT	0.0558798
GA	0.0219263
GC	0.0617483
GG	0.0408216
GT	0.0392739
TA	0.0292136
TC	0.14552
TG	0.084255
TT	0.0833199
