kmer	count
sequence	0
AA	0.0515472
AC	0.105339
AG	0.0838515
AT	0.0598256
CA	0.0358365
CC	0.0840355
CG	0.008536
CT	0.0565142
GA	0.0229589
GC	0.0615549
GG	0.0408771
GT	0.039479
TA	0.0305015
TC	0.14548
TG	0.0890393
TT	0.0846242
