kmer	count
sequence	0
AA	0.0468097
AC	0.0951872
AG	0.0754408
AT	0.0506726
CA	0.0351754
CC	0.116388
CG	0.0189965
CT	0.0562625
GA	0.0231322
GC	0.0838484
GG	0.0538084
GT	0.0377204
TA	0.0251091
TC	0.131999
TG	0.0784403
TT	0.0710098
