kmer	count
sequence	0
AA	0.0491033
AC	0.106391
AG	0.0715912
AT	0.0512383
CA	0.0340877
CC	0.116994
CG	0.0146598
CT	0.0549388
GA	0.0232707
GC	0.0772132
GG	0.0414888
GT	0.0350128
TA	0.029889
TC	0.154355
TG	0.0695986
TT	0.0701679
