kmer	count
sequence	0
AA	0.0494807
AC	0.101289
AG	0.0809956
AT	0.0537782
CA	0.0291871
CC	0.10493
CG	0.0178465
CT	0.0553898
GA	0.0198759
GC	0.0766981
GG	0.0506148
GT	0.0391548
TA	0.0264414
TC	0.145159
TG	0.0746687
TT	0.0744897
