kmer	count
sequence	0
AA	0.0501092
AC	0.094242
AG	0.0811401
AT	0.0535571
CA	0.0313757
CC	0.10493
CG	0.0164924
CT	0.0534996
GA	0.0219515
GC	0.0768877
GG	0.0535571
GT	0.0371796
TA	0.025974
TC	0.139926
TG	0.0841283
TT	0.0750488
