kmer	count
sequence	0
AA	0.0472935
AC	0.0950585
AG	0.0776594
AT	0.0501697
CA	0.0340438
CC	0.103923
CG	0.0178706
CT	0.0515843
GA	0.0249434
GC	0.0738401
GG	0.054602
GT	0.0391362
TA	0.030083
TC	0.143342
TG	0.08096
TT	0.0754904
