kmer	count
sequence	0
AA	0.0395399
AC	0.0896736
AG	0.0564473
AT	0.0544141
CA	0.0329053
CC	0.105939
CG	0.0178705
CT	0.0620118
GA	0.0226859
GC	0.0753344
GG	0.0493312
GT	0.040931
TA	0.029481
TC	0.153772
TG	0.0826645
TT	0.0869984
