kmer	count
sequence	0
AA	0.0546026
AC	0.0991882
AG	0.0843263
AT	0.0529658
CA	0.0306403
CC	0.0985989
CG	0.015582
CT	0.0486448
GA	0.0245515
GC	0.0697263
GG	0.0492995
GT	0.0383659
TA	0.0290035
TC	0.145018
TG	0.0803981
TT	0.0790886
