kmer	count
sequence	0
AA	0.0422843
AC	0.0937033
AG	0.0820981
AT	0.0473974
CA	0.0299897
CC	0.105194
CG	0.0214294
CT	0.0650925
GA	0.026083
GC	0.0808342
GG	0.0567046
GT	0.0383776
TA	0.0255084
TC	0.139722
TG	0.0788808
TT	0.0667011
