kmer	count
sequence	0
AA	0.0563329
AC	0.112059
AG	0.0812035
AT	0.0609431
CA	0.0353445
CC	0.0908282
CG	0.00861372
CT	0.0503478
GA	0.0229295
GC	0.0612261
GG	0.045131
GT	0.0361129
TA	0.0304513
TC	0.141419
TG	0.0869055
TT	0.0801521
