kmer	count
sequence	0
AA	0.048003
AC	0.100331
AG	0.0812687
AT	0.0516339
CA	0.031557
CC	0.101826
CG	0.0181546
CT	0.0548911
GA	0.0230137
GC	0.0751815
GG	0.0505126
GT	0.0379111
TA	0.0268582
TC	0.146358
TG	0.0779581
TT	0.0745408
