kmer	count
sequence	0
AA	0.0465511
AC	0.0803602
AG	0.0643901
AT	0.0496092
CA	0.0646449
CC	0.112895
CG	0.0220863
CT	0.0566599
GA	0.0323649
GC	0.0652396
GG	0.0521577
GT	0.0360177
TA	0.0428984
TC	0.126826
TG	0.0779817
TT	0.069317
