kmer	count
sequence	0
AA	0.0529372
AC	0.105223
AG	0.08158
AT	0.0570774
CA	0.0378086
CC	0.0923081
CG	0.00976461
CT	0.0579367
GA	0.0252317
GC	0.0623633
GG	0.0458806
GT	0.0396052
TA	0.0304656
TC	0.138163
TG	0.0851734
TT	0.0784814
