kmer	count
sequence	0
AA	0.0490918
AC	0.101824
AG	0.0765346
AT	0.0510883
CA	0.0337848
CC	0.11353
CG	0.0177733
CT	0.0522628
GA	0.0238412
GC	0.0822894
GG	0.0501879
GT	0.0364861
TA	0.0281084
TC	0.141051
TG	0.0723458
TT	0.0698011
