kmer	count
sequence	0
AA	0.051307
AC	0.102405
AG	0.0841908
AT	0.0538098
CA	0.0295467
CC	0.100528
CG	0.0171719
CT	0.0533927
GA	0.0218298
GC	0.070356
GG	0.0480395
GT	0.0377503
TA	0.0304505
TC	0.14106
TG	0.0788376
TT	0.0793242
