kmer	count
sequence	0
AA	0.0525961
AC	0.110326
AG	0.0804931
AT	0.0610536
CA	0.0348397
CC	0.0871413
CG	0.00934108
CT	0.0560465
GA	0.0239838
GC	0.0614744
GG	0.0419928
GT	0.0427081
TA	0.0329883
TC	0.140074
TG	0.0820921
TT	0.0828494
