kmer	count
sequence	0
AA	0.0464507
AC	0.0980059
AG	0.0755121
AT	0.0522698
CA	0.0329409
CC	0.106513
CG	0.0180698
CT	0.0565916
GA	0.0234125
GC	0.0744913
GG	0.0485946
GT	0.0380453
TA	0.0304227
TC	0.148744
TG	0.0760907
TT	0.0738447
