kmer	count
sequence	0
AA	0.0523666
AC	0.111598
AG	0.0768828
AT	0.0572045
CA	0.0367089
CC	0.0925405
CG	0.00823745
CT	0.0533146
GA	0.0240913
GC	0.0659976
GG	0.0423313
GT	0.0391933
TA	0.0307924
TC	0.145822
TG	0.0839108
TT	0.0790076
