kmer	count
sequence	0
AA	0.0500921
AC	0.111338
AG	0.0779266
AT	0.0614699
CA	0.0359259
CC	0.0938854
CG	0.00868894
CT	0.0612458
GA	0.0236269
GC	0.0644824
GG	0.0434447
GT	0.0441916
TA	0.0283324
TC	0.134741
TG	0.081437
TT	0.0791714
