kmer	count
sequence	0
AA	0.0505891
AC	0.0971175
AG	0.08209
AT	0.0535269
CA	0.0309779
CC	0.106316
CG	0.0159658
CT	0.0524964
GA	0.0228874
GC	0.0750915
GG	0.051635
GT	0.0361307
TA	0.02864
TC	0.145261
TG	0.0781985
TT	0.0730766
