kmer	count
sequence	0
AA	0.0522161
AC	0.100259
AG	0.0821022
AT	0.0554302
CA	0.0301116
CC	0.101218
CG	0.0159017
CT	0.0531747
GA	0.0248675
GC	0.0763505
GG	0.0515394
GT	0.037555
TA	0.0269539
TC	0.139957
TG	0.0768016
TT	0.0755611
