kmer	count
sequence	0
AA	0.0554353
AC	0.10937
AG	0.0788592
AT	0.0602178
CA	0.0338616
CC	0.0888082
CG	0.00939049
CT	0.0565873
GA	0.0247504
GC	0.062068
GG	0.0445437
GT	0.0407038
TA	0.0313831
TC	0.137855
TG	0.0870279
TT	0.0791384
