kmer	count
sequence	0
AA	0.0461218
AC	0.0999124
AG	0.0831507
AT	0.0519829
CA	0.0327564
CC	0.103856
CG	0.0184049
CT	0.0509422
GA	0.0222393
GC	0.0767419
GG	0.0533523
GT	0.0380149
TA	0.0264023
TC	0.142857
TG	0.0790425
TT	0.0742222
