kmer	count
sequence	0
AA	0.047361
AC	0.0990221
AG	0.0844722
AT	0.0481268
CA	0.0306904
CC	0.10132
CG	0.0210886
CT	0.0589656
GA	0.025271
GC	0.0734566
GG	0.0552545
GT	0.0414114
TA	0.0263902
TC	0.136016
TG	0.0772267
TT	0.0739279
