kmer	count
sequence	0
AA	0.0549194
AC	0.106701
AG	0.0836726
AT	0.064631
CA	0.0373622
CC	0.0868109
CG	0.00695505
CT	0.0567854
GA	0.022095
GC	0.0633164
GG	0.0428753
GT	0.039313
TA	0.0298558
TC	0.138846
TG	0.0830365
TT	0.0828244
