kmer	count
sequence	0
AA	0.0528912
AC	0.109125
AG	0.0839257
AT	0.0587445
CA	0.0370999
CC	0.089832
CG	0.00935455
CT	0.0558444
GA	0.0232361
GC	0.0616269
GG	0.0450575
GT	0.0392396
TA	0.0292661
TC	0.140248
TG	0.086366
TT	0.0781432
