kmer	count
sequence	0
AA	0.0500463
AC	0.0990114
AG	0.0759654
AT	0.0539079
CA	0.0331789
CC	0.109021
CG	0.0173926
CT	0.0575224
GA	0.0240655
GC	0.0765833
GG	0.0503553
GT	0.0396664
TA	0.026815
TC	0.137689
TG	0.0741118
TT	0.0746679
