kmer	count
sequence	0
AA	0.0448269
AC	0.0979665
AG	0.0790052
AT	0.047884
CA	0.0330448
CC	0.106451
CG	0.0195109
CT	0.0528648
GA	0.0233237
GC	0.0801388
GG	0.0513877
GT	0.0350714
TA	0.0274114
TC	0.149526
TG	0.0766694
TT	0.0749176
