kmer	count
sequence	0
AA	0.0534806
AC	0.108996
AG	0.0842901
AT	0.0637989
CA	0.0373492
CC	0.0900547
CG	0.00905876
CT	0.0602141
GA	0.0239306
GC	0.0576951
GG	0.0410309
GT	0.040934
TA	0.0320205
TC	0.134428
TG	0.0817226
TT	0.080996
