kmer	count
sequence	0
AA	0.0497053
AC	0.102617
AG	0.0868435
AT	0.0596291
CA	0.0361414
CC	0.0813833
CG	0.00983706
CT	0.0572456
GA	0.024831
GC	0.0556422
GG	0.0490986
GT	0.0397383
TA	0.0305946
TC	0.142876
TG	0.092477
TT	0.0813399
