kmer	count
sequence	0
AA	0.0526682
AC	0.0949096
AG	0.076302
AT	0.050262
CA	0.033205
CC	0.104534
CG	0.0201048
CT	0.053791
GA	0.028767
GC	0.0795637
GG	0.0552882
GT	0.0397818
TA	0.0283927
TC	0.134638
TG	0.0796172
TT	0.0681745
