kmer	count
sequence	0
AA	0.0585558
AC	0.103267
AG	0.088047
AT	0.0600256
CA	0.0380257
CC	0.0835902
CG	0.00886634
CT	0.0540989
GA	0.0274999
GC	0.0596463
GG	0.0476032
GT	0.0409653
TA	0.0311033
TC	0.13015
TG	0.0906074
TT	0.0779479
