kmer	count
sequence	0
AA	0.0524012
AC	0.097924
AG	0.0846673
AT	0.0507754
CA	0.0311406
CC	0.0954227
CG	0.0163207
CT	0.0501501
GA	0.0236368
GC	0.0715983
GG	0.0502126
GT	0.0382691
TA	0.0300775
TC	0.147074
TG	0.0816033
TT	0.0787269
