kmer	count
sequence	0
AA	0.0511185
AC	0.111019
AG	0.082063
AT	0.0606877
CA	0.0399337
CC	0.0895195
CG	0.00923778
CT	0.0594035
GA	0.0241922
GC	0.0608948
GG	0.0427506
GT	0.0422949
TA	0.0300746
TC	0.13575
TG	0.0833057
TT	0.0777548
