kmer	count
sequence	0
AA	0.0482918
AC	0.0896695
AG	0.093073
AT	0.0429617
CA	0.0352984
CC	0.109877
CG	0.0227759
CT	0.0511816
GA	0.0250878
GC	0.0734438
GG	0.0617347
GT	0.0344422
TA	0.0268216
TC	0.131454
TG	0.090226
TT	0.0636613
