kmer	count
sequence	0
AA	0.0499505
AC	0.106056
AG	0.0755578
AT	0.064018
CA	0.0428069
CC	0.0882515
CG	0.00956149
CT	0.0585779
GA	0.0246181
GC	0.0608858
GG	0.0452247
GT	0.041543
TA	0.0309924
TC	0.132652
TG	0.0828113
TT	0.086493
