kmer	count
sequence	0
AA	0.0480809
AC	0.0970118
AG	0.0755925
AT	0.0500129
CA	0.0350464
CC	0.109969
CG	0.0189078
CT	0.0528207
GA	0.0243045
GC	0.0758758
GG	0.0518418
GT	0.03466
TA	0.0305641
TC	0.145054
TG	0.0781942
TT	0.0720634
