kmer	count
sequence	0
AA	0.054104
AC	0.104364
AG	0.0833455
AT	0.0591641
CA	0.0362477
CC	0.0842699
CG	0.00919574
CT	0.062132
GA	0.0252031
GC	0.0641269
GG	0.0438379
GT	0.0416971
TA	0.0295821
TC	0.135114
TG	0.0826643
TT	0.0849511
