kmer	count
sequence	0
AA	0.052097
AC	0.106127
AG	0.0778783
AT	0.0660362
CA	0.0375411
CC	0.0860197
CG	0.00879934
CT	0.0606908
GA	0.0259868
GC	0.061102
GG	0.0422697
GT	0.0412418
TA	0.0323602
TC	0.136842
TG	0.0813734
TT	0.0836349
