kmer	count
sequence	0
AA	0.0492699
AC	0.0934972
AG	0.0843051
AT	0.0548377
CA	0.0296775
CC	0.105526
CG	0.0180166
CT	0.0543124
GA	0.0241097
GC	0.0718038
GG	0.0510558
GT	0.0369787
TA	0.0277865
TC	0.141086
TG	0.0822565
TT	0.0754806
