kmer	count
sequence	0
AA	0.0523462
AC	0.112382
AG	0.0772213
AT	0.0542521
CA	0.0376577
CC	0.0918441
CG	0.00860936
CT	0.0521819
GA	0.0243494
GC	0.068842
GG	0.0427839
GT	0.0396622
TA	0.0320058
TC	0.149448
TG	0.0803759
TT	0.0760384
