kmer	count
sequence	0
AA	0.0344387
AC	0.0683749
AG	0.0589659
AT	0.0378643
CA	0.0665479
CC	0.114141
CG	0.0288207
CT	0.0517037
GA	0.0446698
GC	0.0740385
GG	0.0793825
GT	0.0360829
TA	0.0417009
TC	0.124418
TG	0.0827167
TT	0.0561341
