kmer	count
sequence	0
AA	0.0491684
AC	0.107908
AG	0.0831631
AT	0.0535454
CA	0.0331193
CC	0.0927342
CG	0.00907499
CT	0.0568719
GA	0.0253283
GC	0.0689233
GG	0.0440035
GT	0.0435366
TA	0.0269915
TC	0.142924
TG	0.0843303
TT	0.0783776
