kmer	count
sequence	0
AA	0.0469538
AC	0.107446
AG	0.0608
AT	0.0566769
CA	0.0335385
CC	0.111569
CG	0.0140923
CT	0.0534769
GA	0.0224
GC	0.0776615
GG	0.0484923
GT	0.0371692
TA	0.0307077
TC	0.140062
TG	0.0812923
TT	0.0776615
