kmer	count
sequence	0
AA	0.0545526
AC	0.108987
AG	0.0812771
AT	0.0605439
CA	0.035002
CC	0.0865195
CG	0.00867166
CT	0.0554592
GA	0.0219156
GC	0.0644856
GG	0.0426882
GT	0.0401655
TA	0.0309815
TC	0.140284
TG	0.0835633
TT	0.0849034
