kmer	count
sequence	0
AA	0.050771
AC	0.107446
AG	0.0790231
AT	0.0628477
CA	0.0374988
CC	0.100883
CG	0.0093442
CT	0.0651654
GA	0.0261296
GC	0.0667756
GG	0.0444764
GT	0.0445252
TA	0.0256417
TC	0.127867
TG	0.0763394
TT	0.0752659
