kmer	count
sequence	0
AA	0.0491921
AC	0.0991589
AG	0.0816733
AT	0.0506308
CA	0.0293825
CC	0.101538
CG	0.0184816
CT	0.0526228
GA	0.0246237
GC	0.0737052
GG	0.0553896
GT	0.0369633
TA	0.0284971
TC	0.138446
TG	0.0810093
TT	0.0786853
