kmer	count
sequence	0
AA	0.0533587
AC	0.101817
AG	0.0841149
AT	0.0637093
CA	0.0401352
CC	0.0861005
CG	0.00853401
CT	0.06109
GA	0.0249261
GC	0.0570342
GG	0.0429235
GT	0.0390368
TA	0.0318547
TC	0.136629
TG	0.086523
TT	0.0822138
