kmer	count
sequence	0
AA	0.0554969
AC	0.0944965
AG	0.0875676
AT	0.0496239
CA	0.0317408
CC	0.0942325
CG	0.0172232
CT	0.0539791
GA	0.0264617
GC	0.0721922
GG	0.0552989
GT	0.0375478
TA	0.030223
TC	0.134486
TG	0.08539
TT	0.0740399
