kmer	count
sequence	0
AA	0.0532606
AC	0.113592
AG	0.0804289
AT	0.058333
CA	0.0337778
CC	0.0881912
CG	0.00883834
CT	0.0559505
GA	0.0245552
GC	0.0633286
GG	0.041886
GT	0.0397725
TA	0.0321639
TC	0.143834
TG	0.0810053
TT	0.0810821
