kmer	count
sequence	0
AA	0.053793
AC	0.111309
AG	0.0765979
AT	0.0664753
CA	0.0361464
CC	0.0919175
CG	0.00868756
CT	0.0559649
GA	0.0247828
GC	0.0642259
GG	0.0407617
GT	0.0404514
TA	0.0300574
TC	0.139234
TG	0.0779941
TT	0.081601
