kmer	count
sequence	0
AA	0.0510154
AC	0.107371
AG	0.0727286
AT	0.0655962
CA	0.0349238
CC	0.0975336
CG	0.00909985
CT	0.0680205
GA	0.025578
GC	0.0652449
GG	0.0440587
GT	0.0466236
TA	0.0281077
TC	0.12919
TG	0.0754339
TT	0.0794744
