kmer	count
sequence	0
AA	0.0517019
AC	0.0991848
AG	0.0831665
AT	0.0494851
CA	0.0335383
CC	0.0968965
CG	0.0162328
CT	0.0527746
GA	0.0259582
GC	0.0711527
GG	0.048627
GT	0.0333238
TA	0.0308924
TC	0.148956
TG	0.0775172
TT	0.0805921
