kmer	count
sequence	0
AA	0.0506062
AC	0.0974697
AG	0.0731154
AT	0.054718
CA	0.0341592
CC	0.106378
CG	0.0167106
CT	0.0548761
GA	0.0246178
GC	0.0717976
GG	0.0429626
GT	0.0374275
TA	0.0301002
TC	0.15145
TG	0.0734844
TT	0.0801265
