kmer	count
sequence	0
AA	0.0499753
AC	0.100074
AG	0.0851866
AT	0.0500371
CA	0.0308253
CC	0.0966148
CG	0.0163084
CT	0.0512108
GA	0.0240919
GC	0.0710403
GG	0.0516432
GT	0.0357055
TA	0.0320608
TC	0.142945
TG	0.0849395
TT	0.0773412
