kmer	count
sequence	0
AA	0.0478384
AC	0.0978738
AG	0.0827073
AT	0.0533664
CA	0.0309001
CC	0.0991495
CG	0.019348
CT	0.0520198
GA	0.022679
GC	0.0710843
GG	0.0495393
GT	0.0367116
TA	0.0295535
TC	0.143161
TG	0.0839121
TT	0.0801559
