kmer	count
sequence	0
AA	0.0437008
AC	0.0981627
AG	0.0744094
AT	0.0515092
CA	0.0343504
CC	0.114108
CG	0.0165354
CT	0.0554134
GA	0.0238517
GC	0.0780512
GG	0.0521982
GT	0.0361549
TA	0.0277559
TC	0.146588
TG	0.0762467
TT	0.0709646
