kmer	count
sequence	0
AA	0.0521388
AC	0.0813549
AG	0.107348
AT	0.0301371
CA	0.0404216
CC	0.108934
CG	0.0260438
CT	0.0405751
GA	0.0230761
GC	0.0629861
GG	0.0678469
GT	0.0222575
TA	0.0364818
TC	0.136717
TG	0.107757
TT	0.0559251
