kmer	count
sequence	0
AA	0.0527537
AC	0.109535
AG	0.0797723
AT	0.0588001
CA	0.0353668
CC	0.0916439
CG	0.0083216
CT	0.0566312
GA	0.0242654
GC	0.0649262
GG	0.04275
GT	0.0394125
TA	0.0287449
TC	0.145504
TG	0.0817376
TT	0.0798343
