kmer	count
sequence	0
AA	0.0520594
AC	0.0981069
AG	0.0817771
AT	0.052102
CA	0.0284386
CC	0.106805
CG	0.0168415
CT	0.0512493
GA	0.0218726
GC	0.0759785
GG	0.0496291
GT	0.0385862
TA	0.0291208
TC	0.145647
TG	0.0775134
TT	0.074273
