kmer	count
sequence	0
AA	0.0540005
AC	0.113788
AG	0.0883969
AT	0.0555935
CA	0.0320882
CC	0.0838454
CG	0.00799766
CT	0.052505
GA	0.0227901
GC	0.0606001
GG	0.042134
GT	0.0386554
TA	0.0307552
TC	0.147892
TG	0.0873891
TT	0.0815696
