kmer	count
sequence	0
AA	0.0444765
AC	0.102171
AG	0.0722907
AT	0.0508397
CA	0.0320126
CC	0.12067
CG	0.0168591
CT	0.0599908
GA	0.0237142
GC	0.0806547
GG	0.0457229
GT	0.0380806
TA	0.0265022
TC	0.146287
TG	0.068978
TT	0.0707491
