kmer	count
sequence	0
AA	0.0464344
AC	0.10119
AG	0.0801932
AT	0.0492369
CA	0.0292748
CC	0.10645
CG	0.0177632
CT	0.0513926
GA	0.0234112
GC	0.0810986
GG	0.0548418
GT	0.0364318
TA	0.0267311
TC	0.145512
TG	0.0772182
TT	0.0728206
