kmer	count
sequence	0
AA	0.0461767
AC	0.100297
AG	0.0728155
AT	0.0514724
CA	0.0343015
CC	0.119795
CG	0.0176121
CT	0.0565674
GA	0.024994
GC	0.079716
GG	0.0526358
GT	0.0367087
TA	0.0285244
TC	0.138731
TG	0.0710102
TT	0.0686432
