kmer	count
sequence	0
AA	0.0481302
AC	0.110416
AG	0.0756642
AT	0.0617572
CA	0.0362765
CC	0.0938958
CG	0.00914691
CT	0.0645884
GA	0.0218406
GC	0.0641839
GG	0.0422811
GT	0.0438367
TA	0.0276896
TC	0.142119
TG	0.0775621
TT	0.080611
