kmer	count
sequence	0
AA	0.0510581
AC	0.106996
AG	0.0818159
AT	0.0637713
CA	0.035269
CC	0.0843176
CG	0.0086122
CT	0.0619259
GA	0.0265748
GC	0.0609416
GG	0.0458497
GT	0.0435121
TA	0.0281332
TC	0.133899
TG	0.0843176
TT	0.0830052
