kmer	count
sequence	0
AA	0.0505538
AC	0.105226
AG	0.0863391
AT	0.0532519
CA	0.0310281
CC	0.0952144
CG	0.0166856
CT	0.0519739
GA	0.0227918
GC	0.0706475
GG	0.0492048
GT	0.0358563
TA	0.028117
TC	0.144987
TG	0.0808009
TT	0.0773218
