kmer	count
sequence	0
AA	0.0495043
AC	0.109639
AG	0.0881124
AT	0.0573693
CA	0.0360069
CC	0.0966738
CG	0.00929871
CT	0.0559766
GA	0.0253973
GC	0.0645584
GG	0.0505284
GT	0.0382804
TA	0.0254588
TC	0.132066
TG	0.0899558
TT	0.071174
