kmer	count
sequence	0
AA	0.0479858
AC	0.097971
AG	0.0817536
AT	0.0465047
CA	0.0313981
CC	0.102488
CG	0.0186611
CT	0.0541321
GA	0.0225859
GC	0.0706457
GG	0.0547245
GT	0.0389514
TA	0.0271031
TC	0.148623
TG	0.0819757
TT	0.0744964
