kmer	count
sequence	0
AA	0.0476721
AC	0.101321
AG	0.0769476
AT	0.0498896
CA	0.0319107
CC	0.112408
CG	0.017074
CT	0.0559356
GA	0.0228118
GC	0.0800103
GG	0.0502774
GT	0.0368429
TA	0.0266999
TC	0.14416
TG	0.074024
TT	0.0720153
