kmer	count
sequence	0
AA	0.0433056
AC	0.0864744
AG	0.0678562
AT	0.0430319
CA	0.0502419
CC	0.110934
CG	0.0252806
CT	0.0582732
GA	0.0321256
GC	0.0795382
GG	0.0580451
GT	0.0364607
TA	0.0323537
TC	0.131879
TG	0.0783974
TT	0.0658027
