kmer	count
sequence	0
AA	0.0452011
AC	0.0904686
AG	0.0732444
AT	0.0552901
CA	0.0350126
CC	0.105635
CG	0.0186845
CT	0.0765299
GA	0.0261516
GC	0.0769282
GG	0.054925
GT	0.0459976
TA	0.0246582
TC	0.123424
TG	0.0711536
TT	0.0766959
