kmer	count
sequence	0
AA	0.0523988
AC	0.101495
AG	0.0732087
AT	0.0567601
CA	0.032648
CC	0.101869
CG	0.0155763
CT	0.0544548
GA	0.0234268
GC	0.0729595
GG	0.0475389
GT	0.0380685
TA	0.0314019
TC	0.148037
TG	0.074704
TT	0.0754517
