kmer	count
sequence	0
AA	0.0493433
AC	0.0974984
AG	0.0775485
AT	0.0502814
CA	0.0321451
CC	0.10344
CG	0.0179487
CT	0.0547842
GA	0.0242026
GC	0.0791119
GG	0.0486554
GT	0.0365228
TA	0.0270169
TC	0.150532
TG	0.0818637
TT	0.0691057
