kmer	count
sequence	0
AA	0.055396
AC	0.104233
AG	0.0855597
AT	0.064493
CA	0.0349038
CC	0.0836445
CG	0.00991095
CT	0.060902
GA	0.0210667
GC	0.0594657
GG	0.0470171
GT	0.0425644
TA	0.0263334
TC	0.131667
TG	0.0857033
TT	0.0871397
