kmer	count
sequence	0
AA	0.0465705
AC	0.0988479
AG	0.0850651
AT	0.0518467
CA	0.0338645
CC	0.110208
CG	0.0204049
CT	0.0550232
GA	0.0251965
GC	0.075428
GG	0.0522235
GT	0.0369872
TA	0.025358
TC	0.137666
TG	0.0758049
TT	0.0695058
