kmer	count
sequence	0
AA	0.0476052
AC	0.0972424
AG	0.0839381
AT	0.0468795
CA	0.0312046
CC	0.105031
CG	0.0194969
CT	0.0510402
GA	0.0208999
GC	0.0777939
GG	0.0528786
GT	0.032656
TA	0.0273343
TC	0.150847
TG	0.0831156
TT	0.0720368
