kmer	count
sequence	0
AA	0.0483625
AC	0.109437
AG	0.0817791
AT	0.0624341
CA	0.0367333
CC	0.101346
CG	0.00868721
CT	0.0631002
GA	0.023411
GC	0.0699417
GG	0.0441715
GT	0.0455454
TA	0.0261032
TC	0.12645
TG	0.0789481
TT	0.0735498
