kmer	count
sequence	0
AA	0.0506045
AC	0.112061
AG	0.0776914
AT	0.0572251
CA	0.0360104
CC	0.0982441
CG	0.00895222
CT	0.0546632
GA	0.0233736
GC	0.0658895
GG	0.0394934
GT	0.0400691
TA	0.0299079
TC	0.147611
TG	0.0795049
TT	0.0786989
