kmer	count
sequence	0
AA	0.050676
AC	0.105372
AG	0.0817354
AT	0.0617655
CA	0.0367147
CC	0.0901299
CG	0.00910135
CT	0.059689
GA	0.0247415
GC	0.06287
GG	0.0422373
GT	0.0426792
TA	0.0329593
TC	0.138111
TG	0.0793055
TT	0.0819122
