kmer	count
sequence	0
AA	0.0545764
AC	0.101192
AG	0.0883237
AT	0.0577308
CA	0.0359003
CC	0.0831664
CG	0.00966353
CT	0.0564791
GA	0.0229822
GC	0.0584318
GG	0.0437613
GT	0.041458
TA	0.0315442
TC	0.145504
TG	0.0873223
TT	0.0819648
