kmer	count
sequence	0
AA	0.0494689
AC	0.108597
AG	0.0766767
AT	0.062487
CA	0.0405645
CC	0.105186
CG	0.00934701
CT	0.0682931
GA	0.026557
GC	0.0696469
GG	0.0463445
GT	0.048115
TA	0.0255936
TC	0.11922
TG	0.0726932
TT	0.0712091
