kmer	count
sequence	0
AA	0.0484752
AC	0.109166
AG	0.0868858
AT	0.057354
CA	0.0325649
CC	0.0917388
CG	0.00943032
CT	0.0545966
GA	0.0236034
GC	0.0644681
GG	0.0461314
GT	0.0400375
TA	0.0267192
TC	0.139304
TG	0.0919318
TT	0.0775933
