kmer	count
sequence	0
AA	0.0522233
AC	0.0949962
AG	0.0815033
AT	0.0528242
CA	0.0307003
CC	0.109582
CG	0.0173714
CT	0.0550639
GA	0.0204305
GC	0.0753851
GG	0.0485633
GT	0.0370917
TA	0.0279143
TC	0.144816
TG	0.0777887
TT	0.0737463
