kmer	count
sequence	0
AA	0.0540467
AC	0.106665
AG	0.0846067
AT	0.0567898
CA	0.0368624
CC	0.0853321
CG	0.00915892
CT	0.0537293
GA	0.0240988
GC	0.0594196
GG	0.0446157
GT	0.0387894
TA	0.0313534
TC	0.146067
TG	0.0900929
TT	0.0783723
