kmer	count
sequence	0
AA	0.0504662
AC	0.0981205
AG	0.0854669
AT	0.0507622
CA	0.0303389
CC	0.0998224
CG	0.0165014
CT	0.0531301
GA	0.0225692
GC	0.0751073
GG	0.0468403
GT	0.0352967
TA	0.0293029
TC	0.149771
TG	0.0782892
TT	0.0782152
