kmer	count
sequence	0
AA	0.0549357
AC	0.109245
AG	0.0764545
AT	0.0687123
CA	0.0339292
CC	0.0897188
CG	0.00740066
CT	0.0576113
GA	0.0231698
GC	0.0610839
GG	0.0353524
GT	0.0409883
TA	0.0335307
TC	0.138506
TG	0.0791301
TT	0.0902311
