kmer	count
sequence	0
AA	0.0448143
AC	0.0936833
AG	0.0665386
AT	0.0609475
CA	0.0501494
CC	0.0935553
CG	0.0107981
CT	0.0596244
GA	0.0243705
GC	0.0588135
GG	0.0461801
GT	0.0414853
TA	0.0352539
TC	0.133632
TG	0.0999146
TT	0.080239
