kmer	count
sequence	0
AA	0.0495745
AC	0.102383
AG	0.0802979
AT	0.0641277
CA	0.0374468
CC	0.0894468
CG	0.00851064
CT	0.0562979
GA	0.023234
GC	0.0586809
GG	0.044766
GT	0.0421702
TA	0.0330638
TC	0.141277
TG	0.0850213
TT	0.0837021
