kmer	count
sequence	0
AA	0.050285
AC	0.108144
AG	0.084407
AT	0.0618021
CA	0.0354103
CC	0.089209
CG	0.00855001
CT	0.0601234
GA	0.0259233
GC	0.0610213
GG	0.0448583
GT	0.0420083
TA	0.0283829
TC	0.133169
TG	0.0819474
TT	0.0847583
