kmer	count
sequence	0
AA	0.0520581
AC	0.114891
AG	0.0774415
AT	0.0649314
CA	0.0353914
CC	0.0931396
CG	0.00815174
CT	0.0582324
GA	0.0206215
GC	0.0673123
GG	0.0422922
GT	0.0414851
TA	0.0263115
TC	0.136279
TG	0.0801856
TT	0.0812752
