kmer	count
sequence	0
AA	0.0485757
AC	0.0967016
AG	0.0796102
AT	0.0536732
CA	0.0333583
CC	0.102324
CG	0.0182909
CT	0.0610195
GA	0.0216642
GC	0.0697901
GG	0.0502999
GT	0.0371814
TA	0.0302099
TC	0.135232
TG	0.0801349
TT	0.081934
