kmer	count
sequence	0
AA	0.0455619
AC	0.10675
AG	0.079404
AT	0.0611883
CA	0.0377941
CC	0.0961661
CG	0.00994821
CT	0.0684564
GA	0.025075
GC	0.0678205
GG	0.0470155
GT	0.0461524
TA	0.0261197
TC	0.126283
TG	0.0819933
TT	0.0742709
