kmer	count
sequence	0
AA	0.0489842
AC	0.113309
AG	0.0661908
AT	0.0712551
CA	0.0369603
CC	0.108275
CG	0.00728544
CT	0.071344
GA	0.0244032
GC	0.0718178
GG	0.0416395
GT	0.048303
TA	0.0245513
TC	0.124089
TG	0.065332
TT	0.0762601
