kmer	count
sequence	0
AA	0.04765
AC	0.0971756
AG	0.0787996
AT	0.0481403
CA	0.0322774
CC	0.109373
CG	0.0175669
CT	0.051205
GA	0.0230956
GC	0.0773776
GG	0.0512173
GT	0.033773
TA	0.0287101
TC	0.152647
TG	0.0788487
TT	0.0721431
