kmer	count
sequence	0
AA	0.0506732
AC	0.0963614
AG	0.07786
AT	0.0529345
CA	0.0338678
CC	0.104481
CG	0.0165999
CT	0.0556583
GA	0.0223045
GC	0.0742625
GG	0.0474355
GT	0.0397266
TA	0.0287285
TC	0.145287
TG	0.0763182
TT	0.0775003
