kmer	count
sequence	0
AA	0.0541679
AC	0.105276
AG	0.087421
AT	0.0595847
CA	0.036463
CC	0.0826562
CG	0.0086769
CT	0.0581804
GA	0.0239743
GC	0.0547698
GG	0.0454409
GT	0.0407764
TA	0.0307955
TC	0.141087
TG	0.0889257
TT	0.0818036
