kmer	count
sequence	0
AA	0.0479328
AC	0.107836
AG	0.0798712
AT	0.0511015
CA	0.0273614
CC	0.102354
CG	0.0179559
CT	0.0555779
GA	0.0219294
GC	0.0747913
GG	0.0484861
GT	0.036616
TA	0.0261543
TC	0.146967
TG	0.0789659
TT	0.076099
