kmer	count
sequence	0
AA	0.0533328
AC	0.109794
AG	0.0844211
AT	0.0593574
CA	0.0335213
CC	0.0859272
CG	0.00888237
CT	0.0525218
GA	0.0219742
GC	0.0563837
GG	0.041554
GT	0.0385804
TA	0.0330192
TC	0.149378
TG	0.0863907
TT	0.0849618
