kmer	count
sequence	0
AA	0.0524445
AC	0.106135
AG	0.0776589
AT	0.0713553
CA	0.0375651
CC	0.0913655
CG	0.00883237
CT	0.0651616
GA	0.0222458
GC	0.0617899
GG	0.0443084
GT	0.0452613
TA	0.0284395
TC	0.127171
TG	0.0769992
TT	0.0832661
