kmer	count
sequence	0
AA	0.0370703
AC	0.102574
AG	0.0544296
AT	0.0670002
CA	0.0440824
CC	0.100308
CG	0.00855139
CT	0.0581495
GA	0.0262528
GC	0.0667436
GG	0.0425004
GT	0.0420729
TA	0.030956
TC	0.146528
TG	0.0887207
TT	0.0840602
