kmer	count
sequence	0
AA	0.0494046
AC	0.0959766
AG	0.0727866
AT	0.0529576
CA	0.0318321
CC	0.10966
CG	0.0180526
CT	0.0555022
GA	0.0270309
GC	0.0835414
GG	0.0515172
GT	0.0405704
TA	0.0275591
TC	0.135587
TG	0.0736509
TT	0.074371
