kmer	count
sequence	0
AA	0.0459623
AC	0.10441
AG	0.0749124
AT	0.0492114
CA	0.0318341
CC	0.11058
CG	0.0164282
CT	0.0507812
GA	0.0230359
GC	0.0801694
GG	0.0495035
GT	0.0348642
TA	0.0269057
TC	0.154644
TG	0.0749854
TT	0.0717728
