kmer	count
sequence	0
AA	0.0521125
AC	0.0918534
AG	0.0772642
AT	0.0555556
CA	0.0337302
CC	0.101949
CG	0.0188492
CT	0.0585317
GA	0.0246265
GC	0.0699113
GG	0.0501284
GT	0.0404995
TA	0.0308123
TC	0.136029
TG	0.0819911
TT	0.0761555
