kmer	count
sequence	0
AA	0.0518603
AC	0.104537
AG	0.0813067
AT	0.056216
CA	0.0397913
CC	0.0880672
CG	0.00970962
CT	0.0520871
GA	0.024637
GC	0.061343
GG	0.0450091
GT	0.0393376
TA	0.0303539
TC	0.145054
TG	0.0912886
TT	0.0794011
