kmer	count
sequence	0
AA	0.0500386
AC	0.0984222
AG	0.0822024
AT	0.0490456
CA	0.0292398
CC	0.103553
CG	0.016606
CT	0.0522454
GA	0.021185
GC	0.0727132
GG	0.0515834
GT	0.0335981
TA	0.028026
TC	0.153261
TG	0.0838023
TT	0.0744786
