kmer	count
sequence	0
AA	0.0504741
AC	0.102451
AG	0.0757401
AT	0.0591466
CA	0.0361355
CC	0.109621
CG	0.0150902
CT	0.063772
GA	0.0269426
GC	0.0788043
GG	0.0484505
GT	0.0415703
TA	0.0269426
TC	0.124595
TG	0.0679348
TT	0.0723289
