kmer	count
sequence	0
AA	0.0496941
AC	0.10888
AG	0.0807578
AT	0.0670301
CA	0.0366724
CC	0.0882099
CG	0.00847192
CT	0.0598525
GA	0.0246313
GC	0.0618528
GG	0.0437324
GT	0.0436539
TA	0.0298086
TC	0.134884
TG	0.0808754
TT	0.0809931
