kmer	count
sequence	0
AA	0.0473689
AC	0.0945735
AG	0.0776619
AT	0.0517609
CA	0.0330433
CC	0.108694
CG	0.0184714
CT	0.0575897
GA	0.0244643
GC	0.0772925
GG	0.0528282
GT	0.0401034
TA	0.0274198
TC	0.137099
TG	0.0756917
TT	0.0759379
