kmer	count
sequence	0
AA	0.0422737
AC	0.0839404
AG	0.0585541
AT	0.0511589
CA	0.0775938
CC	0.098234
CG	0.0133002
CT	0.0582781
GA	0.0389625
GC	0.0542494
GG	0.0570088
GT	0.0368102
TA	0.0480684
TC	0.123013
TG	0.0903422
TT	0.0682119
