kmer	count
sequence	0
AA	0.0509389
AC	0.0977993
AG	0.0779166
AT	0.0497069
CA	0.0310986
CC	0.107528
CG	0.019203
CT	0.0545926
GA	0.0228567
GC	0.0747727
GG	0.0449061
GT	0.0361543
TA	0.0298241
TC	0.150353
TG	0.0768969
TT	0.0754525
