kmer	count
sequence	0
AA	0.0515062
AC	0.103819
AG	0.0789501
AT	0.0624577
CA	0.039332
CC	0.094558
CG	0.00920868
CT	0.0647989
GA	0.0248166
GC	0.0647469
GG	0.0460954
GT	0.0439363
TA	0.027548
TC	0.130352
TG	0.0785859
TT	0.0792883
