kmer	count
sequence	0
AA	0.0331829
AC	0.0855162
AG	0.05547
AT	0.05558
CA	0.0365948
CC	0.104887
CG	0.0181048
CT	0.061138
GA	0.0248184
GC	0.07407
GG	0.0474356
GT	0.0428681
TA	0.0307616
TC	0.150286
TG	0.0868369
TT	0.0924499
