kmer	count
sequence	0
AA	0.0540353
AC	0.106138
AG	0.0817873
AT	0.0659787
CA	0.0333565
CC	0.0875077
CG	0.00885127
CT	0.0602582
GA	0.0239255
GC	0.0633117
GG	0.0419759
GT	0.042517
TA	0.027868
TC	0.136712
TG	0.0830628
TT	0.0827149
