kmer	count
sequence	0
AA	0.0479443
AC	0.0935889
AG	0.0807666
AT	0.0530314
CA	0.0308711
CC	0.104948
CG	0.0183972
CT	0.0597909
GA	0.0228571
GC	0.0711498
GG	0.0483624
GT	0.0358885
TA	0.0275958
TC	0.148502
TG	0.0801394
TT	0.0761672
