kmer	count
sequence	0
AA	0.043722
AC	0.099417
AG	0.0816143
AT	0.0459641
CA	0.0359193
CC	0.110493
CG	0.0180717
CT	0.0542152
GA	0.0235426
GC	0.0747982
GG	0.0550224
GT	0.0357399
TA	0.0280717
TC	0.146592
TG	0.0811211
TT	0.0656951
