kmer	count
sequence	0
AA	0.0341014
AC	0.106003
AG	0.0564504
AT	0.0675092
CA	0.0329454
CC	0.102227
CG	0.00786067
CT	0.0591862
GA	0.0190737
GC	0.065467
GG	0.040151
GT	0.0479346
TA	0.0280903
TC	0.149006
TG	0.0885866
TT	0.0954069
