kmer	count
sequence	0
AA	0.0522883
AC	0.0925101
AG	0.0820741
AT	0.0523426
CA	0.0352212
CC	0.100337
CG	0.0190782
CT	0.0521796
GA	0.0238613
GC	0.0688662
GG	0.0546255
GT	0.0361996
TA	0.029351
TC	0.146048
TG	0.0831612
TT	0.0718556
