kmer	count
sequence	0
AA	0.0493339
AC	0.092423
AG	0.07806
AT	0.0536359
CA	0.0373994
CC	0.10068
CG	0.0190119
CT	0.0512767
GA	0.0287261
GC	0.0732029
GG	0.0557175
GT	0.0407299
TA	0.0324729
TC	0.133084
TG	0.0793089
TT	0.0749376
