kmer	count
sequence	0
AA	0.0513205
AC	0.103904
AG	0.0714934
AT	0.0598871
CA	0.0474912
CC	0.0850736
CG	0.0110931
CT	0.0570842
GA	0.0276341
GC	0.0580711
GG	0.0451621
GT	0.0383325
TA	0.0356875
TC	0.138881
TG	0.0877581
TT	0.0811259
