kmer	count
sequence	0
AA	0.0531407
AC	0.105537
AG	0.0828628
AT	0.058875
CA	0.0415408
CC	0.0852703
CG	0.00984898
CT	0.0590939
GA	0.0260889
GC	0.0586562
GG	0.0449551
GT	0.0391771
TA	0.0348435
TC	0.133508
TG	0.0902167
TT	0.0763843
