kmer	count
sequence	0
AA	0.0495278
AC	0.109898
AG	0.0833774
AT	0.0618814
CA	0.034303
CC	0.0835285
CG	0.00944465
CT	0.0612391
GA	0.0239894
GC	0.0618814
GG	0.041972
GT	0.0403476
TA	0.0293162
TC	0.140914
TG	0.085493
TT	0.0828863
