kmer	count
sequence	0
AA	0.0471108
AC	0.0985425
AG	0.0883207
AT	0.0481427
CA	0.0318586
CC	0.0968012
CG	0.0190894
CT	0.0519154
GA	0.0226042
GC	0.0757126
GG	0.0500451
GT	0.03992
TA	0.0266349
TC	0.145331
TG	0.0827422
TT	0.0752289
