kmer	count
sequence	0
AA	0.0487715
AC	0.105357
AG	0.0627832
AT	0.0639835
CA	0.0439948
CC	0.0987434
CG	0.00801019
CT	0.0742474
GA	0.0349313
GC	0.0716753
GG	0.0457585
GT	0.0541117
TA	0.0279499
TC	0.118022
TG	0.0682948
TT	0.0733655
