kmer	count
sequence	0
AA	0.0514607
AC	0.105569
AG	0.0799757
AT	0.0599513
CA	0.036336
CC	0.0906573
CG	0.00998174
CT	0.0581862
GA	0.0229154
GC	0.064577
GG	0.0419355
GT	0.0402617
TA	0.0295496
TC	0.14364
TG	0.0817407
TT	0.0832623
