kmer	count
sequence	0
AA	0.0490747
AC	0.095423
AG	0.0830304
AT	0.0495704
CA	0.0347819
CC	0.101289
CG	0.0165235
CT	0.0573364
GA	0.0218936
GC	0.0690681
GG	0.0512227
GT	0.0399042
TA	0.0289161
TC	0.146811
TG	0.0756775
TT	0.0794779
