kmer	count
sequence	0
AA	0.0516769
AC	0.114166
AG	0.0785131
AT	0.060523
CA	0.0370525
CC	0.0923334
CG	0.00899506
CT	0.0559659
GA	0.0242152
GC	0.0655865
GG	0.0418776
GT	0.0399118
TA	0.0290701
TC	0.142253
TG	0.081581
TT	0.0762793
