kmer	count
sequence	0
AA	0.0469608
AC	0.0927018
AG	0.0795893
AT	0.0473674
CA	0.0381683
CC	0.10434
CG	0.0205326
CT	0.052348
GA	0.0268855
GC	0.0733381
GG	0.0540252
GT	0.0334418
TA	0.0307481
TC	0.140069
TG	0.0860947
TT	0.0733889
