kmer	count
sequence	0
AA	0.0484284
AC	0.0970241
AG	0.077296
AT	0.0529982
CA	0.0320999
CC	0.103321
CG	0.0159942
CT	0.0572336
GA	0.0251337
GC	0.0732835
GG	0.0498217
GT	0.0339947
TA	0.0300936
TC	0.148852
TG	0.0782434
TT	0.0761815
