kmer	count
sequence	0
AA	0.0516833
AC	0.0955414
AG	0.0836215
AT	0.0517743
CA	0.0296633
CC	0.102275
CG	0.0166515
CT	0.05505
GA	0.022748
GC	0.0735214
GG	0.0518653
GT	0.0399454
TA	0.0260237
TC	0.142857
TG	0.0818926
TT	0.0748863
