kmer	count
sequence	0
AA	0.0506114
AC	0.111803
AG	0.0787352
AT	0.060621
CA	0.0347517
CC	0.0946164
CG	0.00845426
CT	0.0572107
GA	0.0230084
GC	0.0657506
GG	0.0427778
GT	0.0414223
TA	0.0284163
TC	0.14298
TG	0.080476
TT	0.0783642
