kmer	count
sequence	0
AA	0.0560584
AC	0.111687
AG	0.0903475
AT	0.0583708
CA	0.0310518
CC	0.0832122
CG	0.00842363
CT	0.051797
GA	0.0220336
GC	0.0609144
GG	0.0399049
GT	0.0365684
TA	0.0301268
TC	0.149148
TG	0.0878039
TT	0.0825515
