kmer	count
sequence	0
AA	0.0544313
AC	0.110764
AG	0.0865447
AT	0.0597417
CA	0.0337998
CC	0.084643
CG	0.00764263
CT	0.0529243
GA	0.0229996
GC	0.0613204
GG	0.0402583
GT	0.0384284
TA	0.031934
TC	0.151238
TG	0.0846789
TT	0.0786509
