kmer	count
sequence	0
AA	0.0470633
AC	0.101167
AG	0.0758594
AT	0.0519472
CA	0.029811
CC	0.108905
CG	0.0165546
CT	0.0545478
GA	0.0220728
GC	0.0751617
GG	0.0506152
GT	0.0378029
TA	0.0274007
TC	0.147342
TG	0.0764303
TT	0.0773183
