kmer	count
sequence	0
AA	0.0453963
AC	0.0983586
AG	0.0839318
AT	0.0459733
CA	0.034496
CC	0.102142
CG	0.0186586
CT	0.0545653
GA	0.0234676
GC	0.0713645
GG	0.0548217
GT	0.0337907
TA	0.0264811
TC	0.14446
TG	0.0842524
TT	0.0778405
