kmer	count
sequence	0
AA	0.042784
AC	0.0981217
AG	0.0732988
AT	0.0517645
CA	0.0352264
CC	0.13104
CG	0.0201113
CT	0.0611245
GA	0.0268151
GC	0.0895839
GG	0.0563812
GT	0.0412029
TA	0.0202694
TC	0.124399
TG	0.0684923
TT	0.0593853
