kmer	count
sequence	0
AA	0.0578266
AC	0.111923
AG	0.0802111
AT	0.0627877
CA	0.0351246
CC	0.089419
CG	0.00809652
CT	0.0586601
GA	0.0225433
GC	0.0606842
GG	0.0416733
GT	0.0440546
TA	0.0280997
TC	0.139268
TG	0.0783855
TT	0.0812431
