kmer	count
sequence	0
AA	0.053337
AC	0.106793
AG	0.0808607
AT	0.0633999
CA	0.0337284
CC	0.0898497
CG	0.00827301
CT	0.0563201
GA	0.025177
GC	0.0580304
GG	0.0430753
GT	0.038024
TA	0.0285976
TC	0.145812
TG	0.0864291
TT	0.0822926
