kmer	count
sequence	0
AA	0.0518682
AC	0.111532
AG	0.0787102
AT	0.0627479
CA	0.0359133
CC	0.0877158
CG	0.00856814
CT	0.0592332
GA	0.0224595
GC	0.0629302
GG	0.0412291
GT	0.0401791
TA	0.0297004
TC	0.140087
TG	0.0825093
TT	0.0846167
