kmer	count
sequence	0
AA	0.0534651
AC	0.103601
AG	0.0817109
AT	0.0633007
CA	0.0371734
CC	0.0848381
CG	0.0094825
CT	0.0595682
GA	0.0243115
GC	0.0609805
GG	0.0437305
GT	0.0414607
TA	0.029658
TC	0.138101
TG	0.0834258
TT	0.0851912
