kmer	count
sequence	0
AA	0.0494294
AC	0.107906
AG	0.0816153
AT	0.0583822
CA	0.0361894
CC	0.0847677
CG	0.00885821
CT	0.0564908
GA	0.0234853
GC	0.0623227
GG	0.0431562
GT	0.0392157
TA	0.0310825
TC	0.147847
TG	0.0876363
TT	0.0816153
