kmer	count
sequence	0
AA	0.0488203
AC	0.0954941
AG	0.0841008
AT	0.0516824
CA	0.0308406
CC	0.104025
CG	0.0193924
CT	0.0542876
GA	0.0215756
GC	0.0747441
GG	0.0533336
GT	0.0385646
TA	0.0276667
TC	0.138829
TG	0.0805966
TT	0.0760467
