kmer	count
sequence	0
AA	0.0471105
AC	0.105293
AG	0.0770055
AT	0.0500393
CA	0.0305736
CC	0.110829
CG	0.0160011
CT	0.051968
GA	0.0226445
GC	0.0786842
GG	0.0463247
GT	0.0372527
TA	0.0260376
TC	0.151797
TG	0.0768626
TT	0.0715765
