kmer	count
sequence	0
AA	0.0531791
AC	0.107799
AG	0.0794686
AT	0.0613421
CA	0.0355328
CC	0.0864711
CG	0.00784282
CT	0.0572606
GA	0.0233684
GC	0.0601417
GG	0.0398143
GT	0.041575
TA	0.0315714
TC	0.145492
TG	0.0849506
TT	0.0841903
