kmer	count
sequence	0
AA	0.0504128
AC	0.108027
AG	0.0821184
AT	0.0659582
CA	0.0361848
CC	0.0872124
CG	0.00860706
CT	0.0566485
GA	0.0245916
GC	0.058932
GG	0.042684
GT	0.0429475
TA	0.0326717
TC	0.134639
TG	0.0813279
TT	0.0870367
