kmer	count
sequence	0
AA	0.0536206
AC	0.113174
AG	0.0854256
AT	0.0607777
CA	0.0339865
CC	0.0892146
CG	0.00842009
CT	0.0535058
GA	0.0202082
GC	0.062079
GG	0.0431338
GT	0.0398423
TA	0.0287048
TC	0.14184
TG	0.0848898
TT	0.0811773
