kmer	count
sequence	0
AA	0.0552642
AC	0.10708
AG	0.083479
AT	0.0600233
CA	0.0372475
CC	0.0853244
CG	0.00825563
CT	0.0601204
GA	0.0241356
GC	0.0591492
GG	0.0428322
GT	0.0418124
TA	0.0299145
TC	0.136315
TG	0.0809538
TT	0.0880925
