kmer	count
sequence	0
AA	0.0506654
AC	0.102203
AG	0.0759162
AT	0.0524651
CA	0.0319045
CC	0.107112
CG	0.0136889
CT	0.0495746
GA	0.0256872
GC	0.0753709
GG	0.0434119
GT	0.0396488
TA	0.0313591
TC	0.152105
TG	0.0717168
TT	0.0771706
