kmer	count
sequence	0
AA	0.0522996
AC	0.10519
AG	0.0763207
AT	0.0659727
CA	0.0387197
CC	0.0905531
CG	0.00870106
CT	0.0658173
GA	0.0279055
GC	0.0657551
GG	0.0423555
GT	0.0497825
TA	0.029739
TC	0.123027
TG	0.0759167
TT	0.0819453
