kmer	count
sequence	0
AA	0.0491742
AC	0.094294
AG	0.0848088
AT	0.0511085
CA	0.0315057
CC	0.103035
CG	0.0179289
CT	0.0544562
GA	0.0235084
GC	0.0769603
GG	0.0497694
GT	0.0387219
TA	0.028158
TC	0.146779
TG	0.0754724
TT	0.0743193
