kmer	count
sequence	0
AA	0.0507354
AC	0.0959308
AG	0.0799261
AT	0.0536351
CA	0.0340828
CC	0.10518
CG	0.0183211
CT	0.0558057
GA	0.0242986
GC	0.0704659
GG	0.051837
GT	0.0354435
TA	0.0309078
TC	0.138486
TG	0.0805741
TT	0.0743699
