kmer	count
sequence	0
AA	0.0502221
AC	0.109555
AG	0.0818813
AT	0.0597312
CA	0.0330259
CC	0.0953764
CG	0.0073454
CT	0.0574536
GA	0.0218654
GC	0.0686141
GG	0.0390047
GT	0.0411115
TA	0.0275026
TC	0.148844
TG	0.0790912
TT	0.0793759
