kmer	count
sequence	0
AA	0.0477182
AC	0.109544
AG	0.0862582
AT	0.0607207
CA	0.0368828
CC	0.0890201
CG	0.00947565
CT	0.0648424
GA	0.0234129
GC	0.0604232
GG	0.0456361
GT	0.0430866
TA	0.0267698
TC	0.133084
TG	0.0853234
TT	0.0778023
