kmer	count
sequence	0
AA	0.0513986
AC	0.104981
AG	0.0844078
AT	0.0633411
CA	0.0356161
CC	0.0852533
CG	0.00845487
CT	0.0627422
GA	0.0230043
GC	0.0602057
GG	0.0449165
GT	0.039914
TA	0.0301909
TC	0.138378
TG	0.0854999
TT	0.0816952
