kmer	count
sequence	0
AA	0.0526108
AC	0.11225
AG	0.0832841
AT	0.06
CA	0.0320854
CC	0.0918883
CG	0.0091954
CT	0.0560263
GA	0.0227586
GC	0.0650575
GG	0.0441379
GT	0.0396388
TA	0.0288013
TC	0.140263
TG	0.0836782
TT	0.0783251
