kmer	count
sequence	0
AA	0.0521903
AC	0.0927425
AG	0.0852248
AT	0.0526963
CA	0.0311551
CC	0.0958508
CG	0.0183606
CT	0.04807
GA	0.0224086
GC	0.0735868
GG	0.0544311
GT	0.0349863
TA	0.0275408
TC	0.144644
TG	0.0842128
TT	0.0818997
