kmer	count
sequence	0
AA	0.0516539
AC	0.110803
AG	0.0879909
AT	0.0630601
CA	0.0325892
CC	0.0916572
CG	0.00920645
CT	0.0629787
GA	0.0241975
GC	0.0621639
GG	0.0431807
GT	0.0426104
TA	0.0281897
TC	0.130764
TG	0.083184
TT	0.0757699
