kmer	count
sequence	0
AA	0.046637
AC	0.101969
AG	0.0771055
AT	0.0555476
CA	0.0303248
CC	0.106424
CG	0.0173901
CT	0.0606496
GA	0.0250072
GC	0.0732969
GG	0.0513078
GT	0.0376545
TA	0.0265881
TC	0.141636
TG	0.0732251
TT	0.0752371
