kmer	count
sequence	0
AA	0.0518105
AC	0.099666
AG	0.0760239
AT	0.0548427
CA	0.0294867
CC	0.108279
CG	0.0167868
CT	0.0539198
GA	0.0222359
GC	0.0751011
GG	0.0483389
GT	0.0366057
TA	0.0278608
TC	0.149455
TG	0.0751011
TT	0.0744858
