kmer	count
sequence	0
AA	0.0502768
AC	0.0998757
AG	0.0804429
AT	0.0529884
CA	0.0321998
CC	0.101796
CG	0.0188114
CT	0.0546831
GA	0.0242345
GC	0.0750763
GG	0.0495424
GT	0.0376229
TA	0.0285843
TC	0.138741
TG	0.0804994
TT	0.0746243
