kmer	count
sequence	0
AA	0.0539055
AC	0.109019
AG	0.0819887
AT	0.062838
CA	0.0389884
CC	0.0901897
CG	0.00945341
CT	0.0567315
GA	0.0252349
GC	0.0614749
GG	0.0440642
GT	0.0411052
TA	0.0308206
TC	0.132026
TG	0.0833518
TT	0.078808
