kmer	count
sequence	0
AA	0.04817
AC	0.0931639
AG	0.0803842
AT	0.0506655
CA	0.0345584
CC	0.10118
CG	0.0192831
CT	0.0539171
GA	0.0244253
GC	0.0712341
GG	0.0524803
GT	0.0387931
TA	0.0323654
TC	0.141031
TG	0.0802329
TT	0.0781155
