kmer	count
sequence	0
AA	0.0600371
AC	0.09276
AG	0.0998686
AT	0.0375135
CA	0.0460516
CC	0.0912919
CG	0.0139468
CT	0.0427291
GA	0.0270437
GC	0.051074
GG	0.0559419
GT	0.0238371
TA	0.0432313
TC	0.137614
TG	0.115863
TT	0.0611961
