kmer	count
sequence	0
AA	0.0519336
AC	0.110776
AG	0.0895647
AT	0.058703
CA	0.0307575
CC	0.086961
CG	0.0083316
CT	0.054572
GA	0.0219052
GC	0.0639797
GG	0.0422134
GT	0.0395751
TA	0.0286399
TC	0.144762
TG	0.0865098
TT	0.0808165
