kmer	count
sequence	0
AA	0.0518971
AC	0.097834
AG	0.0839512
AT	0.046155
CA	0.0308184
CC	0.101904
CG	0.0169356
CT	0.05008
GA	0.0253671
GC	0.0730484
GG	0.0527693
GT	0.0366332
TA	0.0297282
TC	0.144716
TG	0.0818433
TT	0.0763192
