kmer	count
sequence	0
AA	0.0443051
AC	0.103396
AG	0.0756602
AT	0.0518507
CA	0.0301825
CC	0.107882
CG	0.0170287
CT	0.0564393
GA	0.0234526
GC	0.0799429
GG	0.047721
GT	0.0390028
TA	0.0241154
TC	0.148924
TG	0.076374
TT	0.0737229
