kmer	count
sequence	0
AA	0.0509129
AC	0.0951545
AG	0.0750903
AT	0.0568319
CA	0.0325542
CC	0.101776
CG	0.0165028
CT	0.0577849
GA	0.0248796
GC	0.073736
GG	0.0476023
GT	0.0395265
TA	0.0287921
TC	0.142807
TG	0.0757925
TT	0.0802568
