kmer	count
sequence	0
AA	0.0536513
AC	0.111662
AG	0.0789121
AT	0.0625186
CA	0.0359538
CC	0.0902757
CG	0.00793592
CT	0.0585693
GA	0.0230253
GC	0.0669151
GG	0.0413934
GT	0.0402757
TA	0.0284277
TC	0.138301
TG	0.0796572
TT	0.0825261
