kmer	count
sequence	0
AA	0.0522671
AC	0.100026
AG	0.080034
AT	0.0525938
CA	0.0326016
CC	0.101921
CG	0.0143734
CT	0.0547498
GA	0.0219522
GC	0.0733046
GG	0.0508951
GT	0.0363256
TA	0.0261335
TC	0.145956
TG	0.07729
TT	0.0795766
