kmer	count
sequence	0
AA	0.0499591
AC	0.108503
AG	0.0820194
AT	0.0602663
CA	0.0347174
CC	0.0907498
CG	0.00913922
CT	0.0619598
GA	0.0224831
GC	0.0613466
GG	0.0415207
GT	0.043039
TA	0.028352
TC	0.139278
TG	0.0837713
TT	0.0828954
