kmer	count
sequence	0
AA	0.0547676
AC	0.106759
AG	0.0866185
AT	0.0582
CA	0.036192
CC	0.0826813
CG	0.00817728
CT	0.0535056
GA	0.0221594
GC	0.0578971
GG	0.044016
GT	0.0382111
TA	0.03175
TC	0.1429
TG	0.0925748
TT	0.0835899
