kmer	count
sequence	0
AA	0.0511744
AC	0.0982926
AG	0.0802754
AT	0.0486275
CA	0.0317423
CC	0.110178
CG	0.0167909
CT	0.052495
GA	0.0259881
GC	0.0788605
GG	0.0507499
GT	0.0373078
TA	0.0274502
TC	0.145788
TG	0.0720687
TT	0.0722102
