kmer	count
sequence	0
AA	0.0444492
AC	0.0830479
AG	0.0716324
AT	0.0521547
CA	0.0372432
CC	0.113014
CG	0.0237229
CT	0.0823345
GA	0.0309289
GC	0.0804438
GG	0.0598602
GT	0.046661
TA	0.0250071
TC	0.111087
TG	0.0664241
TT	0.0719892
