kmer	count
sequence	0
AA	0.0494917
AC	0.100268
AG	0.0802568
AT	0.0517389
CA	0.0282504
CC	0.106902
CG	0.0150883
CT	0.0486891
GA	0.0218834
GC	0.0766185
GG	0.047191
GT	0.0355805
TA	0.0275013
TC	0.160995
TG	0.0731942
TT	0.076351
