kmer	count
sequence	0
AA	0.0498804
AC	0.107858
AG	0.082576
AT	0.0622822
CA	0.0397677
CC	0.0893065
CG	0.00922446
CT	0.0568159
GA	0.0254185
GC	0.0615647
GG	0.0472497
GT	0.04315
TA	0.0292791
TC	0.128869
TG	0.0867099
TT	0.0800478
