kmer	count
sequence	0
AA	0.0513472
AC	0.091378
AG	0.0760585
AT	0.0558891
CA	0.0337182
CC	0.0970747
CG	0.0179369
CT	0.0582756
GA	0.0254042
GC	0.0692071
GG	0.052117
GT	0.0379523
TA	0.0321016
TC	0.141339
TG	0.0803695
TT	0.0798306
