kmer	count
sequence	0
AA	0.0459653
AC	0.0927077
AG	0.0793186
AT	0.052361
CA	0.0304842
CC	0.103825
CG	0.0193664
CT	0.0539151
GA	0.0240287
GC	0.0756127
GG	0.0526599
GT	0.0365212
TA	0.0295278
TC	0.144172
TG	0.0788404
TT	0.0806934
