kmer	count
sequence	0
AA	0.052363
AC	0.108586
AG	0.0801098
AT	0.0623124
CA	0.0352089
CC	0.0874432
CG	0.00922034
CT	0.0563513
GA	0.0226006
GC	0.0636418
GG	0.0414701
GT	0.0412557
TA	0.0327644
TC	0.137791
TG	0.0868857
TT	0.0819967
