kmer	count
sequence	0
AA	0.0517056
AC	0.0955988
AG	0.0777672
AT	0.057729
CA	0.034053
CC	0.0973282
CG	0.0183087
CT	0.058385
GA	0.0259423
GC	0.0721613
GG	0.0496183
GT	0.0413884
TA	0.0309518
TC	0.138955
TG	0.0758588
TT	0.0742486
