kmer	count
sequence	0
AA	0.0515793
AC	0.0998986
AG	0.0770067
AT	0.0548392
CA	0.0337583
CC	0.0969284
CG	0.0211533
CT	0.0557085
GA	0.0248479
GC	0.0698348
GG	0.0502753
GT	0.0375978
TA	0.0337583
TC	0.13257
TG	0.0814981
TT	0.0787453
