kmer	count
sequence	0
AA	0.0536887
AC	0.105937
AG	0.084029
AT	0.0631383
CA	0.0362303
CC	0.0884783
CG	0.00839019
CT	0.0600873
GA	0.0232213
GC	0.0585194
GG	0.0419086
GT	0.0445358
TA	0.0305521
TC	0.135514
TG	0.0847494
TT	0.0810204
