kmer	count
sequence	0
AA	0.046479
AC	0.096228
AG	0.0797034
AT	0.0536611
CA	0.0324653
CC	0.104753
CG	0.0188018
CT	0.0512671
GA	0.0244657
GC	0.0752073
GG	0.0537195
GT	0.0395889
TA	0.0303632
TC	0.13897
TG	0.0794698
TT	0.0748569
