kmer	count
sequence	0
AA	0.0457905
AC	0.10309
AG	0.0851049
AT	0.0475503
CA	0.0309728
CC	0.106539
CG	0.0194988
CT	0.0574757
GA	0.0229129
GC	0.0767281
GG	0.0532873
GT	0.0368154
TA	0.0257286
TC	0.140786
TG	0.0804942
TT	0.0672251
