kmer	count
sequence	0
AA	0.0409527
AC	0.0899557
AG	0.063257
AT	0.0480428
CA	0.0684269
CC	0.0974151
CG	0.0133678
CT	0.057127
GA	0.0345273
GC	0.0605244
GG	0.0557238
GT	0.0360414
TA	0.0432053
TC	0.133161
TG	0.091322
TT	0.0669498
