kmer	count
sequence	0
AA	0.0468534
AC	0.100256
AG	0.0782664
AT	0.0543606
CA	0.0308806
CC	0.103024
CG	0.0174103
CT	0.0540943
GA	0.0247577
GC	0.0756043
GG	0.0504739
GT	0.0401448
TA	0.0278991
TC	0.139229
TG	0.0801832
TT	0.0765627
