kmer	count
sequence	0
AA	0.0457959
AC	0.095574
AG	0.0778814
AT	0.0500057
CA	0.0341905
CC	0.108659
CG	0.019001
CT	0.0547275
GA	0.0242348
GC	0.0807828
GG	0.0512004
GT	0.0366936
TA	0.0285584
TC	0.144101
TG	0.0781659
TT	0.0704289
