kmer	count
sequence	0
AA	0.0519411
AC	0.108808
AG	0.0817401
AT	0.0648166
CA	0.0357004
CC	0.083252
CG	0.00873
CT	0.0637924
GA	0.0248244
GC	0.0607686
GG	0.0454058
GT	0.0396508
TA	0.0292138
TC	0.133584
TG	0.0849103
TT	0.0828619
