kmer	count
sequence	0
AA	0.0519047
AC	0.109958
AG	0.0794635
AT	0.0606118
CA	0.0358878
CC	0.0936783
CG	0.00863954
CT	0.0584047
GA	0.0236102
GC	0.0644996
GG	0.042462
GT	0.0393774
TA	0.029226
TC	0.142269
TG	0.0812117
TT	0.0787953
