kmer	count
sequence	0
AA	0.0428212
AC	0.0993025
AG	0.070529
AT	0.0553187
CA	0.0322127
CC	0.114852
CG	0.0181651
CT	0.0613738
GA	0.0234451
GC	0.0805561
GG	0.0576439
GT	0.041368
TA	0.0246561
TC	0.135487
TG	0.0677194
TT	0.0745495
