kmer	count
sequence	0
AA	0.0547083
AC	0.106653
AG	0.0816077
AT	0.0606548
CA	0.0369736
CC	0.0875892
CG	0.00850007
CT	0.0540437
GA	0.0247656
GC	0.063873
GG	0.0401917
GT	0.0399818
TA	0.0313418
TC	0.144711
TG	0.0837764
TT	0.0806282
