kmer	count
sequence	0
AA	0.0445513
AC	0.0897825
AG	0.0901485
AT	0.0494143
CA	0.0331521
CC	0.100554
CG	0.0199226
CT	0.0545911
GA	0.0236875
GC	0.0728927
GG	0.0558461
GT	0.0348776
TA	0.0313219
TC	0.142857
TG	0.0851809
TT	0.0712194
