kmer	count
sequence	0
AA	0.0528691
AC	0.0889749
AG	0.0751128
AT	0.0523856
CA	0.0348162
CC	0.0989684
CG	0.0196647
CT	0.0578659
GA	0.0274017
GC	0.073501
GG	0.0552869
GT	0.0362669
TA	0.0357834
TC	0.134591
TG	0.077853
TT	0.0786589
