kmer	count
sequence	0
AA	0.0500332
AC	0.0963673
AG	0.0771128
AT	0.0554871
CA	0.0291188
CC	0.106943
CG	0.0163616
CT	0.0568624
GA	0.0240918
GC	0.0745044
GG	0.0491796
GT	0.0421133
TA	0.0270322
TC	0.144503
TG	0.0718486
TT	0.0784407
