kmer	count
sequence	0
AA	0.0514429
AC	0.0996794
AG	0.0780008
AT	0.0559041
CA	0.0333194
CC	0.101352
CG	0.0148473
CT	0.0530461
GA	0.0225847
GC	0.0752823
GG	0.051652
GT	0.037432
TA	0.0292067
TC	0.14227
TG	0.0768158
TT	0.0771644
