kmer	count
sequence	0
AA	0.0535866
AC	0.11183
AG	0.0804169
AT	0.0587605
CA	0.0349237
CC	0.0863668
CG	0.00776082
CT	0.0543627
GA	0.0227281
GC	0.0635278
GG	0.0408736
GT	0.0383606
TA	0.0296759
TC	0.151632
TG	0.0834473
TT	0.0817473
