kmer	count
sequence	0
AA	0.0482585
AC	0.0923206
AG	0.0781228
AT	0.0526647
CA	0.032522
CC	0.100783
CG	0.0190936
CT	0.0533641
GA	0.0253182
GC	0.072038
GG	0.0509862
GT	0.038397
TA	0.0326619
TC	0.147084
TG	0.0812701
TT	0.0751154
