kmer	count
sequence	0
AA	0.0478929
AC	0.105674
AG	0.0866041
AT	0.0639357
CA	0.0334981
CC	0.0926244
CG	0.00877813
CT	0.0654828
GA	0.0239128
GC	0.0627249
GG	0.0453032
GT	0.0439579
TA	0.0272088
TC	0.129519
TG	0.0836108
TT	0.0792722
