kmer	count
sequence	0
AA	0.0454711
AC	0.0977234
AG	0.0819811
AT	0.0524946
CA	0.0313635
CC	0.104081
CG	0.0205861
CT	0.0572172
GA	0.021131
GC	0.079317
GG	0.0512231
GT	0.0376605
TA	0.0282151
TC	0.141802
TG	0.0756842
TT	0.0740494
