kmer	count
sequence	0
AA	0.0554611
AC	0.107321
AG	0.079916
AT	0.0586117
CA	0.0378576
CC	0.0883177
CG	0.00810162
CT	0.0556111
GA	0.0224545
GC	0.0661632
GG	0.0395579
GT	0.039958
TA	0.0312062
TC	0.145329
TG	0.0812663
TT	0.0828666
