kmer	count
sequence	0
AA	0.0472747
AC	0.102614
AG	0.0836346
AT	0.0542269
CA	0.0307286
CC	0.102058
CG	0.0159205
CT	0.0529755
GA	0.0234983
GC	0.069035
GG	0.0474138
GT	0.0357341
TA	0.0286429
TC	0.144118
TG	0.0825918
TT	0.0795328
