kmer	count
sequence	0
AA	0.0454838
AC	0.0958695
AG	0.0810029
AT	0.0566538
CA	0.034153
CC	0.103825
CG	0.0166345
CT	0.0601093
GA	0.0256348
GC	0.0677435
GG	0.0515911
GT	0.0366442
TA	0.0291707
TC	0.137657
TG	0.0781099
TT	0.0797171
