kmer	count
sequence	0
AA	0.0526209
AC	0.0987914
AG	0.0836502
AT	0.0551331
CA	0.0327947
CC	0.0960755
CG	0.0168387
CT	0.0524851
GA	0.0228816
GC	0.0676942
GG	0.0470532
GT	0.0376154
TA	0.0304861
TC	0.14598
TG	0.0788294
TT	0.0810701
