kmer	count
sequence	0
AA	0.0501759
AC	0.102214
AG	0.0750052
AT	0.050538
CA	0.0301055
CC	0.103818
CG	0.015777
CT	0.0520898
GA	0.0217774
GC	0.0807987
GG	0.0480033
GT	0.0356404
TA	0.0262259
TC	0.154562
TG	0.0756776
TT	0.0775916
