kmer	count
sequence	0
AA	0.0442087
AC	0.102619
AG	0.0804598
AT	0.0530504
CA	0.0324381
CC	0.106211
CG	0.018015
CT	0.0560897
GA	0.0237069
GC	0.080515
GG	0.0490716
GT	0.0382405
TA	0.0263042
TC	0.143347
TG	0.0753758
TT	0.070347
