kmer	count
sequence	0
AA	0.0529618
AC	0.111183
AG	0.0821185
AT	0.0629729
CA	0.0321554
CC	0.0855785
CG	0.0100572
CT	0.0605278
GA	0.0225134
GC	0.0575291
GG	0.0417051
GT	0.0415206
TA	0.0291567
TC	0.142923
TG	0.0805038
TT	0.0865935
