kmer	count
sequence	0
AA	0.0541563
AC	0.10949
AG	0.0839828
AT	0.0612987
CA	0.0353804
CC	0.0857998
CG	0.00875369
CT	0.0534363
GA	0.0234612
GC	0.0619272
GG	0.0421
GT	0.0391516
TA	0.0302722
TC	0.14199
TG	0.0854456
TT	0.0833543
