kmer	count
sequence	0
AA	0.0551855
AC	0.109807
AG	0.0799857
AT	0.0676368
CA	0.0390449
CC	0.0906436
CG	0.0084546
CT	0.0569789
GA	0.024134
GC	0.0594384
GG	0.042478
GT	0.0366878
TA	0.030539
TC	0.134146
TG	0.084751
TT	0.0800881
