kmer	count
sequence	0
AA	0.0533619
AC	0.0975262
AG	0.0741357
AT	0.0501903
CA	0.0325087
CC	0.107041
CG	0.0184745
CT	0.0522518
GA	0.0231526
GC	0.0712813
GG	0.047653
GT	0.0363146
TA	0.029575
TC	0.148747
TG	0.0757215
TT	0.0820647
