kmer	count
sequence	0
AA	0.0472082
AC	0.0928427
AG	0.0835956
AT	0.0525478
CA	0.030535
CC	0.107589
CG	0.0193783
CT	0.0563492
GA	0.0217299
GC	0.074649
GG	0.0530429
GT	0.0375544
TA	0.0270165
TC	0.141412
TG	0.0777786
TT	0.0767707
