kmer	count
sequence	0
AA	0.0474958
AC	0.0994108
AG	0.0801268
AT	0.0500848
CA	0.0316936
CC	0.113293
CG	0.0174092
CT	0.0561111
GA	0.0233015
GC	0.078118
GG	0.0534774
GT	0.0370056
TA	0.0255334
TC	0.141059
TG	0.0765557
TT	0.0693242
