kmer	count
sequence	0
AA	0.0472251
AC	0.0995556
AG	0.0788503
AT	0.0518105
CA	0.0346507
CC	0.108443
CG	0.0160726
CT	0.0601305
GA	0.0228326
GC	0.0753522
GG	0.0505342
GT	0.0386688
TA	0.026898
TC	0.134443
TG	0.0777631
TT	0.0767704
