kmer	count
sequence	0
AA	0.0488053
AC	0.104779
AG	0.0773767
AT	0.0550076
CA	0.031215
CC	0.103915
CG	0.0178953
CT	0.0529232
GA	0.0248602
GC	0.0749365
GG	0.0483986
GT	0.0375191
TA	0.0297407
TC	0.146772
TG	0.0719878
TT	0.0738688
