kmer	count
sequence	0
AA	0.0449377
AC	0.0978805
AG	0.0791413
AT	0.0508051
CA	0.0317475
CC	0.104567
CG	0.0203766
CT	0.0507596
GA	0.0222869
GC	0.0760484
GG	0.0543073
GT	0.0365232
TA	0.0284727
TC	0.144865
TG	0.0824616
TT	0.0748203
