kmer	count
sequence	0
AA	0.0480786
AC	0.100742
AG	0.0777729
AT	0.0490393
CA	0.031179
CC	0.110961
CG	0.0181223
CT	0.0559825
GA	0.0227074
GC	0.0786463
GG	0.0506987
GT	0.0361572
TA	0.0266376
TC	0.146288
TG	0.0742358
TT	0.0727511
