kmer	count
sequence	0
AA	0.0491979
AC	0.0997504
AG	0.0776827
AT	0.0595722
CA	0.048057
CC	0.0896613
CG	0.0103387
CT	0.0560784
GA	0.0281283
GC	0.0565775
GG	0.0477362
GT	0.0389305
TA	0.0328699
TC	0.136328
TG	0.0930125
TT	0.0760784
