kmer	count
sequence	0
AA	0.0534523
AC	0.0977662
AG	0.0905135
AT	0.0507688
CA	0.0326371
CC	0.098564
CG	0.0181317
CT	0.0533798
GA	0.0216855
GC	0.0728169
GG	0.049971
GT	0.0379315
TA	0.028358
TC	0.134972
TG	0.0816652
TT	0.0773861
