kmer	count
sequence	0
AA	0.0531051
AC	0.0987011
AG	0.083074
AT	0.0528345
CA	0.032269
CC	0.0997159
CG	0.0158301
CT	0.0534434
GA	0.0243539
GC	0.0692058
GG	0.0499932
GT	0.0367339
TA	0.032269
TC	0.142403
TG	0.0785415
TT	0.0775267
