kmer	count
sequence	0
AA	0.0500061
AC	0.102443
AG	0.0776522
AT	0.0555353
CA	0.0311095
CC	0.107607
CG	0.0173168
CT	0.0564467
GA	0.0216916
GC	0.0720622
GG	0.0483048
GT	0.03834
TA	0.0291651
TC	0.140053
TG	0.0743104
TT	0.077956
