kmer	count
sequence	0
AA	0.0483142
AC	0.110704
AG	0.073898
AT	0.0606306
CA	0.0383994
CC	0.0918731
CG	0.00872604
CT	0.0562794
GA	0.0251082
GC	0.0640068
GG	0.0420372
GT	0.0417994
TA	0.0311475
TC	0.145656
TG	0.0804128
TT	0.0810072
