kmer	count
sequence	0
AA	0.0474395
AC	0.0983682
AG	0.0790188
AT	0.0586473
CA	0.0464879
CC	0.0914954
CG	0.010221
CT	0.0574137
GA	0.0257287
GC	0.0579777
GG	0.048955
GT	0.0393332
TA	0.0347513
TC	0.132238
TG	0.0936454
TT	0.0782786
