kmer	count
sequence	0
AA	0.0521242
AC	0.0949891
AG	0.0856209
AT	0.0509804
CA	0.0302288
CC	0.0965142
CG	0.0144336
CT	0.0541939
GA	0.021841
GC	0.0674837
GG	0.0493464
GT	0.0356754
TA	0.0308824
TC	0.154793
TG	0.0824619
TT	0.0784314
