kmer	count
sequence	0
AA	0.0468842
AC	0.0918951
AG	0.0816407
AT	0.049645
CA	0.0348058
CC	0.109199
CG	0.020213
CT	0.0587162
GA	0.0243542
GC	0.0788306
GG	0.0600473
GT	0.0393907
TA	0.0248472
TC	0.135033
TG	0.0741964
TT	0.0703017
