kmer	count
sequence	0
AA	0.0550408
AC	0.101699
AG	0.081403
AT	0.0671741
CA	0.0355173
CC	0.086146
CG	0.00882418
CT	0.0576881
GA	0.0229429
GC	0.0626517
GG	0.0472094
GT	0.0465475
TA	0.0322083
TC	0.132363
TG	0.0846018
TT	0.0779837
