kmer	count
sequence	0
AA	0.0243003
AC	0.0922844
AG	0.059947
AT	0.046615
CA	0.0310136
CC	0.104576
CG	0.0201399
CT	0.0422655
GA	0.0257186
GC	0.0882186
GG	0.0671331
GT	0.0406581
TA	0.0259077
TC	0.130295
TG	0.138616
TT	0.0623109
