kmer	count
sequence	0
AA	0.0534992
AC	0.108538
AG	0.0790411
AT	0.0634624
CA	0.0386752
CC	0.0918725
CG	0.00899704
CT	0.0596884
GA	0.023187
GC	0.0592356
GG	0.043687
GT	0.0446833
TA	0.0306745
TC	0.134654
TG	0.0788298
TT	0.0812753
