kmer	count
sequence	0
AA	0.0472973
AC	0.0975475
AG	0.0738739
AT	0.0529029
CA	0.0314815
CC	0.103904
CG	0.0164665
CT	0.0557558
GA	0.0242743
GC	0.0755255
GG	0.0538539
GT	0.0372873
TA	0.0291792
TC	0.14995
TG	0.0760761
TT	0.0746246
