kmer	count
sequence	0
AA	0.0505936
AC	0.0930923
AG	0.0777118
AT	0.0567998
CA	0.033864
CC	0.106314
CG	0.0148408
CT	0.0546411
GA	0.0294118
GC	0.0740691
GG	0.050054
GT	0.0369671
TA	0.0268484
TC	0.139908
TG	0.08068
TT	0.074204
