kmer	count
sequence	0
AA	0.048157
AC	0.0919293
AG	0.0639863
AT	0.0549941
CA	0.0478597
CC	0.105752
CG	0.0196195
CT	0.0607907
GA	0.0315844
GC	0.0723098
GG	0.0509067
GT	0.037827
TA	0.0381243
TC	0.128716
TG	0.0715666
TT	0.0758769
