kmer	count
sequence	0
AA	0.054437
AC	0.110887
AG	0.0844519
AT	0.0633855
CA	0.0336316
CC	0.0883669
CG	0.00745712
CT	0.0570097
GA	0.0221477
GC	0.063572
GG	0.042431
GT	0.0420209
TA	0.0297539
TC	0.137323
TG	0.0790828
TT	0.0840418
