kmer	count
sequence	0
AA	0.047261
AC	0.109293
AG	0.0820362
AT	0.0592502
CA	0.0375571
CC	0.0876995
CG	0.00924025
CT	0.0596145
GA	0.0242101
GC	0.0643505
GG	0.0453733
GT	0.0415645
TA	0.0285818
TC	0.139895
TG	0.0852818
TT	0.0787905
