kmer	count
sequence	0
AA	0.0441425
AC	0.0983295
AG	0.0818883
AT	0.0521781
CA	0.032195
CC	0.103087
CG	0.0177627
CT	0.0547684
GA	0.0225206
GC	0.0748044
GG	0.0530239
GT	0.0382216
TA	0.0281243
TC	0.143846
TG	0.0828399
TT	0.0722669
