kmer	count
sequence	0
AA	0.0545548
AC	0.105524
AG	0.0818748
AT	0.0554085
CA	0.0392726
CC	0.0905404
CG	0.00785452
CT	0.0531461
GA	0.0252711
GC	0.0643302
GG	0.0424742
GT	0.0386323
TA	0.0347477
TC	0.14501
TG	0.0849057
TT	0.0764535
