kmer	count
sequence	0
AA	0.0500514
AC	0.103038
AG	0.0825627
AT	0.0481433
CA	0.0319977
CC	0.103625
CG	0.0160722
CT	0.0527668
GA	0.0239248
GC	0.0747101
GG	0.0523998
GT	0.0339058
TA	0.0293556
TC	0.143989
TG	0.079774
TT	0.0736827
