kmer	count
sequence	0
AA	0.0472052
AC	0.0996149
AG	0.0859269
AT	0.0473613
CA	0.0324243
CC	0.101488
CG	0.0184241
CT	0.0536067
GA	0.0234204
GC	0.0780681
GG	0.0520974
GT	0.0377329
TA	0.0287811
TC	0.14198
TG	0.080306
TT	0.0715624
