kmer	count
sequence	0
AA	0.0499693
AC	0.104854
AG	0.0780258
AT	0.0636392
CA	0.0384497
CC	0.0924125
CG	0.00834528
CT	0.0639463
GA	0.0258038
GC	0.0606697
GG	0.0435183
GT	0.0439279
TA	0.0302068
TC	0.132808
TG	0.0797153
TT	0.0837088
