kmer	count
sequence	0
AA	0.0484137
AC	0.100158
AG	0.0714531
AT	0.0506455
CA	0.0337866
CC	0.117154
CG	0.0162752
CT	0.0567573
GA	0.0246875
GC	0.0804148
GG	0.0483793
GT	0.0369111
TA	0.026061
TC	0.14658
TG	0.07032
TT	0.0720025
