kmer	count
sequence	0
AA	0.0482414
AC	0.0946569
AG	0.0799539
AT	0.0511244
CA	0.0362291
CC	0.0995579
CG	0.0165289
CT	0.0559293
GA	0.0232558
GC	0.0721699
GG	0.0500673
GT	0.0384394
TA	0.0288295
TC	0.144724
TG	0.0809149
TT	0.0793773
