kmer	count
sequence	0
AA	0.0364541
AC	0.0982303
AG	0.0505627
AT	0.0642228
CA	0.0477084
CC	0.102756
CG	0.0114582
CT	0.0605529
GA	0.025526
GC	0.0651199
GG	0.0442016
GT	0.0416735
TA	0.0334366
TC	0.146143
TG	0.0880362
TT	0.0839178
