kmer	count
sequence	0
AA	0.0524076
AC	0.106831
AG	0.0806719
AT	0.0619037
CA	0.0361926
CC	0.0915118
CG	0.00940649
CT	0.0615454
GA	0.0242329
GC	0.0623068
GG	0.0401792
GT	0.0422396
TA	0.0297424
TC	0.139395
TG	0.0814334
TT	0.08
