kmer	count
sequence	0
AA	0.0476382
AC	0.108414
AG	0.0785779
AT	0.066543
CA	0.0377094
CC	0.0892589
CG	0.00847458
CT	0.0622305
GA	0.0239695
GC	0.0667436
GG	0.0416708
GT	0.0462842
TA	0.0280313
TC	0.131983
TG	0.0807843
TT	0.0816869
