kmer	count
sequence	0
AA	0.0457338
AC	0.100892
AG	0.0738388
AT	0.047038
CA	0.0341636
CC	0.113093
CG	0.0188909
CT	0.0519185
GA	0.0238135
GC	0.0782565
GG	0.0480057
GT	0.033827
TA	0.0304611
TC	0.15361
TG	0.0746802
TT	0.0717772
