kmer	count
sequence	0
AA	0.0552433
AC	0.107341
AG	0.0818792
AT	0.0618289
CA	0.0352349
CC	0.0853607
CG	0.00817953
CT	0.0572987
GA	0.0240772
GC	0.0596477
GG	0.0428272
GT	0.0395554
TA	0.0313758
TC	0.141988
TG	0.082844
TT	0.0853188
