kmer	count
sequence	0
AA	0.0486624
AC	0.103509
AG	0.0710039
AT	0.0524978
CA	0.0298207
CC	0.110797
CG	0.0149583
CT	0.0533608
GA	0.0218142
GC	0.0819829
GG	0.0459776
GT	0.0383546
TA	0.0299166
TC	0.15385
TG	0.0693739
TT	0.0741202
