kmer	count
sequence	0
AA	0.0435624
AC	0.0952565
AG	0.082575
AT	0.0575024
CA	0.02788
CC	0.105324
CG	0.0169409
CT	0.0584705
GA	0.024395
GC	0.0764763
GG	0.0461762
GT	0.0374637
TA	0.0279768
TC	0.13969
TG	0.0803485
TT	0.0799613
