kmer	count
sequence	0
AA	0.0499019
AC	0.0961538
AG	0.0848224
AT	0.0490848
CA	0.0319786
CC	0.0903247
CG	0.0170516
CT	0.0542057
GA	0.022445
GC	0.0691327
GG	0.0514818
GT	0.0386795
TA	0.0313249
TC	0.14878
TG	0.0830246
TT	0.0816082
