kmer	count
sequence	0
AA	0.051334
AC	0.0894968
AG	0.0844309
AT	0.0523472
CA	0.0334347
CC	0.095407
CG	0.0202634
CT	0.0557244
GA	0.0206011
GC	0.0707531
GG	0.0545424
GT	0.0383316
TA	0.036643
TC	0.137454
TG	0.0798717
TT	0.0793651
