kmer	count
sequence	0
AA	0.0532962
AC	0.108408
AG	0.0808117
AT	0.0637053
CA	0.0391753
CC	0.0885581
CG	0.00879529
CT	0.0598725
GA	0.0238441
GC	0.0617284
GG	0.0452271
GT	0.0399419
TA	0.030138
TC	0.130517
TG	0.0848059
TT	0.0811749
