kmer	count
sequence	0
AA	0.0475625
AC	0.104978
AG	0.0686926
AT	0.0574945
CA	0.035019
CC	0.118669
CG	0.0158278
CT	0.0569009
GA	0.0245726
GC	0.077754
GG	0.0458215
GT	0.0404004
TA	0.0265116
TC	0.138097
TG	0.0679012
TT	0.0737971
