kmer	count
sequence	0
AA	0.0483999
AC	0.109434
AG	0.0746814
AT	0.0589343
CA	0.0420287
CC	0.0970895
CG	0.0108601
CT	0.0572328
GA	0.0237837
GC	0.0604547
GG	0.0445265
GT	0.039567
TA	0.0318202
TC	0.140168
TG	0.0839487
TT	0.0770707
