kmer	count
sequence	0
AA	0.0547126
AC	0.105358
AG	0.0825968
AT	0.063551
CA	0.0389519
CC	0.0867814
CG	0.00876027
CT	0.0545561
GA	0.0267501
GC	0.0620649
GG	0.0468909
GT	0.0413375
TA	0.0315995
TC	0.130192
TG	0.0876418
TT	0.0782558
