kmer	count
sequence	0
AA	0.051184
AC	0.109322
AG	0.0815397
AT	0.0649884
CA	0.0385966
CC	0.0898849
CG	0.00914496
CT	0.0597726
GA	0.0236795
GC	0.0623457
GG	0.0433951
GT	0.0423867
TA	0.0273306
TC	0.134288
TG	0.0834521
TT	0.0786884
