kmer	count
sequence	0
AA	0.0536252
AC	0.105604
AG	0.0825569
AT	0.0606305
CA	0.0379685
CC	0.0901926
CG	0.00924694
CT	0.0521541
GA	0.0238879
GC	0.064028
GG	0.0465849
GT	0.0398949
TA	0.0302277
TC	0.136532
TG	0.0855692
TT	0.081296
