kmer	count
sequence	0
AA	0.0518473
AC	0.106233
AG	0.0829181
AT	0.0622826
CA	0.0370875
CC	0.0846103
CG	0.00916612
CT	0.0587572
GA	0.0232208
GC	0.0605434
GG	0.0428222
GT	0.0439504
TA	0.0295196
TC	0.139654
TG	0.0842813
TT	0.0831061
