kmer	count
sequence	0
AA	0.0483845
AC	0.101037
AG	0.0834464
AT	0.0496211
CA	0.0300758
CC	0.100838
CG	0.0156761
CT	0.0527722
GA	0.0232549
GC	0.0768648
GG	0.0523335
GT	0.0368568
TA	0.0267252
TC	0.149541
TG	0.0792581
TT	0.0733147
