kmer	count
sequence	0
AA	0.0504035
AC	0.0976611
AG	0.0802216
AT	0.0557379
CA	0.0296129
CC	0.0980714
CG	0.0183969
CT	0.0547805
GA	0.0237314
GC	0.0731774
GG	0.0501983
GT	0.0354945
TA	0.0292026
TC	0.146218
TG	0.0794009
TT	0.0776912
