kmer	count
sequence	0
AA	0.0591249
AC	0.108864
AG	0.0808887
AT	0.0641578
CA	0.0368624
CC	0.082657
CG	0.00843346
CT	0.057674
GA	0.0228973
GC	0.061664
GG	0.0388574
GT	0.0405804
TA	0.0323283
TC	0.137656
TG	0.0814328
TT	0.0859216
