kmer	count
sequence	0
AA	0.053248
AC	0.107628
AG	0.0762365
AT	0.0669627
CA	0.0390543
CC	0.0938262
CG	0.00831592
CT	0.0635232
GA	0.0275165
GC	0.0631749
GG	0.0427116
GT	0.0490683
TA	0.028605
TC	0.124826
TG	0.0751916
TT	0.0801115
