kmer	count
sequence	0
AA	0.0510811
AC	0.113892
AG	0.0751892
AT	0.0563243
CA	0.0377297
CC	0.0910811
CG	0.00724324
CT	0.0548108
GA	0.0250811
GC	0.0660541
GG	0.0392973
GT	0.0403784
TA	0.0316757
TC	0.149135
TG	0.0814595
TT	0.0795676
