kmer	count
sequence	0
AA	0.053084
AC	0.110871
AG	0.074977
AT	0.0613006
CA	0.0393535
CC	0.0904914
CG	0.00773015
CT	0.0537326
GA	0.0249743
GC	0.064544
GG	0.0397319
GT	0.0394075
TA	0.0323261
TC	0.146278
TG	0.0817341
TT	0.0794638
