kmer	count
sequence	0
AA	0.0489649
AC	0.0975927
AG	0.0831488
AT	0.0557535
CA	0.0310544
CC	0.104381
CG	0.0176216
CT	0.0544535
GA	0.0229658
GC	0.0728455
GG	0.0546943
GT	0.0368801
TA	0.0248435
TC	0.139961
TG	0.0806452
TT	0.0741935
