kmer	count
sequence	0
AA	0.0555314
AC	0.0815572
AG	0.105408
AT	0.0332028
CA	0.0432072
CC	0.099391
CG	0.0246484
CT	0.03922
GA	0.0266058
GC	0.0635784
GG	0.0662607
GT	0.0245034
TA	0.0385675
TC	0.135131
TG	0.112585
TT	0.0506017
