kmer	count
sequence	0
AA	0.0516779
AC	0.1
AG	0.0822819
AT	0.0512752
CA	0.032349
CC	0.0989262
CG	0.0168456
CT	0.0528188
GA	0.022953
GC	0.0739597
GG	0.0518792
GT	0.0334899
TA	0.0304698
TC	0.145168
TG	0.0824832
TT	0.0734228
