kmer	count
sequence	0
AA	0.0516371
AC	0.109547
AG	0.0879743
AT	0.0611613
CA	0.0325122
CC	0.0916463
CG	0.00841493
CT	0.0558828
GA	0.0220701
GC	0.0616968
GG	0.0419599
GT	0.0390529
TA	0.026966
TC	0.144584
TG	0.0822368
TT	0.0826576
