kmer	count
sequence	0
AA	0.0527709
AC	0.104172
AG	0.0818041
AT	0.060577
CA	0.0405368
CC	0.0880124
CG	0.00986031
CT	0.0652789
GA	0.0259746
GC	0.0619921
GG	0.0448279
GT	0.0419063
TA	0.029444
TC	0.130603
TG	0.0827627
TT	0.0794759
