kmer	count
sequence	0
AA	0.050286
AC	0.0987914
AG	0.0823352
AT	0.0488292
CA	0.032319
CC	0.114762
CG	0.0177512
CT	0.0519586
GA	0.0220136
GC	0.0736484
GG	0.0488831
GT	0.0356102
TA	0.0269774
TC	0.143628
TG	0.0802309
TT	0.0719758
