kmer	count
sequence	0
AA	0.0496775
AC	0.0956207
AG	0.0686885
AT	0.0534684
CA	0.0397759
CC	0.104617
CG	0.0187847
CT	0.0532421
GA	0.0289691
GC	0.0700464
GG	0.0523368
GT	0.0344574
TA	0.0352495
TC	0.141734
TG	0.0782505
TT	0.075082
