kmer	count
sequence	0
AA	0.0446429
AC	0.0993717
AG	0.0816799
AT	0.0603505
CA	0.0289352
CC	0.106481
CG	0.0180225
CT	0.0618386
GA	0.0214947
GC	0.0724206
GG	0.0545635
GT	0.0391865
TA	0.0251323
TC	0.132771
TG	0.073578
TT	0.0795304
