kmer	count
sequence	0
AA	0.0482177
AC	0.097748
AG	0.0794418
AT	0.0540895
CA	0.0296353
CC	0.098646
CG	0.0163028
CT	0.0565764
GA	0.0222437
GC	0.0754352
GG	0.0483559
GT	0.037234
TA	0.0308096
TC	0.151147
TG	0.0761951
TT	0.0779221
