kmer	count
sequence	0
AA	0.0460775
AC	0.101149
AG	0.0755586
AT	0.0497894
CA	0.0314084
CC	0.112356
CG	0.0175244
CT	0.0515383
GA	0.0229852
GC	0.0801984
GG	0.0504676
GT	0.0348347
TA	0.0269113
TC	0.15308
TG	0.0771647
TT	0.0689557
