kmer	count
sequence	0
AA	0.0488683
AC	0.103654
AG	0.0842536
AT	0.0632664
CA	0.0360869
CC	0.0909951
CG	0.00863279
CT	0.0614056
GA	0.023702
GC	0.0619852
GG	0.0449027
GT	0.0414252
TA	0.0286133
TC	0.138765
TG	0.0833384
TT	0.0801049
