kmer	count
sequence	0
AA	0.0551318
AC	0.110373
AG	0.0715479
AT	0.0653374
CA	0.0405317
CC	0.0966441
CG	0.00828067
CT	0.0625409
GA	0.0252778
GC	0.0651558
GG	0.0395511
GT	0.0410765
TA	0.0317789
TC	0.136486
TG	0.0735454
TT	0.0767415
