kmer	count
sequence	0
AA	0.0440264
AC	0.0972555
AG	0.0782237
AT	0.048301
CA	0.032836
CC	0.121515
CG	0.0193858
CT	0.0555435
GA	0.0251035
GC	0.0873993
GG	0.0529569
GT	0.0378458
TA	0.0236604
TC	0.137279
TG	0.0741941
TT	0.064474
