kmer	count
sequence	0
AA	0.0469067
AC	0.101198
AG	0.0764452
AT	0.0489668
CA	0.0328347
CC	0.110928
CG	0.0158469
CT	0.0489985
GA	0.0232315
GC	0.0805654
GG	0.0515974
GT	0.032391
TA	0.0299189
TC	0.153081
TG	0.0774594
TT	0.0696311
