kmer	count
sequence	0
AA	0.0524286
AC	0.109915
AG	0.0831748
AT	0.0591888
CA	0.038658
CC	0.0875814
CG	0.00851277
CT	0.0577366
GA	0.0238358
GC	0.0611417
GG	0.0437656
GT	0.0377066
TA	0.0317476
TC	0.14016
TG	0.0851277
TT	0.079319
