kmer	count
sequence	0
AA	0.0522196
AC	0.109658
AG	0.0780653
AT	0.0627815
CA	0.0338293
CC	0.0947159
CG	0.00832531
CT	0.0576869
GA	0.0239197
GC	0.063496
GG	0.0443292
GT	0.0444534
TA	0.0284862
TC	0.135442
TG	0.0829424
TT	0.0796496
