kmer	count
sequence	0
AA	0.0449175
AC	0.0952158
AG	0.0782548
AT	0.0558545
CA	0.0331033
CC	0.100187
CG	0.0197684
CT	0.058077
GA	0.02357
GC	0.0736928
GG	0.0518774
GT	0.0370804
TA	0.0271377
TC	0.142239
TG	0.0832846
TT	0.0757399
