kmer	count
sequence	0
AA	0.0477656
AC	0.0998314
AG	0.0804384
AT	0.0529511
CA	0.0297218
CC	0.101813
CG	0.0175379
CT	0.0542159
GA	0.0223862
GC	0.0755481
GG	0.0510118
GT	0.0391653
TA	0.0291737
TC	0.142622
TG	0.0785835
TT	0.0772344
