kmer	count
sequence	0
AA	0.0479778
AC	0.0992874
AG	0.0788969
AT	0.0491862
CA	0.0319053
CC	0.11209
CG	0.0170499
CT	0.0538595
GA	0.0229849
GC	0.0791634
GG	0.0511763
GT	0.0358945
TA	0.0267965
TC	0.146146
TG	0.0765069
TT	0.0710783
