kmer	count
sequence	0
AA	0.0522993
AC	0.111829
AG	0.07812
AT	0.06141
CA	0.0349458
CC	0.0933767
CG	0.00787419
CT	0.057491
GA	0.0230296
GC	0.0646349
GG	0.0427549
GT	0.0410195
TA	0.0286985
TC	0.142574
TG	0.0804845
TT	0.0794577
