kmer	count
sequence	0
AA	0.0483833
AC	0.098946
AG	0.0763988
AT	0.0560311
CA	0.0508797
CC	0.0891583
CG	0.0124425
CT	0.0588049
GA	0.0280552
GC	0.0582501
GG	0.0475511
GT	0.0392693
TA	0.033048
TC	0.138017
TG	0.0864242
TT	0.0783405
