kmer	count
sequence	0
AA	0.0508944
AC	0.113185
AG	0.0751587
AT	0.0566936
CA	0.0403058
CC	0.0967686
CG	0.00908829
CT	0.0548471
GA	0.0239758
GC	0.0653203
GG	0.0407963
GT	0.0371321
TA	0.0301789
TC	0.150058
TG	0.0799481
TT	0.0756492
