kmer	count
sequence	0
AA	0.048306
AC	0.0978142
AG	0.0768306
AT	0.0553005
CA	0.0319126
CC	0.101639
CG	0.0191257
CT	0.0597814
GA	0.0272131
GC	0.076612
GG	0.0528962
GT	0.0383607
TA	0.0257923
TC	0.137923
TG	0.0756284
TT	0.0748634
