kmer	count
sequence	0
AA	0.0472556
AC	0.0988608
AG	0.0786896
AT	0.0533409
CA	0.0312244
CC	0.108168
CG	0.0174178
CT	0.0550568
GA	0.0221863
GC	0.0756469
GG	0.0484428
GT	0.0371301
TA	0.0277329
TC	0.145039
TG	0.0763652
TT	0.0774426
