kmer	count
sequence	0
AA	0.0492716
AC	0.0918595
AG	0.0877464
AT	0.0507284
CA	0.0344473
CC	0.101285
CG	0.0150814
CT	0.0565553
GA	0.022365
GC	0.0723222
GG	0.051671
GT	0.0374464
TA	0.0344473
TC	0.141131
TG	0.0770351
TT	0.0766067
