kmer	count
sequence	0
AA	0.0501473
AC	0.115581
AG	0.0794435
AT	0.0605237
CA	0.0340426
CC	0.0982979
CG	0.00798691
CT	0.0560065
GA	0.0224877
GC	0.0678887
GG	0.0437643
GT	0.0425205
TA	0.0267103
TC	0.14216
TG	0.0780033
TT	0.0744354
