kmer	count
sequence	0
AA	0.0456607
AC	0.0978149
AG	0.07416
AT	0.0493197
CA	0.0373119
CC	0.10941
CG	0.0183467
CT	0.0513812
GA	0.0252525
GC	0.0768398
GG	0.0506081
GT	0.0362296
TA	0.0275716
TC	0.151
TG	0.074263
TT	0.0748299
