kmer	count
sequence	0
AA	0.0495711
AC	0.112023
AG	0.0793886
AT	0.0562958
CA	0.0376084
CC	0.0972743
CG	0.00958889
CT	0.0556732
GA	0.0234663
GC	0.0658691
GG	0.0440295
GT	0.0399044
TA	0.029187
TC	0.14423
TG	0.0826419
TT	0.0732476
