kmer	count
sequence	0
AA	0.0467
AC	0.090573
AG	0.0806241
AT	0.0505056
CA	0.0308253
CC	0.108514
CG	0.018593
CT	0.060237
GA	0.0228879
GC	0.0772535
GG	0.0546374
GT	0.0372948
TA	0.0272371
TC	0.137273
TG	0.0831793
TT	0.0736653
