kmer	count
sequence	0
AA	0.0474153
AC	0.101021
AG	0.0734908
AT	0.055004
CA	0.0495264
CC	0.0951729
CG	0.0108696
CT	0.0600251
GA	0.0314105
GC	0.0676424
GG	0.047672
GT	0.042223
TA	0.0313249
TC	0.131975
TG	0.083961
TT	0.0712655
