kmer	count
sequence	0
AA	0.0581143
AC	0.111762
AG	0.0834851
AT	0.058071
CA	0.0377743
CC	0.0876919
CG	0.00832683
CT	0.0582878
GA	0.0251106
GC	0.0591552
GG	0.0415908
GT	0.0389886
TA	0.0323532
TC	0.139258
TG	0.0808396
TT	0.0791916
