kmer	count
sequence	0
AA	0.0496443
AC	0.110451
AG	0.0880127
AT	0.0595959
CA	0.0334872
CC	0.0908506
CG	0.0100272
CT	0.0585742
GA	0.0214167
GC	0.0622446
GG	0.0446496
GT	0.0407901
TA	0.0283033
TC	0.138414
TG	0.0862343
TT	0.0773044
