kmer	count
sequence	0
AA	0.0509554
AC	0.10091
AG	0.0804368
AT	0.0512284
CA	0.0306642
CC	0.0956324
CG	0.0187443
CT	0.0548681
GA	0.0252047
GC	0.0729754
GG	0.0499545
GT	0.0353958
TA	0.0276615
TC	0.149318
TG	0.0757052
TT	0.0803458
