kmer	count
sequence	0
AA	0.0482659
AC	0.105055
AG	0.0641826
AT	0.0637159
CA	0.0418304
CC	0.100388
CG	0.00815484
CT	0.0730006
GA	0.0343388
GC	0.0739585
GG	0.0442621
GT	0.0544066
TA	0.0270927
TC	0.117803
TG	0.0671546
TT	0.0763903
