kmer	count
sequence	0
AA	0.0503939
AC	0.109927
AG	0.0791254
AT	0.0652393
CA	0.033882
CC	0.088063
CG	0.00797819
CT	0.0570592
GA	0.02449
GC	0.0633205
GG	0.0405474
GT	0.0425167
TA	0.0302969
TC	0.136235
TG	0.0816502
TT	0.0892749
