kmer	count
sequence	0
AA	0.0447021
AC	0.0985692
AG	0.0744646
AT	0.0504769
CA	0.0328252
CC	0.113556
CG	0.0187272
CT	0.0567661
GA	0.0258347
GC	0.0793977
GG	0.0572337
GT	0.0376882
TA	0.02684
TC	0.135112
TG	0.0791873
TT	0.0686197
