kmer	count
sequence	0
AA	0.0466525
AC	0.104659
AG	0.0762443
AT	0.0530062
CA	0.0347688
CC	0.106542
CG	0.016649
CT	0.0552418
GA	0.0228262
GC	0.0788916
GG	0.0515355
GT	0.0391811
TA	0.0257089
TC	0.141546
TG	0.0757148
TT	0.0708319
