kmer	count
sequence	0
AA	0.0558904
AC	0.11268
AG	0.0784084
AT	0.066025
CA	0.0370304
CC	0.0937003
CG	0.00860544
CT	0.0593086
GA	0.0253965
GC	0.0652754
GG	0.0398489
GT	0.045276
TA	0.0274355
TC	0.130821
TG	0.0757698
TT	0.0785284
