kmer	count
sequence	0
AA	0.0512067
AC	0.114436
AG	0.0867757
AT	0.0666637
CA	0.0331284
CC	0.0827533
CG	0.00795444
CT	0.0560879
GA	0.0215583
GC	0.0623701
GG	0.0438398
GT	0.0393655
TA	0.0294224
TC	0.138706
TG	0.0814426
TT	0.08429
