kmer	count
sequence	0
AA	0.0485821
AC	0.101909
AG	0.0806124
AT	0.0527624
CA	0.0321433
CC	0.102757
CG	0.0157044
CT	0.0554175
GA	0.0249124
GC	0.0731556
GG	0.0494859
GT	0.0393741
TA	0.0292057
TC	0.136764
TG	0.0802169
TT	0.0769969
