kmer	count
sequence	0
AA	0.0469589
AC	0.0975567
AG	0.0813984
AT	0.0526772
CA	0.0312338
CC	0.106784
CG	0.0177612
CT	0.0544533
GA	0.0251256
GC	0.0749004
GG	0.0537602
GT	0.0379917
TA	0.0283313
TC	0.138971
TG	0.0814417
TT	0.070655
