kmer	count
sequence	0
AA	0.0541215
AC	0.119687
AG	0.0714163
AT	0.0596283
CA	0.0364825
CC	0.0919377
CG	0.00834624
CT	0.0541645
GA	0.0228876
GC	0.0660816
GG	0.039279
GT	0.0385906
TA	0.0328687
TC	0.147823
TG	0.0775684
TT	0.0791172
