kmer	count
sequence	0
AA	0.0525013
AC	0.106847
AG	0.0797643
AT	0.0650531
CA	0.0355408
CC	0.0866925
CG	0.0103473
CT	0.061679
GA	0.0255534
GC	0.061724
GG	0.0452132
GT	0.0409843
TA	0.0291524
TC	0.13429
TG	0.0848479
TT	0.0798092
