kmer	count
sequence	0
AA	0.0473958
AC	0.0982481
AG	0.0714489
AT	0.0607955
CA	0.0329545
CC	0.118513
CG	0.0158144
CT	0.0664773
GA	0.0240057
GC	0.0732008
GG	0.0497633
GT	0.0427083
TA	0.0238163
TC	0.128267
TG	0.0702652
TT	0.0763258
