kmer	count
sequence	0
AA	0.0515046
AC	0.11346
AG	0.0742387
AT	0.0638477
CA	0.0372995
CC	0.100066
CG	0.00855907
CT	0.0618355
GA	0.0261277
GC	0.0667307
GG	0.0423149
GT	0.041504
TA	0.0274791
TC	0.132651
TG	0.079284
TT	0.0730975
