kmer	count
sequence	0
AA	0.0471232
AC	0.0990558
AG	0.079377
AT	0.0505648
CA	0.028724
CC	0.111851
CG	0.0182669
CT	0.0518443
GA	0.0240028
GC	0.0798182
GG	0.0491528
GT	0.0386957
TA	0.025856
TC	0.14234
TG	0.0794652
TT	0.0738616
