kmer	count
sequence	0
AA	0.0530546
AC	0.112853
AG	0.0791019
AT	0.0613927
CA	0.0343692
CC	0.0904254
CG	0.00854958
CT	0.0580981
GA	0.0224437
GC	0.0639876
GG	0.0406573
GT	0.0403807
TA	0.028561
TC	0.143521
TG	0.080314
TT	0.0822907
