kmer	count
sequence	0
AA	0.048768
AC	0.0969226
AG	0.0647173
AT	0.0606277
CA	0.0582762
CC	0.0945711
CG	0.00955935
CT	0.0665065
GA	0.032512
GC	0.0606277
GG	0.0453941
GT	0.0457008
TA	0.0370617
TC	0.118342
TG	0.0820468
TT	0.0783662
