kmer	count
sequence	0
AA	0.0549491
AC	0.107302
AG	0.0838279
AT	0.0615197
CA	0.0358733
CC	0.0806486
CG	0.009273
CT	0.0586053
GA	0.0202946
GC	0.0612018
GG	0.0420729
GT	0.0408542
TA	0.0308923
TC	0.143599
TG	0.0830331
TT	0.0860534
