kmer	count
sequence	0
AA	0.0479447
AC	0.104874
AG	0.0735072
AT	0.0519997
CA	0.033275
CC	0.116522
CG	0.0178103
CT	0.0538682
GA	0.0236543
GC	0.0833665
GG	0.0471496
GT	0.0377674
TA	0.0264769
TC	0.142959
TG	0.0714797
TT	0.0673452
