kmer	count
sequence	0
AA	0.0524178
AC	0.106563
AG	0.0855821
AT	0.0607291
CA	0.0353365
CC	0.0890091
CG	0.00945815
CT	0.0592854
GA	0.0237331
GC	0.0594069
GG	0.0425684
GT	0.041489
TA	0.0294538
TC	0.135059
TG	0.0882266
TT	0.0816828
