kmer	count
sequence	0
AA	0.04515
AC	0.0917466
AG	0.0855794
AT	0.0535633
CA	0.0302269
CC	0.109829
CG	0.0189965
CT	0.0570656
GA	0.0248591
GC	0.0813918
GG	0.0575986
GT	0.0397442
TA	0.0248211
TC	0.127303
TG	0.0835617
TT	0.0685625
