kmer	count
sequence	0
AA	0.0486295
AC	0.11006
AG	0.0846668
AT	0.0652567
CA	0.0348546
CC	0.089328
CG	0.00890497
CT	0.0587867
GA	0.022332
GC	0.0587171
GG	0.0434117
GT	0.0415333
TA	0.0310978
TC	0.131279
TG	0.0858495
TT	0.0852929
