kmer	count
sequence	0
AA	0.0508217
AC	0.111816
AG	0.0812973
AT	0.062951
CA	0.0348665
CC	0.091166
CG	0.00808625
CT	0.0559082
GA	0.0239544
GC	0.0632119
GG	0.0423007
GT	0.0418225
TA	0.0291714
TC	0.142814
TG	0.0806886
TT	0.0791236
