kmer	count
sequence	0
AA	0.0473067
AC	0.0992605
AG	0.0772786
AT	0.0472561
CA	0.0317953
CC	0.108099
CG	0.0174741
CT	0.051384
GA	0.023704
GC	0.0765822
GG	0.0506749
GT	0.0346443
TA	0.02963
TC	0.155152
TG	0.0783422
TT	0.0714159
