kmer	count
sequence	0
AA	0.0484759
AC	0.102023
AG	0.0777755
AT	0.0505512
CA	0.0299758
CC	0.108681
CG	0.0167064
CT	0.0544203
GA	0.0228856
GC	0.0777849
GG	0.0487482
GT	0.0369063
TA	0.0266232
TC	0.148188
TG	0.0754559
TT	0.0747986
