kmer	count
sequence	0
AA	0.054823
AC	0.116569
AG	0.0748995
AT	0.0638557
CA	0.0350102
CC	0.0947122
CG	0.00725259
CT	0.0575921
GA	0.0253511
GC	0.0664601
GG	0.0392299
GT	0.0421639
TA	0.0300982
TC	0.136019
TG	0.0765148
TT	0.0794488
