kmer	count
sequence	0
AA	0.0519959
AC	0.11388
AG	0.0760618
AT	0.0655044
CA	0.031733
CC	0.095777
CG	0.00675429
CT	0.0598454
GA	0.0219362
GC	0.0680297
GG	0.0400085
GT	0.0421991
TA	0.0289339
TC	0.13825
TG	0.0802604
TT	0.0788305
