kmer	count
sequence	0
AA	0.0566977
AC	0.108187
AG	0.0820998
AT	0.0620431
CA	0.0376005
CC	0.0848867
CG	0.00808662
CT	0.0568805
GA	0.0234832
GC	0.0577029
GG	0.0432657
GT	0.0402961
TA	0.0311586
TC	0.138067
TG	0.0858461
TT	0.0836988
