kmer	count
sequence	0
AA	0.0529467
AC	0.121126
AG	0.076896
AT	0.0631897
CA	0.031815
CC	0.0975581
CG	0.00683846
CT	0.05776
GA	0.0225405
GC	0.0681205
GG	0.0379197
GT	0.0410308
TA	0.0262386
TC	0.148979
TG	0.0742545
TT	0.072787
