kmer	count
sequence	0
AA	0.0553335
AC	0.112977
AG	0.0824686
AT	0.0632173
CA	0.0344688
CC	0.0884456
CG	0.00843387
CT	0.0547468
GA	0.0228814
GC	0.0627773
GG	0.0390525
GT	0.0390158
TA	0.0297019
TC	0.143266
TG	0.0823219
TT	0.0808918
