kmer	count
sequence	0
AA	0.0543861
AC	0.103703
AG	0.081794
AT	0.0625054
CA	0.0358708
CC	0.0867772
CG	0.00893548
CT	0.0580376
GA	0.0258184
GC	0.0573503
GG	0.0473838
GT	0.0421428
TA	0.0313601
TC	0.133087
TG	0.0875505
TT	0.0832975
