kmer	count
sequence	0
AA	0.055739
AC	0.110524
AG	0.0772787
AT	0.0616469
CA	0.036878
CC	0.0906355
CG	0.00854983
CT	0.0588581
GA	0.0234845
GC	0.0632614
GG	0.0375385
GT	0.0426758
TA	0.0303831
TC	0.141054
TG	0.0782328
TT	0.0832599
