kmer	count
sequence	0
AA	0.0541781
AC	0.11148
AG	0.0718469
AT	0.0607185
CA	0.0371437
CC	0.0900527
CG	0.00839516
CT	0.0531043
GA	0.0246974
GC	0.0596935
GG	0.0395841
GT	0.0378758
TA	0.0333854
TC	0.150771
TG	0.0787778
TT	0.0882956
