kmer	count
sequence	0
AA	0.0540199
AC	0.110614
AG	0.0775519
AT	0.066757
CA	0.038121
CC	0.0847787
CG	0.00867209
CT	0.0589431
GA	0.0228094
GC	0.0566396
GG	0.0406052
GT	0.0425926
TA	0.0317073
TC	0.142728
TG	0.0756549
TT	0.0878049
