kmer	count
sequence	0
AA	0.0459113
AC	0.0946652
AG	0.077279
AT	0.0516295
CA	0.0342104
CC	0.115291
CG	0.0186091
CT	0.0625041
GA	0.0237324
GC	0.0808488
GG	0.0552654
GT	0.0418457
TA	0.0244926
TC	0.131883
TG	0.0745356
TT	0.0672969
