kmer	count
sequence	0
AA	0.0446353
AC	0.0943643
AG	0.0633449
AT	0.054235
CA	0.0359172
CC	0.123914
CG	0.0173056
CT	0.0693202
GA	0.0331418
GC	0.0887808
GG	0.0499576
GT	0.0473454
TA	0.0250441
TC	0.122478
TG	0.0593287
TT	0.0708875
