kmer	count
sequence	0
AA	0.0531804
AC	0.0954864
AG	0.0788023
AT	0.0544466
CA	0.0343364
CC	0.100477
CG	0.0160137
CT	0.0532549
GA	0.0246537
GC	0.0715031
GG	0.050797
GT	0.0391777
TA	0.0312081
TC	0.132802
TG	0.082154
TT	0.0817071
