kmer	count
sequence	0
AA	0.0500515
AC	0.111383
AG	0.0751844
AT	0.0606451
CA	0.0409161
CC	0.0949134
CG	0.00947847
CT	0.0538257
GA	0.0247041
GC	0.0620175
GG	0.0414737
GT	0.0402728
TA	0.0319094
TC	0.143421
TG	0.0824756
TT	0.0773289
