kmer	count
sequence	0
AA	0.0537845
AC	0.0942119
AG	0.0816563
AT	0.0518255
CA	0.0348175
CC	0.104185
CG	0.0175423
CT	0.0599288
GA	0.0247551
GC	0.0714159
GG	0.0479964
GT	0.0404274
TA	0.0284951
TC	0.137222
TG	0.0796972
TT	0.0720392
