kmer	count
sequence	0
AA	0.0531343
AC	0.105065
AG	0.0849185
AT	0.0604784
CA	0.0381251
CC	0.090256
CG	0.00923028
CT	0.0575086
GA	0.0250823
GC	0.0604382
GG	0.0451882
GT	0.0424191
TA	0.0318244
TC	0.133518
TG	0.0835541
TT	0.07926
