kmer	count
sequence	0
AA	0.0509947
AC	0.106482
AG	0.0896974
AT	0.0548206
CA	0.0353952
CC	0.0858222
CG	0.00965098
CT	0.0546478
GA	0.0250778
GC	0.0617811
GG	0.0448734
GT	0.0389001
TA	0.0297675
TC	0.141852
TG	0.0908575
TT	0.07938
