kmer	count
sequence	0
AA	0.0455375
AC	0.100247
AG	0.0781162
AT	0.0461912
CA	0.0329626
CC	0.115914
CG	0.0192567
CT	0.0532257
GA	0.0224627
GC	0.080513
GG	0.051908
GT	0.0334191
TA	0.027889
TC	0.14759
TG	0.0767363
TT	0.0680314
