kmer	count
sequence	0
AA	0.0517025
AC	0.105719
AG	0.0785737
AT	0.0677467
CA	0.0352267
CC	0.0875961
CG	0.00925781
CT	0.0615487
GA	0.024086
GC	0.0606465
GG	0.0405617
GT	0.0447199
TA	0.0306763
TC	0.136278
TG	0.0816727
TT	0.0839871
