kmer	count
sequence	0
AA	0.0450972
AC	0.100446
AG	0.078296
AT	0.0505684
CA	0.0296399
CC	0.110645
CG	0.0182195
CT	0.0538086
GA	0.022947
GC	0.0772867
GG	0.05264
GT	0.038245
TA	0.0276214
TC	0.141984
TG	0.0798364
TT	0.0727186
