kmer	count
sequence	0
AA	0.0485485
AC	0.102434
AG	0.0777803
AT	0.0502456
CA	0.0303595
CC	0.108866
CG	0.0157771
CT	0.0521885
GA	0.022778
GC	0.079042
GG	0.0484926
GT	0.036456
TA	0.027222
TC	0.151909
TG	0.0757258
TT	0.0721751
