kmer	count
sequence	0
AA	0.0561626
AC	0.107464
AG	0.0814427
AT	0.0616724
CA	0.0335216
CC	0.0883878
CG	0.00833411
CT	0.0559311
GA	0.0229188
GC	0.0612094
GG	0.0448653
GT	0.0404204
TA	0.0294472
TC	0.140939
TG	0.0840356
TT	0.0832484
