kmer	count
sequence	0
AA	0.0490831
AC	0.09702
AG	0.0774676
AT	0.0539374
CA	0.0310814
CC	0.102009
CG	0.0161812
CT	0.0520496
GA	0.0213053
GC	0.0722087
GG	0.0471278
GT	0.0365426
TA	0.0330367
TC	0.152913
TG	0.0739617
TT	0.084075
