kmer	count
sequence	0
AA	0.0561013
AC	0.110206
AG	0.0798594
AT	0.0600543
CA	0.0379332
CC	0.0851701
CG	0.00766651
CT	0.0524277
GA	0.0229596
GC	0.0616515
GG	0.0446414
GT	0.0395304
TA	0.0317841
TC	0.143467
TG	0.0833733
TT	0.0831736
