kmer	count
sequence	0
AA	0.0533803
AC	0.10118
AG	0.0777148
AT	0.0489891
CA	0.0326137
CC	0.108224
CG	0.0172903
CT	0.0529686
GA	0.0243802
GC	0.0744671
GG	0.0471137
GT	0.0363645
TA	0.0301436
TC	0.147288
TG	0.0740554
TT	0.0738267
