kmer	count
sequence	0
AA	0.0467006
AC	0.0973576
AG	0.0796241
AT	0.0525646
CA	0.032429
CC	0.106048
CG	0.0182281
CT	0.0590646
GA	0.0246573
GC	0.072559
GG	0.0520701
GT	0.0412604
TA	0.0264943
TC	0.138618
TG	0.0726296
TT	0.0796948
