kmer	count
sequence	0
AA	0.0494025
AC	0.097377
AG	0.0808474
AT	0.0553158
CA	0.0319727
CC	0.107636
CG	0.0159243
CT	0.0572404
GA	0.0225361
GC	0.0767344
GG	0.0505355
GT	0.0391588
TA	0.0264473
TC	0.137529
TG	0.076393
TT	0.0749496
