kmer	count
sequence	0
AA	0.0480769
AC	0.0980253
AG	0.0812468
AT	0.0528523
CA	0.0338152
CC	0.106221
CG	0.0172303
CT	0.0489158
GA	0.0239417
GC	0.0736319
GG	0.0499484
GT	0.0340733
TA	0.0307821
TC	0.151458
TG	0.0760196
TT	0.073761
