kmer	count
sequence	0
AA	0.0536589
AC	0.10873
AG	0.0820666
AT	0.0610101
CA	0.03796
CC	0.0882133
CG	0.00938616
CT	0.0561924
GA	0.0249605
GC	0.0649556
GG	0.045228
GT	0.0394551
TA	0.0299028
TC	0.136099
TG	0.0842678
TT	0.0779134
