kmer	count
sequence	0
AA	0.0510393
AC	0.108992
AG	0.0809847
AT	0.0631496
CA	0.0374317
CC	0.0937555
CG	0.00819095
CT	0.0580412
GA	0.028316
GC	0.0641184
GG	0.0457988
GT	0.0428924
TA	0.0295931
TC	0.128853
TG	0.0797076
TT	0.0791351
