kmer	count
sequence	0
AA	0.0533036
AC	0.109876
AG	0.081263
AT	0.0618414
CA	0.0348819
CC	0.089147
CG	0.00946081
CT	0.0579571
GA	0.0216906
GC	0.0604569
GG	0.0444966
GT	0.0400354
TA	0.0289593
TC	0.136105
TG	0.0884163
TT	0.0821091
