kmer	count
sequence	0
AA	0.0479183
AC	0.0986186
AG	0.0815426
AT	0.0508922
CA	0.0306025
CC	0.104806
CG	0.0176995
CT	0.0587586
GA	0.0239831
GC	0.0797199
GG	0.051132
GT	0.0374137
TA	0.0299789
TC	0.136128
TG	0.076698
TT	0.0741078
