kmer	count
sequence	0
AA	0.0492479
AC	0.100152
AG	0.0793786
AT	0.0486658
CA	0.0301307
CC	0.100421
CG	0.0165652
CT	0.0497403
GA	0.0237733
GC	0.0760208
GG	0.0510387
GT	0.0367568
TA	0.0305337
TC	0.153206
TG	0.07911
TT	0.0752597
