kmer	count
sequence	0
AA	0.0499745
AC	0.0964401
AG	0.0824325
AT	0.047173
CA	0.0307035
CC	0.104533
CG	0.0196106
CT	0.0514177
GA	0.0235441
GC	0.0747071
GG	0.0549267
GT	0.0378063
TA	0.0283264
TC	0.143698
TG	0.0846681
TT	0.0700379
