kmer	count
sequence	0
AA	0.0533708
AC	0.109701
AG	0.0870285
AT	0.0621489
CA	0.0335574
CC	0.082514
CG	0.00817616
CT	0.0544743
GA	0.0232243
GC	0.0602929
GG	0.0406802
GT	0.0417837
TA	0.0295947
TC	0.142657
TG	0.0867777
TT	0.0840189
