kmer	count
sequence	0
AA	0.0442194
AC	0.0942398
AG	0.0837065
AT	0.0518522
CA	0.0361286
CC	0.106249
CG	0.0198962
CT	0.0565846
GA	0.0233055
GC	0.0719011
GG	0.0538368
GT	0.0358742
TA	0.0310401
TC	0.141054
TG	0.0801954
TT	0.0699165
