kmer	count
sequence	0
AA	0.0526982
AC	0.107114
AG	0.088674
AT	0.0604266
CA	0.0356594
CC	0.0854651
CG	0.00822562
CT	0.0540541
GA	0.0224623
GC	0.0563138
GG	0.0431619
GT	0.0396366
TA	0.0301455
TC	0.142231
TG	0.0909789
TT	0.0827533
