kmer	count
sequence	0
AA	0.0526183
AC	0.100526
AG	0.0851314
AT	0.0583807
CA	0.037897
CC	0.0851735
CG	0.0103049
CT	0.055142
GA	0.0251104
GC	0.0590536
GG	0.0460568
GT	0.0410095
TA	0.0323028
TC	0.140105
TG	0.0894217
TT	0.0817666
