kmer	count
sequence	0
AA	0.0468021
AC	0.0956862
AG	0.080488
AT	0.0465939
CA	0.0336859
CC	0.111842
CG	0.0204863
CT	0.0537142
GA	0.0246919
GC	0.0796969
GG	0.0571702
GT	0.0366422
TA	0.0271902
TC	0.13949
TG	0.075533
TT	0.0702865
