kmer	count
sequence	0
AA	0.0508956
AC	0.108063
AG	0.0766463
AT	0.058793
CA	0.0405741
CC	0.092951
CG	0.00901326
CT	0.056215
GA	0.0255295
GC	0.0611593
GG	0.0440082
GT	0.0392851
TA	0.0327151
TC	0.140384
TG	0.0847746
TT	0.0789934
