kmer	count
sequence	0
AA	0.0494139
AC	0.099049
AG	0.080424
AT	0.0563805
CA	0.0312312
CC	0.107042
CG	0.0168083
CT	0.056886
GA	0.0227639
GC	0.0736312
GG	0.0502196
GT	0.0387823
TA	0.0273609
TC	0.138463
TG	0.0761903
TT	0.0753531
