kmer	count
sequence	0
AA	0.0513859
AC	0.103092
AG	0.0848614
AT	0.0642857
CA	0.0367804
CC	0.0829424
CG	0.00842217
CT	0.0615139
GA	0.0268657
GC	0.0623667
GG	0.0472281
GT	0.0448827
TA	0.0336887
TC	0.12548
TG	0.0856077
TT	0.080597
