kmer	count
sequence	0
AA	0.0487389
AC	0.105469
AG	0.0771664
AT	0.0496129
CA	0.0282194
CC	0.103471
CG	0.0167319
CT	0.0509032
GA	0.023974
GC	0.0779572
GG	0.0464081
GT	0.0381254
TA	0.0282194
TC	0.159078
TG	0.0730459
TT	0.0728794
