kmer	count
sequence	0
AA	0.0451363
AC	0.100147
AG	0.0683493
AT	0.0570007
CA	0.0337878
CC	0.132977
CG	0.0156595
CT	0.066028
GA	0.0237288
GC	0.0888357
GG	0.0494842
GT	0.044252
TA	0.021776
TC	0.125718
TG	0.062196
TT	0.0649226
