kmer	count
sequence	0
AA	0.047766
AC	0.0999902
AG	0.0837253
AT	0.047766
CA	0.0299824
CC	0.10729
CG	0.0181756
CT	0.0503135
GA	0.0205761
GC	0.0787282
GG	0.0511464
GT	0.0351754
TA	0.0274348
TC	0.151186
TG	0.0770135
TT	0.0737311
