kmer	count
sequence	0
AA	0.0481989
AC	0.1
AG	0.0901573
AT	0.0434805
CA	0.0252156
CC	0.0999493
CG	0.0158295
CT	0.0462202
GA	0.0226788
GC	0.0750888
GG	0.053171
GT	0.0343988
TA	0.0288179
TC	0.160629
TG	0.0867073
TT	0.0694571
