kmer	count
sequence	0
AA	0.0490364
AC	0.10978
AG	0.0802916
AT	0.0601911
CA	0.0365564
CC	0.0912254
CG	0.00745486
CT	0.0570435
GA	0.0215363
GC	0.0659341
GG	0.0408084
GT	0.0398145
TA	0.0295985
TC	0.148048
TG	0.0817273
TT	0.0809542
