kmer	count
sequence	0
AA	0.0516631
AC	0.10972
AG	0.0735771
AT	0.0641811
CA	0.039115
CC	0.100054
CG	0.0084354
CT	0.059348
GA	0.0253662
GC	0.0650817
GG	0.0420269
GT	0.0428674
TA	0.0317003
TC	0.134726
TG	0.0776297
TT	0.0745077
