kmer	count
sequence	0
AA	0.0334999
AC	0.0732926
AG	0.0539515
AT	0.0400703
CA	0.0793078
CC	0.121599
CG	0.0254488
CT	0.059504
GA	0.0423839
GC	0.068573
GG	0.0648714
GT	0.0323894
TA	0.0459004
TC	0.119193
TG	0.0829169
TT	0.0570979
