kmer	count
sequence	0
AA	0.0521937
AC	0.107548
AG	0.0825897
AT	0.0628834
CA	0.0363915
CC	0.0862614
CG	0.0085053
CT	0.0601413
GA	0.0239357
GC	0.0600483
GG	0.0441532
GT	0.0442461
TA	0.0320227
TC	0.135202
TG	0.0845882
TT	0.0792898
