kmer	count
sequence	0
AA	0.0521638
AC	0.108439
AG	0.0796578
AT	0.0603871
CA	0.037337
CC	0.0898746
CG	0.00951076
CT	0.0558601
GA	0.0232577
GC	0.0644156
GG	0.0440236
GT	0.0401196
TA	0.0316471
TC	0.136764
TG	0.0846831
TT	0.081859
