kmer	count
sequence	0
AA	0.0514851
AC	0.107273
AG	0.0858084
AT	0.0595004
CA	0.0340037
CC	0.0843824
CG	0.00939221
CT	0.0567958
GA	0.0231363
GC	0.0615903
GG	0.0427075
GT	0.0392162
TA	0.0300698
TC	0.14258
TG	0.0913651
TT	0.0806943
