kmer	count
sequence	0
AA	0.0518418
AC	0.0960927
AG	0.0789102
AT	0.0546075
CA	0.0357773
CC	0.103389
CG	0.0190656
CT	0.0537837
GA	0.0251265
GC	0.0750853
GG	0.0532541
GT	0.0360127
TA	0.0297164
TC	0.137343
TG	0.0782041
TT	0.07179
