kmer	count
sequence	0
AA	0.0511795
AC	0.10801
AG	0.0733206
AT	0.0692343
CA	0.0391816
CC	0.0957804
CG	0.00765084
CT	0.0605692
GA	0.0261983
GC	0.0653799
GG	0.0405147
GT	0.0447748
TA	0.0293282
TC	0.132789
TG	0.0762476
TT	0.0798412
