kmer	count
sequence	0
AA	0.045999
AC	0.0989595
AG	0.0795344
AT	0.0481323
CA	0.0300546
CC	0.107755
CG	0.0177783
CT	0.0552062
GA	0.0212965
GC	0.0823789
GG	0.0495172
GT	0.0377274
TA	0.0257879
TC	0.146268
TG	0.0788981
TT	0.0747062
