kmer	count
sequence	0
AA	0.0522876
AC	0.108411
AG	0.0816993
AT	0.0580657
CA	0.0375107
CC	0.0864355
CG	0.00942503
CT	0.0522402
GA	0.0235389
GC	0.0626125
GG	0.0448991
GT	0.0390262
TA	0.0313536
TC	0.147769
TG	0.0846358
TT	0.080089
