kmer	count
sequence	0
AA	0.0440582
AC	0.0917372
AG	0.0670021
AT	0.0508423
CA	0.0699367
CC	0.0967299
CG	0.0132632
CT	0.0521762
GA	0.0327769
GC	0.0570547
GG	0.0535864
GT	0.0359784
TA	0.0408187
TC	0.127068
TG	0.0976828
TT	0.0692888
