kmer	count
sequence	0
AA	0.0464477
AC	0.0952105
AG	0.0798727
AT	0.0528867
CA	0.031761
CC	0.107003
CG	0.0154102
CT	0.0547678
GA	0.0258284
GC	0.0772681
GG	0.0487628
GT	0.0355231
TA	0.0313992
TC	0.143973
TG	0.0778469
TT	0.0760382
