kmer	count
sequence	0
AA	0.047583
AC	0.0949497
AG	0.0877041
AT	0.0466638
CA	0.0326052
CC	0.109711
CG	0.0194117
CT	0.055099
GA	0.0251974
GC	0.0777009
GG	0.0553152
GT	0.0327133
TA	0.0278469
TC	0.143398
TG	0.0797015
TT	0.0643993
