kmer	count
sequence	0
AA	0.0549203
AC	0.0995314
AG	0.0845361
AT	0.0582006
CA	0.0307404
CC	0.0928772
CG	0.0164011
CT	0.048641
GA	0.022493
GC	0.0740394
GG	0.0497657
GT	0.0396439
TA	0.0315839
TC	0.137582
TG	0.0782568
TT	0.0807873
