kmer	count
sequence	0
AA	0.0468987
AC	0.09435
AG	0.0869595
AT	0.0529079
CA	0.0319796
CC	0.0958005
CG	0.0197541
CT	0.05498
GA	0.0237602
GC	0.0684487
GG	0.0544965
GT	0.0376433
TA	0.0289405
TC	0.137519
TG	0.0858544
TT	0.0797071
