kmer	count
sequence	0
AA	0.0472297
AC	0.0965904
AG	0.0768026
AT	0.0519701
CA	0.0317039
CC	0.112725
CG	0.0183526
CT	0.0535357
GA	0.023093
GC	0.0814995
GG	0.0554058
GT	0.0362268
TA	0.027181
TC	0.141472
TG	0.0733235
TT	0.0728886
