kmer	count
sequence	0
AA	0.0478211
AC	0.0896884
AG	0.0813276
AT	0.0542184
CA	0.0331898
CC	0.10489
CG	0.0192551
CT	0.0576387
GA	0.0251457
GC	0.0762605
GG	0.0568153
GT	0.0368634
TA	0.0243223
TC	0.136179
TG	0.0807575
TT	0.0756271
