kmer	count
sequence	0
AA	0.0494109
AC	0.0956861
AG	0.0852338
AT	0.049791
CA	0.0293139
CC	0.108609
CG	0.0187666
CT	0.0537343
GA	0.0227575
GC	0.0765868
GG	0.0513588
GT	0.0359179
TA	0.0289339
TC	0.144242
TG	0.0759692
TT	0.0736887
