kmer	count
sequence	0
AA	0.0485081
AC	0.10616
AG	0.0798466
AT	0.0623231
CA	0.0374958
CC	0.100088
CG	0.00938455
CT	0.0642339
GA	0.0241196
GC	0.0683247
GG	0.0442192
GT	0.0450968
TA	0.0255917
TC	0.129445
TG	0.0789265
TT	0.0762371
