kmer	count
sequence	0
AA	0.0457107
AC	0.0998418
AG	0.0787312
AT	0.0460466
CA	0.0328038
CC	0.112976
CG	0.018889
CT	0.0510534
GA	0.0238524
GC	0.0804543
GG	0.0513785
GT	0.0343751
TA	0.0281763
TC	0.151144
TG	0.0782544
TT	0.0663119
