kmer	count
sequence	0
AA	0.0580891
AC	0.111358
AG	0.0802642
AT	0.0601138
CA	0.0401562
CC	0.0850848
CG	0.00853259
CT	0.058764
GA	0.0221751
GC	0.0586194
GG	0.0434825
GT	0.0408311
TA	0.0332626
TC	0.132858
TG	0.0853259
TT	0.0810837
