kmer	count
sequence	0
AA	0.0502338
AC	0.113717
AG	0.0753861
AT	0.0591847
CA	0.0346701
CC	0.0902414
CG	0.00812432
CT	0.0563034
GA	0.0239479
GC	0.0663171
GG	0.0412357
GT	0.0419914
TA	0.02912
TC	0.151245
TG	0.0775589
TT	0.0807236
