kmer	count
sequence	0
AA	0.0542478
AC	0.108108
AG	0.080742
AT	0.0661629
CA	0.0349705
CC	0.0861668
CG	0.00881527
CT	0.0567664
GA	0.0231037
GC	0.0603507
GG	0.0413155
GT	0.0413155
TA	0.0331299
TC	0.137896
TG	0.0852465
TT	0.0816623
