kmer	count
sequence	0
AA	0.0492863
AC	0.103877
AG	0.0778839
AT	0.0478877
CA	0.0325521
CC	0.105372
CG	0.0174576
CT	0.0536748
GA	0.0251254
GC	0.0755691
GG	0.0468268
GT	0.0370853
TA	0.0269097
TC	0.149981
TG	0.0799576
TT	0.0705536
