kmer	count
sequence	0
AA	0.0532969
AC	0.106782
AG	0.085275
AT	0.0620696
CA	0.0368361
CC	0.0849448
CG	0.00905575
CT	0.0585322
GA	0.02396
GC	0.0580606
GG	0.0460334
GT	0.0384869
TA	0.0304688
TC	0.133525
TG	0.0913121
TT	0.0813602
