kmer	count
sequence	0
AA	0.0527084
AC	0.106539
AG	0.0788942
AT	0.0595541
CA	0.0341538
CC	0.0933338
CG	0.00856651
CT	0.0594045
GA	0.0241284
GC	0.0623223
GG	0.0419348
GT	0.041224
TA	0.0289167
TC	0.145706
TG	0.0821487
TT	0.0804654
