kmer	count
sequence	0
AA	0.0469294
AC	0.0952694
AG	0.0794226
AT	0.0525252
CA	0.032117
CC	0.103404
CG	0.0190915
CT	0.0535597
GA	0.0252046
GC	0.0726982
GG	0.0573686
GT	0.0396878
TA	0.0287783
TC	0.134957
TG	0.0837017
TT	0.0752845
