kmer	count
sequence	0
AA	0.0486003
AC	0.0973302
AG	0.0806117
AT	0.0486651
CA	0.0316874
CC	0.100052
CG	0.0180145
CT	0.0560524
GA	0.0215137
GC	0.0719285
GG	0.0554692
GT	0.0385562
TA	0.0277346
TC	0.143468
TG	0.0829445
TT	0.0773717
