kmer	count
sequence	0
AA	0.0503069
AC	0.113803
AG	0.0762928
AT	0.0605576
CA	0.0365304
CC	0.0949334
CG	0.00829198
CT	0.0582071
GA	0.0243536
GC	0.0642139
GG	0.0432228
GT	0.0386524
TA	0.0312092
TC	0.142498
TG	0.0806999
TT	0.0762275
