kmer	count
sequence	0
AA	0.0497189
AC	0.0984276
AG	0.0830771
AT	0.0524859
CA	0.0319088
CC	0.106268
CG	0.0159654
CT	0.0542208
GA	0.0229708
GC	0.0781579
GG	0.0505973
GT	0.0369378
TA	0.0274288
TC	0.140065
TG	0.0776968
TT	0.0740733
