kmer	count
sequence	0
AA	0.0553498
AC	0.110617
AG	0.082716
AT	0.0579424
CA	0.0295473
CC	0.089465
CG	0.00773663
CT	0.0528395
GA	0.0213992
GC	0.0648971
GG	0.0413992
GT	0.0395062
TA	0.031358
TC	0.148889
TG	0.0834156
TT	0.0829218
