kmer	count
sequence	0
AA	0.0471188
AC	0.104367
AG	0.0771309
AT	0.0513956
CA	0.0289616
CC	0.108643
CG	0.0162815
CT	0.0510204
GA	0.0220588
GC	0.0792317
GG	0.0471188
GT	0.0372149
TA	0.0291116
TC	0.149835
TG	0.0769058
TT	0.0736044
