kmer	count
sequence	0
AA	0.0522594
AC	0.112584
AG	0.0752955
AT	0.0602696
CA	0.0367363
CC	0.0905425
CG	0.00872832
CT	0.0566236
GA	0.021876
GC	0.0579494
GG	0.0393327
GT	0.0410452
TA	0.0313225
TC	0.15142
TG	0.0802121
TT	0.0838029
