kmer	count
sequence	0
AA	0.0466116
AC	0.105607
AG	0.0763674
AT	0.047357
CA	0.0322211
CC	0.104231
CG	0.0159385
CT	0.0529182
GA	0.0241945
GC	0.0779727
GG	0.0501663
GT	0.0353171
TA	0.0292398
TC	0.15348
TG	0.0747621
TT	0.0736154
