kmer	count
sequence	0
AA	0.0508318
AC	0.100162
AG	0.0796557
AT	0.0472505
CA	0.0302103
CC	0.105591
CG	0.0172135
CT	0.0525069
GA	0.0226433
GC	0.0718577
GG	0.051756
GT	0.0358711
TA	0.0283618
TC	0.151513
TG	0.079829
TT	0.0747458
