kmer	count
sequence	0
AA	0.0521969
AC	0.105962
AG	0.0854269
AT	0.0596918
CA	0.0356392
CC	0.0934955
CG	0.00971282
CT	0.0577416
GA	0.0244733
GC	0.0646247
GG	0.0460021
GT	0.0403044
TA	0.0284502
TC	0.135712
TG	0.0857329
TT	0.0748346
