kmer	count
sequence	0
AA	0.0494238
AC	0.101458
AG	0.075126
AT	0.0505492
CA	0.0298884
CC	0.106455
CG	0.0159795
CT	0.0509093
GA	0.0229564
GC	0.0805275
GG	0.0487937
GT	0.0349748
TA	0.0300684
TC	0.153718
TG	0.0764764
TT	0.0726954
