kmer	count
sequence	0
AA	0.053412
AC	0.110969
AG	0.0858418
AT	0.0603954
CA	0.0314094
CC	0.0856505
CG	0.00803571
CT	0.0547832
GA	0.0221939
GC	0.0601084
GG	0.0415179
GT	0.0382972
TA	0.0310906
TC	0.146524
TG	0.083514
TT	0.0862564
