kmer	count
sequence	0
AA	0.0529882
AC	0.111616
AG	0.0805976
AT	0.0678872
CA	0.0348906
CC	0.088931
CG	0.00744949
CT	0.0614478
GA	0.0243266
GC	0.0645202
GG	0.040404
GT	0.0421296
TA	0.027862
TC	0.132828
TG	0.0765152
TT	0.0856061
