kmer	count
sequence	0
AA	0.0530339
AC	0.107389
AG	0.0937058
AT	0.0652071
CA	0.0364254
CC	0.0859677
CG	0.00905917
CT	0.0580353
GA	0.019062
GC	0.0595452
GG	0.0469001
GT	0.0425592
TA	0.0268
TC	0.123054
TG	0.0918184
TT	0.0814381
