kmer	count
sequence	0
AA	0.0490117
AC	0.0994609
AG	0.0805031
AT	0.0526954
CA	0.0322552
CC	0.108715
CG	0.0177448
CT	0.0562444
GA	0.0238544
GC	0.0786164
GG	0.052336
GT	0.0369721
TA	0.0250674
TC	0.136792
TG	0.0743935
TT	0.0753369
