kmer	count
sequence	0
AA	0.0487191
AC	0.110028
AG	0.0818918
AT	0.0598861
CA	0.0359098
CC	0.0899934
CG	0.00843004
CT	0.0621852
GA	0.0231005
GC	0.0592293
GG	0.045982
GT	0.0440114
TA	0.0267134
TC	0.129297
TG	0.0903219
TT	0.0843004
