kmer	count
sequence	0
AA	0.0523845
AC	0.0967003
AG	0.0824935
AT	0.0531067
CA	0.0312706
CC	0.104753
CG	0.0163731
CT	0.0540014
GA	0.023296
GC	0.0693228
GG	0.0500141
GT	0.0358544
TA	0.029638
TC	0.14447
TG	0.079401
TT	0.0769207
