kmer	count
sequence	0
AA	0.0557402
AC	0.1092
AG	0.0765246
AT	0.0657089
CA	0.0392559
CC	0.0940513
CG	0.00703675
CT	0.0605942
GA	0.0261272
GC	0.0620602
GG	0.040559
GT	0.0428069
TA	0.0306555
TC	0.134741
TG	0.0748632
TT	0.0800756
