kmer	count
sequence	0
AA	0.0503183
AC	0.108748
AG	0.0856402
AT	0.060929
CA	0.0386701
CC	0.0850271
CG	0.00848856
CT	0.0537609
GA	0.0232964
GC	0.0619665
GG	0.0447536
GT	0.0395661
TA	0.0322094
TC	0.1419
TG	0.0861589
TT	0.0785664
