kmer	count
sequence	0
AA	0.0563191
AC	0.0841799
AG	0.105692
AT	0.0295787
CA	0.0420526
CC	0.0968031
CG	0.0240514
CT	0.0391395
GA	0.0280102
GC	0.0632656
GG	0.0662534
GT	0.0218106
TA	0.0378697
TC	0.143113
TG	0.110099
TT	0.0517628
