kmer	count
sequence	0
AA	0.0566351
AC	0.109321
AG	0.0791074
AT	0.0613349
CA	0.0361374
CC	0.0832148
CG	0.00770142
CT	0.0592812
GA	0.0237362
GC	0.0589258
GG	0.0407188
GT	0.0391785
TA	0.0330964
TC	0.143681
TG	0.0806082
TT	0.0873223
