kmer	count
sequence	0
AA	0.0479898
AC	0.0950926
AG	0.0789318
AT	0.0558731
CA	0.0306464
CC	0.102483
CG	0.0172448
CT	0.0561687
GA	0.0234529
GC	0.0768624
GG	0.0504533
GT	0.0387268
TA	0.0284785
TC	0.141013
TG	0.0774537
TT	0.0791289
