kmer	count
sequence	0
AA	0.050018
AC	0.0935588
AG	0.0799448
AT	0.0531366
CA	0.0328655
CC	0.104114
CG	0.0169126
CT	0.059074
GA	0.024889
GC	0.0687897
GG	0.0530766
GT	0.0379633
TA	0.0300468
TC	0.139379
TG	0.0790452
TT	0.077186
