kmer	count
sequence	0
AA	0.0509635
AC	0.107394
AG	0.0876281
AT	0.0559336
CA	0.0332237
CC	0.0907249
CG	0.0100933
CT	0.0570424
GA	0.0222893
GC	0.0662945
GG	0.0461462
GT	0.0387292
TA	0.0267243
TC	0.137865
TG	0.0895779
TT	0.0793699
