kmer	count
sequence	0
AA	0.0465909
AC	0.0961174
AG	0.0848485
AT	0.0479167
CA	0.0291351
CC	0.103535
CG	0.021654
CT	0.0528409
GA	0.0223485
GC	0.0730114
GG	0.0541351
GT	0.0356692
TA	0.0276515
TC	0.14596
TG	0.0830492
TT	0.0755366
