kmer	count
sequence	0
AA	0.0497241
AC	0.0986958
AG	0.0798846
AT	0.0530474
CA	0.0336092
CC	0.107223
CG	0.0185603
CT	0.0593178
GA	0.0233885
GC	0.0706672
GG	0.0505393
GT	0.0391272
TA	0.0258967
TC	0.140645
TG	0.0756208
TT	0.0740532
