kmer	count
sequence	0
AA	0.0486219
AC	0.0900503
AG	0.0783498
AT	0.0546022
CA	0.0344947
CC	0.105044
CG	0.0194141
CT	0.0614491
GA	0.0255677
GC	0.0771364
GG	0.0563356
GT	0.0381349
TA	0.0272144
TC	0.130005
TG	0.0771364
TT	0.0764431
