kmer	count
sequence	0
AA	0.0499302
AC	0.103466
AG	0.0809428
AT	0.0635757
CA	0.0377578
CC	0.0878043
CG	0.00942007
CT	0.0607846
GA	0.0256629
GC	0.0633432
GG	0.0415181
GT	0.0416731
TA	0.0295782
TC	0.138394
TG	0.0822608
TT	0.083889
