kmer	count
sequence	0
AA	0.0389173
AC	0.0778022
AG	0.059153
AT	0.0454899
CA	0.0787736
CC	0.100078
CG	0.015541
CT	0.0580522
GA	0.0445186
GC	0.0608042
GG	0.0647866
GT	0.0384964
TA	0.0434501
TC	0.12122
TG	0.0933109
TT	0.0596063
