kmer	count
sequence	0
AA	0.0490148
AC	0.10156
AG	0.0697044
AT	0.0552545
CA	0.0388752
CC	0.113793
CG	0.0149836
CT	0.0611658
GA	0.0245074
GC	0.0811987
GG	0.0485632
GT	0.0391215
TA	0.0305008
TC	0.131938
TG	0.0681856
TT	0.0716338
