kmer	count
sequence	0
AA	0.0473726
AC	0.0980788
AG	0.0797877
AT	0.0481183
CA	0.0329415
CC	0.106106
CG	0.0173699
CT	0.0505307
GA	0.0217563
GC	0.0763225
GG	0.0486885
GT	0.0372401
TA	0.0295201
TC	0.15089
TG	0.0791297
TT	0.076147
