kmer	count
sequence	0
AA	0.0543611
AC	0.111728
AG	0.0821276
AT	0.0616976
CA	0.0391278
CC	0.0901264
CG	0.00906868
CT	0.058386
GA	0.0234869
GC	0.0591502
GG	0.043764
GT	0.0387711
TA	0.0313837
TC	0.131037
TG	0.0878847
TT	0.0778989
