kmer	count
sequence	0
AA	0.0537795
AC	0.108823
AG	0.0801951
AT	0.0618622
CA	0.0384268
CC	0.0866071
CG	0.00794726
CT	0.0555405
GA	0.0228484
GC	0.0625395
GG	0.0414522
GT	0.0421295
TA	0.0321503
TC	0.140161
TG	0.0802854
TT	0.0852524
