kmer	count
sequence	0
AA	0.0500475
AC	0.100343
AG	0.0823656
AT	0.0636029
CA	0.0362028
CC	0.0902591
CG	0.00929867
CT	0.0655453
GA	0.0223581
GC	0.0638509
GG	0.0432285
GT	0.0457495
TA	0.0276481
TC	0.133116
TG	0.083812
TT	0.0825722
