kmer	count
sequence	0
AA	0.0570599
AC	0.0905491
AG	0.104918
AT	0.0357143
CA	0.0477825
CC	0.089908
CG	0.0139538
CT	0.0455197
GA	0.0260975
GC	0.0498567
GG	0.0563433
GT	0.0247775
TA	0.040617
TC	0.138143
TG	0.122454
TT	0.0563056
