kmer	count
sequence	0
AA	0.0554232
AC	0.108663
AG	0.0803557
AT	0.0621725
CA	0.0347785
CC	0.0936557
CG	0.00917103
CT	0.0593537
GA	0.0245355
GC	0.0628871
GG	0.0440289
GT	0.038828
TA	0.0271161
TC	0.13558
TG	0.0830951
TT	0.0803557
