kmer	count
sequence	0
AA	0.0549482
AC	0.103864
AG	0.0853911
AT	0.0625353
CA	0.0388784
CC	0.0825165
CG	0.00881244
CT	0.0614986
GA	0.0236569
GC	0.0590009
GG	0.0422243
GT	0.0429312
TA	0.0323751
TC	0.135957
TG	0.0858624
TT	0.0795476
