kmer	count
sequence	0
AA	0.0523779
AC	0.107308
AG	0.0824354
AT	0.0608037
CA	0.0362554
CC	0.0921575
CG	0.0078182
CT	0.055416
GA	0.0237787
GC	0.0625456
GG	0.0394151
GT	0.0400227
TA	0.0296524
TC	0.145751
TG	0.080734
TT	0.0835291
