kmer	count
sequence	0
AA	0.0491757
AC	0.115975
AG	0.0781694
AT	0.0614554
CA	0.0303013
CC	0.0927231
CG	0.00875497
CT	0.0621944
GA	0.0216032
GC	0.0649233
GG	0.0389426
GT	0.0436612
TA	0.0283115
TC	0.146617
TG	0.0778283
TT	0.0793633
