kmer	count
sequence	0
AA	0.0466602
AC	0.100033
AG	0.0790416
AT	0.0559352
CA	0.0318526
CC	0.110365
CG	0.0168009
CT	0.0572777
GA	0.0213571
GC	0.0780653
GG	0.0509723
GT	0.0408429
TA	0.0269303
TC	0.142055
TG	0.0721666
TT	0.0696445
