kmer	count
sequence	0
AA	0.0468106
AC	0.0987443
AG	0.0773983
AT	0.0514314
CA	0.0320944
CC	0.1112
CG	0.0181818
CT	0.052888
GA	0.0239578
GC	0.0796585
GG	0.0487695
GT	0.039327
TA	0.0256655
TC	0.149573
TG	0.0713712
TT	0.0729282
