kmer	count
sequence	0
AA	0.0488732
AC	0.108116
AG	0.0792894
AT	0.0650491
CA	0.0383313
CC	0.0845085
CG	0.0092631
CT	0.0568575
GA	0.0242638
GC	0.0612125
GG	0.0462464
GT	0.0438615
TA	0.0307272
TC	0.130789
TG	0.0881031
TT	0.0845085
