kmer	count
sequence	0
AA	0.0496085
AC	0.103882
AG	0.0859297
AT	0.0581473
CA	0.034072
CC	0.0893036
CG	0.0106215
CT	0.0634788
GA	0.0248251
GC	0.0656031
GG	0.0496085
GT	0.0445685
TA	0.0265328
TC	0.129873
TG	0.0865545
TT	0.0773909
