kmer	count
sequence	0
AA	0.0515717
AC	0.105992
AG	0.0823674
AT	0.0592338
CA	0.0363458
CC	0.082613
CG	0.0104617
CT	0.0561395
GA	0.0234283
GC	0.0605108
GG	0.0437623
GT	0.04278
TA	0.0328585
TC	0.14111
TG	0.0897348
TT	0.0810904
