kmer	count
sequence	0
AA	0.0556985
AC	0.108359
AG	0.0839671
AT	0.0622726
CA	0.0358062
CC	0.0872995
CG	0.00837631
CT	0.0553698
GA	0.0238708
GC	0.0605724
GG	0.0415755
GT	0.0406121
TA	0.0313517
TC	0.138589
TG	0.0851459
TT	0.0811335
